"sample_type","pass","position","threads","mode","search_id","reference_status","reference_move","main_move","main_agreement","agreement_low","agreement_high"
"measured","1","0","1","movetime","63","adjacent_moves_disagree","","e2e4","unresolved","0","1"
"measured","1","0","2","movetime","63","adjacent_moves_disagree","","e2e4","unresolved","0","1"
"measured","1","0","4","movetime","63","adjacent_moves_disagree","","e2e4","unresolved","0","1"
"measured","1","0","1","clock","64","adjacent_moves_disagree","","e2e4","unresolved","0","1"
"measured","1","0","2","clock","64","adjacent_moves_disagree","","e2e4","unresolved","0","1"
"measured","1","0","4","clock","64","adjacent_moves_disagree","","e2e4","unresolved","0","1"
"measured","1","1","1","clock","65","resolved","e2a6","e2a6","true","1","1"
"measured","1","1","2","clock","65","resolved","e2a6","e2a6","true","1","1"
"measured","1","1","4","clock","65","resolved","e2a6","e2a6","true","1","1"
"measured","1","1","1","movetime","66","resolved","e2a6","e2a6","true","1","1"
"measured","1","1","2","movetime","66","resolved","e2a6","e2a6","true","1","1"
"measured","1","1","4","movetime","66","resolved","e2a6","e2a6","true","1","1"
"measured","1","2","1","movetime","67","watchdog_timeout","","e1d2","unresolved","0","1"
"measured","1","2","2","movetime","67","watchdog_timeout","","e1f2","unresolved","0","1"
"measured","1","2","4","movetime","67","watchdog_timeout","","e1d2","unresolved","0","1"
"measured","1","2","1","clock","68","watchdog_timeout","","e1d2","unresolved","0","1"
"measured","1","2","2","clock","68","watchdog_timeout","","e1d2","unresolved","0","1"
"measured","1","2","4","clock","68","watchdog_timeout","","e1d2","unresolved","0","1"
"measured","1","3","1","clock","69","resolved","c4c5","c4c5","true","1","1"
"measured","1","3","2","clock","69","resolved","c4c5","c4c5","true","1","1"
"measured","1","3","4","clock","69","resolved","c4c5","c4c5","true","1","1"
"measured","1","3","1","movetime","70","resolved","c4c5","c4c5","true","1","1"
"measured","1","3","2","movetime","70","resolved","c4c5","c4c5","true","1","1"
"measured","1","3","4","movetime","70","resolved","c4c5","c4c5","true","1","1"
"measured","1","4","1","movetime","71","resolved","b5c4","b5c4","true","1","1"
"measured","1","4","2","movetime","71","resolved","b5c4","b5c4","true","1","1"
"measured","1","4","4","movetime","71","resolved","b5c4","b5c4","true","1","1"
"measured","1","4","1","clock","72","resolved","b5c4","b5c4","true","1","1"
"measured","1","4","2","clock","72","resolved","b5c4","b5c4","true","1","1"
"measured","1","4","4","clock","72","resolved","b5c4","b5c4","true","1","1"
"measured","1","5","1","clock","73","resolved","g1h1","d1d3","false","0","0"
"measured","1","5","2","clock","73","resolved","g1h1","d1d3","false","0","0"
"measured","1","5","4","clock","73","resolved","g1h1","g1h1","true","1","1"
"measured","1","5","1","movetime","74","resolved","g1h1","d1d3","false","0","0"
"measured","1","5","2","movetime","74","resolved","g1h1","c3e2","false","0","0"
"measured","1","5","4","movetime","74","resolved","g1h1","c3e2","false","0","0"
"measured","1","6","1","movetime","75","resolved","b4b2","b4b2","true","1","1"
"measured","1","6","2","movetime","75","resolved","b4b2","b4b2","true","1","1"
"measured","1","6","4","movetime","75","resolved","b4b2","b4b2","true","1","1"
"measured","1","6","1","clock","76","resolved","b4b2","b4b2","true","1","1"
"measured","1","6","2","clock","76","resolved","b4b2","b4b2","true","1","1"
"measured","1","6","4","clock","76","resolved","b4b2","b4b2","true","1","1"
"measured","1","7","1","clock","77","adjacent_moves_disagree","","h3f5","unresolved","0","1"
"measured","1","7","2","clock","77","adjacent_moves_disagree","","a2a3","unresolved","0","1"
"measured","1","7","4","clock","77","adjacent_moves_disagree","","f3d4","unresolved","0","1"
"measured","1","7","1","movetime","78","adjacent_moves_disagree","","f3d4","unresolved","0","1"
"measured","1","7","2","movetime","78","adjacent_moves_disagree","","f3d4","unresolved","0","1"
"measured","1","7","4","movetime","78","adjacent_moves_disagree","","h3f5","unresolved","0","1"
"measured","1","8","1","movetime","79","resolved","b3c2","b3c2","true","1","1"
"measured","1","8","2","movetime","79","resolved","b3c2","b3c2","true","1","1"
"measured","1","8","4","movetime","79","resolved","b3c2","b3c2","true","1","1"
"measured","1","8","1","clock","80","resolved","b3c2","b3c2","true","1","1"
"measured","1","8","2","clock","80","resolved","b3c2","b3c2","true","1","1"
"measured","1","8","4","clock","80","resolved","b3c2","b3c2","true","1","1"
"measured","1","9","1","clock","81","resolved","c6g6","c6g6","true","1","1"
"measured","1","9","2","clock","81","resolved","c6g6","c6g6","true","1","1"
"measured","1","9","4","clock","81","resolved","c6g6","c6g6","true","1","1"
"measured","1","9","1","movetime","82","resolved","c6g6","c6g6","true","1","1"
"measured","1","9","2","movetime","82","resolved","c6g6","c6g6","true","1","1"
"measured","1","9","4","movetime","82","resolved","c6g6","c6g6","true","1","1"
"measured","1","10","1","movetime","83","adjacent_moves_disagree","","c6d4","unresolved","0","1"
"measured","1","10","2","movetime","83","adjacent_moves_disagree","","c8d7","unresolved","0","1"
"measured","1","10","4","movetime","83","adjacent_moves_disagree","","d6d5","unresolved","0","1"
"measured","1","10","1","clock","84","adjacent_moves_disagree","","c6d4","unresolved","0","1"
"measured","1","10","2","clock","84","adjacent_moves_disagree","","c8d7","unresolved","0","1"
"measured","1","10","4","clock","84","adjacent_moves_disagree","","c8d7","unresolved","0","1"
"measured","1","11","1","clock","85","watchdog_timeout","","e4f3","unresolved","0","1"
"measured","1","11","2","clock","85","watchdog_timeout","","e4f3","unresolved","0","1"
"measured","1","11","4","clock","85","watchdog_timeout","","e4f3","unresolved","0","1"
"measured","1","11","1","movetime","86","watchdog_timeout","","e4f3","unresolved","0","1"
"measured","1","11","2","movetime","86","watchdog_timeout","","e4f3","unresolved","0","1"
"measured","1","11","4","movetime","86","watchdog_timeout","","e4f3","unresolved","0","1"
"measured","1","12","1","movetime","87","watchdog_timeout","","g6f5","unresolved","0","1"
"measured","1","12","2","movetime","87","watchdog_timeout","","g6f5","unresolved","0","1"
"measured","1","12","4","movetime","87","watchdog_timeout","","g6f5","unresolved","0","1"
"measured","1","12","1","clock","88","watchdog_timeout","","g6f5","unresolved","0","1"
"measured","1","12","2","clock","88","watchdog_timeout","","g6f5","unresolved","0","1"
"measured","1","12","4","clock","88","watchdog_timeout","","g6f5","unresolved","0","1"
"measured","1","13","1","clock","89","resolved","b4f4","b4f4","true","1","1"
"measured","1","13","2","clock","89","resolved","b4f4","b4f4","true","1","1"
"measured","1","13","4","clock","89","resolved","b4f4","b4f4","true","1","1"
"measured","1","13","1","movetime","90","resolved","b4f4","b4f4","true","1","1"
"measured","1","13","2","movetime","90","resolved","b4f4","b4c4","false","0","0"
"measured","1","13","4","movetime","90","resolved","b4f4","b4f4","true","1","1"
"measured","1","14","1","movetime","91","resolved","d1d3","a1c1","false","0","0"
"measured","1","14","2","movetime","91","resolved","d1d3","d1c2","false","0","0"
"measured","1","14","4","movetime","91","resolved","d1d3","a2a4","false","0","0"
"measured","1","14","1","clock","92","resolved","d1d3","a2a4","false","0","0"
"measured","1","14","2","clock","92","resolved","d1d3","f1e1","false","0","0"
"measured","1","14","4","clock","92","resolved","d1d3","a1c1","false","0","0"
"measured","1","15","1","clock","93","resolved","c3d5","c3d5","true","1","1"
"measured","1","15","2","clock","93","resolved","c3d5","c3d5","true","1","1"
"measured","1","15","4","clock","93","resolved","c3d5","c3d5","true","1","1"
"measured","1","15","1","movetime","94","resolved","c3d5","c3d5","true","1","1"
"measured","1","15","2","movetime","94","resolved","c3d5","c3d5","true","1","1"
"measured","1","15","4","movetime","94","resolved","c3d5","c3d5","true","1","1"
"measured","1","16","1","movetime","95","resolved","d5e4","d5e4","true","1","1"
"measured","1","16","2","movetime","95","resolved","d5e4","f6e4","false","0","0"
"measured","1","16","4","movetime","95","resolved","d5e4","d5e4","true","1","1"
"measured","1","16","1","clock","96","resolved","d5e4","d5e4","true","1","1"
"measured","1","16","2","clock","96","resolved","d5e4","f6e4","false","0","0"
"measured","1","16","4","clock","96","resolved","d5e4","d5e4","true","1","1"
"measured","1","17","1","clock","97","resolved","a6a5","a6a5","true","1","1"
"measured","1","17","2","clock","97","resolved","a6a5","a6a5","true","1","1"
"measured","1","17","4","clock","97","resolved","a6a5","a6a5","true","1","1"
"measured","1","17","1","movetime","98","resolved","a6a5","a6a5","true","1","1"
"measured","1","17","2","movetime","98","resolved","a6a5","a6a5","true","1","1"
"measured","1","17","4","movetime","98","resolved","a6a5","a6a5","true","1","1"
"measured","1","18","1","movetime","99","resolved","e2e3","b1c3","false","0","0"
"measured","1","18","2","movetime","99","resolved","e2e3","e2e3","true","1","1"
"measured","1","18","4","movetime","99","resolved","e2e3","b1c3","false","0","0"
"measured","1","18","1","clock","100","resolved","e2e3","b1c3","false","0","0"
"measured","1","18","2","clock","100","resolved","e2e3","g1f3","false","0","0"
"measured","1","18","4","clock","100","resolved","e2e3","e2e3","true","1","1"
"measured","1","19","1","clock","101","adjacent_moves_disagree","","a5c3","unresolved","0","1"
"measured","1","19","2","clock","101","adjacent_moves_disagree","","a5c3","unresolved","0","1"
"measured","1","19","4","clock","101","adjacent_moves_disagree","","a5c3","unresolved","0","1"
"measured","1","19","1","movetime","102","adjacent_moves_disagree","","a5c3","unresolved","0","1"
"measured","1","19","2","movetime","102","adjacent_moves_disagree","","a5c3","unresolved","0","1"
"measured","1","19","4","movetime","102","adjacent_moves_disagree","","a5c3","unresolved","0","1"
"measured","1","20","1","movetime","103","watchdog_timeout","","d7d2","unresolved","0","1"
"measured","1","20","2","movetime","103","watchdog_timeout","","d7d2","unresolved","0","1"
"measured","1","20","4","movetime","103","watchdog_timeout","","d7d2","unresolved","0","1"
"measured","1","20","1","clock","104","watchdog_timeout","","d7d2","unresolved","0","1"
"measured","1","20","2","clock","104","watchdog_timeout","","d7d2","unresolved","0","1"
"measured","1","20","4","clock","104","watchdog_timeout","","d7d2","unresolved","0","1"
"measured","1","21","1","clock","105","resolved","g6g5","g6g5","true","1","1"
"measured","1","21","2","clock","105","resolved","g6g5","c6b6","false","0","0"
"measured","1","21","4","clock","105","resolved","g6g5","g6g5","true","1","1"
"measured","1","21","1","movetime","106","resolved","g6g5","g8h7","false","0","0"
"measured","1","21","2","movetime","106","resolved","g6g5","c6b6","false","0","0"
"measured","1","21","4","movetime","106","resolved","g6g5","g8h7","false","0","0"
"measured","1","22","1","movetime","107","resolved","d4b5","d4b5","true","1","1"
"measured","1","22","2","movetime","107","resolved","d4b5","d4b5","true","1","1"
"measured","1","22","4","movetime","107","resolved","d4b5","d4e6","false","0","0"
"measured","1","22","1","clock","108","resolved","d4b5","d4b5","true","1","1"
"measured","1","22","2","clock","108","resolved","d4b5","d4b5","true","1","1"
"measured","1","22","4","clock","108","resolved","d4b5","d4b5","true","1","1"
"measured","1","23","1","clock","109","watchdog_timeout","","g5d8","unresolved","0","1"
"measured","1","23","2","clock","109","watchdog_timeout","","g5d8","unresolved","0","1"
"measured","1","23","4","clock","109","watchdog_timeout","","g5d8","unresolved","0","1"
"measured","1","23","1","movetime","110","watchdog_timeout","","g5d8","unresolved","0","1"
"measured","1","23","2","movetime","110","watchdog_timeout","","g5d8","unresolved","0","1"
"measured","1","23","4","movetime","110","watchdog_timeout","","g5d8","unresolved","0","1"
"measured","1","24","1","movetime","111","watchdog_timeout","","d5e3","unresolved","0","1"
"measured","1","24","2","movetime","111","watchdog_timeout","","d5e3","unresolved","0","1"
"measured","1","24","4","movetime","111","watchdog_timeout","","d5e3","unresolved","0","1"
"measured","1","24","1","clock","112","watchdog_timeout","","d5e3","unresolved","0","1"
"measured","1","24","2","clock","112","watchdog_timeout","","d5e3","unresolved","0","1"
"measured","1","24","4","clock","112","watchdog_timeout","","d5e3","unresolved","0","1"
"measured","1","25","1","clock","113","resolved","h5e2","h5e2","true","1","1"
"measured","1","25","2","clock","113","resolved","h5e2","h5e2","true","1","1"
"measured","1","25","4","clock","113","resolved","h5e2","h5e2","true","1","1"
"measured","1","25","1","movetime","114","resolved","h5e2","h5e2","true","1","1"
"measured","1","25","2","movetime","114","resolved","h5e2","h5e2","true","1","1"
"measured","1","25","4","movetime","114","resolved","h5e2","h5e2","true","1","1"
"measured","1","26","1","movetime","115","resolved","a6a5","a6a5","true","1","1"
"measured","1","26","2","movetime","115","resolved","a6a5","a6a5","true","1","1"
"measured","1","26","4","movetime","115","resolved","a6a5","a6a5","true","1","1"
"measured","1","26","1","clock","116","resolved","a6a5","a6a5","true","1","1"
"measured","1","26","2","clock","116","resolved","a6a5","a6a5","true","1","1"
"measured","1","26","4","clock","116","resolved","a6a5","a6a5","true","1","1"
"measured","1","27","1","clock","117","watchdog_timeout","","a6a5","unresolved","0","1"
"measured","1","27","2","clock","117","watchdog_timeout","","a6a5","unresolved","0","1"
"measured","1","27","4","clock","117","watchdog_timeout","","a6a5","unresolved","0","1"
"measured","1","27","1","movetime","118","watchdog_timeout","","a6a5","unresolved","0","1"
"measured","1","27","2","movetime","118","watchdog_timeout","","a6a5","unresolved","0","1"
"measured","1","27","4","movetime","118","watchdog_timeout","","a6a5","unresolved","0","1"
"measured","1","28","1","movetime","119","resolved","d2b4","a5a6","false","0","0"
"measured","1","28","2","movetime","119","resolved","d2b4","a5a6","false","0","0"
"measured","1","28","4","movetime","119","resolved","d2b4","d2b4","true","1","1"
"measured","1","28","1","clock","120","resolved","d2b4","a5a6","false","0","0"
"measured","1","28","2","clock","120","resolved","d2b4","a5a6","false","0","0"
"measured","1","28","4","clock","120","resolved","d2b4","a5a6","false","0","0"
"measured","1","29","1","clock","121","resolved","c6d4","c6d4","true","1","1"
"measured","1","29","2","clock","121","resolved","c6d4","c6d4","true","1","1"
"measured","1","29","4","clock","121","resolved","c6d4","c6d4","true","1","1"
"measured","1","29","1","movetime","122","resolved","c6d4","c6d4","true","1","1"
"measured","1","29","2","movetime","122","resolved","c6d4","c6d4","true","1","1"
"measured","1","29","4","movetime","122","resolved","c6d4","c6d4","true","1","1"
"measured","1","30","1","movetime","123","resolved","f2f3","f2f5","false","0","0"
"measured","1","30","2","movetime","123","resolved","f2f3","b1a2","false","0","0"
"measured","1","30","4","movetime","123","resolved","f2f3","f2f3","true","1","1"
"measured","1","30","1","clock","124","resolved","f2f3","f2f5","false","0","0"
"measured","1","30","2","clock","124","resolved","f2f3","f2f5","false","0","0"
"measured","1","30","4","clock","124","resolved","f2f3","h4h5","false","0","0"
"measured","2","0","2","clock","125","adjacent_moves_disagree","","e2e4","unresolved","0","1"
"measured","2","0","4","clock","125","adjacent_moves_disagree","","e2e4","unresolved","0","1"
"measured","2","0","1","clock","125","adjacent_moves_disagree","","e2e4","unresolved","0","1"
"measured","2","0","2","movetime","126","adjacent_moves_disagree","","e2e4","unresolved","0","1"
"measured","2","0","4","movetime","126","adjacent_moves_disagree","","e2e4","unresolved","0","1"
"measured","2","0","1","movetime","126","adjacent_moves_disagree","","e2e4","unresolved","0","1"
"measured","2","1","2","movetime","127","resolved","e2a6","e2a6","true","1","1"
"measured","2","1","4","movetime","127","resolved","e2a6","e2a6","true","1","1"
"measured","2","1","1","movetime","127","resolved","e2a6","e2a6","true","1","1"
"measured","2","1","2","clock","128","resolved","e2a6","e2a6","true","1","1"
"measured","2","1","4","clock","128","resolved","e2a6","e2a6","true","1","1"
"measured","2","1","1","clock","128","resolved","e2a6","e2a6","true","1","1"
"measured","2","2","2","clock","129","watchdog_timeout","","e1d2","unresolved","0","1"
"measured","2","2","4","clock","129","watchdog_timeout","","e1d2","unresolved","0","1"
"measured","2","2","1","clock","129","watchdog_timeout","","e1d2","unresolved","0","1"
"measured","2","2","2","movetime","130","watchdog_timeout","","e1d2","unresolved","0","1"
"measured","2","2","4","movetime","130","watchdog_timeout","","e1d2","unresolved","0","1"
"measured","2","2","1","movetime","130","watchdog_timeout","","e1d2","unresolved","0","1"
"measured","2","3","2","movetime","131","resolved","c4c5","c4c5","true","1","1"
"measured","2","3","4","movetime","131","resolved","c4c5","c4c5","true","1","1"
"measured","2","3","1","movetime","131","resolved","c4c5","c4c5","true","1","1"
"measured","2","3","2","clock","132","resolved","c4c5","c4c5","true","1","1"
"measured","2","3","4","clock","132","resolved","c4c5","c4c5","true","1","1"
"measured","2","3","1","clock","132","resolved","c4c5","c4c5","true","1","1"
"measured","2","4","2","clock","133","resolved","b5c4","b5c4","true","1","1"
"measured","2","4","4","clock","133","resolved","b5c4","b5c4","true","1","1"
"measured","2","4","1","clock","133","resolved","b5c4","b5c4","true","1","1"
"measured","2","4","2","movetime","134","resolved","b5c4","b5c4","true","1","1"
"measured","2","4","4","movetime","134","resolved","b5c4","b5c4","true","1","1"
"measured","2","4","1","movetime","134","resolved","b5c4","b5c4","true","1","1"
"measured","2","5","2","movetime","135","resolved","g1h1","g1h1","true","1","1"
"measured","2","5","4","movetime","135","resolved","g1h1","g1h1","true","1","1"
"measured","2","5","1","movetime","135","resolved","g1h1","d1d3","false","0","0"
"measured","2","5","2","clock","136","resolved","g1h1","g1h1","true","1","1"
"measured","2","5","4","clock","136","resolved","g1h1","d1d3","false","0","0"
"measured","2","5","1","clock","136","resolved","g1h1","d1d3","false","0","0"
"measured","2","6","2","clock","137","resolved","b4b2","b4b2","true","1","1"
"measured","2","6","4","clock","137","resolved","b4b2","b4b2","true","1","1"
"measured","2","6","1","clock","137","resolved","b4b2","b4b2","true","1","1"
"measured","2","6","2","movetime","138","resolved","b4b2","b4b2","true","1","1"
"measured","2","6","4","movetime","138","resolved","b4b2","b4b2","true","1","1"
"measured","2","6","1","movetime","138","resolved","b4b2","b4b2","true","1","1"
"measured","2","7","2","movetime","139","adjacent_moves_disagree","","f3d4","unresolved","0","1"
"measured","2","7","4","movetime","139","adjacent_moves_disagree","","h3f5","unresolved","0","1"
"measured","2","7","1","movetime","139","adjacent_moves_disagree","","f3d4","unresolved","0","1"
"measured","2","7","2","clock","140","adjacent_moves_disagree","","f3d4","unresolved","0","1"
"measured","2","7","4","clock","140","adjacent_moves_disagree","","f3d4","unresolved","0","1"
"measured","2","7","1","clock","140","adjacent_moves_disagree","","h3f5","unresolved","0","1"
"measured","2","8","2","clock","141","resolved","b3c2","b3c2","true","1","1"
"measured","2","8","4","clock","141","resolved","b3c2","b3c2","true","1","1"
"measured","2","8","1","clock","141","resolved","b3c2","b3c2","true","1","1"
"measured","2","8","2","movetime","142","resolved","b3c2","b3c2","true","1","1"
"measured","2","8","4","movetime","142","resolved","b3c2","b3c2","true","1","1"
"measured","2","8","1","movetime","142","resolved","b3c2","b3c2","true","1","1"
"measured","2","9","2","movetime","143","resolved","c6g6","c6g6","true","1","1"
"measured","2","9","4","movetime","143","resolved","c6g6","c6g6","true","1","1"
"measured","2","9","1","movetime","143","resolved","c6g6","c6g6","true","1","1"
"measured","2","9","2","clock","144","resolved","c6g6","c6g6","true","1","1"
"measured","2","9","4","clock","144","resolved","c6g6","c6g6","true","1","1"
"measured","2","9","1","clock","144","resolved","c6g6","c6g6","true","1","1"
"measured","2","10","2","clock","145","adjacent_moves_disagree","","c8d7","unresolved","0","1"
"measured","2","10","4","clock","145","adjacent_moves_disagree","","c6d4","unresolved","0","1"
"measured","2","10","1","clock","145","adjacent_moves_disagree","","c6d4","unresolved","0","1"
"measured","2","10","2","movetime","146","adjacent_moves_disagree","","c6d4","unresolved","0","1"
"measured","2","10","4","movetime","146","adjacent_moves_disagree","","c6d4","unresolved","0","1"
"measured","2","10","1","movetime","146","adjacent_moves_disagree","","c6d4","unresolved","0","1"
"measured","2","11","2","movetime","147","watchdog_timeout","","e4f3","unresolved","0","1"
"measured","2","11","4","movetime","147","watchdog_timeout","","e4f3","unresolved","0","1"
"measured","2","11","1","movetime","147","watchdog_timeout","","e4f3","unresolved","0","1"
"measured","2","11","2","clock","148","watchdog_timeout","","e4f3","unresolved","0","1"
"measured","2","11","4","clock","148","watchdog_timeout","","e4f3","unresolved","0","1"
"measured","2","11","1","clock","148","watchdog_timeout","","e4f3","unresolved","0","1"
"measured","2","12","2","clock","149","watchdog_timeout","","g6f5","unresolved","0","1"
"measured","2","12","4","clock","149","watchdog_timeout","","g6f5","unresolved","0","1"
"measured","2","12","1","clock","149","watchdog_timeout","","g6f5","unresolved","0","1"
"measured","2","12","2","movetime","150","watchdog_timeout","","g6f5","unresolved","0","1"
"measured","2","12","4","movetime","150","watchdog_timeout","","g6f5","unresolved","0","1"
"measured","2","12","1","movetime","150","watchdog_timeout","","g6f5","unresolved","0","1"
"measured","2","13","2","movetime","151","resolved","b4f4","b4f4","true","1","1"
"measured","2","13","4","movetime","151","resolved","b4f4","b4f4","true","1","1"
"measured","2","13","1","movetime","151","resolved","b4f4","b4f4","true","1","1"
"measured","2","13","2","clock","152","resolved","b4f4","b4f4","true","1","1"
"measured","2","13","4","clock","152","resolved","b4f4","b4f4","true","1","1"
"measured","2","13","1","clock","152","resolved","b4f4","b4f4","true","1","1"
"measured","2","14","2","clock","153","resolved","d1d3","a1c1","false","0","0"
"measured","2","14","4","clock","153","resolved","d1d3","a2a4","false","0","0"
"measured","2","14","1","clock","153","resolved","d1d3","a2a4","false","0","0"
"measured","2","14","2","movetime","154","resolved","d1d3","a1c1","false","0","0"
"measured","2","14","4","movetime","154","resolved","d1d3","a1c1","false","0","0"
"measured","2","14","1","movetime","154","resolved","d1d3","a1c1","false","0","0"
"measured","2","15","2","movetime","155","resolved","c3d5","c3d5","true","1","1"
"measured","2","15","4","movetime","155","resolved","c3d5","c3d5","true","1","1"
"measured","2","15","1","movetime","155","resolved","c3d5","c3d5","true","1","1"
"measured","2","15","2","clock","156","resolved","c3d5","c3d5","true","1","1"
"measured","2","15","4","clock","156","resolved","c3d5","c3d5","true","1","1"
"measured","2","15","1","clock","156","resolved","c3d5","c3d5","true","1","1"
"measured","2","16","2","clock","157","resolved","d5e4","d5e4","true","1","1"
"measured","2","16","4","clock","157","resolved","d5e4","f6e4","false","0","0"
"measured","2","16","1","clock","157","resolved","d5e4","d5e4","true","1","1"
"measured","2","16","2","movetime","158","resolved","d5e4","f6e4","false","0","0"
"measured","2","16","4","movetime","158","resolved","d5e4","d5e4","true","1","1"
"measured","2","16","1","movetime","158","resolved","d5e4","d5e4","true","1","1"
"measured","2","17","2","movetime","159","resolved","a6a5","a6a5","true","1","1"
"measured","2","17","4","movetime","159","resolved","a6a5","a6a5","true","1","1"
"measured","2","17","1","movetime","159","resolved","a6a5","a6a5","true","1","1"
"measured","2","17","2","clock","160","resolved","a6a5","a6a5","true","1","1"
"measured","2","17","4","clock","160","resolved","a6a5","a6a5","true","1","1"
"measured","2","17","1","clock","160","resolved","a6a5","a6a5","true","1","1"
"measured","2","18","2","clock","161","resolved","e2e3","e2e3","true","1","1"
"measured","2","18","4","clock","161","resolved","e2e3","e2e3","true","1","1"
"measured","2","18","1","clock","161","resolved","e2e3","b1c3","false","0","0"
"measured","2","18","2","movetime","162","resolved","e2e3","b1c3","false","0","0"
"measured","2","18","4","movetime","162","resolved","e2e3","e2e3","true","1","1"
"measured","2","18","1","movetime","162","resolved","e2e3","b1c3","false","0","0"
"measured","2","19","2","movetime","163","adjacent_moves_disagree","","a5c3","unresolved","0","1"
"measured","2","19","4","movetime","163","adjacent_moves_disagree","","a5c3","unresolved","0","1"
"measured","2","19","1","movetime","163","adjacent_moves_disagree","","a5c3","unresolved","0","1"
"measured","2","19","2","clock","164","adjacent_moves_disagree","","a5c3","unresolved","0","1"
"measured","2","19","4","clock","164","adjacent_moves_disagree","","a5b6","unresolved","0","1"
"measured","2","19","1","clock","164","adjacent_moves_disagree","","a5c3","unresolved","0","1"
"measured","2","20","2","clock","165","watchdog_timeout","","d7d2","unresolved","0","1"
"measured","2","20","4","clock","165","watchdog_timeout","","d7d2","unresolved","0","1"
"measured","2","20","1","clock","165","watchdog_timeout","","d7d2","unresolved","0","1"
"measured","2","20","2","movetime","166","watchdog_timeout","","d7d2","unresolved","0","1"
"measured","2","20","4","movetime","166","watchdog_timeout","","d7d2","unresolved","0","1"
"measured","2","20","1","movetime","166","watchdog_timeout","","d7d2","unresolved","0","1"
"measured","2","21","2","movetime","167","resolved","g6g5","c6b6","false","0","0"
"measured","2","21","4","movetime","167","resolved","g6g5","c6b6","false","0","0"
"measured","2","21","1","movetime","167","resolved","g6g5","g8h7","false","0","0"
"measured","2","21","2","clock","168","resolved","g6g5","g6g5","true","1","1"
"measured","2","21","4","clock","168","resolved","g6g5","g6g5","true","1","1"
"measured","2","21","1","clock","168","resolved","g6g5","g6g5","true","1","1"
"measured","2","22","2","clock","169","resolved","d4b5","d4b5","true","1","1"
"measured","2","22","4","clock","169","resolved","d4b5","d4b5","true","1","1"
"measured","2","22","1","clock","169","resolved","d4b5","d4b5","true","1","1"
"measured","2","22","2","movetime","170","resolved","d4b5","d4b5","true","1","1"
"measured","2","22","4","movetime","170","resolved","d4b5","d4b5","true","1","1"
"measured","2","22","1","movetime","170","resolved","d4b5","d4e6","false","0","0"
"measured","2","23","2","movetime","171","watchdog_timeout","","g5d8","unresolved","0","1"
"measured","2","23","4","movetime","171","watchdog_timeout","","g5d8","unresolved","0","1"
"measured","2","23","1","movetime","171","watchdog_timeout","","g5d8","unresolved","0","1"
"measured","2","23","2","clock","172","watchdog_timeout","","g5d8","unresolved","0","1"
"measured","2","23","4","clock","172","watchdog_timeout","","g5d8","unresolved","0","1"
"measured","2","23","1","clock","172","watchdog_timeout","","g5d8","unresolved","0","1"
"measured","2","24","2","clock","173","watchdog_timeout","","d5e3","unresolved","0","1"
"measured","2","24","4","clock","173","watchdog_timeout","","d5e3","unresolved","0","1"
"measured","2","24","1","clock","173","watchdog_timeout","","d5e3","unresolved","0","1"
"measured","2","24","2","movetime","174","watchdog_timeout","","d5e3","unresolved","0","1"
"measured","2","24","4","movetime","174","watchdog_timeout","","d5e3","unresolved","0","1"
"measured","2","24","1","movetime","174","watchdog_timeout","","d5e3","unresolved","0","1"
"measured","2","25","2","movetime","175","resolved","h5e2","h5e2","true","1","1"
"measured","2","25","4","movetime","175","resolved","h5e2","h5e2","true","1","1"
"measured","2","25","1","movetime","175","resolved","h5e2","h5e2","true","1","1"
"measured","2","25","2","clock","176","resolved","h5e2","h5e2","true","1","1"
"measured","2","25","4","clock","176","resolved","h5e2","h5e2","true","1","1"
"measured","2","25","1","clock","176","resolved","h5e2","h5e2","true","1","1"
"measured","2","26","2","clock","177","resolved","a6a5","a6a5","true","1","1"
"measured","2","26","4","clock","177","resolved","a6a5","a6a5","true","1","1"
"measured","2","26","1","clock","177","resolved","a6a5","a6a5","true","1","1"
"measured","2","26","2","movetime","178","resolved","a6a5","a6a5","true","1","1"
"measured","2","26","4","movetime","178","resolved","a6a5","a6a5","true","1","1"
"measured","2","26","1","movetime","178","resolved","a6a5","a6a5","true","1","1"
"measured","2","27","2","movetime","179","watchdog_timeout","","a6a5","unresolved","0","1"
"measured","2","27","4","movetime","179","watchdog_timeout","","a6a5","unresolved","0","1"
"measured","2","27","1","movetime","179","watchdog_timeout","","a6a5","unresolved","0","1"
"measured","2","27","2","clock","180","watchdog_timeout","","a6a5","unresolved","0","1"
"measured","2","27","4","clock","180","watchdog_timeout","","a6a5","unresolved","0","1"
"measured","2","27","1","clock","180","watchdog_timeout","","a6a5","unresolved","0","1"
"measured","2","28","2","clock","181","resolved","d2b4","a5a6","false","0","0"
"measured","2","28","4","clock","181","resolved","d2b4","a5a6","false","0","0"
"measured","2","28","1","clock","181","resolved","d2b4","a5a6","false","0","0"
"measured","2","28","2","movetime","182","resolved","d2b4","a5a6","false","0","0"
"measured","2","28","4","movetime","182","resolved","d2b4","a5a6","false","0","0"
"measured","2","28","1","movetime","182","resolved","d2b4","a5a6","false","0","0"
"measured","2","29","2","movetime","183","resolved","c6d4","c6d4","true","1","1"
"measured","2","29","4","movetime","183","resolved","c6d4","c6d4","true","1","1"
"measured","2","29","1","movetime","183","resolved","c6d4","c6d4","true","1","1"
"measured","2","29","2","clock","184","resolved","c6d4","c6d4","true","1","1"
"measured","2","29","4","clock","184","resolved","c6d4","c6d4","true","1","1"
"measured","2","29","1","clock","184","resolved","c6d4","c6d4","true","1","1"
"measured","2","30","2","clock","185","resolved","f2f3","h4h5","false","0","0"
"measured","2","30","4","clock","185","resolved","f2f3","h4h5","false","0","0"
"measured","2","30","1","clock","185","resolved","f2f3","f2f5","false","0","0"
"measured","2","30","2","movetime","186","resolved","f2f3","h4h5","false","0","0"
"measured","2","30","4","movetime","186","resolved","f2f3","f2f3","true","1","1"
"measured","2","30","1","movetime","186","resolved","f2f3","f2f5","false","0","0"
"measured","3","0","4","movetime","187","adjacent_moves_disagree","","e2e4","unresolved","0","1"
"measured","3","0","1","movetime","187","adjacent_moves_disagree","","e2e4","unresolved","0","1"
"measured","3","0","2","movetime","187","adjacent_moves_disagree","","e2e4","unresolved","0","1"
"measured","3","0","4","clock","188","adjacent_moves_disagree","","e2e4","unresolved","0","1"
"measured","3","0","1","clock","188","adjacent_moves_disagree","","e2e4","unresolved","0","1"
"measured","3","0","2","clock","188","adjacent_moves_disagree","","e2e4","unresolved","0","1"
"measured","3","1","4","clock","189","resolved","e2a6","e2a6","true","1","1"
"measured","3","1","1","clock","189","resolved","e2a6","e2a6","true","1","1"
"measured","3","1","2","clock","189","resolved","e2a6","e2a6","true","1","1"
"measured","3","1","4","movetime","190","resolved","e2a6","e2a6","true","1","1"
"measured","3","1","1","movetime","190","resolved","e2a6","e2a6","true","1","1"
"measured","3","1","2","movetime","190","resolved","e2a6","e2a6","true","1","1"
"measured","3","2","4","movetime","191","watchdog_timeout","","e1d2","unresolved","0","1"
"measured","3","2","1","movetime","191","watchdog_timeout","","e1d2","unresolved","0","1"
"measured","3","2","2","movetime","191","watchdog_timeout","","e1f2","unresolved","0","1"
"measured","3","2","4","clock","192","watchdog_timeout","","e1d2","unresolved","0","1"
"measured","3","2","1","clock","192","watchdog_timeout","","e1d2","unresolved","0","1"
"measured","3","2","2","clock","192","watchdog_timeout","","e1d2","unresolved","0","1"
"measured","3","3","4","clock","193","resolved","c4c5","c4c5","true","1","1"
"measured","3","3","1","clock","193","resolved","c4c5","c4c5","true","1","1"
"measured","3","3","2","clock","193","resolved","c4c5","c4c5","true","1","1"
"measured","3","3","4","movetime","194","resolved","c4c5","c4c5","true","1","1"
"measured","3","3","1","movetime","194","resolved","c4c5","c4c5","true","1","1"
"measured","3","3","2","movetime","194","resolved","c4c5","c4c5","true","1","1"
"measured","3","4","4","movetime","195","resolved","b5c4","b5c4","true","1","1"
"measured","3","4","1","movetime","195","resolved","b5c4","b5c4","true","1","1"
"measured","3","4","2","movetime","195","resolved","b5c4","b5c4","true","1","1"
"measured","3","4","4","clock","196","resolved","b5c4","b5c4","true","1","1"
"measured","3","4","1","clock","196","resolved","b5c4","b5c4","true","1","1"
"measured","3","4","2","clock","196","resolved","b5c4","b5c4","true","1","1"
"measured","3","5","4","clock","197","resolved","g1h1","a3a4","false","0","0"
"measured","3","5","1","clock","197","resolved","g1h1","d1d3","false","0","0"
"measured","3","5","2","clock","197","resolved","g1h1","c3e2","false","0","0"
"measured","3","5","4","movetime","198","resolved","g1h1","d1d3","false","0","0"
"measured","3","5","1","movetime","198","resolved","g1h1","d1d3","false","0","0"
"measured","3","5","2","movetime","198","resolved","g1h1","d1d3","false","0","0"
"measured","3","6","4","movetime","199","resolved","b4b2","b4b2","true","1","1"
"measured","3","6","1","movetime","199","resolved","b4b2","b4b2","true","1","1"
"measured","3","6","2","movetime","199","resolved","b4b2","b4b2","true","1","1"
"measured","3","6","4","clock","200","resolved","b4b2","b4b2","true","1","1"
"measured","3","6","1","clock","200","resolved","b4b2","b4b2","true","1","1"
"measured","3","6","2","clock","200","resolved","b4b2","b4b2","true","1","1"
"measured","3","7","4","clock","201","adjacent_moves_disagree","","g2g4","unresolved","0","1"
"measured","3","7","1","clock","201","adjacent_moves_disagree","","h3f5","unresolved","0","1"
"measured","3","7","2","clock","201","adjacent_moves_disagree","","g2g4","unresolved","0","1"
"measured","3","7","4","movetime","202","adjacent_moves_disagree","","a2a3","unresolved","0","1"
"measured","3","7","1","movetime","202","adjacent_moves_disagree","","f3d4","unresolved","0","1"
"measured","3","7","2","movetime","202","adjacent_moves_disagree","","h3f5","unresolved","0","1"
"measured","3","8","4","movetime","203","resolved","b3c2","b3c2","true","1","1"
"measured","3","8","1","movetime","203","resolved","b3c2","b3c2","true","1","1"
"measured","3","8","2","movetime","203","resolved","b3c2","b3c2","true","1","1"
"measured","3","8","4","clock","204","resolved","b3c2","b3c2","true","1","1"
"measured","3","8","1","clock","204","resolved","b3c2","b3c2","true","1","1"
"measured","3","8","2","clock","204","resolved","b3c2","b3c2","true","1","1"
"measured","3","9","4","clock","205","resolved","c6g6","c6g6","true","1","1"
"measured","3","9","1","clock","205","resolved","c6g6","c6g6","true","1","1"
"measured","3","9","2","clock","205","resolved","c6g6","c6g6","true","1","1"
"measured","3","9","4","movetime","206","resolved","c6g6","c6g6","true","1","1"
"measured","3","9","1","movetime","206","resolved","c6g6","c6g6","true","1","1"
"measured","3","9","2","movetime","206","resolved","c6g6","c6g6","true","1","1"
"measured","3","10","4","movetime","207","adjacent_moves_disagree","","c8d7","unresolved","0","1"
"measured","3","10","1","movetime","207","adjacent_moves_disagree","","c6d4","unresolved","0","1"
"measured","3","10","2","movetime","207","adjacent_moves_disagree","","c6d4","unresolved","0","1"
"measured","3","10","4","clock","208","adjacent_moves_disagree","","c6d4","unresolved","0","1"
"measured","3","10","1","clock","208","adjacent_moves_disagree","","c6d4","unresolved","0","1"
"measured","3","10","2","clock","208","adjacent_moves_disagree","","c8d7","unresolved","0","1"
"measured","3","11","4","clock","209","watchdog_timeout","","e4f3","unresolved","0","1"
"measured","3","11","1","clock","209","watchdog_timeout","","e4f3","unresolved","0","1"
"measured","3","11","2","clock","209","watchdog_timeout","","e4f3","unresolved","0","1"
"measured","3","11","4","movetime","210","watchdog_timeout","","e4f3","unresolved","0","1"
"measured","3","11","1","movetime","210","watchdog_timeout","","e4f3","unresolved","0","1"
"measured","3","11","2","movetime","210","watchdog_timeout","","e4f3","unresolved","0","1"
"measured","3","12","4","movetime","211","watchdog_timeout","","g6f5","unresolved","0","1"
"measured","3","12","1","movetime","211","watchdog_timeout","","g6f5","unresolved","0","1"
"measured","3","12","2","movetime","211","watchdog_timeout","","g6f5","unresolved","0","1"
"measured","3","12","4","clock","212","watchdog_timeout","","g6f5","unresolved","0","1"
"measured","3","12","1","clock","212","watchdog_timeout","","g6f5","unresolved","0","1"
"measured","3","12","2","clock","212","watchdog_timeout","","g6f5","unresolved","0","1"
"measured","3","13","4","clock","213","resolved","b4f4","b4f4","true","1","1"
"measured","3","13","1","clock","213","resolved","b4f4","b4f4","true","1","1"
"measured","3","13","2","clock","213","resolved","b4f4","b4f4","true","1","1"
"measured","3","13","4","movetime","214","resolved","b4f4","b4f4","true","1","1"
"measured","3","13","1","movetime","214","resolved","b4f4","b4f4","true","1","1"
"measured","3","13","2","movetime","214","resolved","b4f4","b4f4","true","1","1"
"measured","3","14","4","movetime","215","resolved","d1d3","a2a4","false","0","0"
"measured","3","14","1","movetime","215","resolved","d1d3","a1c1","false","0","0"
"measured","3","14","2","movetime","215","resolved","d1d3","f1e1","false","0","0"
"measured","3","14","4","clock","216","resolved","d1d3","a1c1","false","0","0"
"measured","3","14","1","clock","216","resolved","d1d3","a2a4","false","0","0"
"measured","3","14","2","clock","216","resolved","d1d3","a1c1","false","0","0"
"measured","3","15","4","clock","217","resolved","c3d5","c3d5","true","1","1"
"measured","3","15","1","clock","217","resolved","c3d5","c3d5","true","1","1"
"measured","3","15","2","clock","217","resolved","c3d5","c3d5","true","1","1"
"measured","3","15","4","movetime","218","resolved","c3d5","c3d5","true","1","1"
"measured","3","15","1","movetime","218","resolved","c3d5","c3d5","true","1","1"
"measured","3","15","2","movetime","218","resolved","c3d5","c3d5","true","1","1"
"measured","3","16","4","movetime","219","resolved","d5e4","d5e4","true","1","1"
"measured","3","16","1","movetime","219","resolved","d5e4","d5e4","true","1","1"
"measured","3","16","2","movetime","219","resolved","d5e4","d5e4","true","1","1"
"measured","3","16","4","clock","220","resolved","d5e4","d5e4","true","1","1"
"measured","3","16","1","clock","220","resolved","d5e4","d5e4","true","1","1"
"measured","3","16","2","clock","220","resolved","d5e4","d5e4","true","1","1"
"measured","3","17","4","clock","221","resolved","a6a5","b8e8","false","0","0"
"measured","3","17","1","clock","221","resolved","a6a5","a6a5","true","1","1"
"measured","3","17","2","clock","221","resolved","a6a5","a6a5","true","1","1"
"measured","3","17","4","movetime","222","resolved","a6a5","a6a5","true","1","1"
"measured","3","17","1","movetime","222","resolved","a6a5","a6a5","true","1","1"
"measured","3","17","2","movetime","222","resolved","a6a5","a6a5","true","1","1"
"measured","3","18","4","movetime","223","resolved","e2e3","b1c3","false","0","0"
"measured","3","18","1","movetime","223","resolved","e2e3","b1c3","false","0","0"
"measured","3","18","2","movetime","223","resolved","e2e3","b1c3","false","0","0"
"measured","3","18","4","clock","224","resolved","e2e3","e2e3","true","1","1"
"measured","3","18","1","clock","224","resolved","e2e3","b1c3","false","0","0"
"measured","3","18","2","clock","224","resolved","e2e3","g1f3","false","0","0"
"measured","3","19","4","clock","225","adjacent_moves_disagree","","a5b6","unresolved","0","1"
"measured","3","19","1","clock","225","adjacent_moves_disagree","","a5c3","unresolved","0","1"
"measured","3","19","2","clock","225","adjacent_moves_disagree","","a5c3","unresolved","0","1"
"measured","3","19","4","movetime","226","adjacent_moves_disagree","","d2f4","unresolved","0","1"
"measured","3","19","1","movetime","226","adjacent_moves_disagree","","a5c3","unresolved","0","1"
"measured","3","19","2","movetime","226","adjacent_moves_disagree","","a5b6","unresolved","0","1"
"measured","3","20","4","movetime","227","watchdog_timeout","","d7d2","unresolved","0","1"
"measured","3","20","1","movetime","227","watchdog_timeout","","d7d2","unresolved","0","1"
"measured","3","20","2","movetime","227","watchdog_timeout","","d7d2","unresolved","0","1"
"measured","3","20","4","clock","228","watchdog_timeout","","d7d2","unresolved","0","1"
"measured","3","20","1","clock","228","watchdog_timeout","","d7d2","unresolved","0","1"
"measured","3","20","2","clock","228","watchdog_timeout","","d7d2","unresolved","0","1"
"measured","3","21","4","clock","229","resolved","g6g5","g6g5","true","1","1"
"measured","3","21","1","clock","229","resolved","g6g5","g6g5","true","1","1"
"measured","3","21","2","clock","229","resolved","g6g5","g6g5","true","1","1"
"measured","3","21","4","movetime","230","resolved","g6g5","g8h7","false","0","0"
"measured","3","21","1","movetime","230","resolved","g6g5","g8h7","false","0","0"
"measured","3","21","2","movetime","230","resolved","g6g5","c6b6","false","0","0"
"measured","3","22","4","movetime","231","resolved","d4b5","d4b5","true","1","1"
"measured","3","22","1","movetime","231","resolved","d4b5","d4b5","true","1","1"
"measured","3","22","2","movetime","231","resolved","d4b5","d4b5","true","1","1"
"measured","3","22","4","clock","232","resolved","d4b5","d4b5","true","1","1"
"measured","3","22","1","clock","232","resolved","d4b5","d4b5","true","1","1"
"measured","3","22","2","clock","232","resolved","d4b5","d4b5","true","1","1"
"measured","3","23","4","clock","233","watchdog_timeout","","g5d8","unresolved","0","1"
"measured","3","23","1","clock","233","watchdog_timeout","","g5d8","unresolved","0","1"
"measured","3","23","2","clock","233","watchdog_timeout","","g5d8","unresolved","0","1"
"measured","3","23","4","movetime","234","watchdog_timeout","","g5d8","unresolved","0","1"
"measured","3","23","1","movetime","234","watchdog_timeout","","g5d8","unresolved","0","1"
"measured","3","23","2","movetime","234","watchdog_timeout","","g5d8","unresolved","0","1"
"measured","3","24","4","movetime","235","watchdog_timeout","","d5e3","unresolved","0","1"
"measured","3","24","1","movetime","235","watchdog_timeout","","d5e3","unresolved","0","1"
"measured","3","24","2","movetime","235","watchdog_timeout","","d5e3","unresolved","0","1"
"measured","3","24","4","clock","236","watchdog_timeout","","d5e3","unresolved","0","1"
"measured","3","24","1","clock","236","watchdog_timeout","","d5e3","unresolved","0","1"
"measured","3","24","2","clock","236","watchdog_timeout","","d5e3","unresolved","0","1"
"measured","3","25","4","clock","237","resolved","h5e2","h5e2","true","1","1"
"measured","3","25","1","clock","237","resolved","h5e2","h5e2","true","1","1"
"measured","3","25","2","clock","237","resolved","h5e2","h5e2","true","1","1"
"measured","3","25","4","movetime","238","resolved","h5e2","h5e2","true","1","1"
"measured","3","25","1","movetime","238","resolved","h5e2","h5e2","true","1","1"
"measured","3","25","2","movetime","238","resolved","h5e2","h5e2","true","1","1"
"measured","3","26","4","movetime","239","resolved","a6a5","a6a5","true","1","1"
"measured","3","26","1","movetime","239","resolved","a6a5","a6a5","true","1","1"
"measured","3","26","2","movetime","239","resolved","a6a5","a6a5","true","1","1"
"measured","3","26","4","clock","240","resolved","a6a5","a6a5","true","1","1"
"measured","3","26","1","clock","240","resolved","a6a5","a6a5","true","1","1"
"measured","3","26","2","clock","240","resolved","a6a5","a6a5","true","1","1"
"measured","3","27","4","clock","241","watchdog_timeout","","a6a5","unresolved","0","1"
"measured","3","27","1","clock","241","watchdog_timeout","","a6a5","unresolved","0","1"
"measured","3","27","2","clock","241","watchdog_timeout","","a6a5","unresolved","0","1"
"measured","3","27","4","movetime","242","watchdog_timeout","","a6a5","unresolved","0","1"
"measured","3","27","1","movetime","242","watchdog_timeout","","a6a5","unresolved","0","1"
"measured","3","27","2","movetime","242","watchdog_timeout","","a6a5","unresolved","0","1"
"measured","3","28","4","movetime","243","resolved","d2b4","d2b4","true","1","1"
"measured","3","28","1","movetime","243","resolved","d2b4","a5a6","false","0","0"
"measured","3","28","2","movetime","243","resolved","d2b4","a5a6","false","0","0"
"measured","3","28","4","clock","244","resolved","d2b4","a5a6","false","0","0"
"measured","3","28","1","clock","244","resolved","d2b4","a5a6","false","0","0"
"measured","3","28","2","clock","244","resolved","d2b4","a5a6","false","0","0"
"measured","3","29","4","clock","245","resolved","c6d4","c6d4","true","1","1"
"measured","3","29","1","clock","245","resolved","c6d4","c6d4","true","1","1"
"measured","3","29","2","clock","245","resolved","c6d4","c6d4","true","1","1"
"measured","3","29","4","movetime","246","resolved","c6d4","c6d4","true","1","1"
"measured","3","29","1","movetime","246","resolved","c6d4","c6d4","true","1","1"
"measured","3","29","2","movetime","246","resolved","c6d4","c6d4","true","1","1"
"measured","3","30","4","movetime","247","resolved","f2f3","b1a2","false","0","0"
"measured","3","30","1","movetime","247","resolved","f2f3","f2f5","false","0","0"
"measured","3","30","2","movetime","247","resolved","f2f3","h4h5","false","0","0"
"measured","3","30","4","clock","248","resolved","f2f3","h4h5","false","0","0"
"measured","3","30","1","clock","248","resolved","f2f3","f2f5","false","0","0"
"measured","3","30","2","clock","248","resolved","f2f3","h4h5","false","0","0"
"measured","4","0","1","clock","249","adjacent_moves_disagree","","e2e4","unresolved","0","1"
"measured","4","0","2","clock","249","adjacent_moves_disagree","","e2e4","unresolved","0","1"
"measured","4","0","4","clock","249","adjacent_moves_disagree","","e2e4","unresolved","0","1"
"measured","4","0","1","movetime","250","adjacent_moves_disagree","","e2e4","unresolved","0","1"
"measured","4","0","2","movetime","250","adjacent_moves_disagree","","e2e4","unresolved","0","1"
"measured","4","0","4","movetime","250","adjacent_moves_disagree","","e2e4","unresolved","0","1"
"measured","4","1","1","movetime","251","resolved","e2a6","e2a6","true","1","1"
"measured","4","1","2","movetime","251","resolved","e2a6","e2a6","true","1","1"
"measured","4","1","4","movetime","251","resolved","e2a6","e2a6","true","1","1"
"measured","4","1","1","clock","252","resolved","e2a6","e2a6","true","1","1"
"measured","4","1","2","clock","252","resolved","e2a6","e2a6","true","1","1"
"measured","4","1","4","clock","252","resolved","e2a6","e2a6","true","1","1"
"measured","4","2","1","clock","253","watchdog_timeout","","e1d2","unresolved","0","1"
"measured","4","2","2","clock","253","watchdog_timeout","","e1d2","unresolved","0","1"
"measured","4","2","4","clock","253","watchdog_timeout","","e1d2","unresolved","0","1"
"measured","4","2","1","movetime","254","watchdog_timeout","","e1d2","unresolved","0","1"
"measured","4","2","2","movetime","254","watchdog_timeout","","e1f2","unresolved","0","1"
"measured","4","2","4","movetime","254","watchdog_timeout","","e1d2","unresolved","0","1"
"measured","4","3","1","movetime","255","resolved","c4c5","c4c5","true","1","1"
"measured","4","3","2","movetime","255","resolved","c4c5","c4c5","true","1","1"
"measured","4","3","4","movetime","255","resolved","c4c5","c4c5","true","1","1"
"measured","4","3","1","clock","256","resolved","c4c5","c4c5","true","1","1"
"measured","4","3","2","clock","256","resolved","c4c5","c4c5","true","1","1"
"measured","4","3","4","clock","256","resolved","c4c5","c4c5","true","1","1"
"measured","4","4","1","clock","257","resolved","b5c4","b5c4","true","1","1"
"measured","4","4","2","clock","257","resolved","b5c4","b5c4","true","1","1"
"measured","4","4","4","clock","257","resolved","b5c4","b5c4","true","1","1"
"measured","4","4","1","movetime","258","resolved","b5c4","b5c4","true","1","1"
"measured","4","4","2","movetime","258","resolved","b5c4","b5c4","true","1","1"
"measured","4","4","4","movetime","258","resolved","b5c4","b5c4","true","1","1"
"measured","4","5","1","movetime","259","resolved","g1h1","d1d3","false","0","0"
"measured","4","5","2","movetime","259","resolved","g1h1","g1h1","true","1","1"
"measured","4","5","4","movetime","259","resolved","g1h1","g1h1","true","1","1"
"measured","4","5","1","clock","260","resolved","g1h1","d1d3","false","0","0"
"measured","4","5","2","clock","260","resolved","g1h1","a3a4","false","0","0"
"measured","4","5","4","clock","260","resolved","g1h1","a3a4","false","0","0"
"measured","4","6","1","clock","261","resolved","b4b2","b4b2","true","1","1"
"measured","4","6","2","clock","261","resolved","b4b2","b4b2","true","1","1"
"measured","4","6","4","clock","261","resolved","b4b2","b4b2","true","1","1"
"measured","4","6","1","movetime","262","resolved","b4b2","b4b2","true","1","1"
"measured","4","6","2","movetime","262","resolved","b4b2","b4b2","true","1","1"
"measured","4","6","4","movetime","262","resolved","b4b2","b4b2","true","1","1"
"measured","4","7","1","movetime","263","adjacent_moves_disagree","","f3d4","unresolved","0","1"
"measured","4","7","2","movetime","263","adjacent_moves_disagree","","a2a3","unresolved","0","1"
"measured","4","7","4","movetime","263","adjacent_moves_disagree","","a2a3","unresolved","0","1"
"measured","4","7","1","clock","264","adjacent_moves_disagree","","h3f5","unresolved","0","1"
"measured","4","7","2","clock","264","adjacent_moves_disagree","","h3f5","unresolved","0","1"
"measured","4","7","4","clock","264","adjacent_moves_disagree","","h3f5","unresolved","0","1"
"measured","4","8","1","clock","265","resolved","b3c2","b3c2","true","1","1"
"measured","4","8","2","clock","265","resolved","b3c2","b3c2","true","1","1"
"measured","4","8","4","clock","265","resolved","b3c2","b3c2","true","1","1"
"measured","4","8","1","movetime","266","resolved","b3c2","b3c2","true","1","1"
"measured","4","8","2","movetime","266","resolved","b3c2","b3c2","true","1","1"
"measured","4","8","4","movetime","266","resolved","b3c2","b3c2","true","1","1"
"measured","4","9","1","movetime","267","resolved","c6g6","c6g6","true","1","1"
"measured","4","9","2","movetime","267","resolved","c6g6","c6g6","true","1","1"
"measured","4","9","4","movetime","267","resolved","c6g6","c6g6","true","1","1"
"measured","4","9","1","clock","268","resolved","c6g6","c6g6","true","1","1"
"measured","4","9","2","clock","268","resolved","c6g6","c6g6","true","1","1"
"measured","4","9","4","clock","268","resolved","c6g6","c6g6","true","1","1"
"measured","4","10","1","clock","269","adjacent_moves_disagree","","c6d4","unresolved","0","1"
"measured","4","10","2","clock","269","adjacent_moves_disagree","","c6d4","unresolved","0","1"
"measured","4","10","4","clock","269","adjacent_moves_disagree","","d6d5","unresolved","0","1"
"measured","4","10","1","movetime","270","adjacent_moves_disagree","","c6d4","unresolved","0","1"
"measured","4","10","2","movetime","270","adjacent_moves_disagree","","c6d4","unresolved","0","1"
"measured","4","10","4","movetime","270","adjacent_moves_disagree","","c6d4","unresolved","0","1"
"measured","4","11","1","movetime","271","watchdog_timeout","","e4f3","unresolved","0","1"
"measured","4","11","2","movetime","271","watchdog_timeout","","e4f3","unresolved","0","1"
"measured","4","11","4","movetime","271","watchdog_timeout","","e4f3","unresolved","0","1"
"measured","4","11","1","clock","272","watchdog_timeout","","e4f3","unresolved","0","1"
"measured","4","11","2","clock","272","watchdog_timeout","","e4f3","unresolved","0","1"
"measured","4","11","4","clock","272","watchdog_timeout","","e4f3","unresolved","0","1"
"measured","4","12","1","clock","273","watchdog_timeout","","g6f5","unresolved","0","1"
"measured","4","12","2","clock","273","watchdog_timeout","","g6f5","unresolved","0","1"
"measured","4","12","4","clock","273","watchdog_timeout","","g6f5","unresolved","0","1"
"measured","4","12","1","movetime","274","watchdog_timeout","","g6f5","unresolved","0","1"
"measured","4","12","2","movetime","274","watchdog_timeout","","g6f5","unresolved","0","1"
"measured","4","12","4","movetime","274","watchdog_timeout","","g6f5","unresolved","0","1"
"measured","4","13","1","movetime","275","resolved","b4f4","b4f4","true","1","1"
"measured","4","13","2","movetime","275","resolved","b4f4","b4f4","true","1","1"
"measured","4","13","4","movetime","275","resolved","b4f4","b4f4","true","1","1"
"measured","4","13","1","clock","276","resolved","b4f4","b4f4","true","1","1"
"measured","4","13","2","clock","276","resolved","b4f4","b4f4","true","1","1"
"measured","4","13","4","clock","276","resolved","b4f4","b4f4","true","1","1"
"measured","4","14","1","clock","277","resolved","d1d3","a2a4","false","0","0"
"measured","4","14","2","clock","277","resolved","d1d3","a1c1","false","0","0"
"measured","4","14","4","clock","277","resolved","d1d3","a2a4","false","0","0"
"measured","4","14","1","movetime","278","resolved","d1d3","a1c1","false","0","0"
"measured","4","14","2","movetime","278","resolved","d1d3","f1e1","false","0","0"
"measured","4","14","4","movetime","278","resolved","d1d3","a1c1","false","0","0"
"measured","4","15","1","movetime","279","resolved","c3d5","c3d5","true","1","1"
"measured","4","15","2","movetime","279","resolved","c3d5","c3d5","true","1","1"
"measured","4","15","4","movetime","279","resolved","c3d5","c3d5","true","1","1"
"measured","4","15","1","clock","280","resolved","c3d5","c3d5","true","1","1"
"measured","4","15","2","clock","280","resolved","c3d5","c3d5","true","1","1"
"measured","4","15","4","clock","280","resolved","c3d5","c3d5","true","1","1"
"measured","4","16","1","clock","281","resolved","d5e4","d5e4","true","1","1"
"measured","4","16","2","clock","281","resolved","d5e4","d5e4","true","1","1"
"measured","4","16","4","clock","281","resolved","d5e4","d5e4","true","1","1"
"measured","4","16","1","movetime","282","resolved","d5e4","d5e4","true","1","1"
"measured","4","16","2","movetime","282","resolved","d5e4","f6e4","false","0","0"
"measured","4","16","4","movetime","282","resolved","d5e4","f6e4","false","0","0"
"measured","4","17","1","movetime","283","resolved","a6a5","a6a5","true","1","1"
"measured","4","17","2","movetime","283","resolved","a6a5","a6a5","true","1","1"
"measured","4","17","4","movetime","283","resolved","a6a5","a6a5","true","1","1"
"measured","4","17","1","clock","284","resolved","a6a5","a6a5","true","1","1"
"measured","4","17","2","clock","284","resolved","a6a5","a6a5","true","1","1"
"measured","4","17","4","clock","284","resolved","a6a5","a6a5","true","1","1"
"measured","4","18","1","clock","285","resolved","e2e3","e2e3","true","1","1"
"measured","4","18","2","clock","285","resolved","e2e3","e2e3","true","1","1"
"measured","4","18","4","clock","285","resolved","e2e3","g1f3","false","0","0"
"measured","4","18","1","movetime","286","resolved","e2e3","b1c3","false","0","0"
"measured","4","18","2","movetime","286","resolved","e2e3","e2e3","true","1","1"
"measured","4","18","4","movetime","286","resolved","e2e3","e2e3","true","1","1"
"measured","4","19","1","movetime","287","adjacent_moves_disagree","","a5c3","unresolved","0","1"
"measured","4","19","2","movetime","287","adjacent_moves_disagree","","a5c3","unresolved","0","1"
"measured","4","19","4","movetime","287","adjacent_moves_disagree","","a5c3","unresolved","0","1"
"measured","4","19","1","clock","288","adjacent_moves_disagree","","a5c3","unresolved","0","1"
"measured","4","19","2","clock","288","adjacent_moves_disagree","","a5b6","unresolved","0","1"
"measured","4","19","4","clock","288","adjacent_moves_disagree","","a5b6","unresolved","0","1"
"measured","4","20","1","clock","289","watchdog_timeout","","d7d2","unresolved","0","1"
"measured","4","20","2","clock","289","watchdog_timeout","","d7d2","unresolved","0","1"
"measured","4","20","4","clock","289","watchdog_timeout","","d7d2","unresolved","0","1"
"measured","4","20","1","movetime","290","watchdog_timeout","","d7d2","unresolved","0","1"
"measured","4","20","2","movetime","290","watchdog_timeout","","d7d2","unresolved","0","1"
"measured","4","20","4","movetime","290","watchdog_timeout","","d7d2","unresolved","0","1"
"measured","4","21","1","movetime","291","resolved","g6g5","g8h7","false","0","0"
"measured","4","21","2","movetime","291","resolved","g6g5","c6a4","false","0","0"
"measured","4","21","4","movetime","291","resolved","g6g5","c6a6","false","0","0"
"measured","4","21","1","clock","292","resolved","g6g5","g6g5","true","1","1"
"measured","4","21","2","clock","292","resolved","g6g5","g6g5","true","1","1"
"measured","4","21","4","clock","292","resolved","g6g5","g8h7","false","0","0"
"measured","4","22","1","clock","293","resolved","d4b5","d4b5","true","1","1"
"measured","4","22","2","clock","293","resolved","d4b5","d4b5","true","1","1"
"measured","4","22","4","clock","293","resolved","d4b5","d4b5","true","1","1"
"measured","4","22","1","movetime","294","resolved","d4b5","d4b5","true","1","1"
"measured","4","22","2","movetime","294","resolved","d4b5","d4b5","true","1","1"
"measured","4","22","4","movetime","294","resolved","d4b5","d4b5","true","1","1"
"measured","4","23","1","movetime","295","watchdog_timeout","","g5d8","unresolved","0","1"
"measured","4","23","2","movetime","295","watchdog_timeout","","g5d8","unresolved","0","1"
"measured","4","23","4","movetime","295","watchdog_timeout","","g5d8","unresolved","0","1"
"measured","4","23","1","clock","296","watchdog_timeout","","g5d8","unresolved","0","1"
"measured","4","23","2","clock","296","watchdog_timeout","","g5d8","unresolved","0","1"
"measured","4","23","4","clock","296","watchdog_timeout","","g5d8","unresolved","0","1"
"measured","4","24","1","clock","297","watchdog_timeout","","d5e3","unresolved","0","1"
"measured","4","24","2","clock","297","watchdog_timeout","","d5e3","unresolved","0","1"
"measured","4","24","4","clock","297","watchdog_timeout","","d5e3","unresolved","0","1"
"measured","4","24","1","movetime","298","watchdog_timeout","","d5e3","unresolved","0","1"
"measured","4","24","2","movetime","298","watchdog_timeout","","d5e3","unresolved","0","1"
"measured","4","24","4","movetime","298","watchdog_timeout","","d5e3","unresolved","0","1"
"measured","4","25","1","movetime","299","resolved","h5e2","h5e2","true","1","1"
"measured","4","25","2","movetime","299","resolved","h5e2","h5e2","true","1","1"
"measured","4","25","4","movetime","299","resolved","h5e2","h5e2","true","1","1"
"measured","4","25","1","clock","300","resolved","h5e2","h5e2","true","1","1"
"measured","4","25","2","clock","300","resolved","h5e2","h5e2","true","1","1"
"measured","4","25","4","clock","300","resolved","h5e2","h5e2","true","1","1"
"measured","4","26","1","clock","301","resolved","a6a5","a6a5","true","1","1"
"measured","4","26","2","clock","301","resolved","a6a5","a6a5","true","1","1"
"measured","4","26","4","clock","301","resolved","a6a5","a6a5","true","1","1"
"measured","4","26","1","movetime","302","resolved","a6a5","a6a5","true","1","1"
"measured","4","26","2","movetime","302","resolved","a6a5","a6a5","true","1","1"
"measured","4","26","4","movetime","302","resolved","a6a5","a6a5","true","1","1"
"measured","4","27","1","movetime","303","watchdog_timeout","","a6a5","unresolved","0","1"
"measured","4","27","2","movetime","303","watchdog_timeout","","a6a5","unresolved","0","1"
"measured","4","27","4","movetime","303","watchdog_timeout","","a6a5","unresolved","0","1"
"measured","4","27","1","clock","304","watchdog_timeout","","a6a5","unresolved","0","1"
"measured","4","27","2","clock","304","watchdog_timeout","","a6a5","unresolved","0","1"
"measured","4","27","4","clock","304","watchdog_timeout","","a6a5","unresolved","0","1"
"measured","4","28","1","clock","305","resolved","d2b4","a5a6","false","0","0"
"measured","4","28","2","clock","305","resolved","d2b4","a5a6","false","0","0"
"measured","4","28","4","clock","305","resolved","d2b4","d2b4","true","1","1"
"measured","4","28","1","movetime","306","resolved","d2b4","a5a6","false","0","0"
"measured","4","28","2","movetime","306","resolved","d2b4","a5a6","false","0","0"
"measured","4","28","4","movetime","306","resolved","d2b4","a5a6","false","0","0"
"measured","4","29","1","movetime","307","resolved","c6d4","c6d4","true","1","1"
"measured","4","29","2","movetime","307","resolved","c6d4","c6d4","true","1","1"
"measured","4","29","4","movetime","307","resolved","c6d4","c6d4","true","1","1"
"measured","4","29","1","clock","308","resolved","c6d4","c6d4","true","1","1"
"measured","4","29","2","clock","308","resolved","c6d4","c6d4","true","1","1"
"measured","4","29","4","clock","308","resolved","c6d4","c6d4","true","1","1"
"measured","4","30","1","clock","309","resolved","f2f3","f2f5","false","0","0"
"measured","4","30","2","clock","309","resolved","f2f3","h4h5","false","0","0"
"measured","4","30","4","clock","309","resolved","f2f3","f2f3","true","1","1"
"measured","4","30","1","movetime","310","resolved","f2f3","f2f5","false","0","0"
"measured","4","30","2","movetime","310","resolved","f2f3","h4h5","false","0","0"
"measured","4","30","4","movetime","310","resolved","f2f3","g2g4","false","0","0"
"measured","5","0","2","movetime","311","adjacent_moves_disagree","","e2e4","unresolved","0","1"
"measured","5","0","4","movetime","311","adjacent_moves_disagree","","e2e4","unresolved","0","1"
"measured","5","0","1","movetime","311","adjacent_moves_disagree","","e2e4","unresolved","0","1"
"measured","5","0","2","clock","312","adjacent_moves_disagree","","e2e4","unresolved","0","1"
"measured","5","0","4","clock","312","adjacent_moves_disagree","","e2e4","unresolved","0","1"
"measured","5","0","1","clock","312","adjacent_moves_disagree","","e2e4","unresolved","0","1"
"measured","5","1","2","clock","313","resolved","e2a6","e2a6","true","1","1"
"measured","5","1","4","clock","313","resolved","e2a6","e2a6","true","1","1"
"measured","5","1","1","clock","313","resolved","e2a6","e2a6","true","1","1"
"measured","5","1","2","movetime","314","resolved","e2a6","e2a6","true","1","1"
"measured","5","1","4","movetime","314","resolved","e2a6","e2a6","true","1","1"
"measured","5","1","1","movetime","314","resolved","e2a6","e2a6","true","1","1"
"measured","5","2","2","movetime","315","watchdog_timeout","","e1d2","unresolved","0","1"
"measured","5","2","4","movetime","315","watchdog_timeout","","e1f2","unresolved","0","1"
"measured","5","2","1","movetime","315","watchdog_timeout","","e1d2","unresolved","0","1"
"measured","5","2","2","clock","316","watchdog_timeout","","e1d2","unresolved","0","1"
"measured","5","2","4","clock","316","watchdog_timeout","","e1d2","unresolved","0","1"
"measured","5","2","1","clock","316","watchdog_timeout","","e1d2","unresolved","0","1"
"measured","5","3","2","clock","317","resolved","c4c5","c4c5","true","1","1"
"measured","5","3","4","clock","317","resolved","c4c5","c4c5","true","1","1"
"measured","5","3","1","clock","317","resolved","c4c5","c4c5","true","1","1"
"measured","5","3","2","movetime","318","resolved","c4c5","c4c5","true","1","1"
"measured","5","3","4","movetime","318","resolved","c4c5","c4c5","true","1","1"
"measured","5","3","1","movetime","318","resolved","c4c5","c4c5","true","1","1"
"measured","5","4","2","movetime","319","resolved","b5c4","b5c4","true","1","1"
"measured","5","4","4","movetime","319","resolved","b5c4","b5c4","true","1","1"
"measured","5","4","1","movetime","319","resolved","b5c4","b5c4","true","1","1"
"measured","5","4","2","clock","320","resolved","b5c4","b5c4","true","1","1"
"measured","5","4","4","clock","320","resolved","b5c4","b5c4","true","1","1"
"measured","5","4","1","clock","320","resolved","b5c4","b5c4","true","1","1"
"measured","5","5","2","clock","321","resolved","g1h1","g1h1","true","1","1"
"measured","5","5","4","clock","321","resolved","g1h1","c3e2","false","0","0"
"measured","5","5","1","clock","321","resolved","g1h1","d1d3","false","0","0"
"measured","5","5","2","movetime","322","resolved","g1h1","c3e2","false","0","0"
"measured","5","5","4","movetime","322","resolved","g1h1","d1d3","false","0","0"
"measured","5","5","1","movetime","322","resolved","g1h1","d1d3","false","0","0"
"measured","5","6","2","movetime","323","resolved","b4b2","b4b2","true","1","1"
"measured","5","6","4","movetime","323","resolved","b4b2","b4b2","true","1","1"
"measured","5","6","1","movetime","323","resolved","b4b2","b4b2","true","1","1"
"measured","5","6","2","clock","324","resolved","b4b2","b4b2","true","1","1"
"measured","5","6","4","clock","324","resolved","b4b2","b4b2","true","1","1"
"measured","5","6","1","clock","324","resolved","b4b2","b4b2","true","1","1"
"measured","5","7","2","clock","325","adjacent_moves_disagree","","h3f5","unresolved","0","1"
"measured","5","7","4","clock","325","adjacent_moves_disagree","","g2g4","unresolved","0","1"
"measured","5","7","1","clock","325","adjacent_moves_disagree","","h3f5","unresolved","0","1"
"measured","5","7","2","movetime","326","adjacent_moves_disagree","","f3d4","unresolved","0","1"
"measured","5","7","4","movetime","326","adjacent_moves_disagree","","a2a3","unresolved","0","1"
"measured","5","7","1","movetime","326","adjacent_moves_disagree","","f3d4","unresolved","0","1"
"measured","5","8","2","movetime","327","resolved","b3c2","b3c2","true","1","1"
"measured","5","8","4","movetime","327","resolved","b3c2","b3c2","true","1","1"
"measured","5","8","1","movetime","327","resolved","b3c2","b3c2","true","1","1"
"measured","5","8","2","clock","328","resolved","b3c2","b3c2","true","1","1"
"measured","5","8","4","clock","328","resolved","b3c2","b3c2","true","1","1"
"measured","5","8","1","clock","328","resolved","b3c2","b3c2","true","1","1"
"measured","5","9","2","clock","329","resolved","c6g6","c6g6","true","1","1"
"measured","5","9","4","clock","329","resolved","c6g6","c6g6","true","1","1"
"measured","5","9","1","clock","329","resolved","c6g6","c6g6","true","1","1"
"measured","5","9","2","movetime","330","resolved","c6g6","c6g6","true","1","1"
"measured","5","9","4","movetime","330","resolved","c6g6","c6g6","true","1","1"
"measured","5","9","1","movetime","330","resolved","c6g6","c6g6","true","1","1"
"measured","5","10","2","movetime","331","adjacent_moves_disagree","","c8d7","unresolved","0","1"
"measured","5","10","4","movetime","331","adjacent_moves_disagree","","c6d4","unresolved","0","1"
"measured","5","10","1","movetime","331","adjacent_moves_disagree","","c6d4","unresolved","0","1"
"measured","5","10","2","clock","332","adjacent_moves_disagree","","c6d4","unresolved","0","1"
"measured","5","10","4","clock","332","adjacent_moves_disagree","","c8d7","unresolved","0","1"
"measured","5","10","1","clock","332","adjacent_moves_disagree","","c6d4","unresolved","0","1"
"measured","5","11","2","clock","333","watchdog_timeout","","e4f3","unresolved","0","1"
"measured","5","11","4","clock","333","watchdog_timeout","","e4f3","unresolved","0","1"
"measured","5","11","1","clock","333","watchdog_timeout","","e4f3","unresolved","0","1"
"measured","5","11","2","movetime","334","watchdog_timeout","","e4f3","unresolved","0","1"
"measured","5","11","4","movetime","334","watchdog_timeout","","e4f3","unresolved","0","1"
"measured","5","11","1","movetime","334","watchdog_timeout","","e4f3","unresolved","0","1"
"measured","5","12","2","movetime","335","watchdog_timeout","","g6f5","unresolved","0","1"
"measured","5","12","4","movetime","335","watchdog_timeout","","g6f5","unresolved","0","1"
"measured","5","12","1","movetime","335","watchdog_timeout","","g6f5","unresolved","0","1"
"measured","5","12","2","clock","336","watchdog_timeout","","g6f5","unresolved","0","1"
"measured","5","12","4","clock","336","watchdog_timeout","","g6f5","unresolved","0","1"
"measured","5","12","1","clock","336","watchdog_timeout","","g6f5","unresolved","0","1"
"measured","5","13","2","clock","337","resolved","b4f4","b4f4","true","1","1"
"measured","5","13","4","clock","337","resolved","b4f4","b4f4","true","1","1"
"measured","5","13","1","clock","337","resolved","b4f4","b4f4","true","1","1"
"measured","5","13","2","movetime","338","resolved","b4f4","b4f4","true","1","1"
"measured","5","13","4","movetime","338","resolved","b4f4","b4f4","true","1","1"
"measured","5","13","1","movetime","338","resolved","b4f4","b4f4","true","1","1"
"measured","5","14","2","movetime","339","resolved","d1d3","a2a4","false","0","0"
"measured","5","14","4","movetime","339","resolved","d1d3","a2a4","false","0","0"
"measured","5","14","1","movetime","339","resolved","d1d3","a1c1","false","0","0"
"measured","5","14","2","clock","340","resolved","d1d3","a2a4","false","0","0"
"measured","5","14","4","clock","340","resolved","d1d3","f1e1","false","0","0"
"measured","5","14","1","clock","340","resolved","d1d3","a2a4","false","0","0"
"measured","5","15","2","clock","341","resolved","c3d5","c3d5","true","1","1"
"measured","5","15","4","clock","341","resolved","c3d5","c3d5","true","1","1"
"measured","5","15","1","clock","341","resolved","c3d5","c3d5","true","1","1"
"measured","5","15","2","movetime","342","resolved","c3d5","c3d5","true","1","1"
"measured","5","15","4","movetime","342","resolved","c3d5","c3d5","true","1","1"
"measured","5","15","1","movetime","342","resolved","c3d5","c3d5","true","1","1"
"measured","5","16","2","movetime","343","resolved","d5e4","f6e4","false","0","0"
"measured","5","16","4","movetime","343","resolved","d5e4","f6e4","false","0","0"
"measured","5","16","1","movetime","343","resolved","d5e4","d5e4","true","1","1"
"measured","5","16","2","clock","344","resolved","d5e4","d5e4","true","1","1"
"measured","5","16","4","clock","344","resolved","d5e4","d5e4","true","1","1"
"measured","5","16","1","clock","344","resolved","d5e4","d5e4","true","1","1"
"measured","5","17","2","clock","345","resolved","a6a5","a6a5","true","1","1"
"measured","5","17","4","clock","345","resolved","a6a5","a6a5","true","1","1"
"measured","5","17","1","clock","345","resolved","a6a5","a6a5","true","1","1"
"measured","5","17","2","movetime","346","resolved","a6a5","a6a5","true","1","1"
"measured","5","17","4","movetime","346","resolved","a6a5","a6a5","true","1","1"
"measured","5","17","1","movetime","346","resolved","a6a5","a6a5","true","1","1"
"measured","5","18","2","movetime","347","resolved","e2e3","g1f3","false","0","0"
"measured","5","18","4","movetime","347","resolved","e2e3","e2e3","true","1","1"
"measured","5","18","1","movetime","347","resolved","e2e3","b1c3","false","0","0"
"measured","5","18","2","clock","348","resolved","e2e3","e2e3","true","1","1"
"measured","5","18","4","clock","348","resolved","e2e3","e2e3","true","1","1"
"measured","5","18","1","clock","348","resolved","e2e3","b1c3","false","0","0"
"measured","5","19","2","clock","349","adjacent_moves_disagree","","a5c3","unresolved","0","1"
"measured","5","19","4","clock","349","adjacent_moves_disagree","","a5c3","unresolved","0","1"
"measured","5","19","1","clock","349","adjacent_moves_disagree","","a5c3","unresolved","0","1"
"measured","5","19","2","movetime","350","adjacent_moves_disagree","","a5c3","unresolved","0","1"
"measured","5","19","4","movetime","350","adjacent_moves_disagree","","a5c3","unresolved","0","1"
"measured","5","19","1","movetime","350","adjacent_moves_disagree","","a5c3","unresolved","0","1"
"measured","5","20","2","movetime","351","watchdog_timeout","","d7d2","unresolved","0","1"
"measured","5","20","4","movetime","351","watchdog_timeout","","d7d2","unresolved","0","1"
"measured","5","20","1","movetime","351","watchdog_timeout","","d7d2","unresolved","0","1"
"measured","5","20","2","clock","352","watchdog_timeout","","d7d2","unresolved","0","1"
"measured","5","20","4","clock","352","watchdog_timeout","","d7d2","unresolved","0","1"
"measured","5","20","1","clock","352","watchdog_timeout","","d7d2","unresolved","0","1"
"measured","5","21","2","clock","353","resolved","g6g5","g6g5","true","1","1"
"measured","5","21","4","clock","353","resolved","g6g5","g6g5","true","1","1"
"measured","5","21","1","clock","353","resolved","g6g5","g6g5","true","1","1"
"measured","5","21","2","movetime","354","resolved","g6g5","c6b6","false","0","0"
"measured","5","21","4","movetime","354","resolved","g6g5","g8h7","false","0","0"
"measured","5","21","1","movetime","354","resolved","g6g5","g8h7","false","0","0"
"measured","5","22","2","movetime","355","resolved","d4b5","d4b5","true","1","1"
"measured","5","22","4","movetime","355","resolved","d4b5","d4e6","false","0","0"
"measured","5","22","1","movetime","355","resolved","d4b5","d4b5","true","1","1"
"measured","5","22","2","clock","356","resolved","d4b5","d4b5","true","1","1"
"measured","5","22","4","clock","356","resolved","d4b5","d4b5","true","1","1"
"measured","5","22","1","clock","356","resolved","d4b5","d4b5","true","1","1"
"measured","5","23","2","clock","357","watchdog_timeout","","g5d8","unresolved","0","1"
"measured","5","23","4","clock","357","watchdog_timeout","","g5d8","unresolved","0","1"
"measured","5","23","1","clock","357","watchdog_timeout","","g5d8","unresolved","0","1"
"measured","5","23","2","movetime","358","watchdog_timeout","","g5d8","unresolved","0","1"
"measured","5","23","4","movetime","358","watchdog_timeout","","g5d8","unresolved","0","1"
"measured","5","23","1","movetime","358","watchdog_timeout","","g5d8","unresolved","0","1"
"measured","5","24","2","movetime","359","watchdog_timeout","","d5e3","unresolved","0","1"
"measured","5","24","4","movetime","359","watchdog_timeout","","d5e3","unresolved","0","1"
"measured","5","24","1","movetime","359","watchdog_timeout","","d5e3","unresolved","0","1"
"measured","5","24","2","clock","360","watchdog_timeout","","d5e3","unresolved","0","1"
"measured","5","24","4","clock","360","watchdog_timeout","","d5e3","unresolved","0","1"
"measured","5","24","1","clock","360","watchdog_timeout","","d5e3","unresolved","0","1"
"measured","5","25","2","clock","361","resolved","h5e2","h5e2","true","1","1"
"measured","5","25","4","clock","361","resolved","h5e2","h5e2","true","1","1"
"measured","5","25","1","clock","361","resolved","h5e2","h5e2","true","1","1"
"measured","5","25","2","movetime","362","resolved","h5e2","h5e2","true","1","1"
"measured","5","25","4","movetime","362","resolved","h5e2","h5e2","true","1","1"
"measured","5","25","1","movetime","362","resolved","h5e2","h5e2","true","1","1"
"measured","5","26","2","movetime","363","resolved","a6a5","a6a5","true","1","1"
"measured","5","26","4","movetime","363","resolved","a6a5","a6a5","true","1","1"
"measured","5","26","1","movetime","363","resolved","a6a5","a6a5","true","1","1"
"measured","5","26","2","clock","364","resolved","a6a5","a6a5","true","1","1"
"measured","5","26","4","clock","364","resolved","a6a5","a6a5","true","1","1"
"measured","5","26","1","clock","364","resolved","a6a5","a6a5","true","1","1"
"measured","5","27","2","clock","365","watchdog_timeout","","a6a5","unresolved","0","1"
"measured","5","27","4","clock","365","watchdog_timeout","","a6a5","unresolved","0","1"
"measured","5","27","1","clock","365","watchdog_timeout","","a6a5","unresolved","0","1"
"measured","5","27","2","movetime","366","watchdog_timeout","","a6a5","unresolved","0","1"
"measured","5","27","4","movetime","366","watchdog_timeout","","a6a5","unresolved","0","1"
"measured","5","27","1","movetime","366","watchdog_timeout","","a6a5","unresolved","0","1"
"measured","5","28","2","movetime","367","resolved","d2b4","a5a6","false","0","0"
"measured","5","28","4","movetime","367","resolved","d2b4","a5a6","false","0","0"
"measured","5","28","1","movetime","367","resolved","d2b4","a5a6","false","0","0"
"measured","5","28","2","clock","368","resolved","d2b4","f2f4","false","0","0"
"measured","5","28","4","clock","368","resolved","d2b4","d2b4","true","1","1"
"measured","5","28","1","clock","368","resolved","d2b4","a5a6","false","0","0"
"measured","5","29","2","clock","369","resolved","c6d4","c6d4","true","1","1"
"measured","5","29","4","clock","369","resolved","c6d4","c6d4","true","1","1"
"measured","5","29","1","clock","369","resolved","c6d4","c6d4","true","1","1"
"measured","5","29","2","movetime","370","resolved","c6d4","c6d4","true","1","1"
"measured","5","29","4","movetime","370","resolved","c6d4","c6d4","true","1","1"
"measured","5","29","1","movetime","370","resolved","c6d4","c6d4","true","1","1"
"measured","5","30","2","movetime","371","resolved","f2f3","h4h5","false","0","0"
"measured","5","30","4","movetime","371","resolved","f2f3","h4h5","false","0","0"
"measured","5","30","1","movetime","371","resolved","f2f3","f2f5","false","0","0"
"measured","5","30","2","clock","372","resolved","f2f3","h4h5","false","0","0"
"measured","5","30","4","clock","372","resolved","f2f3","h4h5","false","0","0"
"measured","5","30","1","clock","372","resolved","f2f3","f2f5","false","0","0"
"measured","6","0","4","clock","373","adjacent_moves_disagree","","e2e4","unresolved","0","1"
"measured","6","0","1","clock","373","adjacent_moves_disagree","","e2e4","unresolved","0","1"
"measured","6","0","2","clock","373","adjacent_moves_disagree","","e2e4","unresolved","0","1"
"measured","6","0","4","movetime","374","adjacent_moves_disagree","","e2e4","unresolved","0","1"
"measured","6","0","1","movetime","374","adjacent_moves_disagree","","e2e4","unresolved","0","1"
"measured","6","0","2","movetime","374","adjacent_moves_disagree","","e2e4","unresolved","0","1"
"measured","6","1","4","movetime","375","resolved","e2a6","e2a6","true","1","1"
"measured","6","1","1","movetime","375","resolved","e2a6","e2a6","true","1","1"
"measured","6","1","2","movetime","375","resolved","e2a6","e2a6","true","1","1"
"measured","6","1","4","clock","376","resolved","e2a6","e2a6","true","1","1"
"measured","6","1","1","clock","376","resolved","e2a6","e2a6","true","1","1"
"measured","6","1","2","clock","376","resolved","e2a6","e2a6","true","1","1"
"measured","6","2","4","clock","377","watchdog_timeout","","e1d2","unresolved","0","1"
"measured","6","2","1","clock","377","watchdog_timeout","","e1d2","unresolved","0","1"
"measured","6","2","2","clock","377","watchdog_timeout","","e1d2","unresolved","0","1"
"measured","6","2","4","movetime","378","watchdog_timeout","","e1d2","unresolved","0","1"
"measured","6","2","1","movetime","378","watchdog_timeout","","e1d2","unresolved","0","1"
"measured","6","2","2","movetime","378","watchdog_timeout","","e1d2","unresolved","0","1"
"measured","6","3","4","movetime","379","resolved","c4c5","c4c5","true","1","1"
"measured","6","3","1","movetime","379","resolved","c4c5","c4c5","true","1","1"
"measured","6","3","2","movetime","379","resolved","c4c5","c4c5","true","1","1"
"measured","6","3","4","clock","380","resolved","c4c5","c4c5","true","1","1"
"measured","6","3","1","clock","380","resolved","c4c5","c4c5","true","1","1"
"measured","6","3","2","clock","380","resolved","c4c5","c4c5","true","1","1"
"measured","6","4","4","clock","381","resolved","b5c4","b5c4","true","1","1"
"measured","6","4","1","clock","381","resolved","b5c4","b5c4","true","1","1"
"measured","6","4","2","clock","381","resolved","b5c4","b5c4","true","1","1"
"measured","6","4","4","movetime","382","resolved","b5c4","b5c4","true","1","1"
"measured","6","4","1","movetime","382","resolved","b5c4","b5c4","true","1","1"
"measured","6","4","2","movetime","382","resolved","b5c4","b5c4","true","1","1"
"measured","6","5","4","movetime","383","resolved","g1h1","d1d3","false","0","0"
"measured","6","5","1","movetime","383","resolved","g1h1","d1d3","false","0","0"
"measured","6","5","2","movetime","383","resolved","g1h1","g1h1","true","1","1"
"measured","6","5","4","clock","384","resolved","g1h1","a3a4","false","0","0"
"measured","6","5","1","clock","384","resolved","g1h1","d1d3","false","0","0"
"measured","6","5","2","clock","384","resolved","g1h1","g1h1","true","1","1"
"measured","6","6","4","clock","385","resolved","b4b2","b4b2","true","1","1"
"measured","6","6","1","clock","385","resolved","b4b2","b4b2","true","1","1"
"measured","6","6","2","clock","385","resolved","b4b2","b4b2","true","1","1"
"measured","6","6","4","movetime","386","resolved","b4b2","b4b2","true","1","1"
"measured","6","6","1","movetime","386","resolved","b4b2","b4b2","true","1","1"
"measured","6","6","2","movetime","386","resolved","b4b2","b4b2","true","1","1"
"measured","6","7","4","movetime","387","adjacent_moves_disagree","","g2g4","unresolved","0","1"
"measured","6","7","1","movetime","387","adjacent_moves_disagree","","f3d4","unresolved","0","1"
"measured","6","7","2","movetime","387","adjacent_moves_disagree","","f3d4","unresolved","0","1"
"measured","6","7","4","clock","388","adjacent_moves_disagree","","h3f5","unresolved","0","1"
"measured","6","7","1","clock","388","adjacent_moves_disagree","","h3f5","unresolved","0","1"
"measured","6","7","2","clock","388","adjacent_moves_disagree","","h3f5","unresolved","0","1"
"measured","6","8","4","clock","389","resolved","b3c2","b3c2","true","1","1"
"measured","6","8","1","clock","389","resolved","b3c2","b3c2","true","1","1"
"measured","6","8","2","clock","389","resolved","b3c2","b3c2","true","1","1"
"measured","6","8","4","movetime","390","resolved","b3c2","b3c2","true","1","1"
"measured","6","8","1","movetime","390","resolved","b3c2","b3c2","true","1","1"
"measured","6","8","2","movetime","390","resolved","b3c2","h5h4","false","0","0"
"measured","6","9","4","movetime","391","resolved","c6g6","c6g6","true","1","1"
"measured","6","9","1","movetime","391","resolved","c6g6","c6g6","true","1","1"
"measured","6","9","2","movetime","391","resolved","c6g6","c6g6","true","1","1"
"measured","6","9","4","clock","392","resolved","c6g6","c6g6","true","1","1"
"measured","6","9","1","clock","392","resolved","c6g6","c6g6","true","1","1"
"measured","6","9","2","clock","392","resolved","c6g6","c6g6","true","1","1"
"measured","6","10","4","clock","393","adjacent_moves_disagree","","c6d4","unresolved","0","1"
"measured","6","10","1","clock","393","adjacent_moves_disagree","","c6d4","unresolved","0","1"
"measured","6","10","2","clock","393","adjacent_moves_disagree","","c6d4","unresolved","0","1"
"measured","6","10","4","movetime","394","adjacent_moves_disagree","","c6d4","unresolved","0","1"
"measured","6","10","1","movetime","394","adjacent_moves_disagree","","c6d4","unresolved","0","1"
"measured","6","10","2","movetime","394","adjacent_moves_disagree","","c6d4","unresolved","0","1"
"measured","6","11","4","movetime","395","watchdog_timeout","","e4f3","unresolved","0","1"
"measured","6","11","1","movetime","395","watchdog_timeout","","e4f3","unresolved","0","1"
"measured","6","11","2","movetime","395","watchdog_timeout","","e4f3","unresolved","0","1"
"measured","6","11","4","clock","396","watchdog_timeout","","e4f3","unresolved","0","1"
"measured","6","11","1","clock","396","watchdog_timeout","","e4f3","unresolved","0","1"
"measured","6","11","2","clock","396","watchdog_timeout","","e4f3","unresolved","0","1"
"measured","6","12","4","clock","397","watchdog_timeout","","g6f5","unresolved","0","1"
"measured","6","12","1","clock","397","watchdog_timeout","","g6f5","unresolved","0","1"
"measured","6","12","2","clock","397","watchdog_timeout","","g6f5","unresolved","0","1"
"measured","6","12","4","movetime","398","watchdog_timeout","","g6f5","unresolved","0","1"
"measured","6","12","1","movetime","398","watchdog_timeout","","g6f5","unresolved","0","1"
"measured","6","12","2","movetime","398","watchdog_timeout","","g6f5","unresolved","0","1"
"measured","6","13","4","movetime","399","resolved","b4f4","b4f4","true","1","1"
"measured","6","13","1","movetime","399","resolved","b4f4","b4f4","true","1","1"
"measured","6","13","2","movetime","399","resolved","b4f4","b4f4","true","1","1"
"measured","6","13","4","clock","400","resolved","b4f4","b4f4","true","1","1"
"measured","6","13","1","clock","400","resolved","b4f4","b4f4","true","1","1"
"measured","6","13","2","clock","400","resolved","b4f4","b4f4","true","1","1"
"measured","6","14","4","clock","401","resolved","d1d3","d1d3","true","1","1"
"measured","6","14","1","clock","401","resolved","d1d3","a2a4","false","0","0"
"measured","6","14","2","clock","401","resolved","d1d3","d1d3","true","1","1"
"measured","6","14","4","movetime","402","resolved","d1d3","a2a4","false","0","0"
"measured","6","14","1","movetime","402","resolved","d1d3","a1c1","false","0","0"
"measured","6","14","2","movetime","402","resolved","d1d3","f1e1","false","0","0"
"measured","6","15","4","movetime","403","resolved","c3d5","c3d5","true","1","1"
"measured","6","15","1","movetime","403","resolved","c3d5","c3d5","true","1","1"
"measured","6","15","2","movetime","403","resolved","c3d5","c3d5","true","1","1"
"measured","6","15","4","clock","404","resolved","c3d5","c3d5","true","1","1"
"measured","6","15","1","clock","404","resolved","c3d5","c3d5","true","1","1"
"measured","6","15","2","clock","404","resolved","c3d5","c3d5","true","1","1"
"measured","6","16","4","clock","405","resolved","d5e4","d5e4","true","1","1"
"measured","6","16","1","clock","405","resolved","d5e4","d5e4","true","1","1"
"measured","6","16","2","clock","405","resolved","d5e4","f6e4","false","0","0"
"measured","6","16","4","movetime","406","resolved","d5e4","d5e4","true","1","1"
"measured","6","16","1","movetime","406","resolved","d5e4","d5e4","true","1","1"
"measured","6","16","2","movetime","406","resolved","d5e4","f6e4","false","0","0"
"measured","6","17","4","movetime","407","resolved","a6a5","a6a5","true","1","1"
"measured","6","17","1","movetime","407","resolved","a6a5","a6a5","true","1","1"
"measured","6","17","2","movetime","407","resolved","a6a5","a6a5","true","1","1"
"measured","6","17","4","clock","408","resolved","a6a5","b8e8","false","0","0"
"measured","6","17","1","clock","408","resolved","a6a5","a6a5","true","1","1"
"measured","6","17","2","clock","408","resolved","a6a5","c7c5","false","0","0"
"measured","6","18","4","clock","409","resolved","e2e3","e2e3","true","1","1"
"measured","6","18","1","clock","409","resolved","e2e3","b1c3","false","0","0"
"measured","6","18","2","clock","409","resolved","e2e3","e2e3","true","1","1"
"measured","6","18","4","movetime","410","resolved","e2e3","e2e3","true","1","1"
"measured","6","18","1","movetime","410","resolved","e2e3","b1c3","false","0","0"
"measured","6","18","2","movetime","410","resolved","e2e3","e2e3","true","1","1"
"measured","6","19","4","movetime","411","adjacent_moves_disagree","","a5c3","unresolved","0","1"
"measured","6","19","1","movetime","411","adjacent_moves_disagree","","a5c3","unresolved","0","1"
"measured","6","19","2","movetime","411","adjacent_moves_disagree","","a5b6","unresolved","0","1"
"measured","6","19","4","clock","412","adjacent_moves_disagree","","a5b6","unresolved","0","1"
"measured","6","19","1","clock","412","adjacent_moves_disagree","","a5c3","unresolved","0","1"
"measured","6","19","2","clock","412","adjacent_moves_disagree","","a5c3","unresolved","0","1"
"measured","6","20","4","clock","413","watchdog_timeout","","d7d2","unresolved","0","1"
"measured","6","20","1","clock","413","watchdog_timeout","","d7d2","unresolved","0","1"
"measured","6","20","2","clock","413","watchdog_timeout","","d7d2","unresolved","0","1"
"measured","6","20","4","movetime","414","watchdog_timeout","","d7d2","unresolved","0","1"
"measured","6","20","1","movetime","414","watchdog_timeout","","d7d2","unresolved","0","1"
"measured","6","20","2","movetime","414","watchdog_timeout","","d7d2","unresolved","0","1"
"measured","6","21","4","movetime","415","resolved","g6g5","c6a6","false","0","0"
"measured","6","21","1","movetime","415","resolved","g6g5","c6a6","false","0","0"
"measured","6","21","2","movetime","415","resolved","g6g5","c6b6","false","0","0"
"measured","6","21","4","clock","416","resolved","g6g5","g6g5","true","1","1"
"measured","6","21","1","clock","416","resolved","g6g5","g6g5","true","1","1"
"measured","6","21","2","clock","416","resolved","g6g5","c6b6","false","0","0"
"measured","6","22","4","clock","417","resolved","d4b5","d4b5","true","1","1"
"measured","6","22","1","clock","417","resolved","d4b5","d4b5","true","1","1"
"measured","6","22","2","clock","417","resolved","d4b5","d4b5","true","1","1"
"measured","6","22","4","movetime","418","resolved","d4b5","d4e6","false","0","0"
"measured","6","22","1","movetime","418","resolved","d4b5","d4b5","true","1","1"
"measured","6","22","2","movetime","418","resolved","d4b5","d4b5","true","1","1"
"measured","6","23","4","movetime","419","watchdog_timeout","","g5d8","unresolved","0","1"
"measured","6","23","1","movetime","419","watchdog_timeout","","g5d8","unresolved","0","1"
"measured","6","23","2","movetime","419","watchdog_timeout","","g5d8","unresolved","0","1"
"measured","6","23","4","clock","420","watchdog_timeout","","g5d8","unresolved","0","1"
"measured","6","23","1","clock","420","watchdog_timeout","","g5d8","unresolved","0","1"
"measured","6","23","2","clock","420","watchdog_timeout","","g5d8","unresolved","0","1"
"measured","6","24","4","clock","421","watchdog_timeout","","d5e3","unresolved","0","1"
"measured","6","24","1","clock","421","watchdog_timeout","","d5e3","unresolved","0","1"
"measured","6","24","2","clock","421","watchdog_timeout","","d5e3","unresolved","0","1"
"measured","6","24","4","movetime","422","watchdog_timeout","","d5e3","unresolved","0","1"
"measured","6","24","1","movetime","422","watchdog_timeout","","d5e3","unresolved","0","1"
"measured","6","24","2","movetime","422","watchdog_timeout","","d5e3","unresolved","0","1"
"measured","6","25","4","movetime","423","resolved","h5e2","h5e2","true","1","1"
"measured","6","25","1","movetime","423","resolved","h5e2","h5e2","true","1","1"
"measured","6","25","2","movetime","423","resolved","h5e2","h5e2","true","1","1"
"measured","6","25","4","clock","424","resolved","h5e2","h5e2","true","1","1"
"measured","6","25","1","clock","424","resolved","h5e2","h5e2","true","1","1"
"measured","6","25","2","clock","424","resolved","h5e2","h5e2","true","1","1"
"measured","6","26","4","clock","425","resolved","a6a5","a6a5","true","1","1"
"measured","6","26","1","clock","425","resolved","a6a5","a6a5","true","1","1"
"measured","6","26","2","clock","425","resolved","a6a5","a6a5","true","1","1"
"measured","6","26","4","movetime","426","resolved","a6a5","a6a5","true","1","1"
"measured","6","26","1","movetime","426","resolved","a6a5","a6a5","true","1","1"
"measured","6","26","2","movetime","426","resolved","a6a5","a6a5","true","1","1"
"measured","6","27","4","movetime","427","watchdog_timeout","","a6a5","unresolved","0","1"
"measured","6","27","1","movetime","427","watchdog_timeout","","a6a5","unresolved","0","1"
"measured","6","27","2","movetime","427","watchdog_timeout","","a6a5","unresolved","0","1"
"measured","6","27","4","clock","428","watchdog_timeout","","a6a5","unresolved","0","1"
"measured","6","27","1","clock","428","watchdog_timeout","","a6a5","unresolved","0","1"
"measured","6","27","2","clock","428","watchdog_timeout","","a6a5","unresolved","0","1"
"measured","6","28","4","clock","429","resolved","d2b4","a5a6","false","0","0"
"measured","6","28","1","clock","429","resolved","d2b4","a5a6","false","0","0"
"measured","6","28","2","clock","429","resolved","d2b4","a5a6","false","0","0"
"measured","6","28","4","movetime","430","resolved","d2b4","a5a6","false","0","0"
"measured","6","28","1","movetime","430","resolved","d2b4","a5a6","false","0","0"
"measured","6","28","2","movetime","430","resolved","d2b4","a5a6","false","0","0"
"measured","6","29","4","movetime","431","resolved","c6d4","c6d4","true","1","1"
"measured","6","29","1","movetime","431","resolved","c6d4","c6d4","true","1","1"
"measured","6","29","2","movetime","431","resolved","c6d4","c6d4","true","1","1"
"measured","6","29","4","clock","432","resolved","c6d4","c6d4","true","1","1"
"measured","6","29","1","clock","432","resolved","c6d4","c6d4","true","1","1"
"measured","6","29","2","clock","432","resolved","c6d4","c6d4","true","1","1"
"measured","6","30","4","clock","433","resolved","f2f3","f2f3","true","1","1"
"measured","6","30","1","clock","433","resolved","f2f3","f2f5","false","0","0"
"measured","6","30","2","clock","433","resolved","f2f3","h4h5","false","0","0"
"measured","6","30","4","movetime","434","resolved","f2f3","g2g3","false","0","0"
"measured","6","30","1","movetime","434","resolved","f2f3","f2f5","false","0","0"
"measured","6","30","2","movetime","434","resolved","f2f3","b1a2","false","0","0"
"measured","7","0","1","movetime","435","adjacent_moves_disagree","","e2e4","unresolved","0","1"
"measured","7","0","2","movetime","435","adjacent_moves_disagree","","e2e4","unresolved","0","1"
"measured","7","0","4","movetime","435","adjacent_moves_disagree","","e2e4","unresolved","0","1"
"measured","7","0","1","clock","436","adjacent_moves_disagree","","e2e4","unresolved","0","1"
"measured","7","0","2","clock","436","adjacent_moves_disagree","","e2e4","unresolved","0","1"
"measured","7","0","4","clock","436","adjacent_moves_disagree","","e2e4","unresolved","0","1"
"measured","7","1","1","clock","437","resolved","e2a6","e2a6","true","1","1"
"measured","7","1","2","clock","437","resolved","e2a6","e2a6","true","1","1"
"measured","7","1","4","clock","437","resolved","e2a6","e2a6","true","1","1"
"measured","7","1","1","movetime","438","resolved","e2a6","e2a6","true","1","1"
"measured","7","1","2","movetime","438","resolved","e2a6","e2a6","true","1","1"
"measured","7","1","4","movetime","438","resolved","e2a6","e2a6","true","1","1"
"measured","7","2","1","movetime","439","watchdog_timeout","","e1d2","unresolved","0","1"
"measured","7","2","2","movetime","439","watchdog_timeout","","e1d2","unresolved","0","1"
"measured","7","2","4","movetime","439","watchdog_timeout","","e1f2","unresolved","0","1"
"measured","7","2","1","clock","440","watchdog_timeout","","e1d2","unresolved","0","1"
"measured","7","2","2","clock","440","watchdog_timeout","","e1f2","unresolved","0","1"
"measured","7","2","4","clock","440","watchdog_timeout","","e1d2","unresolved","0","1"
"measured","7","3","1","clock","441","resolved","c4c5","c4c5","true","1","1"
"measured","7","3","2","clock","441","resolved","c4c5","c4c5","true","1","1"
"measured","7","3","4","clock","441","resolved","c4c5","c4c5","true","1","1"
"measured","7","3","1","movetime","442","resolved","c4c5","c4c5","true","1","1"
"measured","7","3","2","movetime","442","resolved","c4c5","c4c5","true","1","1"
"measured","7","3","4","movetime","442","resolved","c4c5","c4c5","true","1","1"
"measured","7","4","1","movetime","443","resolved","b5c4","b5c4","true","1","1"
"measured","7","4","2","movetime","443","resolved","b5c4","b5c4","true","1","1"
"measured","7","4","4","movetime","443","resolved","b5c4","b5c4","true","1","1"
"measured","7","4","1","clock","444","resolved","b5c4","b5c4","true","1","1"
"measured","7","4","2","clock","444","resolved","b5c4","b5c4","true","1","1"
"measured","7","4","4","clock","444","resolved","b5c4","b5c4","true","1","1"
"measured","7","5","1","clock","445","resolved","g1h1","d1d3","false","0","0"
"measured","7","5","2","clock","445","resolved","g1h1","c3e2","false","0","0"
"measured","7","5","4","clock","445","resolved","g1h1","g1h1","true","1","1"
"measured","7","5","1","movetime","446","resolved","g1h1","d1d3","false","0","0"
"measured","7","5","2","movetime","446","resolved","g1h1","c3e2","false","0","0"
"measured","7","5","4","movetime","446","resolved","g1h1","d1d3","false","0","0"
"measured","7","6","1","movetime","447","resolved","b4b2","b4b2","true","1","1"
"measured","7","6","2","movetime","447","resolved","b4b2","b4b2","true","1","1"
"measured","7","6","4","movetime","447","resolved","b4b2","b4b2","true","1","1"
"measured","7","6","1","clock","448","resolved","b4b2","b4b2","true","1","1"
"measured","7","6","2","clock","448","resolved","b4b2","b4b2","true","1","1"
"measured","7","6","4","clock","448","resolved","b4b2","b4b2","true","1","1"
"measured","7","7","1","clock","449","adjacent_moves_disagree","","h3f5","unresolved","0","1"
"measured","7","7","2","clock","449","adjacent_moves_disagree","","a2a3","unresolved","0","1"
"measured","7","7","4","clock","449","adjacent_moves_disagree","","h3f5","unresolved","0","1"
"measured","7","7","1","movetime","450","adjacent_moves_disagree","","f3d4","unresolved","0","1"
"measured","7","7","2","movetime","450","adjacent_moves_disagree","","f3d4","unresolved","0","1"
"measured","7","7","4","movetime","450","adjacent_moves_disagree","","h3f5","unresolved","0","1"
"measured","7","8","1","movetime","451","resolved","b3c2","b3c2","true","1","1"
"measured","7","8","2","movetime","451","resolved","b3c2","b3c2","true","1","1"
"measured","7","8","4","movetime","451","resolved","b3c2","b3c2","true","1","1"
"measured","7","8","1","clock","452","resolved","b3c2","b3c2","true","1","1"
"measured","7","8","2","clock","452","resolved","b3c2","b3c2","true","1","1"
"measured","7","8","4","clock","452","resolved","b3c2","b3c2","true","1","1"
"measured","7","9","1","clock","453","resolved","c6g6","c6g6","true","1","1"
"measured","7","9","2","clock","453","resolved","c6g6","c6g6","true","1","1"
"measured","7","9","4","clock","453","resolved","c6g6","c6g6","true","1","1"
"measured","7","9","1","movetime","454","resolved","c6g6","c6g6","true","1","1"
"measured","7","9","2","movetime","454","resolved","c6g6","c6g6","true","1","1"
"measured","7","9","4","movetime","454","resolved","c6g6","c6g6","true","1","1"
"measured","7","10","1","movetime","455","adjacent_moves_disagree","","c6d4","unresolved","0","1"
"measured","7","10","2","movetime","455","adjacent_moves_disagree","","c6d4","unresolved","0","1"
"measured","7","10","4","movetime","455","adjacent_moves_disagree","","c8d7","unresolved","0","1"
"measured","7","10","1","clock","456","adjacent_moves_disagree","","c6d4","unresolved","0","1"
"measured","7","10","2","clock","456","adjacent_moves_disagree","","d6d5","unresolved","0","1"
"measured","7","10","4","clock","456","adjacent_moves_disagree","","c6d4","unresolved","0","1"
"measured","7","11","1","clock","457","watchdog_timeout","","e4f3","unresolved","0","1"
"measured","7","11","2","clock","457","watchdog_timeout","","e4f3","unresolved","0","1"
"measured","7","11","4","clock","457","watchdog_timeout","","e4f3","unresolved","0","1"
"measured","7","11","1","movetime","458","watchdog_timeout","","e4f3","unresolved","0","1"
"measured","7","11","2","movetime","458","watchdog_timeout","","e4f3","unresolved","0","1"
"measured","7","11","4","movetime","458","watchdog_timeout","","e4f3","unresolved","0","1"
"measured","7","12","1","movetime","459","watchdog_timeout","","g6f5","unresolved","0","1"
"measured","7","12","2","movetime","459","watchdog_timeout","","g6f5","unresolved","0","1"
"measured","7","12","4","movetime","459","watchdog_timeout","","g6f5","unresolved","0","1"
"measured","7","12","1","clock","460","watchdog_timeout","","g6f5","unresolved","0","1"
"measured","7","12","2","clock","460","watchdog_timeout","","g6f5","unresolved","0","1"
"measured","7","12","4","clock","460","watchdog_timeout","","g6f5","unresolved","0","1"
"measured","7","13","1","clock","461","resolved","b4f4","b4f4","true","1","1"
"measured","7","13","2","clock","461","resolved","b4f4","b4f4","true","1","1"
"measured","7","13","4","clock","461","resolved","b4f4","b4f4","true","1","1"
"measured","7","13","1","movetime","462","resolved","b4f4","b4f4","true","1","1"
"measured","7","13","2","movetime","462","resolved","b4f4","b4f4","true","1","1"
"measured","7","13","4","movetime","462","resolved","b4f4","b4f4","true","1","1"
"measured","7","14","1","movetime","463","resolved","d1d3","a1c1","false","0","0"
"measured","7","14","2","movetime","463","resolved","d1d3","a2a4","false","0","0"
"measured","7","14","4","movetime","463","resolved","d1d3","d1d3","true","1","1"
"measured","7","14","1","clock","464","resolved","d1d3","a2a4","false","0","0"
"measured","7","14","2","clock","464","resolved","d1d3","a2a4","false","0","0"
"measured","7","14","4","clock","464","resolved","d1d3","f1e1","false","0","0"
"measured","7","15","1","clock","465","resolved","c3d5","c3d5","true","1","1"
"measured","7","15","2","clock","465","resolved","c3d5","c3d5","true","1","1"
"measured","7","15","4","clock","465","resolved","c3d5","c3d5","true","1","1"
"measured","7","15","1","movetime","466","resolved","c3d5","c3d5","true","1","1"
"measured","7","15","2","movetime","466","resolved","c3d5","c3d5","true","1","1"
"measured","7","15","4","movetime","466","resolved","c3d5","c3d5","true","1","1"
"measured","7","16","1","movetime","467","resolved","d5e4","d5e4","true","1","1"
"measured","7","16","2","movetime","467","resolved","d5e4","d5e4","true","1","1"
"measured","7","16","4","movetime","467","resolved","d5e4","d5e4","true","1","1"
"measured","7","16","1","clock","468","resolved","d5e4","d5e4","true","1","1"
"measured","7","16","2","clock","468","resolved","d5e4","f6e4","false","0","0"
"measured","7","16","4","clock","468","resolved","d5e4","f6e4","false","0","0"
"measured","7","17","1","clock","469","resolved","a6a5","a6a5","true","1","1"
"measured","7","17","2","clock","469","resolved","a6a5","a6a5","true","1","1"
"measured","7","17","4","clock","469","resolved","a6a5","b8e8","false","0","0"
"measured","7","17","1","movetime","470","resolved","a6a5","a6a5","true","1","1"
"measured","7","17","2","movetime","470","resolved","a6a5","a6a5","true","1","1"
"measured","7","17","4","movetime","470","resolved","a6a5","a6a5","true","1","1"
"measured","7","18","1","movetime","471","resolved","e2e3","b1c3","false","0","0"
"measured","7","18","2","movetime","471","resolved","e2e3","b1c3","false","0","0"
"measured","7","18","4","movetime","471","resolved","e2e3","g1f3","false","0","0"
"measured","7","18","1","clock","472","resolved","e2e3","e2e3","true","1","1"
"measured","7","18","2","clock","472","resolved","e2e3","e2e3","true","1","1"
"measured","7","18","4","clock","472","resolved","e2e3","g1f3","false","0","0"
"measured","7","19","1","clock","473","adjacent_moves_disagree","","a5c3","unresolved","0","1"
"measured","7","19","2","clock","473","adjacent_moves_disagree","","a5c3","unresolved","0","1"
"measured","7","19","4","clock","473","adjacent_moves_disagree","","a5b6","unresolved","0","1"
"measured","7","19","1","movetime","474","adjacent_moves_disagree","","a5c3","unresolved","0","1"
"measured","7","19","2","movetime","474","adjacent_moves_disagree","","a5c3","unresolved","0","1"
"measured","7","19","4","movetime","474","adjacent_moves_disagree","","a5c3","unresolved","0","1"
"measured","7","20","1","movetime","475","watchdog_timeout","","d7d2","unresolved","0","1"
"measured","7","20","2","movetime","475","watchdog_timeout","","d7d2","unresolved","0","1"
"measured","7","20","4","movetime","475","watchdog_timeout","","d7d2","unresolved","0","1"
"measured","7","20","1","clock","476","watchdog_timeout","","d7d2","unresolved","0","1"
"measured","7","20","2","clock","476","watchdog_timeout","","d7d2","unresolved","0","1"
"measured","7","20","4","clock","476","watchdog_timeout","","d7d2","unresolved","0","1"
"measured","7","21","1","clock","477","resolved","g6g5","g6g5","true","1","1"
"measured","7","21","2","clock","477","resolved","g6g5","g8h7","false","0","0"
"measured","7","21","4","clock","477","resolved","g6g5","c6b6","false","0","0"
"measured","7","21","1","movetime","478","resolved","g6g5","g8h7","false","0","0"
"measured","7","21","2","movetime","478","resolved","g6g5","c6e8","false","0","0"
"measured","7","21","4","movetime","478","resolved","g6g5","g6g5","true","1","1"
"measured","7","22","1","movetime","479","resolved","d4b5","d4b5","true","1","1"
"measured","7","22","2","movetime","479","resolved","d4b5","d4b5","true","1","1"
"measured","7","22","4","movetime","479","resolved","d4b5","d4b5","true","1","1"
"measured","7","22","1","clock","480","resolved","d4b5","d4b5","true","1","1"
"measured","7","22","2","clock","480","resolved","d4b5","d4b5","true","1","1"
"measured","7","22","4","clock","480","resolved","d4b5","d4b5","true","1","1"
"measured","7","23","1","clock","481","watchdog_timeout","","g5d8","unresolved","0","1"
"measured","7","23","2","clock","481","watchdog_timeout","","g5d8","unresolved","0","1"
"measured","7","23","4","clock","481","watchdog_timeout","","g5d8","unresolved","0","1"
"measured","7","23","1","movetime","482","watchdog_timeout","","g5d8","unresolved","0","1"
"measured","7","23","2","movetime","482","watchdog_timeout","","g5d8","unresolved","0","1"
"measured","7","23","4","movetime","482","watchdog_timeout","","g5d8","unresolved","0","1"
"measured","7","24","1","movetime","483","watchdog_timeout","","d5e3","unresolved","0","1"
"measured","7","24","2","movetime","483","watchdog_timeout","","d5e3","unresolved","0","1"
"measured","7","24","4","movetime","483","watchdog_timeout","","d5e3","unresolved","0","1"
"measured","7","24","1","clock","484","watchdog_timeout","","d5e3","unresolved","0","1"
"measured","7","24","2","clock","484","watchdog_timeout","","d5e3","unresolved","0","1"
"measured","7","24","4","clock","484","watchdog_timeout","","d5e3","unresolved","0","1"
"measured","7","25","1","clock","485","resolved","h5e2","h5e2","true","1","1"
"measured","7","25","2","clock","485","resolved","h5e2","h5e2","true","1","1"
"measured","7","25","4","clock","485","resolved","h5e2","h5e2","true","1","1"
"measured","7","25","1","movetime","486","resolved","h5e2","h5e2","true","1","1"
"measured","7","25","2","movetime","486","resolved","h5e2","h5e2","true","1","1"
"measured","7","25","4","movetime","486","resolved","h5e2","h5e2","true","1","1"
"measured","7","26","1","movetime","487","resolved","a6a5","a6a5","true","1","1"
"measured","7","26","2","movetime","487","resolved","a6a5","a6a5","true","1","1"
"measured","7","26","4","movetime","487","resolved","a6a5","a6a5","true","1","1"
"measured","7","26","1","clock","488","resolved","a6a5","a6a5","true","1","1"
"measured","7","26","2","clock","488","resolved","a6a5","a6a5","true","1","1"
"measured","7","26","4","clock","488","resolved","a6a5","a6a5","true","1","1"
"measured","7","27","1","clock","489","watchdog_timeout","","a6a5","unresolved","0","1"
"measured","7","27","2","clock","489","watchdog_timeout","","a6a5","unresolved","0","1"
"measured","7","27","4","clock","489","watchdog_timeout","","a6a5","unresolved","0","1"
"measured","7","27","1","movetime","490","watchdog_timeout","","a6a5","unresolved","0","1"
"measured","7","27","2","movetime","490","watchdog_timeout","","a6a5","unresolved","0","1"
"measured","7","27","4","movetime","490","watchdog_timeout","","a6a5","unresolved","0","1"
"measured","7","28","1","movetime","491","resolved","d2b4","a5a6","false","0","0"
"measured","7","28","2","movetime","491","resolved","d2b4","a5a6","false","0","0"
"measured","7","28","4","movetime","491","resolved","d2b4","a5a6","false","0","0"
"measured","7","28","1","clock","492","resolved","d2b4","a5a6","false","0","0"
"measured","7","28","2","clock","492","resolved","d2b4","a5a6","false","0","0"
"measured","7","28","4","clock","492","resolved","d2b4","d2b4","true","1","1"
"measured","7","29","1","clock","493","resolved","c6d4","c6d4","true","1","1"
"measured","7","29","2","clock","493","resolved","c6d4","c6d4","true","1","1"
"measured","7","29","4","clock","493","resolved","c6d4","c6d4","true","1","1"
"measured","7","29","1","movetime","494","resolved","c6d4","c6d4","true","1","1"
"measured","7","29","2","movetime","494","resolved","c6d4","c6d4","true","1","1"
"measured","7","29","4","movetime","494","resolved","c6d4","c6d4","true","1","1"
"measured","7","30","1","movetime","495","resolved","f2f3","f2f5","false","0","0"
"measured","7","30","2","movetime","495","resolved","f2f3","f2f3","true","1","1"
"measured","7","30","4","movetime","495","resolved","f2f3","h4h5","false","0","0"
"measured","7","30","1","clock","496","resolved","f2f3","f2f5","false","0","0"
"measured","7","30","2","clock","496","resolved","f2f3","h4h5","false","0","0"
"measured","7","30","4","clock","496","resolved","f2f3","h4h5","false","0","0"
