"sample_type","pass","position","threads","mode","search_id","helper","helper_depth","helper_move","reference_status","reference_move","is_deepest_helper","helper_agreement","main_agreement"
"measured","1","0","2","movetime","63","1","12","e2e4","adjacent_moves_disagree","","true","unresolved","unresolved"
"measured","1","0","4","movetime","63","1","13","e2e4","adjacent_moves_disagree","","true","unresolved","unresolved"
"measured","1","0","4","movetime","63","2","13","e2e4","adjacent_moves_disagree","","true","unresolved","unresolved"
"measured","1","0","4","movetime","63","3","13","e2e4","adjacent_moves_disagree","","true","unresolved","unresolved"
"measured","1","0","2","clock","64","1","14","e2e4","adjacent_moves_disagree","","true","unresolved","unresolved"
"measured","1","0","4","clock","64","3","14","e2e4","adjacent_moves_disagree","","true","unresolved","unresolved"
"measured","1","0","4","clock","64","2","14","e2e4","adjacent_moves_disagree","","true","unresolved","unresolved"
"measured","1","0","4","clock","64","1","14","e2e4","adjacent_moves_disagree","","true","unresolved","unresolved"
"measured","1","1","2","clock","65","1","11","e2a6","resolved","e2a6","true","true","true"
"measured","1","1","4","clock","65","1","11","e2a6","resolved","e2a6","false","true","true"
"measured","1","1","4","clock","65","2","11","e2a6","resolved","e2a6","false","true","true"
"measured","1","1","4","clock","65","3","12","e2a6","resolved","e2a6","true","true","true"
"measured","1","1","2","movetime","66","1","10","e2a6","resolved","e2a6","true","true","true"
"measured","1","1","4","movetime","66","3","10","e2a6","resolved","e2a6","false","true","true"
"measured","1","1","4","movetime","66","2","11","e2a6","resolved","e2a6","true","true","true"
"measured","1","1","4","movetime","66","1","11","e2a6","resolved","e2a6","true","true","true"
"measured","1","2","2","movetime","67","1","26","e1f2","watchdog_timeout","","true","unresolved","unresolved"
"measured","1","2","4","movetime","67","2","25","e1d2","watchdog_timeout","","true","unresolved","unresolved"
"measured","1","2","4","movetime","67","3","25","e1d2","watchdog_timeout","","true","unresolved","unresolved"
"measured","1","2","4","movetime","67","1","24","e1d2","watchdog_timeout","","false","unresolved","unresolved"
"measured","1","2","2","clock","68","1","26","e1f2","watchdog_timeout","","true","unresolved","unresolved"
"measured","1","2","4","clock","68","3","25","e1d2","watchdog_timeout","","true","unresolved","unresolved"
"measured","1","2","4","clock","68","2","25","e1d2","watchdog_timeout","","true","unresolved","unresolved"
"measured","1","2","4","clock","68","1","25","e1d2","watchdog_timeout","","true","unresolved","unresolved"
"measured","1","3","2","clock","69","1","13","c4c5","resolved","c4c5","true","true","true"
"measured","1","3","4","clock","69","1","13","c4c5","resolved","c4c5","true","true","true"
"measured","1","3","4","clock","69","2","13","c4c5","resolved","c4c5","true","true","true"
"measured","1","3","4","clock","69","3","13","c4c5","resolved","c4c5","true","true","true"
"measured","1","3","2","movetime","70","1","12","c4c5","resolved","c4c5","true","true","true"
"measured","1","3","4","movetime","70","1","12","c4c5","resolved","c4c5","true","true","true"
"measured","1","3","4","movetime","70","2","12","c4c5","resolved","c4c5","true","true","true"
"measured","1","3","4","movetime","70","3","12","c4c5","resolved","c4c5","true","true","true"
"measured","1","4","2","movetime","71","1","13","b5c4","resolved","b5c4","true","true","true"
"measured","1","4","4","movetime","71","3","14","b5c4","resolved","b5c4","true","true","true"
"measured","1","4","4","movetime","71","1","14","b5c4","resolved","b5c4","true","true","true"
"measured","1","4","4","movetime","71","2","14","b5c4","resolved","b5c4","true","true","true"
"measured","1","4","2","clock","72","1","15","b5c4","resolved","b5c4","true","true","true"
"measured","1","4","4","clock","72","1","15","b5c4","resolved","b5c4","true","true","true"
"measured","1","4","4","clock","72","3","15","b5c4","resolved","b5c4","true","true","true"
"measured","1","4","4","clock","72","2","15","b5c4","resolved","b5c4","true","true","true"
"measured","1","5","2","clock","73","1","13","c3e2","resolved","g1h1","true","false","false"
"measured","1","5","4","clock","73","2","14","g1h1","resolved","g1h1","true","true","true"
"measured","1","5","4","clock","73","1","14","g1h1","resolved","g1h1","true","true","true"
"measured","1","5","4","clock","73","3","13","c3e2","resolved","g1h1","false","false","true"
"measured","1","5","2","movetime","74","1","13","c3e2","resolved","g1h1","true","false","false"
"measured","1","5","4","movetime","74","1","13","c3e2","resolved","g1h1","true","false","false"
"measured","1","5","4","movetime","74","2","13","c3e2","resolved","g1h1","true","false","false"
"measured","1","5","4","movetime","74","3","13","c3e2","resolved","g1h1","true","false","false"
"measured","1","6","2","movetime","75","1","12","b4b2","resolved","b4b2","true","true","true"
"measured","1","6","4","movetime","75","1","13","b4b2","resolved","b4b2","true","true","true"
"measured","1","6","4","movetime","75","3","13","b4b2","resolved","b4b2","true","true","true"
"measured","1","6","4","movetime","75","2","13","b4b2","resolved","b4b2","true","true","true"
"measured","1","6","2","clock","76","1","14","b4b2","resolved","b4b2","true","true","true"
"measured","1","6","4","clock","76","3","14","b4b2","resolved","b4b2","true","true","true"
"measured","1","6","4","clock","76","2","12","b4b2","resolved","b4b2","false","true","true"
"measured","1","6","4","clock","76","1","14","b4b2","resolved","b4b2","true","true","true"
"measured","1","7","2","clock","77","1","13","a2a3","adjacent_moves_disagree","","true","unresolved","unresolved"
"measured","1","7","4","clock","77","2","13","g2g4","adjacent_moves_disagree","","true","unresolved","unresolved"
"measured","1","7","4","clock","77","3","13","g2g4","adjacent_moves_disagree","","true","unresolved","unresolved"
"measured","1","7","4","clock","77","1","13","g2g4","adjacent_moves_disagree","","true","unresolved","unresolved"
"measured","1","7","2","movetime","78","1","13","h3f5","adjacent_moves_disagree","","true","unresolved","unresolved"
"measured","1","7","4","movetime","78","1","13","h3f5","adjacent_moves_disagree","","true","unresolved","unresolved"
"measured","1","7","4","movetime","78","3","13","h3f5","adjacent_moves_disagree","","true","unresolved","unresolved"
"measured","1","7","4","movetime","78","2","13","f3d4","adjacent_moves_disagree","","true","unresolved","unresolved"
"measured","1","8","2","movetime","79","1","12","b3c2","resolved","b3c2","true","true","true"
"measured","1","8","4","movetime","79","2","12","b3c2","resolved","b3c2","true","true","true"
"measured","1","8","4","movetime","79","1","12","b3c2","resolved","b3c2","true","true","true"
"measured","1","8","4","movetime","79","3","12","b3c2","resolved","b3c2","true","true","true"
"measured","1","8","2","clock","80","1","13","b3c2","resolved","b3c2","true","true","true"
"measured","1","8","4","clock","80","1","13","b3c2","resolved","b3c2","true","true","true"
"measured","1","8","4","clock","80","2","13","b3c2","resolved","b3c2","true","true","true"
"measured","1","8","4","clock","80","3","12","b3c2","resolved","b3c2","false","true","true"
"measured","1","9","2","clock","81","1","14","c6g6","resolved","c6g6","true","true","true"
"measured","1","9","4","clock","81","1","15","c6g6","resolved","c6g6","true","true","true"
"measured","1","9","4","clock","81","2","15","c6g6","resolved","c6g6","true","true","true"
"measured","1","9","4","clock","81","3","15","c6g6","resolved","c6g6","true","true","true"
"measured","1","9","2","movetime","82","1","15","c6g6","resolved","c6g6","true","true","true"
"measured","1","9","4","movetime","82","1","15","c6g6","resolved","c6g6","true","true","true"
"measured","1","9","4","movetime","82","3","15","c6g6","resolved","c6g6","true","true","true"
"measured","1","9","4","movetime","82","2","15","c6g6","resolved","c6g6","true","true","true"
"measured","1","10","2","movetime","83","1","12","c8d7","adjacent_moves_disagree","","true","unresolved","unresolved"
"measured","1","10","4","movetime","83","3","12","a7a6","adjacent_moves_disagree","","true","unresolved","unresolved"
"measured","1","10","4","movetime","83","1","12","d6d5","adjacent_moves_disagree","","true","unresolved","unresolved"
"measured","1","10","4","movetime","83","2","12","c8d7","adjacent_moves_disagree","","true","unresolved","unresolved"
"measured","1","10","2","clock","84","1","12","d6d5","adjacent_moves_disagree","","true","unresolved","unresolved"
"measured","1","10","4","clock","84","3","13","c8d7","adjacent_moves_disagree","","true","unresolved","unresolved"
"measured","1","10","4","clock","84","1","13","c8d7","adjacent_moves_disagree","","true","unresolved","unresolved"
"measured","1","10","4","clock","84","2","12","c6d4","adjacent_moves_disagree","","false","unresolved","unresolved"
"measured","1","11","2","clock","85","1","17","e4f3","watchdog_timeout","","true","unresolved","unresolved"
"measured","1","11","4","clock","85","1","16","e4f3","watchdog_timeout","","true","unresolved","unresolved"
"measured","1","11","4","clock","85","2","16","e4f3","watchdog_timeout","","true","unresolved","unresolved"
"measured","1","11","4","clock","85","3","16","e4f3","watchdog_timeout","","true","unresolved","unresolved"
"measured","1","11","2","movetime","86","1","15","e4f3","watchdog_timeout","","true","unresolved","unresolved"
"measured","1","11","4","movetime","86","2","15","e4f3","watchdog_timeout","","true","unresolved","unresolved"
"measured","1","11","4","movetime","86","1","15","e4f3","watchdog_timeout","","true","unresolved","unresolved"
"measured","1","11","4","movetime","86","3","15","e4f3","watchdog_timeout","","true","unresolved","unresolved"
"measured","1","12","2","movetime","87","1","18","g6f5","watchdog_timeout","","true","unresolved","unresolved"
"measured","1","12","4","movetime","87","1","17","g6f5","watchdog_timeout","","true","unresolved","unresolved"
"measured","1","12","4","movetime","87","3","17","g6f5","watchdog_timeout","","true","unresolved","unresolved"
"measured","1","12","4","movetime","87","2","17","g6f5","watchdog_timeout","","true","unresolved","unresolved"
"measured","1","12","2","clock","88","1","18","g6f5","watchdog_timeout","","true","unresolved","unresolved"
"measured","1","12","4","clock","88","2","18","g6f5","watchdog_timeout","","true","unresolved","unresolved"
"measured","1","12","4","clock","88","3","17","g6f5","watchdog_timeout","","false","unresolved","unresolved"
"measured","1","12","4","clock","88","1","18","g6f5","watchdog_timeout","","true","unresolved","unresolved"
"measured","1","13","2","clock","89","1","17","b4f4","resolved","b4f4","true","true","true"
"measured","1","13","4","clock","89","2","17","b4f4","resolved","b4f4","true","true","true"
"measured","1","13","4","clock","89","3","16","b4f4","resolved","b4f4","false","true","true"
"measured","1","13","4","clock","89","1","17","b4f4","resolved","b4f4","true","true","true"
"measured","1","13","2","movetime","90","1","16","b4f4","resolved","b4f4","true","true","false"
"measured","1","13","4","movetime","90","2","17","b4f4","resolved","b4f4","true","true","true"
"measured","1","13","4","movetime","90","1","17","b4f4","resolved","b4f4","true","true","true"
"measured","1","13","4","movetime","90","3","17","b4f4","resolved","b4f4","true","true","true"
"measured","1","14","2","movetime","91","1","12","a2a4","resolved","d1d3","true","false","false"
"measured","1","14","4","movetime","91","1","12","a2a4","resolved","d1d3","true","false","false"
"measured","1","14","4","movetime","91","3","12","a2a4","resolved","d1d3","true","false","false"
"measured","1","14","4","movetime","91","2","12","a2a4","resolved","d1d3","true","false","false"
"measured","1","14","2","clock","92","1","12","a1c1","resolved","d1d3","true","false","false"
"measured","1","14","4","clock","92","2","12","a1c1","resolved","d1d3","false","false","false"
"measured","1","14","4","clock","92","1","13","a1c1","resolved","d1d3","true","false","false"
"measured","1","14","4","clock","92","3","12","a2a4","resolved","d1d3","false","false","false"
"measured","1","15","2","clock","93","1","14","c3d5","resolved","c3d5","true","true","true"
"measured","1","15","4","clock","93","2","13","c3d5","resolved","c3d5","true","true","true"
"measured","1","15","4","clock","93","3","12","c3d5","resolved","c3d5","false","true","true"
"measured","1","15","4","clock","93","1","13","c3d5","resolved","c3d5","true","true","true"
"measured","1","15","2","movetime","94","1","13","c3d5","resolved","c3d5","true","true","true"
"measured","1","15","4","movetime","94","3","12","c3d5","resolved","c3d5","true","true","true"
"measured","1","15","4","movetime","94","1","12","c3d5","resolved","c3d5","true","true","true"
"measured","1","15","4","movetime","94","2","12","c3d5","resolved","c3d5","true","true","true"
"measured","1","16","2","movetime","95","1","12","f6e4","resolved","d5e4","true","false","false"
"measured","1","16","4","movetime","95","2","13","d5e4","resolved","d5e4","true","true","true"
"measured","1","16","4","movetime","95","3","13","d5e4","resolved","d5e4","true","true","true"
"measured","1","16","4","movetime","95","1","13","d5e4","resolved","d5e4","true","true","true"
"measured","1","16","2","clock","96","1","13","f6e4","resolved","d5e4","true","false","false"
"measured","1","16","4","clock","96","3","13","d5e4","resolved","d5e4","false","true","true"
"measured","1","16","4","clock","96","2","14","d5e4","resolved","d5e4","true","true","true"
"measured","1","16","4","clock","96","1","14","d5e4","resolved","d5e4","true","true","true"
"measured","1","17","2","clock","97","1","14","a6a5","resolved","a6a5","true","true","true"
"measured","1","17","4","clock","97","1","13","a6a5","resolved","a6a5","false","true","true"
"measured","1","17","4","clock","97","3","13","a6a5","resolved","a6a5","false","true","true"
"measured","1","17","4","clock","97","2","14","a6a5","resolved","a6a5","true","true","true"
"measured","1","17","2","movetime","98","1","14","a6a5","resolved","a6a5","true","true","true"
"measured","1","17","4","movetime","98","1","13","a6a5","resolved","a6a5","false","true","true"
"measured","1","17","4","movetime","98","3","13","a6a5","resolved","a6a5","false","true","true"
"measured","1","17","4","movetime","98","2","14","a6a5","resolved","a6a5","true","true","true"
"measured","1","18","2","movetime","99","1","12","e2e3","resolved","e2e3","true","true","true"
"measured","1","18","4","movetime","99","2","12","b1c3","resolved","e2e3","true","false","false"
"measured","1","18","4","movetime","99","1","12","b1c3","resolved","e2e3","true","false","false"
"measured","1","18","4","movetime","99","3","12","b1c3","resolved","e2e3","true","false","false"
"measured","1","18","2","clock","100","1","13","g1f3","resolved","e2e3","true","false","false"
"measured","1","18","4","clock","100","3","12","b1c3","resolved","e2e3","true","false","true"
"measured","1","18","4","clock","100","2","12","b1c3","resolved","e2e3","true","false","true"
"measured","1","18","4","clock","100","1","12","b1c3","resolved","e2e3","true","false","true"
"measured","1","19","2","clock","101","1","15","a5c3","adjacent_moves_disagree","","true","unresolved","unresolved"
"measured","1","19","4","clock","101","3","14","a5b6","adjacent_moves_disagree","","false","unresolved","unresolved"
"measured","1","19","4","clock","101","1","15","a5c3","adjacent_moves_disagree","","true","unresolved","unresolved"
"measured","1","19","4","clock","101","2","14","a5b6","adjacent_moves_disagree","","false","unresolved","unresolved"
"measured","1","19","2","movetime","102","1","14","a5c3","adjacent_moves_disagree","","true","unresolved","unresolved"
"measured","1","19","4","movetime","102","1","13","a5c3","adjacent_moves_disagree","","true","unresolved","unresolved"
"measured","1","19","4","movetime","102","3","13","a5c3","adjacent_moves_disagree","","true","unresolved","unresolved"
"measured","1","19","4","movetime","102","2","13","a5c3","adjacent_moves_disagree","","true","unresolved","unresolved"
"measured","1","20","2","movetime","103","1","14","d7d2","watchdog_timeout","","true","unresolved","unresolved"
"measured","1","20","4","movetime","103","2","14","d7d2","watchdog_timeout","","true","unresolved","unresolved"
"measured","1","20","4","movetime","103","1","14","d7d2","watchdog_timeout","","true","unresolved","unresolved"
"measured","1","20","4","movetime","103","3","14","d7d2","watchdog_timeout","","true","unresolved","unresolved"
"measured","1","20","2","clock","104","1","15","d7d2","watchdog_timeout","","true","unresolved","unresolved"
"measured","1","20","4","clock","104","3","16","d7d2","watchdog_timeout","","true","unresolved","unresolved"
"measured","1","20","4","clock","104","1","15","d7d2","watchdog_timeout","","false","unresolved","unresolved"
"measured","1","20","4","clock","104","2","16","d7d2","watchdog_timeout","","true","unresolved","unresolved"
"measured","1","21","2","clock","105","1","12","c6b6","resolved","g6g5","true","false","false"
"measured","1","21","4","clock","105","3","13","g6g5","resolved","g6g5","true","true","true"
"measured","1","21","4","clock","105","2","13","g6g5","resolved","g6g5","true","true","true"
"measured","1","21","4","clock","105","1","13","g6g5","resolved","g6g5","true","true","true"
"measured","1","21","2","movetime","106","1","12","c6b6","resolved","g6g5","true","false","false"
"measured","1","21","4","movetime","106","2","12","g8h7","resolved","g6g5","true","false","false"
"measured","1","21","4","movetime","106","3","12","g8h7","resolved","g6g5","true","false","false"
"measured","1","21","4","movetime","106","1","12","g8h7","resolved","g6g5","true","false","false"
"measured","1","22","2","movetime","107","1","13","d4b5","resolved","d4b5","true","true","true"
"measured","1","22","4","movetime","107","3","12","d4e6","resolved","d4b5","true","false","false"
"measured","1","22","4","movetime","107","2","12","d4e6","resolved","d4b5","true","false","false"
"measured","1","22","4","movetime","107","1","12","d4e6","resolved","d4b5","true","false","false"
"measured","1","22","2","clock","108","1","14","d4b5","resolved","d4b5","true","true","true"
"measured","1","22","4","clock","108","3","15","d4b5","resolved","d4b5","true","true","true"
"measured","1","22","4","clock","108","2","15","d4b5","resolved","d4b5","true","true","true"
"measured","1","22","4","clock","108","1","15","d4b5","resolved","d4b5","true","true","true"
"measured","1","23","2","clock","109","1","17","g5d8","watchdog_timeout","","true","unresolved","unresolved"
"measured","1","23","4","clock","109","1","16","g5d8","watchdog_timeout","","true","unresolved","unresolved"
"measured","1","23","4","clock","109","3","16","g5d8","watchdog_timeout","","true","unresolved","unresolved"
"measured","1","23","4","clock","109","2","16","g5d8","watchdog_timeout","","true","unresolved","unresolved"
"measured","1","23","2","movetime","110","1","16","g5d8","watchdog_timeout","","true","unresolved","unresolved"
"measured","1","23","4","movetime","110","2","16","g5d8","watchdog_timeout","","true","unresolved","unresolved"
"measured","1","23","4","movetime","110","3","16","g5d8","watchdog_timeout","","true","unresolved","unresolved"
"measured","1","23","4","movetime","110","1","16","g5d8","watchdog_timeout","","true","unresolved","unresolved"
"measured","1","24","2","movetime","111","1","17","d5e3","watchdog_timeout","","true","unresolved","unresolved"
"measured","1","24","4","movetime","111","1","16","d5e3","watchdog_timeout","","true","unresolved","unresolved"
"measured","1","24","4","movetime","111","3","16","d5e3","watchdog_timeout","","true","unresolved","unresolved"
"measured","1","24","4","movetime","111","2","16","d5e3","watchdog_timeout","","true","unresolved","unresolved"
"measured","1","24","2","clock","112","1","17","d5e3","watchdog_timeout","","true","unresolved","unresolved"
"measured","1","24","4","clock","112","1","18","d5e3","watchdog_timeout","","true","unresolved","unresolved"
"measured","1","24","4","clock","112","2","18","d5e3","watchdog_timeout","","true","unresolved","unresolved"
"measured","1","24","4","clock","112","3","18","d5e3","watchdog_timeout","","true","unresolved","unresolved"
"measured","1","25","2","clock","113","1","15","h5e2","resolved","h5e2","true","true","true"
"measured","1","25","4","clock","113","3","15","h5e2","resolved","h5e2","true","true","true"
"measured","1","25","4","clock","113","1","15","h5e2","resolved","h5e2","true","true","true"
"measured","1","25","4","clock","113","2","14","h5e2","resolved","h5e2","false","true","true"
"measured","1","25","2","movetime","114","1","13","h5e2","resolved","h5e2","true","true","true"
"measured","1","25","4","movetime","114","1","15","h5e2","resolved","h5e2","true","true","true"
"measured","1","25","4","movetime","114","2","15","h5e2","resolved","h5e2","true","true","true"
"measured","1","25","4","movetime","114","3","15","h5e2","resolved","h5e2","true","true","true"
"measured","1","26","2","movetime","115","1","16","a6a5","resolved","a6a5","true","true","true"
"measured","1","26","4","movetime","115","3","18","a6a5","resolved","a6a5","true","true","true"
"measured","1","26","4","movetime","115","1","18","a6a5","resolved","a6a5","true","true","true"
"measured","1","26","4","movetime","115","2","18","a6a5","resolved","a6a5","true","true","true"
"measured","1","26","2","clock","116","1","17","a6a5","resolved","a6a5","true","true","true"
"measured","1","26","4","clock","116","2","17","a6a5","resolved","a6a5","true","true","true"
"measured","1","26","4","clock","116","3","17","a6a5","resolved","a6a5","true","true","true"
"measured","1","26","4","clock","116","1","17","a6a5","resolved","a6a5","true","true","true"
"measured","1","27","2","clock","117","1","18","a6a5","watchdog_timeout","","true","unresolved","unresolved"
"measured","1","27","4","clock","117","1","19","a6a5","watchdog_timeout","","true","unresolved","unresolved"
"measured","1","27","4","clock","117","3","19","a6a5","watchdog_timeout","","true","unresolved","unresolved"
"measured","1","27","4","clock","117","2","19","a6a5","watchdog_timeout","","true","unresolved","unresolved"
"measured","1","27","2","movetime","118","1","18","a6a5","watchdog_timeout","","true","unresolved","unresolved"
"measured","1","27","4","movetime","118","1","18","a6a5","watchdog_timeout","","true","unresolved","unresolved"
"measured","1","27","4","movetime","118","2","18","a6a5","watchdog_timeout","","true","unresolved","unresolved"
"measured","1","27","4","movetime","118","3","18","a6a5","watchdog_timeout","","true","unresolved","unresolved"
"measured","1","28","2","movetime","119","1","12","a5a6","resolved","d2b4","true","false","false"
"measured","1","28","4","movetime","119","3","11","a5a6","resolved","d2b4","true","false","true"
"measured","1","28","4","movetime","119","1","11","a5a6","resolved","d2b4","true","false","true"
"measured","1","28","4","movetime","119","2","11","a5a6","resolved","d2b4","true","false","true"
"measured","1","28","2","clock","120","1","12","a5a6","resolved","d2b4","true","false","false"
"measured","1","28","4","clock","120","3","12","a5a6","resolved","d2b4","true","false","false"
"measured","1","28","4","clock","120","1","12","a5a6","resolved","d2b4","true","false","false"
"measured","1","28","4","clock","120","2","12","a5a6","resolved","d2b4","true","false","false"
"measured","1","29","2","clock","121","1","12","c6d4","resolved","c6d4","true","true","true"
"measured","1","29","4","clock","121","1","12","c6d4","resolved","c6d4","true","true","true"
"measured","1","29","4","clock","121","3","12","c6d4","resolved","c6d4","true","true","true"
"measured","1","29","4","clock","121","2","12","c6d4","resolved","c6d4","true","true","true"
"measured","1","29","2","movetime","122","1","11","c6d4","resolved","c6d4","true","true","true"
"measured","1","29","4","movetime","122","2","11","c6d4","resolved","c6d4","true","true","true"
"measured","1","29","4","movetime","122","3","11","c6d4","resolved","c6d4","true","true","true"
"measured","1","29","4","movetime","122","1","11","c6d4","resolved","c6d4","true","true","true"
"measured","1","30","2","movetime","123","1","13","b1a2","resolved","f2f3","true","false","false"
"measured","1","30","4","movetime","123","3","12","f2f3","resolved","f2f3","true","true","true"
"measured","1","30","4","movetime","123","1","12","h4h5","resolved","f2f3","true","false","true"
"measured","1","30","4","movetime","123","2","12","h4h5","resolved","f2f3","true","false","true"
"measured","1","30","2","clock","124","1","13","f2f5","resolved","f2f3","true","false","false"
"measured","1","30","4","clock","124","1","13","h4h5","resolved","f2f3","true","false","false"
"measured","1","30","4","clock","124","2","13","h4h5","resolved","f2f3","true","false","false"
"measured","1","30","4","clock","124","3","13","h4h5","resolved","f2f3","true","false","false"
"measured","2","0","2","clock","125","1","13","e2e4","adjacent_moves_disagree","","true","unresolved","unresolved"
"measured","2","0","4","clock","125","2","14","e2e4","adjacent_moves_disagree","","true","unresolved","unresolved"
"measured","2","0","4","clock","125","3","14","e2e4","adjacent_moves_disagree","","true","unresolved","unresolved"
"measured","2","0","4","clock","125","1","13","e2e4","adjacent_moves_disagree","","false","unresolved","unresolved"
"measured","2","0","2","movetime","126","1","13","e2e4","adjacent_moves_disagree","","true","unresolved","unresolved"
"measured","2","0","4","movetime","126","2","14","e2e4","adjacent_moves_disagree","","true","unresolved","unresolved"
"measured","2","0","4","movetime","126","3","14","e2e4","adjacent_moves_disagree","","true","unresolved","unresolved"
"measured","2","0","4","movetime","126","1","14","e2e4","adjacent_moves_disagree","","true","unresolved","unresolved"
"measured","2","1","2","movetime","127","1","10","e2a6","resolved","e2a6","true","true","true"
"measured","2","1","4","movetime","127","1","10","e2a6","resolved","e2a6","true","true","true"
"measured","2","1","4","movetime","127","3","10","e2a6","resolved","e2a6","true","true","true"
"measured","2","1","4","movetime","127","2","10","e2a6","resolved","e2a6","true","true","true"
"measured","2","1","2","clock","128","1","11","e2a6","resolved","e2a6","true","true","true"
"measured","2","1","4","clock","128","3","12","e2a6","resolved","e2a6","true","true","true"
"measured","2","1","4","clock","128","2","12","e2a6","resolved","e2a6","true","true","true"
"measured","2","1","4","clock","128","1","12","e2a6","resolved","e2a6","true","true","true"
"measured","2","2","2","clock","129","1","21","e1d2","watchdog_timeout","","true","unresolved","unresolved"
"measured","2","2","4","clock","129","1","22","e1d2","watchdog_timeout","","false","unresolved","unresolved"
"measured","2","2","4","clock","129","3","22","e1d2","watchdog_timeout","","false","unresolved","unresolved"
"measured","2","2","4","clock","129","2","23","e1f2","watchdog_timeout","","true","unresolved","unresolved"
"measured","2","2","2","movetime","130","1","23","e1d2","watchdog_timeout","","true","unresolved","unresolved"
"measured","2","2","4","movetime","130","2","24","e1d2","watchdog_timeout","","true","unresolved","unresolved"
"measured","2","2","4","movetime","130","1","24","e1f2","watchdog_timeout","","true","unresolved","unresolved"
"measured","2","2","4","movetime","130","3","24","e1d2","watchdog_timeout","","true","unresolved","unresolved"
"measured","2","3","2","movetime","131","1","12","c4c5","resolved","c4c5","true","true","true"
"measured","2","3","4","movetime","131","1","12","c4c5","resolved","c4c5","true","true","true"
"measured","2","3","4","movetime","131","3","12","c4c5","resolved","c4c5","true","true","true"
"measured","2","3","4","movetime","131","2","12","c4c5","resolved","c4c5","true","true","true"
"measured","2","3","2","clock","132","1","13","c4c5","resolved","c4c5","true","true","true"
"measured","2","3","4","clock","132","1","13","c4c5","resolved","c4c5","true","true","true"
"measured","2","3","4","clock","132","3","13","c4c5","resolved","c4c5","true","true","true"
"measured","2","3","4","clock","132","2","13","c4c5","resolved","c4c5","true","true","true"
"measured","2","4","2","clock","133","1","14","b5c4","resolved","b5c4","true","true","true"
"measured","2","4","4","clock","133","3","15","b5c4","resolved","b5c4","true","true","true"
"measured","2","4","4","clock","133","2","15","b5c4","resolved","b5c4","true","true","true"
"measured","2","4","4","clock","133","1","15","b5c4","resolved","b5c4","true","true","true"
"measured","2","4","2","movetime","134","1","14","b5c4","resolved","b5c4","true","true","true"
"measured","2","4","4","movetime","134","3","14","b5c4","resolved","b5c4","true","true","true"
"measured","2","4","4","movetime","134","2","14","b5c4","resolved","b5c4","true","true","true"
"measured","2","4","4","movetime","134","1","14","b5c4","resolved","b5c4","true","true","true"
"measured","2","5","2","movetime","135","1","13","g1h1","resolved","g1h1","true","true","true"
"measured","2","5","4","movetime","135","2","13","g1h1","resolved","g1h1","true","true","true"
"measured","2","5","4","movetime","135","3","13","g1h1","resolved","g1h1","true","true","true"
"measured","2","5","4","movetime","135","1","13","g1h1","resolved","g1h1","true","true","true"
"measured","2","5","2","clock","136","1","13","g1h1","resolved","g1h1","true","true","true"
"measured","2","5","4","clock","136","3","14","d1d3","resolved","g1h1","true","false","false"
"measured","2","5","4","clock","136","1","14","d1d3","resolved","g1h1","true","false","false"
"measured","2","5","4","clock","136","2","13","d1d3","resolved","g1h1","false","false","false"
"measured","2","6","2","clock","137","1","14","b4b2","resolved","b4b2","true","true","true"
"measured","2","6","4","clock","137","3","15","b4b2","resolved","b4b2","true","true","true"
"measured","2","6","4","clock","137","1","15","b4b2","resolved","b4b2","true","true","true"
"measured","2","6","4","clock","137","2","14","b4b2","resolved","b4b2","false","true","true"
"measured","2","6","2","movetime","138","1","13","b4b2","resolved","b4b2","true","true","true"
"measured","2","6","4","movetime","138","2","14","b4b2","resolved","b4b2","true","true","true"
"measured","2","6","4","movetime","138","3","14","b4b2","resolved","b4b2","true","true","true"
"measured","2","6","4","movetime","138","1","14","b4b2","resolved","b4b2","true","true","true"
"measured","2","7","2","movetime","139","1","12","f3d4","adjacent_moves_disagree","","true","unresolved","unresolved"
"measured","2","7","4","movetime","139","3","13","h3f5","adjacent_moves_disagree","","true","unresolved","unresolved"
"measured","2","7","4","movetime","139","1","13","h3f5","adjacent_moves_disagree","","true","unresolved","unresolved"
"measured","2","7","4","movetime","139","2","13","h3f5","adjacent_moves_disagree","","true","unresolved","unresolved"
"measured","2","7","2","clock","140","1","13","g2g4","adjacent_moves_disagree","","true","unresolved","unresolved"
"measured","2","7","4","clock","140","2","14","f3d4","adjacent_moves_disagree","","true","unresolved","unresolved"
"measured","2","7","4","clock","140","1","14","f3d4","adjacent_moves_disagree","","true","unresolved","unresolved"
"measured","2","7","4","clock","140","3","14","f3d4","adjacent_moves_disagree","","true","unresolved","unresolved"
"measured","2","8","2","clock","141","1","13","b3c2","resolved","b3c2","true","true","true"
"measured","2","8","4","clock","141","3","14","b3c2","resolved","b3c2","true","true","true"
"measured","2","8","4","clock","141","1","14","b3c2","resolved","b3c2","true","true","true"
"measured","2","8","4","clock","141","2","14","b3c2","resolved","b3c2","true","true","true"
"measured","2","8","2","movetime","142","1","11","b3c2","resolved","b3c2","true","true","true"
"measured","2","8","4","movetime","142","1","13","b3c2","resolved","b3c2","true","true","true"
"measured","2","8","4","movetime","142","3","13","b3c2","resolved","b3c2","true","true","true"
"measured","2","8","4","movetime","142","2","13","b3c2","resolved","b3c2","true","true","true"
"measured","2","9","2","movetime","143","1","14","c6g6","resolved","c6g6","true","true","true"
"measured","2","9","4","movetime","143","2","15","c6g6","resolved","c6g6","true","true","true"
"measured","2","9","4","movetime","143","1","15","c6g6","resolved","c6g6","true","true","true"
"measured","2","9","4","movetime","143","3","15","c6g6","resolved","c6g6","true","true","true"
"measured","2","9","2","clock","144","1","15","c6g6","resolved","c6g6","true","true","true"
"measured","2","9","4","clock","144","1","14","c6g6","resolved","c6g6","true","true","true"
"measured","2","9","4","clock","144","3","14","c6g6","resolved","c6g6","true","true","true"
"measured","2","9","4","clock","144","2","14","c6g6","resolved","c6g6","true","true","true"
"measured","2","10","2","clock","145","1","13","c8d7","adjacent_moves_disagree","","true","unresolved","unresolved"
"measured","2","10","4","clock","145","1","13","a7a6","adjacent_moves_disagree","","true","unresolved","unresolved"
"measured","2","10","4","clock","145","3","13","c6d4","adjacent_moves_disagree","","true","unresolved","unresolved"
"measured","2","10","4","clock","145","2","13","a7a6","adjacent_moves_disagree","","true","unresolved","unresolved"
"measured","2","10","2","movetime","146","1","12","c6d4","adjacent_moves_disagree","","true","unresolved","unresolved"
"measured","2","10","4","movetime","146","1","12","c6d4","adjacent_moves_disagree","","true","unresolved","unresolved"
"measured","2","10","4","movetime","146","3","12","c6d4","adjacent_moves_disagree","","true","unresolved","unresolved"
"measured","2","10","4","movetime","146","2","12","c6d4","adjacent_moves_disagree","","true","unresolved","unresolved"
"measured","2","11","2","movetime","147","1","16","e4f3","watchdog_timeout","","true","unresolved","unresolved"
"measured","2","11","4","movetime","147","1","16","e4f3","watchdog_timeout","","true","unresolved","unresolved"
"measured","2","11","4","movetime","147","2","16","e4f3","watchdog_timeout","","true","unresolved","unresolved"
"measured","2","11","4","movetime","147","3","16","e4f3","watchdog_timeout","","true","unresolved","unresolved"
"measured","2","11","2","clock","148","1","17","e4f3","watchdog_timeout","","true","unresolved","unresolved"
"measured","2","11","4","clock","148","1","16","e4f3","watchdog_timeout","","true","unresolved","unresolved"
"measured","2","11","4","clock","148","3","16","e4f3","watchdog_timeout","","true","unresolved","unresolved"
"measured","2","11","4","clock","148","2","16","e4f3","watchdog_timeout","","true","unresolved","unresolved"
"measured","2","12","2","clock","149","1","20","g6f5","watchdog_timeout","","true","unresolved","unresolved"
"measured","2","12","4","clock","149","1","18","g6f5","watchdog_timeout","","true","unresolved","unresolved"
"measured","2","12","4","clock","149","2","18","g6f5","watchdog_timeout","","true","unresolved","unresolved"
"measured","2","12","4","clock","149","3","18","g6f5","watchdog_timeout","","true","unresolved","unresolved"
"measured","2","12","2","movetime","150","1","18","g6f5","watchdog_timeout","","true","unresolved","unresolved"
"measured","2","12","4","movetime","150","2","18","g6f5","watchdog_timeout","","true","unresolved","unresolved"
"measured","2","12","4","movetime","150","1","18","g6f5","watchdog_timeout","","true","unresolved","unresolved"
"measured","2","12","4","movetime","150","3","18","g6f5","watchdog_timeout","","true","unresolved","unresolved"
"measured","2","13","2","movetime","151","1","17","b4f4","resolved","b4f4","true","true","true"
"measured","2","13","4","movetime","151","2","15","b4f4","resolved","b4f4","false","true","true"
"measured","2","13","4","movetime","151","1","16","b4f4","resolved","b4f4","true","true","true"
"measured","2","13","4","movetime","151","3","16","b4f4","resolved","b4f4","true","true","true"
"measured","2","13","2","clock","152","1","18","b4f4","resolved","b4f4","true","true","true"
"measured","2","13","4","clock","152","2","17","b4f4","resolved","b4f4","true","true","true"
"measured","2","13","4","clock","152","3","17","b4f4","resolved","b4f4","true","true","true"
"measured","2","13","4","clock","152","1","17","b4f4","resolved","b4f4","true","true","true"
"measured","2","14","2","clock","153","1","13","a1c1","resolved","d1d3","true","false","false"
"measured","2","14","4","clock","153","3","13","a2a4","resolved","d1d3","true","false","false"
"measured","2","14","4","clock","153","2","13","f1e1","resolved","d1d3","true","false","false"
"measured","2","14","4","clock","153","1","13","a2a4","resolved","d1d3","true","false","false"
"measured","2","14","2","movetime","154","1","12","a1c1","resolved","d1d3","true","false","false"
"measured","2","14","4","movetime","154","3","12","a1c1","resolved","d1d3","true","false","false"
"measured","2","14","4","movetime","154","1","12","a1c1","resolved","d1d3","true","false","false"
"measured","2","14","4","movetime","154","2","12","a1c1","resolved","d1d3","true","false","false"
"measured","2","15","2","movetime","155","1","13","c3d5","resolved","c3d5","true","true","true"
"measured","2","15","4","movetime","155","2","13","c3d5","resolved","c3d5","true","true","true"
"measured","2","15","4","movetime","155","1","13","c3d5","resolved","c3d5","true","true","true"
"measured","2","15","4","movetime","155","3","13","c3d5","resolved","c3d5","true","true","true"
"measured","2","15","2","clock","156","1","13","c3d5","resolved","c3d5","true","true","true"
"measured","2","15","4","clock","156","1","15","c3d5","resolved","c3d5","true","true","true"
"measured","2","15","4","clock","156","2","15","c3d5","resolved","c3d5","true","true","true"
"measured","2","15","4","clock","156","3","14","c3d5","resolved","c3d5","false","true","true"
"measured","2","16","2","clock","157","1","14","d5e4","resolved","d5e4","true","true","true"
"measured","2","16","4","clock","157","1","13","f6e4","resolved","d5e4","true","false","false"
"measured","2","16","4","clock","157","2","12","d5e4","resolved","d5e4","false","true","false"
"measured","2","16","4","clock","157","3","12","d5e4","resolved","d5e4","false","true","false"
"measured","2","16","2","movetime","158","1","13","f6e4","resolved","d5e4","true","false","false"
"measured","2","16","4","movetime","158","2","13","d5e4","resolved","d5e4","true","true","true"
"measured","2","16","4","movetime","158","3","13","d5e4","resolved","d5e4","true","true","true"
"measured","2","16","4","movetime","158","1","13","d5e4","resolved","d5e4","true","true","true"
"measured","2","17","2","movetime","159","1","13","a6a5","resolved","a6a5","true","true","true"
"measured","2","17","4","movetime","159","2","13","a6a5","resolved","a6a5","true","true","true"
"measured","2","17","4","movetime","159","3","13","a6a5","resolved","a6a5","true","true","true"
"measured","2","17","4","movetime","159","1","13","a6a5","resolved","a6a5","true","true","true"
"measured","2","17","2","clock","160","1","14","a6a5","resolved","a6a5","true","true","true"
"measured","2","17","4","clock","160","2","14","a6a5","resolved","a6a5","true","true","true"
"measured","2","17","4","clock","160","3","14","a6a5","resolved","a6a5","true","true","true"
"measured","2","17","4","clock","160","1","14","a6a5","resolved","a6a5","true","true","true"
"measured","2","18","2","clock","161","1","13","e2e3","resolved","e2e3","true","true","true"
"measured","2","18","4","clock","161","3","13","e2e3","resolved","e2e3","true","true","true"
"measured","2","18","4","clock","161","2","12","e2e3","resolved","e2e3","false","true","true"
"measured","2","18","4","clock","161","1","13","e2e3","resolved","e2e3","true","true","true"
"measured","2","18","2","movetime","162","1","12","b1c3","resolved","e2e3","true","false","false"
"measured","2","18","4","movetime","162","2","12","e2e3","resolved","e2e3","true","true","true"
"measured","2","18","4","movetime","162","1","12","e2e3","resolved","e2e3","true","true","true"
"measured","2","18","4","movetime","162","3","12","e2e3","resolved","e2e3","true","true","true"
"measured","2","19","2","movetime","163","1","13","a5c3","adjacent_moves_disagree","","true","unresolved","unresolved"
"measured","2","19","4","movetime","163","2","14","a5c3","adjacent_moves_disagree","","true","unresolved","unresolved"
"measured","2","19","4","movetime","163","1","14","a5c3","adjacent_moves_disagree","","true","unresolved","unresolved"
"measured","2","19","4","movetime","163","3","14","a5c3","adjacent_moves_disagree","","true","unresolved","unresolved"
"measured","2","19","2","clock","164","1","13","a5c3","adjacent_moves_disagree","","true","unresolved","unresolved"
"measured","2","19","4","clock","164","3","13","a5b6","adjacent_moves_disagree","","true","unresolved","unresolved"
"measured","2","19","4","clock","164","1","13","a5b6","adjacent_moves_disagree","","true","unresolved","unresolved"
"measured","2","19","4","clock","164","2","13","a5b6","adjacent_moves_disagree","","true","unresolved","unresolved"
"measured","2","20","2","clock","165","1","16","d7d2","watchdog_timeout","","true","unresolved","unresolved"
"measured","2","20","4","clock","165","1","16","d7d2","watchdog_timeout","","true","unresolved","unresolved"
"measured","2","20","4","clock","165","2","16","d7d2","watchdog_timeout","","true","unresolved","unresolved"
"measured","2","20","4","clock","165","3","16","d7d2","watchdog_timeout","","true","unresolved","unresolved"
"measured","2","20","2","movetime","166","1","14","d7d2","watchdog_timeout","","true","unresolved","unresolved"
"measured","2","20","4","movetime","166","2","14","d7d2","watchdog_timeout","","true","unresolved","unresolved"
"measured","2","20","4","movetime","166","1","14","d7d2","watchdog_timeout","","true","unresolved","unresolved"
"measured","2","20","4","movetime","166","3","14","d7d2","watchdog_timeout","","true","unresolved","unresolved"
"measured","2","21","2","movetime","167","1","11","c6b6","resolved","g6g5","true","false","false"
"measured","2","21","4","movetime","167","1","12","c6b6","resolved","g6g5","true","false","false"
"measured","2","21","4","movetime","167","3","12","c6b6","resolved","g6g5","true","false","false"
"measured","2","21","4","movetime","167","2","12","c6b6","resolved","g6g5","true","false","false"
"measured","2","21","2","clock","168","1","12","g8h7","resolved","g6g5","true","false","true"
"measured","2","21","4","clock","168","1","12","g8h7","resolved","g6g5","true","false","true"
"measured","2","21","4","clock","168","3","12","g8h7","resolved","g6g5","true","false","true"
"measured","2","21","4","clock","168","2","12","g8h7","resolved","g6g5","true","false","true"
"measured","2","22","2","clock","169","1","15","d4b5","resolved","d4b5","true","true","true"
"measured","2","22","4","clock","169","3","15","d4b5","resolved","d4b5","true","true","true"
"measured","2","22","4","clock","169","1","15","d4b5","resolved","d4b5","true","true","true"
"measured","2","22","4","clock","169","2","14","d4b5","resolved","d4b5","false","true","true"
"measured","2","22","2","movetime","170","1","13","d4b5","resolved","d4b5","true","true","true"
"measured","2","22","4","movetime","170","3","13","d4b5","resolved","d4b5","true","true","true"
"measured","2","22","4","movetime","170","1","13","d4b5","resolved","d4b5","true","true","true"
"measured","2","22","4","movetime","170","2","13","d4b5","resolved","d4b5","true","true","true"
"measured","2","23","2","movetime","171","1","16","g5d8","watchdog_timeout","","true","unresolved","unresolved"
"measured","2","23","4","movetime","171","2","15","g5d8","watchdog_timeout","","true","unresolved","unresolved"
"measured","2","23","4","movetime","171","3","15","g5d8","watchdog_timeout","","true","unresolved","unresolved"
"measured","2","23","4","movetime","171","1","15","g5d8","watchdog_timeout","","true","unresolved","unresolved"
"measured","2","23","2","clock","172","1","17","g5d8","watchdog_timeout","","true","unresolved","unresolved"
"measured","2","23","4","clock","172","3","17","g5d8","watchdog_timeout","","true","unresolved","unresolved"
"measured","2","23","4","clock","172","1","17","g5d8","watchdog_timeout","","true","unresolved","unresolved"
"measured","2","23","4","clock","172","2","17","g5d8","watchdog_timeout","","true","unresolved","unresolved"
"measured","2","24","2","clock","173","1","16","d5e3","watchdog_timeout","","true","unresolved","unresolved"
"measured","2","24","4","clock","173","1","19","d5e3","watchdog_timeout","","true","unresolved","unresolved"
"measured","2","24","4","clock","173","2","19","d5e3","watchdog_timeout","","true","unresolved","unresolved"
"measured","2","24","4","clock","173","3","19","d5e3","watchdog_timeout","","true","unresolved","unresolved"
"measured","2","24","2","movetime","174","1","18","d5e3","watchdog_timeout","","true","unresolved","unresolved"
"measured","2","24","4","movetime","174","2","16","d5e3","watchdog_timeout","","true","unresolved","unresolved"
"measured","2","24","4","movetime","174","3","16","d5e3","watchdog_timeout","","true","unresolved","unresolved"
"measured","2","24","4","movetime","174","1","16","d5e3","watchdog_timeout","","true","unresolved","unresolved"
"measured","2","25","2","movetime","175","1","15","h5e2","resolved","h5e2","true","true","true"
"measured","2","25","4","movetime","175","2","14","h5e2","resolved","h5e2","true","true","true"
"measured","2","25","4","movetime","175","3","13","h5e2","resolved","h5e2","false","true","true"
"measured","2","25","4","movetime","175","1","13","h5e2","resolved","h5e2","false","true","true"
"measured","2","25","2","clock","176","1","14","h5e2","resolved","h5e2","true","true","true"
"measured","2","25","4","clock","176","3","13","h5e2","resolved","h5e2","true","true","true"
"measured","2","25","4","clock","176","1","13","h5e2","resolved","h5e2","true","true","true"
"measured","2","25","4","clock","176","2","13","h5e2","resolved","h5e2","true","true","true"
"measured","2","26","2","clock","177","1","19","a6a5","resolved","a6a5","true","true","true"
"measured","2","26","4","clock","177","2","18","a6a5","resolved","a6a5","true","true","true"
"measured","2","26","4","clock","177","3","18","a6a5","resolved","a6a5","true","true","true"
"measured","2","26","4","clock","177","1","18","a6a5","resolved","a6a5","true","true","true"
"measured","2","26","2","movetime","178","1","16","a6a5","resolved","a6a5","true","true","true"
"measured","2","26","4","movetime","178","1","18","a6a5","resolved","a6a5","true","true","true"
"measured","2","26","4","movetime","178","2","18","a6a5","resolved","a6a5","true","true","true"
"measured","2","26","4","movetime","178","3","18","a6a5","resolved","a6a5","true","true","true"
"measured","2","27","2","movetime","179","1","17","a6a5","watchdog_timeout","","true","unresolved","unresolved"
"measured","2","27","4","movetime","179","3","19","a6a5","watchdog_timeout","","true","unresolved","unresolved"
"measured","2","27","4","movetime","179","1","19","a6a5","watchdog_timeout","","true","unresolved","unresolved"
"measured","2","27","4","movetime","179","2","19","a6a5","watchdog_timeout","","true","unresolved","unresolved"
"measured","2","27","2","clock","180","1","19","a6a5","watchdog_timeout","","true","unresolved","unresolved"
"measured","2","27","4","clock","180","2","19","a6a5","watchdog_timeout","","true","unresolved","unresolved"
"measured","2","27","4","clock","180","3","19","a6a5","watchdog_timeout","","true","unresolved","unresolved"
"measured","2","27","4","clock","180","1","19","a6a5","watchdog_timeout","","true","unresolved","unresolved"
"measured","2","28","2","clock","181","1","12","a5a6","resolved","d2b4","true","false","false"
"measured","2","28","4","clock","181","3","13","a5a6","resolved","d2b4","true","false","false"
"measured","2","28","4","clock","181","2","12","a5a6","resolved","d2b4","false","false","false"
"measured","2","28","4","clock","181","1","13","a5a6","resolved","d2b4","true","false","false"
"measured","2","28","2","movetime","182","1","12","a5a6","resolved","d2b4","true","false","false"
"measured","2","28","4","movetime","182","3","12","a5a6","resolved","d2b4","true","false","false"
"measured","2","28","4","movetime","182","2","12","a5a6","resolved","d2b4","true","false","false"
"measured","2","28","4","movetime","182","1","12","a5a6","resolved","d2b4","true","false","false"
"measured","2","29","2","movetime","183","1","12","c6d4","resolved","c6d4","true","true","true"
"measured","2","29","4","movetime","183","3","11","c6d4","resolved","c6d4","true","true","true"
"measured","2","29","4","movetime","183","2","11","c6d4","resolved","c6d4","true","true","true"
"measured","2","29","4","movetime","183","1","11","c6d4","resolved","c6d4","true","true","true"
"measured","2","29","2","clock","184","1","12","c6d4","resolved","c6d4","true","true","true"
"measured","2","29","4","clock","184","1","13","c6d4","resolved","c6d4","true","true","true"
"measured","2","29","4","clock","184","3","13","c6d4","resolved","c6d4","true","true","true"
"measured","2","29","4","clock","184","2","13","c6d4","resolved","c6d4","true","true","true"
"measured","2","30","2","clock","185","1","14","h4h5","resolved","f2f3","true","false","false"
"measured","2","30","4","clock","185","1","14","h4h5","resolved","f2f3","true","false","false"
"measured","2","30","4","clock","185","2","14","h4h5","resolved","f2f3","true","false","false"
"measured","2","30","4","clock","185","3","13","b1a2","resolved","f2f3","false","false","false"
"measured","2","30","2","movetime","186","1","12","h4h5","resolved","f2f3","true","false","false"
"measured","2","30","4","movetime","186","3","11","f2f3","resolved","f2f3","true","true","true"
"measured","2","30","4","movetime","186","2","11","f2f3","resolved","f2f3","true","true","true"
"measured","2","30","4","movetime","186","1","11","f2f3","resolved","f2f3","true","true","true"
"measured","3","0","4","movetime","187","3","14","e2e4","adjacent_moves_disagree","","true","unresolved","unresolved"
"measured","3","0","4","movetime","187","1","13","e2e4","adjacent_moves_disagree","","false","unresolved","unresolved"
"measured","3","0","4","movetime","187","2","14","e2e4","adjacent_moves_disagree","","true","unresolved","unresolved"
"measured","3","0","2","movetime","187","1","13","e2e4","adjacent_moves_disagree","","true","unresolved","unresolved"
"measured","3","0","4","clock","188","3","14","e2e4","adjacent_moves_disagree","","true","unresolved","unresolved"
"measured","3","0","4","clock","188","2","14","e2e4","adjacent_moves_disagree","","true","unresolved","unresolved"
"measured","3","0","4","clock","188","1","14","e2e4","adjacent_moves_disagree","","true","unresolved","unresolved"
"measured","3","0","2","clock","188","1","14","e2e4","adjacent_moves_disagree","","true","unresolved","unresolved"
"measured","3","1","4","clock","189","2","11","e2a6","resolved","e2a6","true","true","true"
"measured","3","1","4","clock","189","3","11","e2a6","resolved","e2a6","true","true","true"
"measured","3","1","4","clock","189","1","11","e2a6","resolved","e2a6","true","true","true"
"measured","3","1","2","clock","189","1","11","e2a6","resolved","e2a6","true","true","true"
"measured","3","1","4","movetime","190","2","10","e2a6","resolved","e2a6","true","true","true"
"measured","3","1","4","movetime","190","1","10","e2a6","resolved","e2a6","true","true","true"
"measured","3","1","4","movetime","190","3","10","e2a6","resolved","e2a6","true","true","true"
"measured","3","1","2","movetime","190","1","10","e2a6","resolved","e2a6","true","true","true"
"measured","3","2","4","movetime","191","2","24","e1d2","watchdog_timeout","","true","unresolved","unresolved"
"measured","3","2","4","movetime","191","1","24","e1f2","watchdog_timeout","","true","unresolved","unresolved"
"measured","3","2","4","movetime","191","3","24","e1d2","watchdog_timeout","","true","unresolved","unresolved"
"measured","3","2","2","movetime","191","1","23","e1f2","watchdog_timeout","","true","unresolved","unresolved"
"measured","3","2","4","clock","192","2","23","e1d2","watchdog_timeout","","true","unresolved","unresolved"
"measured","3","2","4","clock","192","3","23","e1d2","watchdog_timeout","","true","unresolved","unresolved"
"measured","3","2","4","clock","192","1","23","e1d2","watchdog_timeout","","true","unresolved","unresolved"
"measured","3","2","2","clock","192","1","22","e1d2","watchdog_timeout","","true","unresolved","unresolved"
"measured","3","3","4","clock","193","1","13","c4c5","resolved","c4c5","true","true","true"
"measured","3","3","4","clock","193","3","13","c4c5","resolved","c4c5","true","true","true"
"measured","3","3","4","clock","193","2","13","c4c5","resolved","c4c5","true","true","true"
"measured","3","3","2","clock","193","1","13","c4c5","resolved","c4c5","true","true","true"
"measured","3","3","4","movetime","194","1","13","c4c5","resolved","c4c5","true","true","true"
"measured","3","3","4","movetime","194","2","13","c4c5","resolved","c4c5","true","true","true"
"measured","3","3","4","movetime","194","3","13","c4c5","resolved","c4c5","true","true","true"
"measured","3","3","2","movetime","194","1","13","c4c5","resolved","c4c5","true","true","true"
"measured","3","4","4","movetime","195","3","14","b5c4","resolved","b5c4","true","true","true"
"measured","3","4","4","movetime","195","1","14","b5c4","resolved","b5c4","true","true","true"
"measured","3","4","4","movetime","195","2","14","b5c4","resolved","b5c4","true","true","true"
"measured","3","4","2","movetime","195","1","13","b5c4","resolved","b5c4","true","true","true"
"measured","3","4","4","clock","196","2","15","b5c4","resolved","b5c4","true","true","true"
"measured","3","4","4","clock","196","1","15","b5c4","resolved","b5c4","true","true","true"
"measured","3","4","4","clock","196","3","15","b5c4","resolved","b5c4","true","true","true"
"measured","3","4","2","clock","196","1","15","b5c4","resolved","b5c4","true","true","true"
"measured","3","5","4","clock","197","3","13","a3a4","resolved","g1h1","true","false","false"
"measured","3","5","4","clock","197","1","13","a3a4","resolved","g1h1","true","false","false"
"measured","3","5","4","clock","197","2","13","a3a4","resolved","g1h1","true","false","false"
"measured","3","5","2","clock","197","1","13","d1d3","resolved","g1h1","true","false","false"
"measured","3","5","4","movetime","198","3","13","d1d3","resolved","g1h1","true","false","false"
"measured","3","5","4","movetime","198","1","13","d1d2","resolved","g1h1","true","false","false"
"measured","3","5","4","movetime","198","2","13","d1d2","resolved","g1h1","true","false","false"
"measured","3","5","2","movetime","198","1","13","d1d3","resolved","g1h1","true","false","false"
"measured","3","6","4","movetime","199","2","14","b4b2","resolved","b4b2","true","true","true"
"measured","3","6","4","movetime","199","3","14","b4b2","resolved","b4b2","true","true","true"
"measured","3","6","4","movetime","199","1","14","b4b2","resolved","b4b2","true","true","true"
"measured","3","6","2","movetime","199","1","12","b4b2","resolved","b4b2","true","true","true"
"measured","3","6","4","clock","200","1","14","b4b2","resolved","b4b2","true","true","true"
"measured","3","6","4","clock","200","2","14","b4b2","resolved","b4b2","true","true","true"
"measured","3","6","4","clock","200","3","14","b4b2","resolved","b4b2","true","true","true"
"measured","3","6","2","clock","200","1","14","b4b2","resolved","b4b2","true","true","true"
"measured","3","7","4","clock","201","2","14","g2g4","adjacent_moves_disagree","","true","unresolved","unresolved"
"measured","3","7","4","clock","201","3","14","g2g4","adjacent_moves_disagree","","true","unresolved","unresolved"
"measured","3","7","4","clock","201","1","14","g2g4","adjacent_moves_disagree","","true","unresolved","unresolved"
"measured","3","7","2","clock","201","1","13","f3d4","adjacent_moves_disagree","","true","unresolved","unresolved"
"measured","3","7","4","movetime","202","1","13","a2a3","adjacent_moves_disagree","","true","unresolved","unresolved"
"measured","3","7","4","movetime","202","2","13","a2a3","adjacent_moves_disagree","","true","unresolved","unresolved"
"measured","3","7","4","movetime","202","3","13","a2a3","adjacent_moves_disagree","","true","unresolved","unresolved"
"measured","3","7","2","movetime","202","1","13","h3f5","adjacent_moves_disagree","","true","unresolved","unresolved"
"measured","3","8","4","movetime","203","3","12","b3c2","resolved","b3c2","true","true","true"
"measured","3","8","4","movetime","203","2","12","b3c2","resolved","b3c2","true","true","true"
"measured","3","8","4","movetime","203","1","12","b3c2","resolved","b3c2","true","true","true"
"measured","3","8","2","movetime","203","1","13","b3c2","resolved","b3c2","true","true","true"
"measured","3","8","4","clock","204","3","13","b3c2","resolved","b3c2","false","true","true"
"measured","3","8","4","clock","204","1","13","b3c2","resolved","b3c2","false","true","true"
"measured","3","8","4","clock","204","2","14","b3c2","resolved","b3c2","true","true","true"
"measured","3","8","2","clock","204","1","14","b3c2","resolved","b3c2","true","true","true"
"measured","3","9","4","clock","205","2","15","c6g6","resolved","c6g6","true","true","true"
"measured","3","9","4","clock","205","1","15","c6g6","resolved","c6g6","true","true","true"
"measured","3","9","4","clock","205","3","15","c6g6","resolved","c6g6","true","true","true"
"measured","3","9","2","clock","205","1","15","c6g6","resolved","c6g6","true","true","true"
"measured","3","9","4","movetime","206","1","14","c6g6","resolved","c6g6","true","true","true"
"measured","3","9","4","movetime","206","3","14","c6g6","resolved","c6g6","true","true","true"
"measured","3","9","4","movetime","206","2","14","c6g6","resolved","c6g6","true","true","true"
"measured","3","9","2","movetime","206","1","15","c6g6","resolved","c6g6","true","true","true"
"measured","3","10","4","movetime","207","3","12","c8d7","adjacent_moves_disagree","","true","unresolved","unresolved"
"measured","3","10","4","movetime","207","1","12","c8d7","adjacent_moves_disagree","","true","unresolved","unresolved"
"measured","3","10","4","movetime","207","2","12","c8d7","adjacent_moves_disagree","","true","unresolved","unresolved"
"measured","3","10","2","movetime","207","1","12","c6d4","adjacent_moves_disagree","","true","unresolved","unresolved"
"measured","3","10","4","clock","208","1","12","c6d4","adjacent_moves_disagree","","true","unresolved","unresolved"
"measured","3","10","4","clock","208","3","12","c6d4","adjacent_moves_disagree","","true","unresolved","unresolved"
"measured","3","10","4","clock","208","2","12","c6d4","adjacent_moves_disagree","","true","unresolved","unresolved"
"measured","3","10","2","clock","208","1","12","c8d7","adjacent_moves_disagree","","true","unresolved","unresolved"
"measured","3","11","4","clock","209","2","17","e4f3","watchdog_timeout","","true","unresolved","unresolved"
"measured","3","11","4","clock","209","3","16","e4f3","watchdog_timeout","","false","unresolved","unresolved"
"measured","3","11","4","clock","209","1","17","e4f3","watchdog_timeout","","true","unresolved","unresolved"
"measured","3","11","2","clock","209","1","17","e4f3","watchdog_timeout","","true","unresolved","unresolved"
"measured","3","11","4","movetime","210","3","16","e4f3","watchdog_timeout","","true","unresolved","unresolved"
"measured","3","11","4","movetime","210","1","16","e4f3","watchdog_timeout","","true","unresolved","unresolved"
"measured","3","11","4","movetime","210","2","16","e4f3","watchdog_timeout","","true","unresolved","unresolved"
"measured","3","11","2","movetime","210","1","15","e4f3","watchdog_timeout","","true","unresolved","unresolved"
"measured","3","12","4","movetime","211","1","17","g6f5","watchdog_timeout","","true","unresolved","unresolved"
"measured","3","12","4","movetime","211","2","17","g6f5","watchdog_timeout","","true","unresolved","unresolved"
"measured","3","12","4","movetime","211","3","17","g6f5","watchdog_timeout","","true","unresolved","unresolved"
"measured","3","12","2","movetime","211","1","19","g6f5","watchdog_timeout","","true","unresolved","unresolved"
"measured","3","12","4","clock","212","2","18","g6f5","watchdog_timeout","","true","unresolved","unresolved"
"measured","3","12","4","clock","212","3","18","g6f5","watchdog_timeout","","true","unresolved","unresolved"
"measured","3","12","4","clock","212","1","18","g6f5","watchdog_timeout","","true","unresolved","unresolved"
"measured","3","12","2","clock","212","1","17","g6f5","watchdog_timeout","","true","unresolved","unresolved"
"measured","3","13","4","clock","213","2","17","b4f4","resolved","b4f4","false","true","true"
"measured","3","13","4","clock","213","3","18","b4f4","resolved","b4f4","true","true","true"
"measured","3","13","4","clock","213","1","18","b4f4","resolved","b4f4","true","true","true"
"measured","3","13","2","clock","213","1","17","b4f4","resolved","b4f4","true","true","true"
"measured","3","13","4","movetime","214","1","16","b4f4","resolved","b4f4","true","true","true"
"measured","3","13","4","movetime","214","2","16","b4f4","resolved","b4f4","true","true","true"
"measured","3","13","4","movetime","214","3","15","b4f4","resolved","b4f4","false","true","true"
"measured","3","13","2","movetime","214","1","15","b4f4","resolved","b4f4","true","true","true"
"measured","3","14","4","movetime","215","2","12","a2a4","resolved","d1d3","true","false","false"
"measured","3","14","4","movetime","215","3","12","a2a4","resolved","d1d3","true","false","false"
"measured","3","14","4","movetime","215","1","12","a2a4","resolved","d1d3","true","false","false"
"measured","3","14","2","movetime","215","1","12","f1e1","resolved","d1d3","true","false","false"
"measured","3","14","4","clock","216","1","13","a1c1","resolved","d1d3","true","false","false"
"measured","3","14","4","clock","216","3","12","a2a4","resolved","d1d3","false","false","false"
"measured","3","14","4","clock","216","2","13","a1c1","resolved","d1d3","true","false","false"
"measured","3","14","2","clock","216","1","12","a2a4","resolved","d1d3","true","false","false"
"measured","3","15","4","clock","217","3","14","c3d5","resolved","c3d5","true","true","true"
"measured","3","15","4","clock","217","1","14","c3d5","resolved","c3d5","true","true","true"
"measured","3","15","4","clock","217","2","14","c3d5","resolved","c3d5","true","true","true"
"measured","3","15","2","clock","217","1","14","c3d5","resolved","c3d5","true","true","true"
"measured","3","15","4","movetime","218","3","12","c3d5","resolved","c3d5","true","true","true"
"measured","3","15","4","movetime","218","1","12","c3d5","resolved","c3d5","true","true","true"
"measured","3","15","4","movetime","218","2","12","c3d5","resolved","c3d5","true","true","true"
"measured","3","15","2","movetime","218","1","12","c3d5","resolved","c3d5","true","true","true"
"measured","3","16","4","movetime","219","3","13","f6e4","resolved","d5e4","true","false","true"
"measured","3","16","4","movetime","219","2","12","d5e4","resolved","d5e4","false","true","true"
"measured","3","16","4","movetime","219","1","13","f6e4","resolved","d5e4","true","false","true"
"measured","3","16","2","movetime","219","1","12","d5e4","resolved","d5e4","true","true","true"
"measured","3","16","4","clock","220","2","13","d5e4","resolved","d5e4","true","true","true"
"measured","3","16","4","clock","220","1","13","d5e4","resolved","d5e4","true","true","true"
"measured","3","16","4","clock","220","3","13","d5e4","resolved","d5e4","true","true","true"
"measured","3","16","2","clock","220","1","13","d5e4","resolved","d5e4","true","true","true"
"measured","3","17","4","clock","221","1","13","a6a5","resolved","a6a5","false","true","false"
"measured","3","17","4","clock","221","2","14","b8e8","resolved","a6a5","true","false","false"
"measured","3","17","4","clock","221","3","13","a6a5","resolved","a6a5","false","true","false"
"measured","3","17","2","clock","221","1","13","a6a5","resolved","a6a5","true","true","true"
"measured","3","17","4","movetime","222","2","13","a6a5","resolved","a6a5","false","true","true"
"measured","3","17","4","movetime","222","3","14","a6a5","resolved","a6a5","true","true","true"
"measured","3","17","4","movetime","222","1","14","a6a5","resolved","a6a5","true","true","true"
"measured","3","17","2","movetime","222","1","13","a6a5","resolved","a6a5","true","true","true"
"measured","3","18","4","movetime","223","2","12","b1c3","resolved","e2e3","true","false","false"
"measured","3","18","4","movetime","223","3","12","b1c3","resolved","e2e3","true","false","false"
"measured","3","18","4","movetime","223","1","12","b1c3","resolved","e2e3","true","false","false"
"measured","3","18","2","movetime","223","1","11","b1c3","resolved","e2e3","true","false","false"
"measured","3","18","4","clock","224","2","13","e2e3","resolved","e2e3","true","true","true"
"measured","3","18","4","clock","224","3","12","b1c3","resolved","e2e3","false","false","true"
"measured","3","18","4","clock","224","1","12","b1c3","resolved","e2e3","false","false","true"
"measured","3","18","2","clock","224","1","12","b1c3","resolved","e2e3","true","false","false"
"measured","3","19","4","clock","225","3","15","a5b6","adjacent_moves_disagree","","true","unresolved","unresolved"
"measured","3","19","4","clock","225","2","15","a5b6","adjacent_moves_disagree","","true","unresolved","unresolved"
"measured","3","19","4","clock","225","1","15","a5b6","adjacent_moves_disagree","","true","unresolved","unresolved"
"measured","3","19","2","clock","225","1","14","a5c3","adjacent_moves_disagree","","true","unresolved","unresolved"
"measured","3","19","4","movetime","226","2","16","d2f4","adjacent_moves_disagree","","true","unresolved","unresolved"
"measured","3","19","4","movetime","226","3","16","d2f4","adjacent_moves_disagree","","true","unresolved","unresolved"
"measured","3","19","4","movetime","226","1","16","d2f4","adjacent_moves_disagree","","true","unresolved","unresolved"
"measured","3","19","2","movetime","226","1","14","a5b6","adjacent_moves_disagree","","true","unresolved","unresolved"
"measured","3","20","4","movetime","227","3","15","d7d2","watchdog_timeout","","true","unresolved","unresolved"
"measured","3","20","4","movetime","227","1","15","d7d2","watchdog_timeout","","true","unresolved","unresolved"
"measured","3","20","4","movetime","227","2","15","d7d2","watchdog_timeout","","true","unresolved","unresolved"
"measured","3","20","2","movetime","227","1","16","d7d2","watchdog_timeout","","true","unresolved","unresolved"
"measured","3","20","4","clock","228","3","14","d7d2","watchdog_timeout","","true","unresolved","unresolved"
"measured","3","20","4","clock","228","2","14","d7d2","watchdog_timeout","","true","unresolved","unresolved"
"measured","3","20","4","clock","228","1","14","d7d2","watchdog_timeout","","true","unresolved","unresolved"
"measured","3","20","2","clock","228","1","15","d7d2","watchdog_timeout","","true","unresolved","unresolved"
"measured","3","21","4","clock","229","3","13","g6g5","resolved","g6g5","true","true","true"
"measured","3","21","4","clock","229","1","12","g8h7","resolved","g6g5","false","false","true"
"measured","3","21","4","clock","229","2","12","g8h7","resolved","g6g5","false","false","true"
"measured","3","21","2","clock","229","1","12","g6g5","resolved","g6g5","true","true","true"
"measured","3","21","4","movetime","230","1","12","g8h7","resolved","g6g5","true","false","false"
"measured","3","21","4","movetime","230","3","12","g8h7","resolved","g6g5","true","false","false"
"measured","3","21","4","movetime","230","2","12","g8h7","resolved","g6g5","true","false","false"
"measured","3","21","2","movetime","230","1","11","c6b6","resolved","g6g5","true","false","false"
"measured","3","22","4","movetime","231","3","14","d4b5","resolved","d4b5","true","true","true"
"measured","3","22","4","movetime","231","2","14","d4b5","resolved","d4b5","true","true","true"
"measured","3","22","4","movetime","231","1","14","d4b5","resolved","d4b5","true","true","true"
"measured","3","22","2","movetime","231","1","13","d4b5","resolved","d4b5","true","true","true"
"measured","3","22","4","clock","232","2","15","d4b5","resolved","d4b5","true","true","true"
"measured","3","22","4","clock","232","3","15","d4b5","resolved","d4b5","true","true","true"
"measured","3","22","4","clock","232","1","15","d4b5","resolved","d4b5","true","true","true"
"measured","3","22","2","clock","232","1","13","d4b5","resolved","d4b5","true","true","true"
"measured","3","23","4","clock","233","2","16","g5d8","watchdog_timeout","","true","unresolved","unresolved"
"measured","3","23","4","clock","233","1","16","g5d8","watchdog_timeout","","true","unresolved","unresolved"
"measured","3","23","4","clock","233","3","16","g5d8","watchdog_timeout","","true","unresolved","unresolved"
"measured","3","23","2","clock","233","1","16","g5d8","watchdog_timeout","","true","unresolved","unresolved"
"measured","3","23","4","movetime","234","1","15","g5d8","watchdog_timeout","","true","unresolved","unresolved"
"measured","3","23","4","movetime","234","2","15","g5d8","watchdog_timeout","","true","unresolved","unresolved"
"measured","3","23","4","movetime","234","3","15","g5d8","watchdog_timeout","","true","unresolved","unresolved"
"measured","3","23","2","movetime","234","1","15","g5d8","watchdog_timeout","","true","unresolved","unresolved"
"measured","3","24","4","movetime","235","1","18","d5e3","watchdog_timeout","","true","unresolved","unresolved"
"measured","3","24","4","movetime","235","3","18","d5e3","watchdog_timeout","","true","unresolved","unresolved"
"measured","3","24","4","movetime","235","2","18","d5e3","watchdog_timeout","","true","unresolved","unresolved"
"measured","3","24","2","movetime","235","1","17","d5e3","watchdog_timeout","","true","unresolved","unresolved"
"measured","3","24","4","clock","236","3","18","d5e3","watchdog_timeout","","true","unresolved","unresolved"
"measured","3","24","4","clock","236","1","18","d5e3","watchdog_timeout","","true","unresolved","unresolved"
"measured","3","24","4","clock","236","2","18","d5e3","watchdog_timeout","","true","unresolved","unresolved"
"measured","3","24","2","clock","236","1","17","d5e3","watchdog_timeout","","true","unresolved","unresolved"
"measured","3","25","4","clock","237","2","14","h5e2","resolved","h5e2","true","true","true"
"measured","3","25","4","clock","237","1","14","h5e2","resolved","h5e2","true","true","true"
"measured","3","25","4","clock","237","3","14","h5e2","resolved","h5e2","true","true","true"
"measured","3","25","2","clock","237","1","14","h5e2","resolved","h5e2","true","true","true"
"measured","3","25","4","movetime","238","3","15","h5e2","resolved","h5e2","true","true","true"
"measured","3","25","4","movetime","238","2","14","h5e2","resolved","h5e2","false","true","true"
"measured","3","25","4","movetime","238","1","15","h5e2","resolved","h5e2","true","true","true"
"measured","3","25","2","movetime","238","1","15","h5e2","resolved","h5e2","true","true","true"
"measured","3","26","4","movetime","239","1","18","a6a5","resolved","a6a5","true","true","true"
"measured","3","26","4","movetime","239","2","18","a6a5","resolved","a6a5","true","true","true"
"measured","3","26","4","movetime","239","3","17","a6a5","resolved","a6a5","false","true","true"
"measured","3","26","2","movetime","239","1","17","a6a5","resolved","a6a5","true","true","true"
"measured","3","26","4","clock","240","3","18","a6a5","resolved","a6a5","true","true","true"
"measured","3","26","4","clock","240","2","18","a6a5","resolved","a6a5","true","true","true"
"measured","3","26","4","clock","240","1","18","a6a5","resolved","a6a5","true","true","true"
"measured","3","26","2","clock","240","1","18","a6a5","resolved","a6a5","true","true","true"
"measured","3","27","4","clock","241","1","19","a6a5","watchdog_timeout","","true","unresolved","unresolved"
"measured","3","27","4","clock","241","3","17","a6a5","watchdog_timeout","","false","unresolved","unresolved"
"measured","3","27","4","clock","241","2","17","a6a5","watchdog_timeout","","false","unresolved","unresolved"
"measured","3","27","2","clock","241","1","19","a6a5","watchdog_timeout","","true","unresolved","unresolved"
"measured","3","27","4","movetime","242","2","19","a6a5","watchdog_timeout","","true","unresolved","unresolved"
"measured","3","27","4","movetime","242","3","19","a6a5","watchdog_timeout","","true","unresolved","unresolved"
"measured","3","27","4","movetime","242","1","19","a6a5","watchdog_timeout","","true","unresolved","unresolved"
"measured","3","27","2","movetime","242","1","19","a6a5","watchdog_timeout","","true","unresolved","unresolved"
"measured","3","28","4","movetime","243","3","13","d2b4","resolved","d2b4","true","true","true"
"measured","3","28","4","movetime","243","2","13","d2b4","resolved","d2b4","true","true","true"
"measured","3","28","4","movetime","243","1","13","d2b4","resolved","d2b4","true","true","true"
"measured","3","28","2","movetime","243","1","11","a5a6","resolved","d2b4","true","false","false"
"measured","3","28","4","clock","244","2","12","a5a6","resolved","d2b4","true","false","false"
"measured","3","28","4","clock","244","3","12","a5a6","resolved","d2b4","true","false","false"
"measured","3","28","4","clock","244","1","12","a5a6","resolved","d2b4","true","false","false"
"measured","3","28","2","clock","244","1","12","a5a6","resolved","d2b4","true","false","false"
"measured","3","29","4","clock","245","3","12","c6d4","resolved","c6d4","true","true","true"
"measured","3","29","4","clock","245","1","12","c6d4","resolved","c6d4","true","true","true"
"measured","3","29","4","clock","245","2","12","c6d4","resolved","c6d4","true","true","true"
"measured","3","29","2","clock","245","1","12","c6d4","resolved","c6d4","true","true","true"
"measured","3","29","4","movetime","246","3","12","c6d4","resolved","c6d4","true","true","true"
"measured","3","29","4","movetime","246","1","12","c6d4","resolved","c6d4","true","true","true"
"measured","3","29","4","movetime","246","2","12","c6d4","resolved","c6d4","true","true","true"
"measured","3","29","2","movetime","246","1","11","c6d4","resolved","c6d4","true","true","true"
"measured","3","30","4","movetime","247","2","13","b1a2","resolved","f2f3","true","false","false"
"measured","3","30","4","movetime","247","3","12","b1a2","resolved","f2f3","false","false","false"
"measured","3","30","4","movetime","247","1","12","b1a2","resolved","f2f3","false","false","false"
"measured","3","30","2","movetime","247","1","11","g2g4","resolved","f2f3","true","false","false"
"measured","3","30","4","clock","248","2","14","h4h5","resolved","f2f3","true","false","false"
"measured","3","30","4","clock","248","3","14","h4h5","resolved","f2f3","true","false","false"
"measured","3","30","4","clock","248","1","14","h4h5","resolved","f2f3","true","false","false"
"measured","3","30","2","clock","248","1","12","h4h5","resolved","f2f3","true","false","false"
"measured","4","0","2","clock","249","1","14","e2e4","adjacent_moves_disagree","","true","unresolved","unresolved"
"measured","4","0","4","clock","249","1","14","e2e4","adjacent_moves_disagree","","true","unresolved","unresolved"
"measured","4","0","4","clock","249","3","14","e2e4","adjacent_moves_disagree","","true","unresolved","unresolved"
"measured","4","0","4","clock","249","2","14","e2e4","adjacent_moves_disagree","","true","unresolved","unresolved"
"measured","4","0","2","movetime","250","1","13","e2e4","adjacent_moves_disagree","","true","unresolved","unresolved"
"measured","4","0","4","movetime","250","2","13","e2e4","adjacent_moves_disagree","","true","unresolved","unresolved"
"measured","4","0","4","movetime","250","1","13","e2e4","adjacent_moves_disagree","","true","unresolved","unresolved"
"measured","4","0","4","movetime","250","3","13","e2e4","adjacent_moves_disagree","","true","unresolved","unresolved"
"measured","4","1","2","movetime","251","1","10","e2a6","resolved","e2a6","true","true","true"
"measured","4","1","4","movetime","251","2","10","e2a6","resolved","e2a6","true","true","true"
"measured","4","1","4","movetime","251","3","10","e2a6","resolved","e2a6","true","true","true"
"measured","4","1","4","movetime","251","1","10","e2a6","resolved","e2a6","true","true","true"
"measured","4","1","2","clock","252","1","11","e2a6","resolved","e2a6","true","true","true"
"measured","4","1","4","clock","252","2","11","e2a6","resolved","e2a6","true","true","true"
"measured","4","1","4","clock","252","1","11","e2a6","resolved","e2a6","true","true","true"
"measured","4","1","4","clock","252","3","11","e2a6","resolved","e2a6","true","true","true"
"measured","4","2","2","clock","253","1","24","e1d2","watchdog_timeout","","true","unresolved","unresolved"
"measured","4","2","4","clock","253","1","25","e1d2","watchdog_timeout","","true","unresolved","unresolved"
"measured","4","2","4","clock","253","2","25","e1d2","watchdog_timeout","","true","unresolved","unresolved"
"measured","4","2","4","clock","253","3","25","e1d2","watchdog_timeout","","true","unresolved","unresolved"
"measured","4","2","2","movetime","254","1","26","e1f2","watchdog_timeout","","true","unresolved","unresolved"
"measured","4","2","4","movetime","254","1","23","e1d2","watchdog_timeout","","true","unresolved","unresolved"
"measured","4","2","4","movetime","254","3","23","e1d2","watchdog_timeout","","true","unresolved","unresolved"
"measured","4","2","4","movetime","254","2","23","e1d2","watchdog_timeout","","true","unresolved","unresolved"
"measured","4","3","2","movetime","255","1","12","c4c5","resolved","c4c5","true","true","true"
"measured","4","3","4","movetime","255","2","13","c4c5","resolved","c4c5","true","true","true"
"measured","4","3","4","movetime","255","3","13","c4c5","resolved","c4c5","true","true","true"
"measured","4","3","4","movetime","255","1","13","c4c5","resolved","c4c5","true","true","true"
"measured","4","3","2","clock","256","1","13","c4c5","resolved","c4c5","true","true","true"
"measured","4","3","4","clock","256","2","14","c4c5","resolved","c4c5","true","true","true"
"measured","4","3","4","clock","256","3","14","c4c5","resolved","c4c5","true","true","true"
"measured","4","3","4","clock","256","1","14","c4c5","resolved","c4c5","true","true","true"
"measured","4","4","2","clock","257","1","14","b5c4","resolved","b5c4","true","true","true"
"measured","4","4","4","clock","257","1","15","b5c4","resolved","b5c4","true","true","true"
"measured","4","4","4","clock","257","3","15","b5c4","resolved","b5c4","true","true","true"
"measured","4","4","4","clock","257","2","15","b5c4","resolved","b5c4","true","true","true"
"measured","4","4","2","movetime","258","1","14","b5c4","resolved","b5c4","true","true","true"
"measured","4","4","4","movetime","258","2","15","b5c4","resolved","b5c4","true","true","true"
"measured","4","4","4","movetime","258","3","15","b5c4","resolved","b5c4","true","true","true"
"measured","4","4","4","movetime","258","1","15","b5c4","resolved","b5c4","true","true","true"
"measured","4","5","2","movetime","259","1","12","c3e2","resolved","g1h1","true","false","true"
"measured","4","5","4","movetime","259","1","13","d1d3","resolved","g1h1","true","false","true"
"measured","4","5","4","movetime","259","3","13","g1h1","resolved","g1h1","true","true","true"
"measured","4","5","4","movetime","259","2","13","g1h1","resolved","g1h1","true","true","true"
"measured","4","5","2","clock","260","1","13","a3a4","resolved","g1h1","true","false","false"
"measured","4","5","4","clock","260","3","13","a3a4","resolved","g1h1","true","false","false"
"measured","4","5","4","clock","260","2","13","a3a4","resolved","g1h1","true","false","false"
"measured","4","5","4","clock","260","1","13","a3a4","resolved","g1h1","true","false","false"
"measured","4","6","2","clock","261","1","14","b4b2","resolved","b4b2","true","true","true"
"measured","4","6","4","clock","261","2","14","b4b2","resolved","b4b2","true","true","true"
"measured","4","6","4","clock","261","1","14","b4b2","resolved","b4b2","true","true","true"
"measured","4","6","4","clock","261","3","14","b4b2","resolved","b4b2","true","true","true"
"measured","4","6","2","movetime","262","1","13","b4b2","resolved","b4b2","true","true","true"
"measured","4","6","4","movetime","262","2","14","b4b2","resolved","b4b2","true","true","true"
"measured","4","6","4","movetime","262","1","13","b4b2","resolved","b4b2","false","true","true"
"measured","4","6","4","movetime","262","3","14","b4b2","resolved","b4b2","true","true","true"
"measured","4","7","2","movetime","263","1","13","a2a3","adjacent_moves_disagree","","true","unresolved","unresolved"
"measured","4","7","4","movetime","263","3","12","a2a3","adjacent_moves_disagree","","true","unresolved","unresolved"
"measured","4","7","4","movetime","263","2","12","f3d4","adjacent_moves_disagree","","true","unresolved","unresolved"
"measured","4","7","4","movetime","263","1","12","a2a3","adjacent_moves_disagree","","true","unresolved","unresolved"
"measured","4","7","2","clock","264","1","13","h3f5","adjacent_moves_disagree","","true","unresolved","unresolved"
"measured","4","7","4","clock","264","3","13","a2a3","adjacent_moves_disagree","","false","unresolved","unresolved"
"measured","4","7","4","clock","264","1","14","h3f5","adjacent_moves_disagree","","true","unresolved","unresolved"
"measured","4","7","4","clock","264","2","14","h3f5","adjacent_moves_disagree","","true","unresolved","unresolved"
"measured","4","8","2","clock","265","1","14","b3c2","resolved","b3c2","true","true","true"
"measured","4","8","4","clock","265","1","14","b3c2","resolved","b3c2","true","true","true"
"measured","4","8","4","clock","265","3","14","b3c2","resolved","b3c2","true","true","true"
"measured","4","8","4","clock","265","2","14","b3c2","resolved","b3c2","true","true","true"
"measured","4","8","2","movetime","266","1","11","b3c2","resolved","b3c2","true","true","true"
"measured","4","8","4","movetime","266","1","12","b3c2","resolved","b3c2","false","true","true"
"measured","4","8","4","movetime","266","2","13","b3c2","resolved","b3c2","true","true","true"
"measured","4","8","4","movetime","266","3","13","b3c2","resolved","b3c2","true","true","true"
"measured","4","9","2","movetime","267","1","14","c6g6","resolved","c6g6","true","true","true"
"measured","4","9","4","movetime","267","2","15","c6g6","resolved","c6g6","true","true","true"
"measured","4","9","4","movetime","267","1","15","c6g6","resolved","c6g6","true","true","true"
"measured","4","9","4","movetime","267","3","15","c6g6","resolved","c6g6","true","true","true"
"measured","4","9","2","clock","268","1","15","c6g6","resolved","c6g6","true","true","true"
"measured","4","9","4","clock","268","2","15","c6g6","resolved","c6g6","true","true","true"
"measured","4","9","4","clock","268","3","15","c6g6","resolved","c6g6","true","true","true"
"measured","4","9","4","clock","268","1","15","c6g6","resolved","c6g6","true","true","true"
"measured","4","10","2","clock","269","1","13","c6d4","adjacent_moves_disagree","","true","unresolved","unresolved"
"measured","4","10","4","clock","269","2","13","d6d5","adjacent_moves_disagree","","true","unresolved","unresolved"
"measured","4","10","4","clock","269","1","13","a7a6","adjacent_moves_disagree","","true","unresolved","unresolved"
"measured","4","10","4","clock","269","3","13","d6d5","adjacent_moves_disagree","","true","unresolved","unresolved"
"measured","4","10","2","movetime","270","1","12","c6d4","adjacent_moves_disagree","","true","unresolved","unresolved"
"measured","4","10","4","movetime","270","3","12","c6d4","adjacent_moves_disagree","","true","unresolved","unresolved"
"measured","4","10","4","movetime","270","2","12","c6d4","adjacent_moves_disagree","","true","unresolved","unresolved"
"measured","4","10","4","movetime","270","1","12","c6d4","adjacent_moves_disagree","","true","unresolved","unresolved"
"measured","4","11","2","movetime","271","1","16","e4f3","watchdog_timeout","","true","unresolved","unresolved"
"measured","4","11","4","movetime","271","2","15","e4f3","watchdog_timeout","","true","unresolved","unresolved"
"measured","4","11","4","movetime","271","3","15","e4f3","watchdog_timeout","","true","unresolved","unresolved"
"measured","4","11","4","movetime","271","1","15","e4f3","watchdog_timeout","","true","unresolved","unresolved"
"measured","4","11","2","clock","272","1","17","e4f3","watchdog_timeout","","true","unresolved","unresolved"
"measured","4","11","4","clock","272","3","17","e4f3","watchdog_timeout","","true","unresolved","unresolved"
"measured","4","11","4","clock","272","1","17","e4f3","watchdog_timeout","","true","unresolved","unresolved"
"measured","4","11","4","clock","272","2","17","e4f3","watchdog_timeout","","true","unresolved","unresolved"
"measured","4","12","2","clock","273","1","18","g6f5","watchdog_timeout","","true","unresolved","unresolved"
"measured","4","12","4","clock","273","1","18","g6f5","watchdog_timeout","","true","unresolved","unresolved"
"measured","4","12","4","clock","273","3","18","g6f5","watchdog_timeout","","true","unresolved","unresolved"
"measured","4","12","4","clock","273","2","18","g6f5","watchdog_timeout","","true","unresolved","unresolved"
"measured","4","12","2","movetime","274","1","16","g6f5","watchdog_timeout","","true","unresolved","unresolved"
"measured","4","12","4","movetime","274","1","19","g6f5","watchdog_timeout","","true","unresolved","unresolved"
"measured","4","12","4","movetime","274","2","19","g6f5","watchdog_timeout","","true","unresolved","unresolved"
"measured","4","12","4","movetime","274","3","19","g6f5","watchdog_timeout","","true","unresolved","unresolved"
"measured","4","13","2","movetime","275","1","12","b4f4","resolved","b4f4","true","true","true"
"measured","4","13","4","movetime","275","2","17","b4f4","resolved","b4f4","true","true","true"
"measured","4","13","4","movetime","275","1","17","b4f4","resolved","b4f4","true","true","true"
"measured","4","13","4","movetime","275","3","17","b4f4","resolved","b4f4","true","true","true"
"measured","4","13","2","clock","276","1","13","b4f4","resolved","b4f4","true","true","true"
"measured","4","13","4","clock","276","3","18","b4f4","resolved","b4f4","true","true","true"
"measured","4","13","4","clock","276","1","18","b4f4","resolved","b4f4","true","true","true"
"measured","4","13","4","clock","276","2","18","b4f4","resolved","b4f4","true","true","true"
"measured","4","14","2","clock","277","1","12","a1c1","resolved","d1d3","true","false","false"
"measured","4","14","4","clock","277","1","13","d1d3","resolved","d1d3","true","true","false"
"measured","4","14","4","clock","277","2","13","d1d3","resolved","d1d3","true","true","false"
"measured","4","14","4","clock","277","3","13","d1d3","resolved","d1d3","true","true","false"
"measured","4","14","2","movetime","278","1","11","f1e1","resolved","d1d3","true","false","false"
"measured","4","14","4","movetime","278","1","12","a1c1","resolved","d1d3","true","false","false"
"measured","4","14","4","movetime","278","3","12","a1c1","resolved","d1d3","true","false","false"
"measured","4","14","4","movetime","278","2","12","a1c1","resolved","d1d3","true","false","false"
"measured","4","15","2","movetime","279","1","12","c3d5","resolved","c3d5","true","true","true"
"measured","4","15","4","movetime","279","1","13","c3d5","resolved","c3d5","true","true","true"
"measured","4","15","4","movetime","279","3","13","c3d5","resolved","c3d5","true","true","true"
"measured","4","15","4","movetime","279","2","13","c3d5","resolved","c3d5","true","true","true"
"measured","4","15","2","clock","280","1","13","c3d5","resolved","c3d5","true","true","true"
"measured","4","15","4","clock","280","1","14","c3d5","resolved","c3d5","true","true","true"
"measured","4","15","4","clock","280","3","13","c3d5","resolved","c3d5","false","true","true"
"measured","4","15","4","clock","280","2","14","c3d5","resolved","c3d5","true","true","true"
"measured","4","16","2","clock","281","1","14","d5e4","resolved","d5e4","true","true","true"
"measured","4","16","4","clock","281","3","13","f6e4","resolved","d5e4","true","false","true"
"measured","4","16","4","clock","281","1","13","d5e4","resolved","d5e4","true","true","true"
"measured","4","16","4","clock","281","2","13","f6e4","resolved","d5e4","true","false","true"
"measured","4","16","2","movetime","282","1","13","f6e4","resolved","d5e4","true","false","false"
"measured","4","16","4","movetime","282","1","13","f6e4","resolved","d5e4","true","false","false"
"measured","4","16","4","movetime","282","2","13","f6e4","resolved","d5e4","true","false","false"
"measured","4","16","4","movetime","282","3","13","f6e4","resolved","d5e4","true","false","false"
"measured","4","17","2","movetime","283","1","13","a6a5","resolved","a6a5","true","true","true"
"measured","4","17","4","movetime","283","1","14","a6a5","resolved","a6a5","true","true","true"
"measured","4","17","4","movetime","283","3","14","a6a5","resolved","a6a5","true","true","true"
"measured","4","17","4","movetime","283","2","14","a6a5","resolved","a6a5","true","true","true"
"measured","4","17","2","clock","284","1","14","a6a5","resolved","a6a5","true","true","true"
"measured","4","17","4","clock","284","3","14","a6a5","resolved","a6a5","true","true","true"
"measured","4","17","4","clock","284","1","14","a6a5","resolved","a6a5","true","true","true"
"measured","4","17","4","clock","284","2","14","a6a5","resolved","a6a5","true","true","true"
"measured","4","18","2","clock","285","1","13","e2e3","resolved","e2e3","true","true","true"
"measured","4","18","4","clock","285","1","13","g1f3","resolved","e2e3","true","false","false"
"measured","4","18","4","clock","285","2","13","g1f3","resolved","e2e3","true","false","false"
"measured","4","18","4","clock","285","3","13","g1f3","resolved","e2e3","true","false","false"
"measured","4","18","2","movetime","286","1","12","b1c3","resolved","e2e3","true","false","true"
"measured","4","18","4","movetime","286","1","12","e2e3","resolved","e2e3","true","true","true"
"measured","4","18","4","movetime","286","2","12","e2e3","resolved","e2e3","true","true","true"
"measured","4","18","4","movetime","286","3","12","e2e3","resolved","e2e3","true","true","true"
"measured","4","19","2","movetime","287","1","15","a5c3","adjacent_moves_disagree","","true","unresolved","unresolved"
"measured","4","19","4","movetime","287","3","14","a5c3","adjacent_moves_disagree","","true","unresolved","unresolved"
"measured","4","19","4","movetime","287","2","14","a5c3","adjacent_moves_disagree","","true","unresolved","unresolved"
"measured","4","19","4","movetime","287","1","14","a5c3","adjacent_moves_disagree","","true","unresolved","unresolved"
"measured","4","19","2","clock","288","1","14","a5c3","adjacent_moves_disagree","","true","unresolved","unresolved"
"measured","4","19","4","clock","288","2","15","a5b6","adjacent_moves_disagree","","true","unresolved","unresolved"
"measured","4","19","4","clock","288","1","15","a5b6","adjacent_moves_disagree","","true","unresolved","unresolved"
"measured","4","19","4","clock","288","3","15","a5b6","adjacent_moves_disagree","","true","unresolved","unresolved"
"measured","4","20","2","clock","289","1","16","d7d2","watchdog_timeout","","true","unresolved","unresolved"
"measured","4","20","4","clock","289","3","17","d7d2","watchdog_timeout","","true","unresolved","unresolved"
"measured","4","20","4","clock","289","1","16","d7d2","watchdog_timeout","","false","unresolved","unresolved"
"measured","4","20","4","clock","289","2","17","d7d2","watchdog_timeout","","true","unresolved","unresolved"
"measured","4","20","2","movetime","290","1","15","d7d2","watchdog_timeout","","true","unresolved","unresolved"
"measured","4","20","4","movetime","290","1","16","d7d2","watchdog_timeout","","true","unresolved","unresolved"
"measured","4","20","4","movetime","290","2","16","d7d2","watchdog_timeout","","true","unresolved","unresolved"
"measured","4","20","4","movetime","290","3","16","d7d2","watchdog_timeout","","true","unresolved","unresolved"
"measured","4","21","2","movetime","291","1","11","c6a4","resolved","g6g5","true","false","false"
"measured","4","21","4","movetime","291","1","12","c6a6","resolved","g6g5","true","false","false"
"measured","4","21","4","movetime","291","2","12","c6a6","resolved","g6g5","true","false","false"
"measured","4","21","4","movetime","291","3","12","c6a6","resolved","g6g5","true","false","false"
"measured","4","21","2","clock","292","1","13","g6g5","resolved","g6g5","true","true","true"
"measured","4","21","4","clock","292","1","12","g6g5","resolved","g6g5","false","true","false"
"measured","4","21","4","clock","292","2","13","g6g5","resolved","g6g5","true","true","false"
"measured","4","21","4","clock","292","3","13","g6g5","resolved","g6g5","true","true","false"
"measured","4","22","2","clock","293","1","14","d4b5","resolved","d4b5","true","true","true"
"measured","4","22","4","clock","293","3","14","d4b5","resolved","d4b5","true","true","true"
"measured","4","22","4","clock","293","2","14","d4b5","resolved","d4b5","true","true","true"
"measured","4","22","4","clock","293","1","14","d4b5","resolved","d4b5","true","true","true"
"measured","4","22","2","movetime","294","1","13","e1e6","resolved","d4b5","true","false","true"
"measured","4","22","4","movetime","294","2","14","d4b5","resolved","d4b5","true","true","true"
"measured","4","22","4","movetime","294","3","14","d4b5","resolved","d4b5","true","true","true"
"measured","4","22","4","movetime","294","1","14","d4b5","resolved","d4b5","true","true","true"
"measured","4","23","2","movetime","295","1","15","g5d8","watchdog_timeout","","true","unresolved","unresolved"
"measured","4","23","4","movetime","295","1","16","g5d8","watchdog_timeout","","true","unresolved","unresolved"
"measured","4","23","4","movetime","295","2","16","g5d8","watchdog_timeout","","true","unresolved","unresolved"
"measured","4","23","4","movetime","295","3","16","g5d8","watchdog_timeout","","true","unresolved","unresolved"
"measured","4","23","2","clock","296","1","16","g5d8","watchdog_timeout","","true","unresolved","unresolved"
"measured","4","23","4","clock","296","1","17","g5d8","watchdog_timeout","","true","unresolved","unresolved"
"measured","4","23","4","clock","296","3","17","g5d8","watchdog_timeout","","true","unresolved","unresolved"
"measured","4","23","4","clock","296","2","17","g5d8","watchdog_timeout","","true","unresolved","unresolved"
"measured","4","24","2","clock","297","1","16","d5e3","watchdog_timeout","","true","unresolved","unresolved"
"measured","4","24","4","clock","297","3","16","d5e3","watchdog_timeout","","true","unresolved","unresolved"
"measured","4","24","4","clock","297","2","16","d5e3","watchdog_timeout","","true","unresolved","unresolved"
"measured","4","24","4","clock","297","1","16","d5e3","watchdog_timeout","","true","unresolved","unresolved"
"measured","4","24","2","movetime","298","1","16","d5e3","watchdog_timeout","","true","unresolved","unresolved"
"measured","4","24","4","movetime","298","2","18","d5e3","watchdog_timeout","","true","unresolved","unresolved"
"measured","4","24","4","movetime","298","3","18","d5e3","watchdog_timeout","","true","unresolved","unresolved"
"measured","4","24","4","movetime","298","1","18","d5e3","watchdog_timeout","","true","unresolved","unresolved"
"measured","4","25","2","movetime","299","1","15","h5e2","resolved","h5e2","true","true","true"
"measured","4","25","4","movetime","299","2","14","h5e2","resolved","h5e2","true","true","true"
"measured","4","25","4","movetime","299","1","14","h5e2","resolved","h5e2","true","true","true"
"measured","4","25","4","movetime","299","3","14","h5e2","resolved","h5e2","true","true","true"
"measured","4","25","2","clock","300","1","15","h5e2","resolved","h5e2","true","true","true"
"measured","4","25","4","clock","300","2","14","h5e2","resolved","h5e2","false","true","true"
"measured","4","25","4","clock","300","1","15","h5e2","resolved","h5e2","true","true","true"
"measured","4","25","4","clock","300","3","15","h5e2","resolved","h5e2","true","true","true"
"measured","4","26","2","clock","301","1","18","a6a5","resolved","a6a5","true","true","true"
"measured","4","26","4","clock","301","3","18","a6a5","resolved","a6a5","true","true","true"
"measured","4","26","4","clock","301","1","18","a6a5","resolved","a6a5","true","true","true"
"measured","4","26","4","clock","301","2","18","a6a5","resolved","a6a5","true","true","true"
"measured","4","26","2","movetime","302","1","17","a6a5","resolved","a6a5","true","true","true"
"measured","4","26","4","movetime","302","2","18","a6a5","resolved","a6a5","true","true","true"
"measured","4","26","4","movetime","302","3","18","a6a5","resolved","a6a5","true","true","true"
"measured","4","26","4","movetime","302","1","18","a6a5","resolved","a6a5","true","true","true"
"measured","4","27","2","movetime","303","1","16","a6a5","watchdog_timeout","","true","unresolved","unresolved"
"measured","4","27","4","movetime","303","1","17","a6a5","watchdog_timeout","","true","unresolved","unresolved"
"measured","4","27","4","movetime","303","3","17","a6a5","watchdog_timeout","","true","unresolved","unresolved"
"measured","4","27","4","movetime","303","2","17","a6a5","watchdog_timeout","","true","unresolved","unresolved"
"measured","4","27","2","clock","304","1","19","a6a5","watchdog_timeout","","true","unresolved","unresolved"
"measured","4","27","4","clock","304","3","20","a6a5","watchdog_timeout","","true","unresolved","unresolved"
"measured","4","27","4","clock","304","2","20","a6a5","watchdog_timeout","","true","unresolved","unresolved"
"measured","4","27","4","clock","304","1","20","a6a5","watchdog_timeout","","true","unresolved","unresolved"
"measured","4","28","2","clock","305","1","12","a5a6","resolved","d2b4","true","false","false"
"measured","4","28","4","clock","305","3","13","d2b4","resolved","d2b4","true","true","true"
"measured","4","28","4","clock","305","2","12","a5a6","resolved","d2b4","false","false","true"
"measured","4","28","4","clock","305","1","12","a5a6","resolved","d2b4","false","false","true"
"measured","4","28","2","movetime","306","1","12","a5a6","resolved","d2b4","true","false","false"
"measured","4","28","4","movetime","306","1","12","a5a6","resolved","d2b4","true","false","false"
"measured","4","28","4","movetime","306","2","12","a5a6","resolved","d2b4","true","false","false"
"measured","4","28","4","movetime","306","3","12","a5a6","resolved","d2b4","true","false","false"
"measured","4","29","2","movetime","307","1","11","c6d4","resolved","c6d4","true","true","true"
"measured","4","29","4","movetime","307","2","12","c6d4","resolved","c6d4","true","true","true"
"measured","4","29","4","movetime","307","1","12","c6d4","resolved","c6d4","true","true","true"
"measured","4","29","4","movetime","307","3","12","c6d4","resolved","c6d4","true","true","true"
"measured","4","29","2","clock","308","1","12","c6d4","resolved","c6d4","true","true","true"
"measured","4","29","4","clock","308","3","13","c6d4","resolved","c6d4","true","true","true"
"measured","4","29","4","clock","308","1","13","c6d4","resolved","c6d4","true","true","true"
"measured","4","29","4","clock","308","2","13","c6d4","resolved","c6d4","true","true","true"
"measured","4","30","2","clock","309","1","14","h4h5","resolved","f2f3","true","false","false"
"measured","4","30","4","clock","309","3","13","h4h5","resolved","f2f3","true","false","true"
"measured","4","30","4","clock","309","1","13","h4h5","resolved","f2f3","true","false","true"
"measured","4","30","4","clock","309","2","13","h4h5","resolved","f2f3","true","false","true"
"measured","4","30","2","movetime","310","1","12","h4h5","resolved","f2f3","true","false","false"
"measured","4","30","4","movetime","310","2","13","g2g4","resolved","f2f3","true","false","false"
"measured","4","30","4","movetime","310","1","13","h4h5","resolved","f2f3","true","false","false"
"measured","4","30","4","movetime","310","3","13","h4h5","resolved","f2f3","true","false","false"
"measured","5","0","2","movetime","311","1","13","e2e4","adjacent_moves_disagree","","true","unresolved","unresolved"
"measured","5","0","4","movetime","311","2","14","e2e4","adjacent_moves_disagree","","true","unresolved","unresolved"
"measured","5","0","4","movetime","311","3","14","e2e4","adjacent_moves_disagree","","true","unresolved","unresolved"
"measured","5","0","4","movetime","311","1","14","e2e4","adjacent_moves_disagree","","true","unresolved","unresolved"
"measured","5","0","2","clock","312","1","14","e2e4","adjacent_moves_disagree","","true","unresolved","unresolved"
"measured","5","0","4","clock","312","1","14","e2e4","adjacent_moves_disagree","","true","unresolved","unresolved"
"measured","5","0","4","clock","312","2","14","e2e4","adjacent_moves_disagree","","true","unresolved","unresolved"
"measured","5","0","4","clock","312","3","14","e2e4","adjacent_moves_disagree","","true","unresolved","unresolved"
"measured","5","1","2","clock","313","1","12","e2a6","resolved","e2a6","true","true","true"
"measured","5","1","4","clock","313","3","12","e2a6","resolved","e2a6","true","true","true"
"measured","5","1","4","clock","313","2","12","e2a6","resolved","e2a6","true","true","true"
"measured","5","1","4","clock","313","1","12","e2a6","resolved","e2a6","true","true","true"
"measured","5","1","2","movetime","314","1","10","e2a6","resolved","e2a6","true","true","true"
"measured","5","1","4","movetime","314","3","11","e2a6","resolved","e2a6","true","true","true"
"measured","5","1","4","movetime","314","1","11","e2a6","resolved","e2a6","true","true","true"
"measured","5","1","4","movetime","314","2","11","e2a6","resolved","e2a6","true","true","true"
"measured","5","2","2","movetime","315","1","24","e1d2","watchdog_timeout","","true","unresolved","unresolved"
"measured","5","2","4","movetime","315","3","25","e1f2","watchdog_timeout","","true","unresolved","unresolved"
"measured","5","2","4","movetime","315","1","25","e1d2","watchdog_timeout","","true","unresolved","unresolved"
"measured","5","2","4","movetime","315","2","25","e1d2","watchdog_timeout","","true","unresolved","unresolved"
"measured","5","2","2","clock","316","1","25","e1d2","watchdog_timeout","","true","unresolved","unresolved"
"measured","5","2","4","clock","316","2","23","e1d2","watchdog_timeout","","true","unresolved","unresolved"
"measured","5","2","4","clock","316","1","23","e1d2","watchdog_timeout","","true","unresolved","unresolved"
"measured","5","2","4","clock","316","3","23","e1d2","watchdog_timeout","","true","unresolved","unresolved"
"measured","5","3","2","clock","317","1","13","c4c5","resolved","c4c5","true","true","true"
"measured","5","3","4","clock","317","2","14","c4c5","resolved","c4c5","true","true","true"
"measured","5","3","4","clock","317","3","14","c4c5","resolved","c4c5","true","true","true"
"measured","5","3","4","clock","317","1","14","c4c5","resolved","c4c5","true","true","true"
"measured","5","3","2","movetime","318","1","12","c4c5","resolved","c4c5","true","true","true"
"measured","5","3","4","movetime","318","1","12","c4c5","resolved","c4c5","true","true","true"
"measured","5","3","4","movetime","318","3","12","c4c5","resolved","c4c5","true","true","true"
"measured","5","3","4","movetime","318","2","12","c4c5","resolved","c4c5","true","true","true"
"measured","5","4","2","movetime","319","1","13","b5c4","resolved","b5c4","true","true","true"
"measured","5","4","4","movetime","319","3","14","b5c4","resolved","b5c4","true","true","true"
"measured","5","4","4","movetime","319","1","14","b5c4","resolved","b5c4","true","true","true"
"measured","5","4","4","movetime","319","2","14","b5c4","resolved","b5c4","true","true","true"
"measured","5","4","2","clock","320","1","14","b5c4","resolved","b5c4","true","true","true"
"measured","5","4","4","clock","320","2","15","b5c4","resolved","b5c4","true","true","true"
"measured","5","4","4","clock","320","1","15","b5c4","resolved","b5c4","true","true","true"
"measured","5","4","4","clock","320","3","15","b5c4","resolved","b5c4","true","true","true"
"measured","5","5","2","clock","321","1","12","g1h1","resolved","g1h1","true","true","true"
"measured","5","5","4","clock","321","3","13","c3e2","resolved","g1h1","true","false","false"
"measured","5","5","4","clock","321","1","13","c3e2","resolved","g1h1","true","false","false"
"measured","5","5","4","clock","321","2","13","d1d3","resolved","g1h1","true","false","false"
"measured","5","5","2","movetime","322","1","12","c3e2","resolved","g1h1","true","false","false"
"measured","5","5","4","movetime","322","1","12","d1d3","resolved","g1h1","false","false","false"
"measured","5","5","4","movetime","322","3","13","d1d3","resolved","g1h1","true","false","false"
"measured","5","5","4","movetime","322","2","13","d1d3","resolved","g1h1","true","false","false"
"measured","5","6","2","movetime","323","1","13","b4b2","resolved","b4b2","true","true","true"
"measured","5","6","4","movetime","323","2","14","b4b2","resolved","b4b2","true","true","true"
"measured","5","6","4","movetime","323","1","14","b4b2","resolved","b4b2","true","true","true"
"measured","5","6","4","movetime","323","3","14","b4b2","resolved","b4b2","true","true","true"
"measured","5","6","2","clock","324","1","13","b4b2","resolved","b4b2","true","true","true"
"measured","5","6","4","clock","324","3","14","b4b2","resolved","b4b2","true","true","true"
"measured","5","6","4","clock","324","2","14","b4b2","resolved","b4b2","true","true","true"
"measured","5","6","4","clock","324","1","14","b4b2","resolved","b4b2","true","true","true"
"measured","5","7","2","clock","325","1","14","h3f5","adjacent_moves_disagree","","true","unresolved","unresolved"
"measured","5","7","4","clock","325","2","14","g2g4","adjacent_moves_disagree","","true","unresolved","unresolved"
"measured","5","7","4","clock","325","1","14","h3f5","adjacent_moves_disagree","","true","unresolved","unresolved"
"measured","5","7","4","clock","325","3","14","g2g4","adjacent_moves_disagree","","true","unresolved","unresolved"
"measured","5","7","2","movetime","326","1","13","h3f5","adjacent_moves_disagree","","true","unresolved","unresolved"
"measured","5","7","4","movetime","326","2","13","a2a3","adjacent_moves_disagree","","true","unresolved","unresolved"
"measured","5","7","4","movetime","326","1","13","a2a3","adjacent_moves_disagree","","true","unresolved","unresolved"
"measured","5","7","4","movetime","326","3","13","a2a3","adjacent_moves_disagree","","true","unresolved","unresolved"
"measured","5","8","2","movetime","327","1","13","b3c2","resolved","b3c2","true","true","true"
"measured","5","8","4","movetime","327","2","13","b3c2","resolved","b3c2","true","true","true"
"measured","5","8","4","movetime","327","1","13","b3c2","resolved","b3c2","true","true","true"
"measured","5","8","4","movetime","327","3","13","b3c2","resolved","b3c2","true","true","true"
"measured","5","8","2","clock","328","1","13","b3c2","resolved","b3c2","true","true","true"
"measured","5","8","4","clock","328","2","14","b3c2","resolved","b3c2","true","true","true"
"measured","5","8","4","clock","328","1","14","b3c2","resolved","b3c2","true","true","true"
"measured","5","8","4","clock","328","3","14","b3c2","resolved","b3c2","true","true","true"
"measured","5","9","2","clock","329","1","15","c6g6","resolved","c6g6","true","true","true"
"measured","5","9","4","clock","329","3","15","c6g6","resolved","c6g6","true","true","true"
"measured","5","9","4","clock","329","1","15","c6g6","resolved","c6g6","true","true","true"
"measured","5","9","4","clock","329","2","15","c6g6","resolved","c6g6","true","true","true"
"measured","5","9","2","movetime","330","1","14","c6g6","resolved","c6g6","true","true","true"
"measured","5","9","4","movetime","330","3","15","c6g6","resolved","c6g6","true","true","true"
"measured","5","9","4","movetime","330","1","15","c6g6","resolved","c6g6","true","true","true"
"measured","5","9","4","movetime","330","2","15","c6g6","resolved","c6g6","true","true","true"
"measured","5","10","2","movetime","331","1","12","c8d7","adjacent_moves_disagree","","true","unresolved","unresolved"
"measured","5","10","4","movetime","331","1","12","c6d4","adjacent_moves_disagree","","true","unresolved","unresolved"
"measured","5","10","4","movetime","331","3","12","c6d4","adjacent_moves_disagree","","true","unresolved","unresolved"
"measured","5","10","4","movetime","331","2","12","c6d4","adjacent_moves_disagree","","true","unresolved","unresolved"
"measured","5","10","2","clock","332","1","13","c6d4","adjacent_moves_disagree","","true","unresolved","unresolved"
"measured","5","10","4","clock","332","1","13","c8d7","adjacent_moves_disagree","","true","unresolved","unresolved"
"measured","5","10","4","clock","332","2","13","c8d7","adjacent_moves_disagree","","true","unresolved","unresolved"
"measured","5","10","4","clock","332","3","13","c6d4","adjacent_moves_disagree","","true","unresolved","unresolved"
"measured","5","11","2","clock","333","1","16","e4f3","watchdog_timeout","","true","unresolved","unresolved"
"measured","5","11","4","clock","333","2","16","e4f3","watchdog_timeout","","true","unresolved","unresolved"
"measured","5","11","4","clock","333","3","16","e4f3","watchdog_timeout","","true","unresolved","unresolved"
"measured","5","11","4","clock","333","1","16","e4f3","watchdog_timeout","","true","unresolved","unresolved"
"measured","5","11","2","movetime","334","1","16","e4f3","watchdog_timeout","","true","unresolved","unresolved"
"measured","5","11","4","movetime","334","3","16","e4f3","watchdog_timeout","","true","unresolved","unresolved"
"measured","5","11","4","movetime","334","1","16","e4f3","watchdog_timeout","","true","unresolved","unresolved"
"measured","5","11","4","movetime","334","2","16","e4f3","watchdog_timeout","","true","unresolved","unresolved"
"measured","5","12","2","movetime","335","1","18","g6f5","watchdog_timeout","","true","unresolved","unresolved"
"measured","5","12","4","movetime","335","2","17","g6f5","watchdog_timeout","","true","unresolved","unresolved"
"measured","5","12","4","movetime","335","3","17","g6f5","watchdog_timeout","","true","unresolved","unresolved"
"measured","5","12","4","movetime","335","1","17","g6f5","watchdog_timeout","","true","unresolved","unresolved"
"measured","5","12","2","clock","336","1","19","g6f5","watchdog_timeout","","true","unresolved","unresolved"
"measured","5","12","4","clock","336","1","19","g6f5","watchdog_timeout","","true","unresolved","unresolved"
"measured","5","12","4","clock","336","3","19","g6f5","watchdog_timeout","","true","unresolved","unresolved"
"measured","5","12","4","clock","336","2","19","g6f5","watchdog_timeout","","true","unresolved","unresolved"
"measured","5","13","2","clock","337","1","17","b4f4","resolved","b4f4","true","true","true"
"measured","5","13","4","clock","337","3","16","b4f4","resolved","b4f4","false","true","true"
"measured","5","13","4","clock","337","1","17","b4f4","resolved","b4f4","true","true","true"
"measured","5","13","4","clock","337","2","17","b4f4","resolved","b4f4","true","true","true"
"measured","5","13","2","movetime","338","1","17","b4f4","resolved","b4f4","true","true","true"
"measured","5","13","4","movetime","338","2","17","b4f4","resolved","b4f4","true","true","true"
"measured","5","13","4","movetime","338","3","17","b4f4","resolved","b4f4","true","true","true"
"measured","5","13","4","movetime","338","1","17","b4f4","resolved","b4f4","true","true","true"
"measured","5","14","2","movetime","339","1","12","d1d3","resolved","d1d3","true","true","false"
"measured","5","14","4","movetime","339","3","12","a2a4","resolved","d1d3","true","false","false"
"measured","5","14","4","movetime","339","2","12","d1d3","resolved","d1d3","true","true","false"
"measured","5","14","4","movetime","339","1","12","a2a4","resolved","d1d3","true","false","false"
"measured","5","14","2","clock","340","1","12","a1c1","resolved","d1d3","true","false","false"
"measured","5","14","4","clock","340","3","13","f1e1","resolved","d1d3","true","false","false"
"measured","5","14","4","clock","340","1","12","a2a4","resolved","d1d3","false","false","false"
"measured","5","14","4","clock","340","2","13","f1e1","resolved","d1d3","true","false","false"
"measured","5","15","2","clock","341","1","13","c3d5","resolved","c3d5","true","true","true"
"measured","5","15","4","clock","341","3","13","c3d5","resolved","c3d5","true","true","true"
"measured","5","15","4","clock","341","2","13","c3d5","resolved","c3d5","true","true","true"
"measured","5","15","4","clock","341","1","13","c3d5","resolved","c3d5","true","true","true"
"measured","5","15","2","movetime","342","1","12","c3d5","resolved","c3d5","true","true","true"
"measured","5","15","4","movetime","342","1","13","c3d5","resolved","c3d5","true","true","true"
"measured","5","15","4","movetime","342","2","13","c3d5","resolved","c3d5","true","true","true"
"measured","5","15","4","movetime","342","3","13","c3d5","resolved","c3d5","true","true","true"
"measured","5","16","2","movetime","343","1","12","f6e4","resolved","d5e4","true","false","false"
"measured","5","16","4","movetime","343","3","13","f6e4","resolved","d5e4","true","false","false"
"measured","5","16","4","movetime","343","1","13","d5e4","resolved","d5e4","true","true","false"
"measured","5","16","4","movetime","343","2","13","f6e4","resolved","d5e4","true","false","false"
"measured","5","16","2","clock","344","1","13","d5e4","resolved","d5e4","true","true","true"
"measured","5","16","4","clock","344","3","14","d5e4","resolved","d5e4","true","true","true"
"measured","5","16","4","clock","344","1","13","d5e4","resolved","d5e4","false","true","true"
"measured","5","16","4","clock","344","2","14","d5e4","resolved","d5e4","true","true","true"
"measured","5","17","2","clock","345","1","14","a6a5","resolved","a6a5","true","true","true"
"measured","5","17","4","clock","345","1","14","a6a5","resolved","a6a5","true","true","true"
"measured","5","17","4","clock","345","2","14","a6a5","resolved","a6a5","true","true","true"
"measured","5","17","4","clock","345","3","14","a6a5","resolved","a6a5","true","true","true"
"measured","5","17","2","movetime","346","1","14","a6a5","resolved","a6a5","true","true","true"
"measured","5","17","4","movetime","346","1","13","a6a5","resolved","a6a5","true","true","true"
"measured","5","17","4","movetime","346","2","13","a6a5","resolved","a6a5","true","true","true"
"measured","5","17","4","movetime","346","3","13","a6a5","resolved","a6a5","true","true","true"
"measured","5","18","2","movetime","347","1","12","b1c3","resolved","e2e3","true","false","false"
"measured","5","18","4","movetime","347","1","12","e2e3","resolved","e2e3","true","true","true"
"measured","5","18","4","movetime","347","2","12","e2e3","resolved","e2e3","true","true","true"
"measured","5","18","4","movetime","347","3","12","e2e3","resolved","e2e3","true","true","true"
"measured","5","18","2","clock","348","1","12","g1f3","resolved","e2e3","true","false","true"
"measured","5","18","4","clock","348","3","13","e2e3","resolved","e2e3","true","true","true"
"measured","5","18","4","clock","348","1","13","e2e3","resolved","e2e3","true","true","true"
"measured","5","18","4","clock","348","2","13","e2e3","resolved","e2e3","true","true","true"
"measured","5","19","2","clock","349","1","15","a5c3","adjacent_moves_disagree","","true","unresolved","unresolved"
"measured","5","19","4","clock","349","3","14","a5b6","adjacent_moves_disagree","","false","unresolved","unresolved"
"measured","5","19","4","clock","349","1","15","a5c3","adjacent_moves_disagree","","true","unresolved","unresolved"
"measured","5","19","4","clock","349","2","15","a5c3","adjacent_moves_disagree","","true","unresolved","unresolved"
"measured","5","19","2","movetime","350","1","15","a5c3","adjacent_moves_disagree","","true","unresolved","unresolved"
"measured","5","19","4","movetime","350","3","14","a5c3","adjacent_moves_disagree","","true","unresolved","unresolved"
"measured","5","19","4","movetime","350","1","14","a5c3","adjacent_moves_disagree","","true","unresolved","unresolved"
"measured","5","19","4","movetime","350","2","14","a5c3","adjacent_moves_disagree","","true","unresolved","unresolved"
"measured","5","20","2","movetime","351","1","15","d7d2","watchdog_timeout","","true","unresolved","unresolved"
"measured","5","20","4","movetime","351","2","15","d7d2","watchdog_timeout","","true","unresolved","unresolved"
"measured","5","20","4","movetime","351","3","15","d7d2","watchdog_timeout","","true","unresolved","unresolved"
"measured","5","20","4","movetime","351","1","15","d7d2","watchdog_timeout","","true","unresolved","unresolved"
"measured","5","20","2","clock","352","1","14","d7d2","watchdog_timeout","","true","unresolved","unresolved"
"measured","5","20","4","clock","352","1","17","d7d2","watchdog_timeout","","true","unresolved","unresolved"
"measured","5","20","4","clock","352","2","17","d7d2","watchdog_timeout","","true","unresolved","unresolved"
"measured","5","20","4","clock","352","3","17","d7d2","watchdog_timeout","","true","unresolved","unresolved"
"measured","5","21","2","clock","353","1","12","g6g5","resolved","g6g5","true","true","true"
"measured","5","21","4","clock","353","1","13","g6g5","resolved","g6g5","true","true","true"
"measured","5","21","4","clock","353","3","13","g6g5","resolved","g6g5","true","true","true"
"measured","5","21","4","clock","353","2","13","g6g5","resolved","g6g5","true","true","true"
"measured","5","21","2","movetime","354","1","11","c6b6","resolved","g6g5","true","false","false"
"measured","5","21","4","movetime","354","2","12","g8h7","resolved","g6g5","true","false","false"
"measured","5","21","4","movetime","354","1","12","g8h7","resolved","g6g5","true","false","false"
"measured","5","21","4","movetime","354","3","12","g8h7","resolved","g6g5","true","false","false"
"measured","5","22","2","movetime","355","1","13","d4b5","resolved","d4b5","true","true","true"
"measured","5","22","4","movetime","355","3","13","d4e6","resolved","d4b5","true","false","false"
"measured","5","22","4","movetime","355","2","13","d4e6","resolved","d4b5","true","false","false"
"measured","5","22","4","movetime","355","1","13","d4e6","resolved","d4b5","true","false","false"
"measured","5","22","2","clock","356","1","14","d4b5","resolved","d4b5","true","true","true"
"measured","5","22","4","clock","356","1","14","d4b5","resolved","d4b5","true","true","true"
"measured","5","22","4","clock","356","2","14","d4b5","resolved","d4b5","true","true","true"
"measured","5","22","4","clock","356","3","14","d4b5","resolved","d4b5","true","true","true"
"measured","5","23","2","clock","357","1","16","g5d8","watchdog_timeout","","true","unresolved","unresolved"
"measured","5","23","4","clock","357","3","17","g5d8","watchdog_timeout","","true","unresolved","unresolved"
"measured","5","23","4","clock","357","1","17","g5d8","watchdog_timeout","","true","unresolved","unresolved"
"measured","5","23","4","clock","357","2","17","g5d8","watchdog_timeout","","true","unresolved","unresolved"
"measured","5","23","2","movetime","358","1","15","g5d8","watchdog_timeout","","true","unresolved","unresolved"
"measured","5","23","4","movetime","358","1","15","g5d8","watchdog_timeout","","true","unresolved","unresolved"
"measured","5","23","4","movetime","358","2","15","g5d8","watchdog_timeout","","true","unresolved","unresolved"
"measured","5","23","4","movetime","358","3","15","g5d8","watchdog_timeout","","true","unresolved","unresolved"
"measured","5","24","2","movetime","359","1","16","d5e3","watchdog_timeout","","true","unresolved","unresolved"
"measured","5","24","4","movetime","359","3","16","d5e3","watchdog_timeout","","true","unresolved","unresolved"
"measured","5","24","4","movetime","359","2","16","d5e3","watchdog_timeout","","true","unresolved","unresolved"
"measured","5","24","4","movetime","359","1","16","d5e3","watchdog_timeout","","true","unresolved","unresolved"
"measured","5","24","2","clock","360","1","18","d5e3","watchdog_timeout","","true","unresolved","unresolved"
"measured","5","24","4","clock","360","3","18","d5e3","watchdog_timeout","","true","unresolved","unresolved"
"measured","5","24","4","clock","360","2","18","d5e3","watchdog_timeout","","true","unresolved","unresolved"
"measured","5","24","4","clock","360","1","18","d5e3","watchdog_timeout","","true","unresolved","unresolved"
"measured","5","25","2","clock","361","1","15","h5e2","resolved","h5e2","true","true","true"
"measured","5","25","4","clock","361","1","14","h5e2","resolved","h5e2","true","true","true"
"measured","5","25","4","clock","361","3","14","h5e2","resolved","h5e2","true","true","true"
"measured","5","25","4","clock","361","2","14","h5e2","resolved","h5e2","true","true","true"
"measured","5","25","2","movetime","362","1","15","h5e2","resolved","h5e2","true","true","true"
"measured","5","25","4","movetime","362","1","14","h5e2","resolved","h5e2","true","true","true"
"measured","5","25","4","movetime","362","3","14","h5e2","resolved","h5e2","true","true","true"
"measured","5","25","4","movetime","362","2","14","h5e2","resolved","h5e2","true","true","true"
"measured","5","26","2","movetime","363","1","17","a6a5","resolved","a6a5","true","true","true"
"measured","5","26","4","movetime","363","1","16","a6a5","resolved","a6a5","false","true","true"
"measured","5","26","4","movetime","363","3","17","a6a5","resolved","a6a5","true","true","true"
"measured","5","26","4","movetime","363","2","17","a6a5","resolved","a6a5","true","true","true"
"measured","5","26","2","clock","364","1","18","a6a5","resolved","a6a5","true","true","true"
"measured","5","26","4","clock","364","1","18","a6a5","resolved","a6a5","true","true","true"
"measured","5","26","4","clock","364","3","18","a6a5","resolved","a6a5","true","true","true"
"measured","5","26","4","clock","364","2","18","a6a5","resolved","a6a5","true","true","true"
"measured","5","27","2","clock","365","1","19","a6a5","watchdog_timeout","","true","unresolved","unresolved"
"measured","5","27","4","clock","365","1","17","a6a5","watchdog_timeout","","true","unresolved","unresolved"
"measured","5","27","4","clock","365","3","17","a6a5","watchdog_timeout","","true","unresolved","unresolved"
"measured","5","27","4","clock","365","2","17","a6a5","watchdog_timeout","","true","unresolved","unresolved"
"measured","5","27","2","movetime","366","1","18","a6a5","watchdog_timeout","","true","unresolved","unresolved"
"measured","5","27","4","movetime","366","3","18","a6a5","watchdog_timeout","","false","unresolved","unresolved"
"measured","5","27","4","movetime","366","1","19","a6a5","watchdog_timeout","","true","unresolved","unresolved"
"measured","5","27","4","movetime","366","2","19","a6a5","watchdog_timeout","","true","unresolved","unresolved"
"measured","5","28","2","movetime","367","1","12","a5a6","resolved","d2b4","true","false","false"
"measured","5","28","4","movetime","367","3","12","a5a6","resolved","d2b4","true","false","false"
"measured","5","28","4","movetime","367","2","12","a5a6","resolved","d2b4","true","false","false"
"measured","5","28","4","movetime","367","1","12","a5a6","resolved","d2b4","true","false","false"
"measured","5","28","2","clock","368","1","12","f2f4","resolved","d2b4","true","false","false"
"measured","5","28","4","clock","368","3","13","d2b4","resolved","d2b4","true","true","true"
"measured","5","28","4","clock","368","1","13","d2b4","resolved","d2b4","true","true","true"
"measured","5","28","4","clock","368","2","13","d2b4","resolved","d2b4","true","true","true"
"measured","5","29","2","clock","369","1","12","c6d4","resolved","c6d4","true","true","true"
"measured","5","29","4","clock","369","1","12","c6d4","resolved","c6d4","true","true","true"
"measured","5","29","4","clock","369","2","12","c6d4","resolved","c6d4","true","true","true"
"measured","5","29","4","clock","369","3","12","c6d4","resolved","c6d4","true","true","true"
"measured","5","29","2","movetime","370","1","11","c6d4","resolved","c6d4","true","true","true"
"measured","5","29","4","movetime","370","1","11","c6d4","resolved","c6d4","true","true","true"
"measured","5","29","4","movetime","370","3","11","c6d4","resolved","c6d4","true","true","true"
"measured","5","29","4","movetime","370","2","11","c6d4","resolved","c6d4","true","true","true"
"measured","5","30","2","movetime","371","1","12","h4h5","resolved","f2f3","true","false","false"
"measured","5","30","4","movetime","371","1","13","h4h5","resolved","f2f3","true","false","false"
"measured","5","30","4","movetime","371","2","13","h4h5","resolved","f2f3","true","false","false"
"measured","5","30","4","movetime","371","3","13","h4h5","resolved","f2f3","true","false","false"
"measured","5","30","2","clock","372","1","13","h4h5","resolved","f2f3","true","false","false"
"measured","5","30","4","clock","372","3","14","h4h5","resolved","f2f3","true","false","false"
"measured","5","30","4","clock","372","2","14","h4h5","resolved","f2f3","true","false","false"
"measured","5","30","4","clock","372","1","12","f2f3","resolved","f2f3","false","true","false"
"measured","6","0","4","clock","373","1","14","e2e4","adjacent_moves_disagree","","true","unresolved","unresolved"
"measured","6","0","4","clock","373","2","14","e2e4","adjacent_moves_disagree","","true","unresolved","unresolved"
"measured","6","0","4","clock","373","3","14","e2e4","adjacent_moves_disagree","","true","unresolved","unresolved"
"measured","6","0","2","clock","373","1","14","e2e4","adjacent_moves_disagree","","true","unresolved","unresolved"
"measured","6","0","4","movetime","374","1","14","e2e4","adjacent_moves_disagree","","true","unresolved","unresolved"
"measured","6","0","4","movetime","374","3","14","e2e4","adjacent_moves_disagree","","true","unresolved","unresolved"
"measured","6","0","4","movetime","374","2","14","e2e4","adjacent_moves_disagree","","true","unresolved","unresolved"
"measured","6","0","2","movetime","374","1","14","e2e4","adjacent_moves_disagree","","true","unresolved","unresolved"
"measured","6","1","4","movetime","375","1","11","e2a6","resolved","e2a6","true","true","true"
"measured","6","1","4","movetime","375","2","11","e2a6","resolved","e2a6","true","true","true"
"measured","6","1","4","movetime","375","3","11","e2a6","resolved","e2a6","true","true","true"
"measured","6","1","2","movetime","375","1","10","e2a6","resolved","e2a6","true","true","true"
"measured","6","1","4","clock","376","3","11","e2a6","resolved","e2a6","true","true","true"
"measured","6","1","4","clock","376","2","11","e2a6","resolved","e2a6","true","true","true"
"measured","6","1","4","clock","376","1","11","e2a6","resolved","e2a6","true","true","true"
"measured","6","1","2","clock","376","1","11","e2a6","resolved","e2a6","true","true","true"
"measured","6","2","4","clock","377","2","24","e1d2","watchdog_timeout","","true","unresolved","unresolved"
"measured","6","2","4","clock","377","3","24","e1d2","watchdog_timeout","","true","unresolved","unresolved"
"measured","6","2","4","clock","377","1","24","e1d2","watchdog_timeout","","true","unresolved","unresolved"
"measured","6","2","2","clock","377","1","24","e1d2","watchdog_timeout","","true","unresolved","unresolved"
"measured","6","2","4","movetime","378","1","24","e1d2","watchdog_timeout","","true","unresolved","unresolved"
"measured","6","2","4","movetime","378","2","24","e1d2","watchdog_timeout","","true","unresolved","unresolved"
"measured","6","2","4","movetime","378","3","24","e1d2","watchdog_timeout","","true","unresolved","unresolved"
"measured","6","2","2","movetime","378","1","24","e1d2","watchdog_timeout","","true","unresolved","unresolved"
"measured","6","3","4","movetime","379","1","12","c4c5","resolved","c4c5","true","true","true"
"measured","6","3","4","movetime","379","2","12","c4c5","resolved","c4c5","true","true","true"
"measured","6","3","4","movetime","379","3","12","c4c5","resolved","c4c5","true","true","true"
"measured","6","3","2","movetime","379","1","12","c4c5","resolved","c4c5","true","true","true"
"measured","6","3","4","clock","380","1","13","c4c5","resolved","c4c5","true","true","true"
"measured","6","3","4","clock","380","2","13","c4c5","resolved","c4c5","true","true","true"
"measured","6","3","4","clock","380","3","13","c4c5","resolved","c4c5","true","true","true"
"measured","6","3","2","clock","380","1","13","c4c5","resolved","c4c5","true","true","true"
"measured","6","4","4","clock","381","3","15","b5c4","resolved","b5c4","true","true","true"
"measured","6","4","4","clock","381","2","15","b5c4","resolved","b5c4","true","true","true"
"measured","6","4","4","clock","381","1","15","b5c4","resolved","b5c4","true","true","true"
"measured","6","4","2","clock","381","1","15","b5c4","resolved","b5c4","true","true","true"
"measured","6","4","4","movetime","382","3","14","b5c4","resolved","b5c4","true","true","true"
"measured","6","4","4","movetime","382","1","14","b5c4","resolved","b5c4","true","true","true"
"measured","6","4","4","movetime","382","2","14","b5c4","resolved","b5c4","true","true","true"
"measured","6","4","2","movetime","382","1","13","b5c4","resolved","b5c4","true","true","true"
"measured","6","5","4","movetime","383","2","13","d1d3","resolved","g1h1","true","false","false"
"measured","6","5","4","movetime","383","1","13","d1d3","resolved","g1h1","true","false","false"
"measured","6","5","4","movetime","383","3","13","d1d3","resolved","g1h1","true","false","false"
"measured","6","5","2","movetime","383","1","12","g1h1","resolved","g1h1","true","true","true"
"measured","6","5","4","clock","384","2","13","a3a4","resolved","g1h1","true","false","false"
"measured","6","5","4","clock","384","3","13","a3a4","resolved","g1h1","true","false","false"
"measured","6","5","4","clock","384","1","13","a3a4","resolved","g1h1","true","false","false"
"measured","6","5","2","clock","384","1","14","g1h1","resolved","g1h1","true","true","true"
"measured","6","6","4","clock","385","3","14","b4b2","resolved","b4b2","true","true","true"
"measured","6","6","4","clock","385","1","14","b4b2","resolved","b4b2","true","true","true"
"measured","6","6","4","clock","385","2","14","b4b2","resolved","b4b2","true","true","true"
"measured","6","6","2","clock","385","1","14","b4b2","resolved","b4b2","true","true","true"
"measured","6","6","4","movetime","386","1","13","b4b2","resolved","b4b2","true","true","true"
"measured","6","6","4","movetime","386","3","13","b4b2","resolved","b4b2","true","true","true"
"measured","6","6","4","movetime","386","2","13","b4b2","resolved","b4b2","true","true","true"
"measured","6","6","2","movetime","386","1","12","b4b2","resolved","b4b2","true","true","true"
"measured","6","7","4","movetime","387","2","12","g2g4","adjacent_moves_disagree","","true","unresolved","unresolved"
"measured","6","7","4","movetime","387","1","12","g2g4","adjacent_moves_disagree","","true","unresolved","unresolved"
"measured","6","7","4","movetime","387","3","12","g2g4","adjacent_moves_disagree","","true","unresolved","unresolved"
"measured","6","7","2","movetime","387","1","12","f3d4","adjacent_moves_disagree","","true","unresolved","unresolved"
"measured","6","7","4","clock","388","3","13","h3f5","adjacent_moves_disagree","","false","unresolved","unresolved"
"measured","6","7","4","clock","388","2","13","h3f5","adjacent_moves_disagree","","false","unresolved","unresolved"
"measured","6","7","4","clock","388","1","14","h3f5","adjacent_moves_disagree","","true","unresolved","unresolved"
"measured","6","7","2","clock","388","1","13","f3d4","adjacent_moves_disagree","","true","unresolved","unresolved"
"measured","6","8","4","clock","389","3","14","b3c2","resolved","b3c2","true","true","true"
"measured","6","8","4","clock","389","2","13","b3c2","resolved","b3c2","false","true","true"
"measured","6","8","4","clock","389","1","13","b3c2","resolved","b3c2","false","true","true"
"measured","6","8","2","clock","389","1","13","b3c2","resolved","b3c2","true","true","true"
"measured","6","8","4","movetime","390","3","13","b3c2","resolved","b3c2","true","true","true"
"measured","6","8","4","movetime","390","2","13","b3c2","resolved","b3c2","true","true","true"
"measured","6","8","4","movetime","390","1","13","b3c2","resolved","b3c2","true","true","true"
"measured","6","8","2","movetime","390","1","11","h5h4","resolved","b3c2","true","false","false"
"measured","6","9","4","movetime","391","1","14","c6g6","resolved","c6g6","true","true","true"
"measured","6","9","4","movetime","391","3","14","c6g6","resolved","c6g6","true","true","true"
"measured","6","9","4","movetime","391","2","14","c6g6","resolved","c6g6","true","true","true"
"measured","6","9","2","movetime","391","1","13","c6g6","resolved","c6g6","true","true","true"
"measured","6","9","4","clock","392","2","15","c6g6","resolved","c6g6","true","true","true"
"measured","6","9","4","clock","392","3","15","c6g6","resolved","c6g6","true","true","true"
"measured","6","9","4","clock","392","1","15","c6g6","resolved","c6g6","true","true","true"
"measured","6","9","2","clock","392","1","14","c6g6","resolved","c6g6","true","true","true"
"measured","6","10","4","clock","393","3","12","c6d4","adjacent_moves_disagree","","true","unresolved","unresolved"
"measured","6","10","4","clock","393","2","12","c8d7","adjacent_moves_disagree","","true","unresolved","unresolved"
"measured","6","10","4","clock","393","1","12","c8d7","adjacent_moves_disagree","","true","unresolved","unresolved"
"measured","6","10","2","clock","393","1","12","c6d4","adjacent_moves_disagree","","true","unresolved","unresolved"
"measured","6","10","4","movetime","394","3","12","c8d7","adjacent_moves_disagree","","true","unresolved","unresolved"
"measured","6","10","4","movetime","394","2","12","c8d7","adjacent_moves_disagree","","true","unresolved","unresolved"
"measured","6","10","4","movetime","394","1","12","c8d7","adjacent_moves_disagree","","true","unresolved","unresolved"
"measured","6","10","2","movetime","394","1","11","c6d4","adjacent_moves_disagree","","true","unresolved","unresolved"
"measured","6","11","4","movetime","395","1","16","e4f3","watchdog_timeout","","true","unresolved","unresolved"
"measured","6","11","4","movetime","395","2","16","e4f3","watchdog_timeout","","true","unresolved","unresolved"
"measured","6","11","4","movetime","395","3","16","e4f3","watchdog_timeout","","true","unresolved","unresolved"
"measured","6","11","2","movetime","395","1","16","e4f3","watchdog_timeout","","true","unresolved","unresolved"
"measured","6","11","4","clock","396","3","17","e4f3","watchdog_timeout","","true","unresolved","unresolved"
"measured","6","11","4","clock","396","1","17","e4f3","watchdog_timeout","","true","unresolved","unresolved"
"measured","6","11","4","clock","396","2","17","e4c6","watchdog_timeout","","true","unresolved","unresolved"
"measured","6","11","2","clock","396","1","15","e4f3","watchdog_timeout","","true","unresolved","unresolved"
"measured","6","12","4","clock","397","2","18","g6f5","watchdog_timeout","","true","unresolved","unresolved"
"measured","6","12","4","clock","397","3","18","g6f5","watchdog_timeout","","true","unresolved","unresolved"
"measured","6","12","4","clock","397","1","18","g6f5","watchdog_timeout","","true","unresolved","unresolved"
"measured","6","12","2","clock","397","1","18","g6f5","watchdog_timeout","","true","unresolved","unresolved"
"measured","6","12","4","movetime","398","3","18","g6f5","watchdog_timeout","","true","unresolved","unresolved"
"measured","6","12","4","movetime","398","2","18","g6f5","watchdog_timeout","","true","unresolved","unresolved"
"measured","6","12","4","movetime","398","1","18","g6f5","watchdog_timeout","","true","unresolved","unresolved"
"measured","6","12","2","movetime","398","1","17","g6f5","watchdog_timeout","","true","unresolved","unresolved"
"measured","6","13","4","movetime","399","1","14","b4f4","resolved","b4f4","false","true","true"
"measured","6","13","4","movetime","399","2","15","b4f4","resolved","b4f4","false","true","true"
"measured","6","13","4","movetime","399","3","16","b4f4","resolved","b4f4","true","true","true"
"measured","6","13","2","movetime","399","1","16","b4f4","resolved","b4f4","true","true","true"
"measured","6","13","4","clock","400","3","17","b4f4","resolved","b4f4","false","true","true"
"measured","6","13","4","clock","400","1","18","b4f4","resolved","b4f4","true","true","true"
"measured","6","13","4","clock","400","2","18","b4f4","resolved","b4f4","true","true","true"
"measured","6","13","2","clock","400","1","18","b4f4","resolved","b4f4","true","true","true"
"measured","6","14","4","clock","401","3","13","d1d3","resolved","d1d3","true","true","true"
"measured","6","14","4","clock","401","2","12","d1d3","resolved","d1d3","false","true","true"
"measured","6","14","4","clock","401","1","13","d1d3","resolved","d1d3","true","true","true"
"measured","6","14","2","clock","401","1","12","d1d3","resolved","d1d3","true","true","true"
"measured","6","14","4","movetime","402","3","12","a1c1","resolved","d1d3","true","false","false"
"measured","6","14","4","movetime","402","1","12","a1c1","resolved","d1d3","true","false","false"
"measured","6","14","4","movetime","402","2","12","a1c1","resolved","d1d3","true","false","false"
"measured","6","14","2","movetime","402","1","11","f1e1","resolved","d1d3","true","false","false"
"measured","6","15","4","movetime","403","2","12","c3d5","resolved","c3d5","true","true","true"
"measured","6","15","4","movetime","403","1","12","c3d5","resolved","c3d5","true","true","true"
"measured","6","15","4","movetime","403","3","12","c3d5","resolved","c3d5","true","true","true"
"measured","6","15","2","movetime","403","1","12","c3d5","resolved","c3d5","true","true","true"
"measured","6","15","4","clock","404","2","14","c3d5","resolved","c3d5","true","true","true"
"measured","6","15","4","clock","404","1","14","c3d5","resolved","c3d5","true","true","true"
"measured","6","15","4","clock","404","3","13","c3d5","resolved","c3d5","false","true","true"
"measured","6","15","2","clock","404","1","13","c3d5","resolved","c3d5","true","true","true"
"measured","6","16","4","clock","405","1","14","d5e4","resolved","d5e4","true","true","true"
"measured","6","16","4","clock","405","3","14","d5e4","resolved","d5e4","true","true","true"
"measured","6","16","4","clock","405","2","14","d5e4","resolved","d5e4","true","true","true"
"measured","6","16","2","clock","405","1","13","f6e4","resolved","d5e4","true","false","false"
"measured","6","16","4","movetime","406","3","12","f6e4","resolved","d5e4","true","false","true"
"measured","6","16","4","movetime","406","1","12","d5e4","resolved","d5e4","true","true","true"
"measured","6","16","4","movetime","406","2","12","d5e4","resolved","d5e4","true","true","true"
"measured","6","16","2","movetime","406","1","12","f6e4","resolved","d5e4","true","false","false"
"measured","6","17","4","movetime","407","1","13","a6a5","resolved","a6a5","true","true","true"
"measured","6","17","4","movetime","407","2","13","a6a5","resolved","a6a5","true","true","true"
"measured","6","17","4","movetime","407","3","13","a6a5","resolved","a6a5","true","true","true"
"measured","6","17","2","movetime","407","1","13","a6a5","resolved","a6a5","true","true","true"
"measured","6","17","4","clock","408","1","14","b8e8","resolved","a6a5","true","false","false"
"measured","6","17","4","clock","408","2","14","b8e8","resolved","a6a5","true","false","false"
"measured","6","17","4","clock","408","3","13","a6a5","resolved","a6a5","false","true","false"
"measured","6","17","2","clock","408","1","14","c7c5","resolved","a6a5","true","false","false"
"measured","6","18","4","clock","409","1","13","e2e3","resolved","e2e3","true","true","true"
"measured","6","18","4","clock","409","3","13","e2e3","resolved","e2e3","true","true","true"
"measured","6","18","4","clock","409","2","13","e2e3","resolved","e2e3","true","true","true"
"measured","6","18","2","clock","409","1","13","e2e3","resolved","e2e3","true","true","true"
"measured","6","18","4","movetime","410","3","12","e2e3","resolved","e2e3","true","true","true"
"measured","6","18","4","movetime","410","2","12","e2e3","resolved","e2e3","true","true","true"
"measured","6","18","4","movetime","410","1","12","e2e3","resolved","e2e3","true","true","true"
"measured","6","18","2","movetime","410","1","12","e2e3","resolved","e2e3","true","true","true"
"measured","6","19","4","movetime","411","1","14","a5c3","adjacent_moves_disagree","","true","unresolved","unresolved"
"measured","6","19","4","movetime","411","3","14","a5c3","adjacent_moves_disagree","","true","unresolved","unresolved"
"measured","6","19","4","movetime","411","2","14","a5c3","adjacent_moves_disagree","","true","unresolved","unresolved"
"measured","6","19","2","movetime","411","1","14","a5b6","adjacent_moves_disagree","","true","unresolved","unresolved"
"measured","6","19","4","clock","412","2","15","a5b6","adjacent_moves_disagree","","true","unresolved","unresolved"
"measured","6","19","4","clock","412","1","15","a5b6","adjacent_moves_disagree","","true","unresolved","unresolved"
"measured","6","19","4","clock","412","3","15","a5b6","adjacent_moves_disagree","","true","unresolved","unresolved"
"measured","6","19","2","clock","412","1","15","a5c3","adjacent_moves_disagree","","true","unresolved","unresolved"
"measured","6","20","4","clock","413","2","16","d7d2","watchdog_timeout","","true","unresolved","unresolved"
"measured","6","20","4","clock","413","1","16","d7d2","watchdog_timeout","","true","unresolved","unresolved"
"measured","6","20","4","clock","413","3","16","d7d2","watchdog_timeout","","true","unresolved","unresolved"
"measured","6","20","2","clock","413","1","16","d7d2","watchdog_timeout","","true","unresolved","unresolved"
"measured","6","20","4","movetime","414","3","14","d7d2","watchdog_timeout","","true","unresolved","unresolved"
"measured","6","20","4","movetime","414","2","14","d7d2","watchdog_timeout","","true","unresolved","unresolved"
"measured","6","20","4","movetime","414","1","14","d7d2","watchdog_timeout","","true","unresolved","unresolved"
"measured","6","20","2","movetime","414","1","15","d7d2","watchdog_timeout","","true","unresolved","unresolved"
"measured","6","21","4","movetime","415","2","12","c6a6","resolved","g6g5","true","false","false"
"measured","6","21","4","movetime","415","3","12","c6a6","resolved","g6g5","true","false","false"
"measured","6","21","4","movetime","415","1","12","c6a6","resolved","g6g5","true","false","false"
"measured","6","21","2","movetime","415","1","11","c6b6","resolved","g6g5","true","false","false"
"measured","6","21","4","clock","416","3","12","c6a6","resolved","g6g5","false","false","true"
"measured","6","21","4","clock","416","2","13","g6g5","resolved","g6g5","true","true","true"
"measured","6","21","4","clock","416","1","13","g6g5","resolved","g6g5","true","true","true"
"measured","6","21","2","clock","416","1","12","c6b6","resolved","g6g5","true","false","false"
"measured","6","22","4","clock","417","2","14","d4b5","resolved","d4b5","true","true","true"
"measured","6","22","4","clock","417","1","14","d4b5","resolved","d4b5","true","true","true"
"measured","6","22","4","clock","417","3","14","d4b5","resolved","d4b5","true","true","true"
"measured","6","22","2","clock","417","1","14","d4b5","resolved","d4b5","true","true","true"
"measured","6","22","4","movetime","418","3","13","d4e6","resolved","d4b5","true","false","false"
"measured","6","22","4","movetime","418","2","13","d4e6","resolved","d4b5","true","false","false"
"measured","6","22","4","movetime","418","1","13","d4e6","resolved","d4b5","true","false","false"
"measured","6","22","2","movetime","418","1","12","d4b5","resolved","d4b5","true","true","true"
"measured","6","23","4","movetime","419","1","15","g5d8","watchdog_timeout","","true","unresolved","unresolved"
"measured","6","23","4","movetime","419","3","15","g5d8","watchdog_timeout","","true","unresolved","unresolved"
"measured","6","23","4","movetime","419","2","15","g5d8","watchdog_timeout","","true","unresolved","unresolved"
"measured","6","23","2","movetime","419","1","16","g5d8","watchdog_timeout","","true","unresolved","unresolved"
"measured","6","23","4","clock","420","2","17","g5d8","watchdog_timeout","","true","unresolved","unresolved"
"measured","6","23","4","clock","420","3","17","g5d8","watchdog_timeout","","true","unresolved","unresolved"
"measured","6","23","4","clock","420","1","17","g5d8","watchdog_timeout","","true","unresolved","unresolved"
"measured","6","23","2","clock","420","1","17","g5d8","watchdog_timeout","","true","unresolved","unresolved"
"measured","6","24","4","clock","421","3","18","d5e3","watchdog_timeout","","true","unresolved","unresolved"
"measured","6","24","4","clock","421","1","18","d5e3","watchdog_timeout","","true","unresolved","unresolved"
"measured","6","24","4","clock","421","2","18","d5e3","watchdog_timeout","","true","unresolved","unresolved"
"measured","6","24","2","clock","421","1","17","d5e3","watchdog_timeout","","true","unresolved","unresolved"
"measured","6","24","4","movetime","422","3","16","d5e3","watchdog_timeout","","true","unresolved","unresolved"
"measured","6","24","4","movetime","422","1","16","d5e3","watchdog_timeout","","true","unresolved","unresolved"
"measured","6","24","4","movetime","422","2","16","d5e3","watchdog_timeout","","true","unresolved","unresolved"
"measured","6","24","2","movetime","422","1","17","d5e3","watchdog_timeout","","true","unresolved","unresolved"
"measured","6","25","4","movetime","423","2","13","h5e2","resolved","h5e2","true","true","true"
"measured","6","25","4","movetime","423","3","13","h5e2","resolved","h5e2","true","true","true"
"measured","6","25","4","movetime","423","1","13","h5e2","resolved","h5e2","true","true","true"
"measured","6","25","2","movetime","423","1","14","h5e2","resolved","h5e2","true","true","true"
"measured","6","25","4","clock","424","2","15","h5e2","resolved","h5e2","true","true","true"
"measured","6","25","4","clock","424","1","15","h5e2","resolved","h5e2","true","true","true"
"measured","6","25","4","clock","424","3","15","h5e2","resolved","h5e2","true","true","true"
"measured","6","25","2","clock","424","1","14","h5e2","resolved","h5e2","true","true","true"
"measured","6","26","4","clock","425","2","17","a6a5","resolved","a6a5","true","true","true"
"measured","6","26","4","clock","425","1","17","a6a5","resolved","a6a5","true","true","true"
"measured","6","26","4","clock","425","3","17","a6a5","resolved","a6a5","true","true","true"
"measured","6","26","2","clock","425","1","17","a6a5","resolved","a6a5","true","true","true"
"measured","6","26","4","movetime","426","2","17","a6a5","resolved","a6a5","true","true","true"
"measured","6","26","4","movetime","426","3","17","a6a5","resolved","a6a5","true","true","true"
"measured","6","26","4","movetime","426","1","17","a6a5","resolved","a6a5","true","true","true"
"measured","6","26","2","movetime","426","1","16","a6a5","resolved","a6a5","true","true","true"
"measured","6","27","4","movetime","427","2","18","a6a5","watchdog_timeout","","true","unresolved","unresolved"
"measured","6","27","4","movetime","427","1","18","a6a5","watchdog_timeout","","true","unresolved","unresolved"
"measured","6","27","4","movetime","427","3","18","a6a5","watchdog_timeout","","true","unresolved","unresolved"
"measured","6","27","2","movetime","427","1","18","a6a5","watchdog_timeout","","true","unresolved","unresolved"
"measured","6","27","4","clock","428","2","19","a6a5","watchdog_timeout","","true","unresolved","unresolved"
"measured","6","27","4","clock","428","1","19","a6a5","watchdog_timeout","","true","unresolved","unresolved"
"measured","6","27","4","clock","428","3","19","a6a5","watchdog_timeout","","true","unresolved","unresolved"
"measured","6","27","2","clock","428","1","19","a6a5","watchdog_timeout","","true","unresolved","unresolved"
"measured","6","28","4","clock","429","2","12","a5a6","resolved","d2b4","true","false","false"
"measured","6","28","4","clock","429","3","12","a5a6","resolved","d2b4","true","false","false"
"measured","6","28","4","clock","429","1","12","a5a6","resolved","d2b4","true","false","false"
"measured","6","28","2","clock","429","1","12","a5a6","resolved","d2b4","true","false","false"
"measured","6","28","4","movetime","430","2","12","a5a6","resolved","d2b4","true","false","false"
"measured","6","28","4","movetime","430","3","12","a5a6","resolved","d2b4","true","false","false"
"measured","6","28","4","movetime","430","1","12","a5a6","resolved","d2b4","true","false","false"
"measured","6","28","2","movetime","430","1","12","a5a6","resolved","d2b4","true","false","false"
"measured","6","29","4","movetime","431","2","11","c6d4","resolved","c6d4","true","true","true"
"measured","6","29","4","movetime","431","1","11","c6d4","resolved","c6d4","true","true","true"
"measured","6","29","4","movetime","431","3","11","c6d4","resolved","c6d4","true","true","true"
"measured","6","29","2","movetime","431","1","11","c6d4","resolved","c6d4","true","true","true"
"measured","6","29","4","clock","432","2","12","c6d4","resolved","c6d4","true","true","true"
"measured","6","29","4","clock","432","3","12","c6d4","resolved","c6d4","true","true","true"
"measured","6","29","4","clock","432","1","12","c6d4","resolved","c6d4","true","true","true"
"measured","6","29","2","clock","432","1","12","c6d4","resolved","c6d4","true","true","true"
"measured","6","30","4","clock","433","2","13","f2f3","resolved","f2f3","true","true","true"
"measured","6","30","4","clock","433","3","13","f2f5","resolved","f2f3","true","false","true"
"measured","6","30","4","clock","433","1","13","f2f5","resolved","f2f3","true","false","true"
"measured","6","30","2","clock","433","1","13","h4h5","resolved","f2f3","true","false","false"
"measured","6","30","4","movetime","434","3","12","g2g3","resolved","f2f3","true","false","false"
"measured","6","30","4","movetime","434","1","12","g2g3","resolved","f2f3","true","false","false"
"measured","6","30","4","movetime","434","2","12","g2g3","resolved","f2f3","true","false","false"
"measured","6","30","2","movetime","434","1","12","b1a2","resolved","f2f3","true","false","false"
"measured","7","0","2","movetime","435","1","13","e2e4","adjacent_moves_disagree","","true","unresolved","unresolved"
"measured","7","0","4","movetime","435","2","13","e2e4","adjacent_moves_disagree","","true","unresolved","unresolved"
"measured","7","0","4","movetime","435","1","13","e2e4","adjacent_moves_disagree","","true","unresolved","unresolved"
"measured","7","0","4","movetime","435","3","13","e2e4","adjacent_moves_disagree","","true","unresolved","unresolved"
"measured","7","0","2","clock","436","1","14","e2e4","adjacent_moves_disagree","","true","unresolved","unresolved"
"measured","7","0","4","clock","436","3","13","e2e4","adjacent_moves_disagree","","false","unresolved","unresolved"
"measured","7","0","4","clock","436","2","14","e2e4","adjacent_moves_disagree","","true","unresolved","unresolved"
"measured","7","0","4","clock","436","1","13","e2e4","adjacent_moves_disagree","","false","unresolved","unresolved"
"measured","7","1","2","clock","437","1","11","e2a6","resolved","e2a6","true","true","true"
"measured","7","1","4","clock","437","1","11","e2a6","resolved","e2a6","true","true","true"
"measured","7","1","4","clock","437","3","11","e2a6","resolved","e2a6","true","true","true"
"measured","7","1","4","clock","437","2","11","e2a6","resolved","e2a6","true","true","true"
"measured","7","1","2","movetime","438","1","10","e2a6","resolved","e2a6","true","true","true"
"measured","7","1","4","movetime","438","3","11","e2a6","resolved","e2a6","true","true","true"
"measured","7","1","4","movetime","438","1","11","e2a6","resolved","e2a6","true","true","true"
"measured","7","1","4","movetime","438","2","11","e2a6","resolved","e2a6","true","true","true"
"measured","7","2","2","movetime","439","1","23","e1d2","watchdog_timeout","","true","unresolved","unresolved"
"measured","7","2","4","movetime","439","2","24","e1f2","watchdog_timeout","","true","unresolved","unresolved"
"measured","7","2","4","movetime","439","1","24","e1f2","watchdog_timeout","","true","unresolved","unresolved"
"measured","7","2","4","movetime","439","3","24","e1f2","watchdog_timeout","","true","unresolved","unresolved"
"measured","7","2","2","clock","440","1","26","e1f2","watchdog_timeout","","true","unresolved","unresolved"
"measured","7","2","4","clock","440","1","24","e1d2","watchdog_timeout","","true","unresolved","unresolved"
"measured","7","2","4","clock","440","3","24","e1d2","watchdog_timeout","","true","unresolved","unresolved"
"measured","7","2","4","clock","440","2","24","e1d2","watchdog_timeout","","true","unresolved","unresolved"
"measured","7","3","2","clock","441","1","13","c4c5","resolved","c4c5","true","true","true"
"measured","7","3","4","clock","441","2","14","c4c5","resolved","c4c5","true","true","true"
"measured","7","3","4","clock","441","1","14","c4c5","resolved","c4c5","true","true","true"
"measured","7","3","4","clock","441","3","14","c4c5","resolved","c4c5","true","true","true"
"measured","7","3","2","movetime","442","1","12","c4c5","resolved","c4c5","true","true","true"
"measured","7","3","4","movetime","442","2","12","c4c5","resolved","c4c5","true","true","true"
"measured","7","3","4","movetime","442","1","12","c4c5","resolved","c4c5","true","true","true"
"measured","7","3","4","movetime","442","3","12","c4c5","resolved","c4c5","true","true","true"
"measured","7","4","2","movetime","443","1","14","b5c4","resolved","b5c4","true","true","true"
"measured","7","4","4","movetime","443","3","14","b5c4","resolved","b5c4","true","true","true"
"measured","7","4","4","movetime","443","2","14","b5c4","resolved","b5c4","true","true","true"
"measured","7","4","4","movetime","443","1","14","b5c4","resolved","b5c4","true","true","true"
"measured","7","4","2","clock","444","1","14","b5c4","resolved","b5c4","true","true","true"
"measured","7","4","4","clock","444","2","15","b5c4","resolved","b5c4","true","true","true"
"measured","7","4","4","clock","444","1","15","b5c4","resolved","b5c4","true","true","true"
"measured","7","4","4","clock","444","3","14","b5c4","resolved","b5c4","false","true","true"
"measured","7","5","2","clock","445","1","13","c3e2","resolved","g1h1","true","false","false"
"measured","7","5","4","clock","445","1","14","g1h1","resolved","g1h1","true","true","true"
"measured","7","5","4","clock","445","2","14","g1h1","resolved","g1h1","true","true","true"
"measured","7","5","4","clock","445","3","13","g1h1","resolved","g1h1","false","true","true"
"measured","7","5","2","movetime","446","1","13","c3e2","resolved","g1h1","true","false","false"
"measured","7","5","4","movetime","446","2","13","a3a4","resolved","g1h1","true","false","false"
"measured","7","5","4","movetime","446","3","13","a3a4","resolved","g1h1","true","false","false"
"measured","7","5","4","movetime","446","1","13","a3a4","resolved","g1h1","true","false","false"
"measured","7","6","2","movetime","447","1","12","b4b2","resolved","b4b2","true","true","true"
"measured","7","6","4","movetime","447","2","13","b4b2","resolved","b4b2","true","true","true"
"measured","7","6","4","movetime","447","3","13","b4b2","resolved","b4b2","true","true","true"
"measured","7","6","4","movetime","447","1","12","b4b2","resolved","b4b2","false","true","true"
"measured","7","6","2","clock","448","1","13","b4b2","resolved","b4b2","true","true","true"
"measured","7","6","4","clock","448","2","13","b4b2","resolved","b4b2","false","true","true"
"measured","7","6","4","clock","448","1","14","b4b2","resolved","b4b2","true","true","true"
"measured","7","6","4","clock","448","3","14","b4b2","resolved","b4b2","true","true","true"
"measured","7","7","2","clock","449","1","13","a2a3","adjacent_moves_disagree","","true","unresolved","unresolved"
"measured","7","7","4","clock","449","1","13","f3d4","adjacent_moves_disagree","","false","unresolved","unresolved"
"measured","7","7","4","clock","449","2","14","h3f5","adjacent_moves_disagree","","true","unresolved","unresolved"
"measured","7","7","4","clock","449","3","13","f3d4","adjacent_moves_disagree","","false","unresolved","unresolved"
"measured","7","7","2","movetime","450","1","13","a2a3","adjacent_moves_disagree","","true","unresolved","unresolved"
"measured","7","7","4","movetime","450","2","13","h3f5","adjacent_moves_disagree","","true","unresolved","unresolved"
"measured","7","7","4","movetime","450","3","13","h3f5","adjacent_moves_disagree","","true","unresolved","unresolved"
"measured","7","7","4","movetime","450","1","13","h3f5","adjacent_moves_disagree","","true","unresolved","unresolved"
"measured","7","8","2","movetime","451","1","12","b3c2","resolved","b3c2","true","true","true"
"measured","7","8","4","movetime","451","1","13","b3c2","resolved","b3c2","true","true","true"
"measured","7","8","4","movetime","451","2","13","b3c2","resolved","b3c2","true","true","true"
"measured","7","8","4","movetime","451","3","13","b3c2","resolved","b3c2","true","true","true"
"measured","7","8","2","clock","452","1","13","b3c2","resolved","b3c2","true","true","true"
"measured","7","8","4","clock","452","3","13","b3c2","resolved","b3c2","false","true","true"
"measured","7","8","4","clock","452","1","14","b3c2","resolved","b3c2","true","true","true"
"measured","7","8","4","clock","452","2","14","b3c2","resolved","b3c2","true","true","true"
"measured","7","9","2","clock","453","1","15","c6g6","resolved","c6g6","true","true","true"
"measured","7","9","4","clock","453","2","15","c6g6","resolved","c6g6","true","true","true"
"measured","7","9","4","clock","453","3","15","c6g6","resolved","c6g6","true","true","true"
"measured","7","9","4","clock","453","1","15","c6g6","resolved","c6g6","true","true","true"
"measured","7","9","2","movetime","454","1","14","c6g6","resolved","c6g6","true","true","true"
"measured","7","9","4","movetime","454","1","14","c6g6","resolved","c6g6","true","true","true"
"measured","7","9","4","movetime","454","2","14","c6g6","resolved","c6g6","true","true","true"
"measured","7","9","4","movetime","454","3","14","c6g6","resolved","c6g6","true","true","true"
"measured","7","10","2","movetime","455","1","12","c6d4","adjacent_moves_disagree","","true","unresolved","unresolved"
"measured","7","10","4","movetime","455","3","12","c8d7","adjacent_moves_disagree","","true","unresolved","unresolved"
"measured","7","10","4","movetime","455","2","12","c8d7","adjacent_moves_disagree","","true","unresolved","unresolved"
"measured","7","10","4","movetime","455","1","12","c8d7","adjacent_moves_disagree","","true","unresolved","unresolved"
"measured","7","10","2","clock","456","1","12","d6d5","adjacent_moves_disagree","","true","unresolved","unresolved"
"measured","7","10","4","clock","456","3","12","c6d4","adjacent_moves_disagree","","true","unresolved","unresolved"
"measured","7","10","4","clock","456","1","12","c6d4","adjacent_moves_disagree","","true","unresolved","unresolved"
"measured","7","10","4","clock","456","2","12","c6d4","adjacent_moves_disagree","","true","unresolved","unresolved"
"measured","7","11","2","clock","457","1","16","e4f3","watchdog_timeout","","true","unresolved","unresolved"
"measured","7","11","4","clock","457","3","17","e4f3","watchdog_timeout","","true","unresolved","unresolved"
"measured","7","11","4","clock","457","2","17","e4f3","watchdog_timeout","","true","unresolved","unresolved"
"measured","7","11","4","clock","457","1","17","e4f3","watchdog_timeout","","true","unresolved","unresolved"
"measured","7","11","2","movetime","458","1","16","e4f3","watchdog_timeout","","true","unresolved","unresolved"
"measured","7","11","4","movetime","458","3","16","e4f3","watchdog_timeout","","true","unresolved","unresolved"
"measured","7","11","4","movetime","458","2","16","e4f3","watchdog_timeout","","true","unresolved","unresolved"
"measured","7","11","4","movetime","458","1","16","e4f3","watchdog_timeout","","true","unresolved","unresolved"
"measured","7","12","2","movetime","459","1","18","g6f5","watchdog_timeout","","true","unresolved","unresolved"
"measured","7","12","4","movetime","459","1","17","g6f5","watchdog_timeout","","true","unresolved","unresolved"
"measured","7","12","4","movetime","459","2","17","g6f5","watchdog_timeout","","true","unresolved","unresolved"
"measured","7","12","4","movetime","459","3","17","g6f5","watchdog_timeout","","true","unresolved","unresolved"
"measured","7","12","2","clock","460","1","20","g6f5","watchdog_timeout","","true","unresolved","unresolved"
"measured","7","12","4","clock","460","1","20","g6f5","watchdog_timeout","","true","unresolved","unresolved"
"measured","7","12","4","clock","460","3","20","g6f5","watchdog_timeout","","true","unresolved","unresolved"
"measured","7","12","4","clock","460","2","19","g6f5","watchdog_timeout","","false","unresolved","unresolved"
"measured","7","13","2","clock","461","1","17","b4f4","resolved","b4f4","true","true","true"
"measured","7","13","4","clock","461","1","18","b4f4","resolved","b4f4","true","true","true"
"measured","7","13","4","clock","461","2","18","b4f4","resolved","b4f4","true","true","true"
"measured","7","13","4","clock","461","3","18","b4f4","resolved","b4f4","true","true","true"
"measured","7","13","2","movetime","462","1","17","b4f4","resolved","b4f4","true","true","true"
"measured","7","13","4","movetime","462","3","13","b4f4","resolved","b4f4","true","true","true"
"measured","7","13","4","movetime","462","1","13","b4f4","resolved","b4f4","true","true","true"
"measured","7","13","4","movetime","462","2","13","b4f4","resolved","b4f4","true","true","true"
"measured","7","14","2","movetime","463","1","12","a2a4","resolved","d1d3","true","false","false"
"measured","7","14","4","movetime","463","3","12","d1d3","resolved","d1d3","true","true","true"
"measured","7","14","4","movetime","463","2","12","d1d3","resolved","d1d3","true","true","true"
"measured","7","14","4","movetime","463","1","12","d1d3","resolved","d1d3","true","true","true"
"measured","7","14","2","clock","464","1","13","a2a4","resolved","d1d3","true","false","false"
"measured","7","14","4","clock","464","3","13","d1d3","resolved","d1d3","true","true","false"
"measured","7","14","4","clock","464","2","12","a1c1","resolved","d1d3","false","false","false"
"measured","7","14","4","clock","464","1","13","f1e1","resolved","d1d3","true","false","false"
"measured","7","15","2","clock","465","1","14","c3d5","resolved","c3d5","true","true","true"
"measured","7","15","4","clock","465","3","13","c3d5","resolved","c3d5","false","true","true"
"measured","7","15","4","clock","465","1","14","c3d5","resolved","c3d5","true","true","true"
"measured","7","15","4","clock","465","2","14","c3d5","resolved","c3d5","true","true","true"
"measured","7","15","2","movetime","466","1","12","c3d5","resolved","c3d5","true","true","true"
"measured","7","15","4","movetime","466","1","13","c3d5","resolved","c3d5","true","true","true"
"measured","7","15","4","movetime","466","2","13","c3d5","resolved","c3d5","true","true","true"
"measured","7","15","4","movetime","466","3","13","c3d5","resolved","c3d5","true","true","true"
"measured","7","16","2","movetime","467","1","12","d5e4","resolved","d5e4","true","true","true"
"measured","7","16","4","movetime","467","3","13","d5e4","resolved","d5e4","true","true","true"
"measured","7","16","4","movetime","467","2","13","d5e4","resolved","d5e4","true","true","true"
"measured","7","16","4","movetime","467","1","13","d5e4","resolved","d5e4","true","true","true"
"measured","7","16","2","clock","468","1","13","f6e4","resolved","d5e4","true","false","false"
"measured","7","16","4","clock","468","1","13","f6e4","resolved","d5e4","true","false","false"
"measured","7","16","4","clock","468","2","13","f6e4","resolved","d5e4","true","false","false"
"measured","7","16","4","clock","468","3","13","f6e4","resolved","d5e4","true","false","false"
"measured","7","17","2","clock","469","1","14","a6a5","resolved","a6a5","true","true","true"
"measured","7","17","4","clock","469","3","13","a6a5","resolved","a6a5","false","true","false"
"measured","7","17","4","clock","469","1","14","b8e8","resolved","a6a5","true","false","false"
"measured","7","17","4","clock","469","2","14","b8e8","resolved","a6a5","true","false","false"
"measured","7","17","2","movetime","470","1","13","a6a5","resolved","a6a5","true","true","true"
"measured","7","17","4","movetime","470","2","13","a6a5","resolved","a6a5","true","true","true"
"measured","7","17","4","movetime","470","1","13","a6a5","resolved","a6a5","true","true","true"
"measured","7","17","4","movetime","470","3","13","a6a5","resolved","a6a5","true","true","true"
"measured","7","18","2","movetime","471","1","12","b1c3","resolved","e2e3","true","false","false"
"measured","7","18","4","movetime","471","3","12","e2e3","resolved","e2e3","true","true","false"
"measured","7","18","4","movetime","471","2","12","e2e3","resolved","e2e3","true","true","false"
"measured","7","18","4","movetime","471","1","12","e2e3","resolved","e2e3","true","true","false"
"measured","7","18","2","clock","472","1","13","e2e3","resolved","e2e3","true","true","true"
"measured","7","18","4","clock","472","2","13","g1f3","resolved","e2e3","true","false","false"
"measured","7","18","4","clock","472","1","13","g1f3","resolved","e2e3","true","false","false"
"measured","7","18","4","clock","472","3","13","g1f3","resolved","e2e3","true","false","false"
"measured","7","19","2","clock","473","1","14","a5c3","adjacent_moves_disagree","","true","unresolved","unresolved"
"measured","7","19","4","clock","473","1","15","a5b6","adjacent_moves_disagree","","true","unresolved","unresolved"
"measured","7","19","4","clock","473","2","15","a5b6","adjacent_moves_disagree","","true","unresolved","unresolved"
"measured","7","19","4","clock","473","3","14","a5b6","adjacent_moves_disagree","","false","unresolved","unresolved"
"measured","7","19","2","movetime","474","1","13","a5b6","adjacent_moves_disagree","","true","unresolved","unresolved"
"measured","7","19","4","movetime","474","2","14","a5c3","adjacent_moves_disagree","","true","unresolved","unresolved"
"measured","7","19","4","movetime","474","1","14","a5c3","adjacent_moves_disagree","","true","unresolved","unresolved"
"measured","7","19","4","movetime","474","3","14","a5c3","adjacent_moves_disagree","","true","unresolved","unresolved"
"measured","7","20","2","movetime","475","1","15","d7d2","watchdog_timeout","","true","unresolved","unresolved"
"measured","7","20","4","movetime","475","2","15","d7d2","watchdog_timeout","","true","unresolved","unresolved"
"measured","7","20","4","movetime","475","3","15","d7d2","watchdog_timeout","","true","unresolved","unresolved"
"measured","7","20","4","movetime","475","1","15","d7d2","watchdog_timeout","","true","unresolved","unresolved"
"measured","7","20","2","clock","476","1","15","d7d2","watchdog_timeout","","true","unresolved","unresolved"
"measured","7","20","4","clock","476","1","17","d7d2","watchdog_timeout","","true","unresolved","unresolved"
"measured","7","20","4","clock","476","3","16","d7d2","watchdog_timeout","","false","unresolved","unresolved"
"measured","7","20","4","clock","476","2","17","d7d2","watchdog_timeout","","true","unresolved","unresolved"
"measured","7","21","2","clock","477","1","12","g8h7","resolved","g6g5","true","false","false"
"measured","7","21","4","clock","477","3","12","g6g5","resolved","g6g5","true","true","false"
"measured","7","21","4","clock","477","1","12","c6b6","resolved","g6g5","true","false","false"
"measured","7","21","4","clock","477","2","12","c6b6","resolved","g6g5","true","false","false"
"measured","7","21","2","movetime","478","1","11","g6g5","resolved","g6g5","true","true","false"
"measured","7","21","4","movetime","478","2","12","g6g5","resolved","g6g5","true","true","true"
"measured","7","21","4","movetime","478","1","12","g6g5","resolved","g6g5","true","true","true"
"measured","7","21","4","movetime","478","3","12","g6g5","resolved","g6g5","true","true","true"
"measured","7","22","2","movetime","479","1","13","d4b5","resolved","d4b5","true","true","true"
"measured","7","22","4","movetime","479","1","14","d4b5","resolved","d4b5","true","true","true"
"measured","7","22","4","movetime","479","3","14","d4b5","resolved","d4b5","true","true","true"
"measured","7","22","4","movetime","479","2","14","d4b5","resolved","d4b5","true","true","true"
"measured","7","22","2","clock","480","1","14","d4b5","resolved","d4b5","true","true","true"
"measured","7","22","4","clock","480","1","14","d4b5","resolved","d4b5","true","true","true"
"measured","7","22","4","clock","480","3","14","d4b5","resolved","d4b5","true","true","true"
"measured","7","22","4","clock","480","2","14","d4b5","resolved","d4b5","true","true","true"
"measured","7","23","2","clock","481","1","15","g5d8","watchdog_timeout","","true","unresolved","unresolved"
"measured","7","23","4","clock","481","3","17","g5d8","watchdog_timeout","","true","unresolved","unresolved"
"measured","7","23","4","clock","481","1","16","g5d8","watchdog_timeout","","false","unresolved","unresolved"
"measured","7","23","4","clock","481","2","17","g5d8","watchdog_timeout","","true","unresolved","unresolved"
"measured","7","23","2","movetime","482","1","16","g5d8","watchdog_timeout","","true","unresolved","unresolved"
"measured","7","23","4","movetime","482","2","16","g5d8","watchdog_timeout","","true","unresolved","unresolved"
"measured","7","23","4","movetime","482","3","16","g5d8","watchdog_timeout","","true","unresolved","unresolved"
"measured","7","23","4","movetime","482","1","16","g5d8","watchdog_timeout","","true","unresolved","unresolved"
"measured","7","24","2","movetime","483","1","17","d5e3","watchdog_timeout","","true","unresolved","unresolved"
"measured","7","24","4","movetime","483","3","17","d5e3","watchdog_timeout","","true","unresolved","unresolved"
"measured","7","24","4","movetime","483","2","17","d5e3","watchdog_timeout","","true","unresolved","unresolved"
"measured","7","24","4","movetime","483","1","17","d5e3","watchdog_timeout","","true","unresolved","unresolved"
"measured","7","24","2","clock","484","1","17","d5e3","watchdog_timeout","","true","unresolved","unresolved"
"measured","7","24","4","clock","484","1","18","d5e3","watchdog_timeout","","true","unresolved","unresolved"
"measured","7","24","4","clock","484","2","18","d5e3","watchdog_timeout","","true","unresolved","unresolved"
"measured","7","24","4","clock","484","3","16","d5e3","watchdog_timeout","","false","unresolved","unresolved"
"measured","7","25","2","clock","485","1","15","h5e2","resolved","h5e2","true","true","true"
"measured","7","25","4","clock","485","3","14","h5e2","resolved","h5e2","false","true","true"
"measured","7","25","4","clock","485","2","15","h5e2","resolved","h5e2","true","true","true"
"measured","7","25","4","clock","485","1","15","h5e2","resolved","h5e2","true","true","true"
"measured","7","25","2","movetime","486","1","13","h5e2","resolved","h5e2","true","true","true"
"measured","7","25","4","movetime","486","2","13","h5e2","resolved","h5e2","true","true","true"
"measured","7","25","4","movetime","486","1","13","h5e2","resolved","h5e2","true","true","true"
"measured","7","25","4","movetime","486","3","13","h5e2","resolved","h5e2","true","true","true"
"measured","7","26","2","movetime","487","1","17","a6a5","resolved","a6a5","true","true","true"
"measured","7","26","4","movetime","487","3","18","a6a5","resolved","a6a5","true","true","true"
"measured","7","26","4","movetime","487","1","18","a6a5","resolved","a6a5","true","true","true"
"measured","7","26","4","movetime","487","2","18","a6a5","resolved","a6a5","true","true","true"
"measured","7","26","2","clock","488","1","17","a6a5","resolved","a6a5","true","true","true"
"measured","7","26","4","clock","488","1","18","a6a5","resolved","a6a5","true","true","true"
"measured","7","26","4","clock","488","3","18","a6a5","resolved","a6a5","true","true","true"
"measured","7","26","4","clock","488","2","18","a6a5","resolved","a6a5","true","true","true"
"measured","7","27","2","clock","489","1","19","a6a5","watchdog_timeout","","true","unresolved","unresolved"
"measured","7","27","4","clock","489","3","19","a6a5","watchdog_timeout","","true","unresolved","unresolved"
"measured","7","27","4","clock","489","2","18","a6a5","watchdog_timeout","","false","unresolved","unresolved"
"measured","7","27","4","clock","489","1","19","a6a5","watchdog_timeout","","true","unresolved","unresolved"
"measured","7","27","2","movetime","490","1","17","a6a5","watchdog_timeout","","true","unresolved","unresolved"
"measured","7","27","4","movetime","490","3","19","a6a5","watchdog_timeout","","true","unresolved","unresolved"
"measured","7","27","4","movetime","490","1","19","a6a5","watchdog_timeout","","true","unresolved","unresolved"
"measured","7","27","4","movetime","490","2","19","a6a5","watchdog_timeout","","true","unresolved","unresolved"
"measured","7","28","2","movetime","491","1","13","a5a6","resolved","d2b4","true","false","false"
"measured","7","28","4","movetime","491","1","12","a5a6","resolved","d2b4","true","false","false"
"measured","7","28","4","movetime","491","3","12","a5a6","resolved","d2b4","true","false","false"
"measured","7","28","4","movetime","491","2","12","a5a6","resolved","d2b4","true","false","false"
"measured","7","28","2","clock","492","1","11","a5a6","resolved","d2b4","true","false","false"
"measured","7","28","4","clock","492","2","12","a5a6","resolved","d2b4","true","false","true"
"measured","7","28","4","clock","492","3","12","a5a6","resolved","d2b4","true","false","true"
"measured","7","28","4","clock","492","1","12","a5a6","resolved","d2b4","true","false","true"
"measured","7","29","2","clock","493","1","12","c6d4","resolved","c6d4","true","true","true"
"measured","7","29","4","clock","493","3","13","c6d4","resolved","c6d4","true","true","true"
"measured","7","29","4","clock","493","2","13","c6d4","resolved","c6d4","true","true","true"
"measured","7","29","4","clock","493","1","13","c6d4","resolved","c6d4","true","true","true"
"measured","7","29","2","movetime","494","1","11","c6d4","resolved","c6d4","true","true","true"
"measured","7","29","4","movetime","494","1","11","c6d4","resolved","c6d4","true","true","true"
"measured","7","29","4","movetime","494","3","11","c6d4","resolved","c6d4","true","true","true"
"measured","7","29","4","movetime","494","2","11","c6d4","resolved","c6d4","true","true","true"
"measured","7","30","2","movetime","495","1","12","f2f3","resolved","f2f3","true","true","true"
"measured","7","30","4","movetime","495","3","13","h4h5","resolved","f2f3","true","false","false"
"measured","7","30","4","movetime","495","2","11","g2g4","resolved","f2f3","false","false","false"
"measured","7","30","4","movetime","495","1","12","h4h5","resolved","f2f3","false","false","false"
"measured","7","30","2","clock","496","1","12","h4h5","resolved","f2f3","true","false","false"
"measured","7","30","4","clock","496","1","14","h4h5","resolved","f2f3","true","false","false"
"measured","7","30","4","clock","496","3","14","h4h5","resolved","f2f3","true","false","false"
"measured","7","30","4","clock","496","2","13","f2f5","resolved","f2f3","false","false","false"
