"run_type","pass","position","threads","search","helper","exit_cause","completed_depth","bestmove","helper_nodes","helper_elapsed_ns","helper_nps","tt_reads","tt_writes","tt_other","after_abort","after_generation","after_clear","after_resize","reads_after_abort","writes_after_abort","other_after_abort","reads_after_generation","writes_after_generation","other_after_generation","reads_after_clear","writes_after_clear","other_after_clear","reads_after_resize","writes_after_resize","other_after_resize","diagnostic"
"measured","1","0","2","95","1","helper-abort","13","e2e4","348747","881458800","395647.533","502350","347236","1","0","0","0","0","0","0","0","0","0","0","0","0","0","0","0","0","{exception=-, reads_after_abort=0, reads_after_clear=0, search_elapsed_ns=881540100, other_after_abort=0, writes_after_generation=0, abort_ms=881, after_resize=0, other_after_clear=0, after_generation=0, tt_writes=347236, reads_after_generation=0, search=95, helper=1, writes_after_clear=0, writes_after_resize=0, bestmove_ms=881, tt_other=1, event=exit, start_ms=0, completed_depth=13, submit_ms=0, after_abort=0, after_clear=0, reads_after_resize=0, helper_elapsed_ns=881458800, writes_after_abort=0, helper_nodes=348747, bestmove=e2e4, other_after_resize=0, exit_cause=helper-abort, tt_reads=502350, other_after_generation=0, exit_ms=881}"
"measured","1","0","4","96","3","helper-abort","13","e2e4","264245","696074600","379621.667","408759","262923","1","0","0","0","0","0","0","0","0","0","0","0","0","0","0","0","0","{exception=-, reads_after_abort=0, reads_after_clear=0, search_elapsed_ns=696167900, other_after_abort=0, writes_after_generation=0, abort_ms=696, after_resize=0, other_after_clear=0, after_generation=0, tt_writes=262923, reads_after_generation=0, search=96, helper=3, writes_after_clear=0, writes_after_resize=0, bestmove_ms=696, tt_other=1, event=exit, start_ms=0, completed_depth=13, submit_ms=0, after_abort=0, after_clear=0, reads_after_resize=0, helper_elapsed_ns=696074600, writes_after_abort=0, helper_nodes=264245, bestmove=e2e4, other_after_resize=0, exit_cause=helper-abort, tt_reads=408759, other_after_generation=0, exit_ms=696}"
"measured","1","0","4","96","2","helper-abort","13","e2e4","268030","696092900","385049.179","408698","266994","1","0","0","0","0","0","0","0","0","0","0","0","0","0","0","0","0","{exception=-, reads_after_abort=0, reads_after_clear=0, search_elapsed_ns=696167800, other_after_abort=0, writes_after_generation=0, abort_ms=696, after_resize=0, other_after_clear=0, after_generation=0, tt_writes=266994, reads_after_generation=0, search=96, helper=2, writes_after_clear=0, writes_after_resize=0, bestmove_ms=696, tt_other=1, event=exit, start_ms=0, completed_depth=13, submit_ms=0, after_abort=0, after_clear=0, reads_after_resize=0, helper_elapsed_ns=696092900, writes_after_abort=0, helper_nodes=268030, bestmove=e2e4, other_after_resize=0, exit_cause=helper-abort, tt_reads=408698, other_after_generation=0, exit_ms=696}"
"measured","1","0","4","96","1","helper-abort","13","e2e4","269609","696092000","387318.056","398622","268624","1","0","0","0","0","0","0","0","0","0","0","0","0","0","0","0","0","{exception=-, reads_after_abort=0, reads_after_clear=0, search_elapsed_ns=696167200, other_after_abort=0, writes_after_generation=0, abort_ms=696, after_resize=0, other_after_clear=0, after_generation=0, tt_writes=268624, reads_after_generation=0, search=96, helper=1, writes_after_clear=0, writes_after_resize=0, bestmove_ms=696, tt_other=1, event=exit, start_ms=0, completed_depth=13, submit_ms=0, after_abort=0, after_clear=0, reads_after_resize=0, helper_elapsed_ns=696092000, writes_after_abort=0, helper_nodes=269609, bestmove=e2e4, other_after_resize=0, exit_cause=helper-abort, tt_reads=398622, other_after_generation=0, exit_ms=696}"
"measured","1","1","2","97","1","helper-abort","13","e2a6","4767337","16994968700","280514.609","6442876","4749134","1","0","0","0","0","0","0","0","0","0","0","0","0","0","0","0","0","{exception=-, reads_after_abort=0, reads_after_clear=0, search_elapsed_ns=16995057400, other_after_abort=0, writes_after_generation=0, abort_ms=16995, after_resize=0, other_after_clear=0, after_generation=0, tt_writes=4749134, reads_after_generation=0, search=97, helper=1, writes_after_clear=0, writes_after_resize=0, bestmove_ms=16995, tt_other=1, event=exit, start_ms=0, completed_depth=13, submit_ms=0, after_abort=0, after_clear=0, reads_after_resize=0, helper_elapsed_ns=16994968700, writes_after_abort=0, helper_nodes=4767337, bestmove=e2a6, other_after_resize=0, exit_cause=helper-abort, tt_reads=6442876, other_after_generation=0, exit_ms=16995}"
"measured","1","1","4","98","2","helper-abort","13","e2a6","3060165","11831241700","258651.212","4995945","3047127","1","0","0","0","0","0","0","0","0","0","0","0","0","0","0","0","0","{exception=-, reads_after_abort=0, reads_after_clear=0, search_elapsed_ns=11831323200, other_after_abort=0, writes_after_generation=0, abort_ms=11831, after_resize=0, other_after_clear=0, after_generation=0, tt_writes=3047127, reads_after_generation=0, search=98, helper=2, writes_after_clear=0, writes_after_resize=0, bestmove_ms=11831, tt_other=1, event=exit, start_ms=0, completed_depth=13, submit_ms=0, after_abort=0, after_clear=0, reads_after_resize=0, helper_elapsed_ns=11831241700, writes_after_abort=0, helper_nodes=3060165, bestmove=e2a6, other_after_resize=0, exit_cause=helper-abort, tt_reads=4995945, other_after_generation=0, exit_ms=11831}"
"measured","1","1","4","98","1","helper-abort","13","e2a6","3109066","11831248000","262784.281","4858716","3096194","1","0","0","0","0","0","0","0","0","0","0","0","0","0","0","0","0","{exception=-, reads_after_abort=0, reads_after_clear=0, search_elapsed_ns=11831322600, other_after_abort=0, writes_after_generation=0, abort_ms=11831, after_resize=0, other_after_clear=0, after_generation=0, tt_writes=3096194, reads_after_generation=0, search=98, helper=1, writes_after_clear=0, writes_after_resize=0, bestmove_ms=11831, tt_other=1, event=exit, start_ms=0, completed_depth=13, submit_ms=0, after_abort=0, after_clear=0, reads_after_resize=0, helper_elapsed_ns=11831248000, writes_after_abort=0, helper_nodes=3109066, bestmove=e2a6, other_after_resize=0, exit_cause=helper-abort, tt_reads=4858716, other_after_generation=0, exit_ms=11831}"
"measured","1","1","4","98","3","helper-abort","13","e2a6","3075946","11831229400","259985.323","4851138","3063134","1","0","0","0","0","0","0","0","0","0","0","0","0","0","0","0","0","{exception=-, reads_after_abort=0, reads_after_clear=0, search_elapsed_ns=11831322700, other_after_abort=0, writes_after_generation=0, abort_ms=11831, after_resize=0, other_after_clear=0, after_generation=0, tt_writes=3063134, reads_after_generation=0, search=98, helper=3, writes_after_clear=0, writes_after_resize=0, bestmove_ms=11831, tt_other=1, event=exit, start_ms=0, completed_depth=13, submit_ms=0, after_abort=0, after_clear=0, reads_after_resize=0, helper_elapsed_ns=11831229400, writes_after_abort=0, helper_nodes=3075946, bestmove=e2a6, other_after_resize=0, exit_cause=helper-abort, tt_reads=4851138, other_after_generation=0, exit_ms=11831}"
"measured","1","2","4","100","2","helper-abort","13","e1d2","6657","7166100","928957.173","14790","6640","1","0","0","0","0","0","0","0","0","0","0","0","0","0","0","0","0","{exception=-, reads_after_abort=0, reads_after_clear=0, search_elapsed_ns=7256700, other_after_abort=0, writes_after_generation=0, abort_ms=7, after_resize=0, other_after_clear=0, after_generation=0, tt_writes=6640, reads_after_generation=0, search=100, helper=2, writes_after_clear=0, writes_after_resize=0, bestmove_ms=7, tt_other=1, event=exit, start_ms=0, completed_depth=13, submit_ms=0, after_abort=0, after_clear=0, reads_after_resize=0, helper_elapsed_ns=7166100, writes_after_abort=0, helper_nodes=6657, bestmove=e1d2, other_after_resize=0, exit_cause=helper-abort, tt_reads=14790, other_after_generation=0, exit_ms=7}"
"measured","1","2","4","100","3","helper-abort","13","e1d2","6604","7168300","921278.406","14762","6590","1","1","0","0","0","1","0","0","0","0","0","0","0","0","0","0","0","{exception=-, reads_after_abort=1, reads_after_clear=0, search_elapsed_ns=7256600, other_after_abort=0, writes_after_generation=0, abort_ms=7, after_resize=0, other_after_clear=0, after_generation=0, tt_writes=6590, reads_after_generation=0, search=100, helper=3, writes_after_clear=0, writes_after_resize=0, bestmove_ms=7, tt_other=1, event=exit, start_ms=0, completed_depth=13, submit_ms=0, after_abort=1, after_clear=0, reads_after_resize=0, helper_elapsed_ns=7168300, writes_after_abort=0, helper_nodes=6604, bestmove=e1d2, other_after_resize=0, exit_cause=helper-abort, tt_reads=14762, other_after_generation=0, exit_ms=7}"
"measured","1","2","4","100","1","helper-abort","13","e1d2","6768","7168100","944183.256","14957","6755","1","0","0","0","0","0","0","0","0","0","0","0","0","0","0","0","0","{exception=-, reads_after_abort=0, reads_after_clear=0, search_elapsed_ns=7256100, other_after_abort=0, writes_after_generation=0, abort_ms=7, after_resize=0, other_after_clear=0, after_generation=0, tt_writes=6755, reads_after_generation=0, search=100, helper=1, writes_after_clear=0, writes_after_resize=0, bestmove_ms=7, tt_other=1, event=exit, start_ms=0, completed_depth=13, submit_ms=0, after_abort=0, after_clear=0, reads_after_resize=0, helper_elapsed_ns=7168100, writes_after_abort=0, helper_nodes=6768, bestmove=e1d2, other_after_resize=0, exit_cause=helper-abort, tt_reads=14957, other_after_generation=0, exit_ms=7}"
"measured","1","2","2","102","1","helper-abort","13","e1d2","6050","6734100","898412.557","13966","6039","1","0","0","0","0","0","0","0","0","0","0","0","0","0","0","0","0","{exception=-, reads_after_abort=0, reads_after_clear=0, search_elapsed_ns=6827500, other_after_abort=0, writes_after_generation=0, abort_ms=6, after_resize=0, other_after_clear=0, after_generation=0, tt_writes=6039, reads_after_generation=0, search=102, helper=1, writes_after_clear=0, writes_after_resize=0, bestmove_ms=6, tt_other=1, event=exit, start_ms=0, completed_depth=13, submit_ms=0, after_abort=0, after_clear=0, reads_after_resize=0, helper_elapsed_ns=6734100, writes_after_abort=0, helper_nodes=6050, bestmove=e1d2, other_after_resize=0, exit_cause=helper-abort, tt_reads=13966, other_after_generation=0, exit_ms=6}"
"measured","1","3","2","104","1","helper-abort","13","c4c5","550472","1867686400","294734.705","895909","544415","1","0","0","0","0","0","0","0","0","0","0","0","0","0","0","0","0","{exception=-, reads_after_abort=0, reads_after_clear=0, search_elapsed_ns=1867756300, other_after_abort=0, writes_after_generation=0, abort_ms=1867, after_resize=0, other_after_clear=0, after_generation=0, tt_writes=544415, reads_after_generation=0, search=104, helper=1, writes_after_clear=0, writes_after_resize=0, bestmove_ms=1867, tt_other=1, event=exit, start_ms=0, completed_depth=13, submit_ms=0, after_abort=0, after_clear=0, reads_after_resize=0, helper_elapsed_ns=1867686400, writes_after_abort=0, helper_nodes=550472, bestmove=c4c5, other_after_resize=0, exit_cause=helper-abort, tt_reads=895909, other_after_generation=0, exit_ms=1867}"
"measured","1","3","4","105","1","helper-abort","13","c4c5","396981","1463832100","271192.987","759974","392698","1","0","0","0","0","0","0","0","0","0","0","0","0","0","0","0","0","{exception=-, reads_after_abort=0, reads_after_clear=0, search_elapsed_ns=1463914400, other_after_abort=0, writes_after_generation=0, abort_ms=1463, after_resize=0, other_after_clear=0, after_generation=0, tt_writes=392698, reads_after_generation=0, search=105, helper=1, writes_after_clear=0, writes_after_resize=0, bestmove_ms=1463, tt_other=1, event=exit, start_ms=0, completed_depth=13, submit_ms=0, after_abort=0, after_clear=0, reads_after_resize=0, helper_elapsed_ns=1463832100, writes_after_abort=0, helper_nodes=396981, bestmove=c4c5, other_after_resize=0, exit_cause=helper-abort, tt_reads=759974, other_after_generation=0, exit_ms=1463}"
"measured","1","3","4","105","3","helper-abort","13","c4c5","402610","1463813100","275041.944","762812","398241","1","0","0","0","0","0","0","0","0","0","0","0","0","0","0","0","0","{exception=-, reads_after_abort=0, reads_after_clear=0, search_elapsed_ns=1463914500, other_after_abort=0, writes_after_generation=0, abort_ms=1463, after_resize=0, other_after_clear=0, after_generation=0, tt_writes=398241, reads_after_generation=0, search=105, helper=3, writes_after_clear=0, writes_after_resize=0, bestmove_ms=1463, tt_other=1, event=exit, start_ms=0, completed_depth=13, submit_ms=0, after_abort=0, after_clear=0, reads_after_resize=0, helper_elapsed_ns=1463813100, writes_after_abort=0, helper_nodes=402610, bestmove=c4c5, other_after_resize=0, exit_cause=helper-abort, tt_reads=762812, other_after_generation=0, exit_ms=1463}"
"measured","1","3","4","105","2","helper-abort","13","c4c5","398267","1463818100","272074.105","751093","393664","1","0","0","0","0","0","0","0","0","0","0","0","0","0","0","0","0","{exception=-, reads_after_abort=0, reads_after_clear=0, search_elapsed_ns=1463914500, other_after_abort=0, writes_after_generation=0, abort_ms=1463, after_resize=0, other_after_clear=0, after_generation=0, tt_writes=393664, reads_after_generation=0, search=105, helper=2, writes_after_clear=0, writes_after_resize=0, bestmove_ms=1463, tt_other=1, event=exit, start_ms=0, completed_depth=13, submit_ms=0, after_abort=0, after_clear=0, reads_after_resize=0, helper_elapsed_ns=1463818100, writes_after_abort=0, helper_nodes=398267, bestmove=c4c5, other_after_resize=0, exit_cause=helper-abort, tt_reads=751093, other_after_generation=0, exit_ms=1463}"
"measured","1","4","2","106","1","helper-abort","12","b5c4","279434","783096700","356832.049","399533","278283","1","0","0","0","0","0","0","0","0","0","0","0","0","0","0","0","0","{exception=-, reads_after_abort=0, reads_after_clear=0, search_elapsed_ns=783172600, other_after_abort=0, writes_after_generation=0, abort_ms=783, after_resize=0, other_after_clear=0, after_generation=0, tt_writes=278283, reads_after_generation=0, search=106, helper=1, writes_after_clear=0, writes_after_resize=0, bestmove_ms=783, tt_other=1, event=exit, start_ms=0, completed_depth=12, submit_ms=0, after_abort=0, after_clear=0, reads_after_resize=0, helper_elapsed_ns=783096700, writes_after_abort=0, helper_nodes=279434, bestmove=b5c4, other_after_resize=0, exit_cause=helper-abort, tt_reads=399533, other_after_generation=0, exit_ms=783}"
"measured","1","4","4","107","1","helper-abort","13","b5c4","141914","398042400","356529.857","251618","141255","1","0","0","0","0","0","0","0","0","0","0","0","0","0","0","0","0","{exception=-, reads_after_abort=0, reads_after_clear=0, search_elapsed_ns=398097400, other_after_abort=0, writes_after_generation=0, abort_ms=398, after_resize=0, other_after_clear=0, after_generation=0, tt_writes=141255, reads_after_generation=0, search=107, helper=1, writes_after_clear=0, writes_after_resize=0, bestmove_ms=398, tt_other=1, event=exit, start_ms=0, completed_depth=13, submit_ms=0, after_abort=0, after_clear=0, reads_after_resize=0, helper_elapsed_ns=398042400, writes_after_abort=0, helper_nodes=141914, bestmove=b5c4, other_after_resize=0, exit_cause=helper-abort, tt_reads=251618, other_after_generation=0, exit_ms=398}"
"measured","1","4","4","107","3","helper-abort","13","b5c4","143508","398021800","360553.115","257565","142827","1","0","0","0","0","0","0","0","0","0","0","0","0","0","0","0","0","{exception=-, reads_after_abort=0, reads_after_clear=0, search_elapsed_ns=398097400, other_after_abort=0, writes_after_generation=0, abort_ms=398, after_resize=0, other_after_clear=0, after_generation=0, tt_writes=142827, reads_after_generation=0, search=107, helper=3, writes_after_clear=0, writes_after_resize=0, bestmove_ms=398, tt_other=1, event=exit, start_ms=0, completed_depth=13, submit_ms=0, after_abort=0, after_clear=0, reads_after_resize=0, helper_elapsed_ns=398021800, writes_after_abort=0, helper_nodes=143508, bestmove=b5c4, other_after_resize=0, exit_cause=helper-abort, tt_reads=257565, other_after_generation=0, exit_ms=398}"
"measured","1","4","4","107","2","helper-abort","13","b5c4","143280","398021900","359980.192","234938","142754","1","0","0","0","0","0","0","0","0","0","0","0","0","0","0","0","0","{exception=-, reads_after_abort=0, reads_after_clear=0, search_elapsed_ns=398097400, other_after_abort=0, writes_after_generation=0, abort_ms=398, after_resize=0, other_after_clear=0, after_generation=0, tt_writes=142754, reads_after_generation=0, search=107, helper=2, writes_after_clear=0, writes_after_resize=0, bestmove_ms=398, tt_other=1, event=exit, start_ms=0, completed_depth=13, submit_ms=0, after_abort=0, after_clear=0, reads_after_resize=0, helper_elapsed_ns=398021900, writes_after_abort=0, helper_nodes=143280, bestmove=b5c4, other_after_resize=0, exit_cause=helper-abort, tt_reads=234938, other_after_generation=0, exit_ms=398}"
"measured","1","5","4","109","2","helper-abort","12","g1h1","398181","1183851900","336343.592","562740","394297","1","1","0","0","0","1","0","0","0","0","0","0","0","0","0","0","0","{exception=-, reads_after_abort=1, reads_after_clear=0, search_elapsed_ns=1183959700, other_after_abort=0, writes_after_generation=0, abort_ms=1183, after_resize=0, other_after_clear=0, after_generation=0, tt_writes=394297, reads_after_generation=0, search=109, helper=2, writes_after_clear=0, writes_after_resize=0, bestmove_ms=1183, tt_other=1, event=exit, start_ms=0, completed_depth=12, submit_ms=0, after_abort=1, after_clear=0, reads_after_resize=0, helper_elapsed_ns=1183851900, writes_after_abort=0, helper_nodes=398181, bestmove=g1h1, other_after_resize=0, exit_cause=helper-abort, tt_reads=562740, other_after_generation=0, exit_ms=1183}"
"measured","1","5","4","109","1","helper-abort","13","d1d3","395245","1183849200","333864.313","562275","391751","1","0","0","0","0","0","0","0","0","0","0","0","0","0","0","0","0","{exception=-, reads_after_abort=0, reads_after_clear=0, search_elapsed_ns=1183957100, other_after_abort=0, writes_after_generation=0, abort_ms=1183, after_resize=0, other_after_clear=0, after_generation=0, tt_writes=391751, reads_after_generation=0, search=109, helper=1, writes_after_clear=0, writes_after_resize=0, bestmove_ms=1183, tt_other=1, event=exit, start_ms=0, completed_depth=13, submit_ms=0, after_abort=0, after_clear=0, reads_after_resize=0, helper_elapsed_ns=1183849200, writes_after_abort=0, helper_nodes=395245, bestmove=d1d3, other_after_resize=0, exit_cause=helper-abort, tt_reads=562275, other_after_generation=0, exit_ms=1183}"
"measured","1","5","4","109","3","helper-abort","13","d1d3","397210","1183843500","335525.768","559536","393703","1","1","0","0","0","0","1","0","0","0","0","0","0","0","0","0","0","{exception=-, reads_after_abort=0, reads_after_clear=0, search_elapsed_ns=1183957200, other_after_abort=0, writes_after_generation=0, abort_ms=1183, after_resize=0, other_after_clear=0, after_generation=0, tt_writes=393703, reads_after_generation=0, search=109, helper=3, writes_after_clear=0, writes_after_resize=0, bestmove_ms=1183, tt_other=1, event=exit, start_ms=0, completed_depth=13, submit_ms=0, after_abort=1, after_clear=0, reads_after_resize=0, helper_elapsed_ns=1183843500, writes_after_abort=1, helper_nodes=397210, bestmove=d1d3, other_after_resize=0, exit_cause=helper-abort, tt_reads=559536, other_after_generation=0, exit_ms=1183}"
"measured","1","5","2","111","1","helper-abort","12","d1d2","557941","1588639400","351206.825","764197","553146","1","0","0","0","0","0","0","0","0","0","0","0","0","0","0","0","0","{exception=-, reads_after_abort=0, reads_after_clear=0, search_elapsed_ns=1588711800, other_after_abort=0, writes_after_generation=0, abort_ms=1588, after_resize=0, other_after_clear=0, after_generation=0, tt_writes=553146, reads_after_generation=0, search=111, helper=1, writes_after_clear=0, writes_after_resize=0, bestmove_ms=1588, tt_other=1, event=exit, start_ms=0, completed_depth=12, submit_ms=0, after_abort=0, after_clear=0, reads_after_resize=0, helper_elapsed_ns=1588639400, writes_after_abort=0, helper_nodes=557941, bestmove=d1d2, other_after_resize=0, exit_cause=helper-abort, tt_reads=764197, other_after_generation=0, exit_ms=1588}"
"measured","1","6","2","113","1","helper-abort","13","b4b2","414208","1133578800","365398.506","679416","411171","1","0","0","0","0","0","0","0","0","0","0","0","0","0","0","0","0","{exception=-, reads_after_abort=0, reads_after_clear=0, search_elapsed_ns=1133664100, other_after_abort=0, writes_after_generation=0, abort_ms=1133, after_resize=0, other_after_clear=0, after_generation=0, tt_writes=411171, reads_after_generation=0, search=113, helper=1, writes_after_clear=0, writes_after_resize=0, bestmove_ms=1133, tt_other=1, event=exit, start_ms=0, completed_depth=13, submit_ms=0, after_abort=0, after_clear=0, reads_after_resize=0, helper_elapsed_ns=1133578800, writes_after_abort=0, helper_nodes=414208, bestmove=b4b2, other_after_resize=0, exit_cause=helper-abort, tt_reads=679416, other_after_generation=0, exit_ms=1133}"
"measured","1","6","4","114","3","helper-abort","13","b4b2","453484","1349324600","336082.215","756534","450718","1","0","0","0","0","0","0","0","0","0","0","0","0","0","0","0","0","{exception=-, reads_after_abort=0, reads_after_clear=0, search_elapsed_ns=1349395300, other_after_abort=0, writes_after_generation=0, abort_ms=1349, after_resize=0, other_after_clear=0, after_generation=0, tt_writes=450718, reads_after_generation=0, search=114, helper=3, writes_after_clear=0, writes_after_resize=0, bestmove_ms=1349, tt_other=1, event=exit, start_ms=0, completed_depth=13, submit_ms=0, after_abort=0, after_clear=0, reads_after_resize=0, helper_elapsed_ns=1349324600, writes_after_abort=0, helper_nodes=453484, bestmove=b4b2, other_after_resize=0, exit_cause=helper-abort, tt_reads=756534, other_after_generation=0, exit_ms=1349}"
"measured","1","6","4","114","1","helper-abort","13","b4b2","467262","1349334700","346290.657","749568","464232","1","0","0","0","0","0","0","0","0","0","0","0","0","0","0","0","0","{exception=-, reads_after_abort=0, reads_after_clear=0, search_elapsed_ns=1349395600, other_after_abort=0, writes_after_generation=0, abort_ms=1349, after_resize=0, other_after_clear=0, after_generation=0, tt_writes=464232, reads_after_generation=0, search=114, helper=1, writes_after_clear=0, writes_after_resize=0, bestmove_ms=1349, tt_other=1, event=exit, start_ms=0, completed_depth=13, submit_ms=0, after_abort=0, after_clear=0, reads_after_resize=0, helper_elapsed_ns=1349334700, writes_after_abort=0, helper_nodes=467262, bestmove=b4b2, other_after_resize=0, exit_cause=helper-abort, tt_reads=749568, other_after_generation=0, exit_ms=1349}"
"measured","1","6","4","114","2","helper-abort","13","b4b2","455308","1349324500","337434.027","751884","452287","1","0","0","0","0","0","0","0","0","0","0","0","0","0","0","0","0","{exception=-, reads_after_abort=0, reads_after_clear=0, search_elapsed_ns=1349395300, other_after_abort=0, writes_after_generation=0, abort_ms=1349, after_resize=0, other_after_clear=0, after_generation=0, tt_writes=452287, reads_after_generation=0, search=114, helper=2, writes_after_clear=0, writes_after_resize=0, bestmove_ms=1349, tt_other=1, event=exit, start_ms=0, completed_depth=13, submit_ms=0, after_abort=0, after_clear=0, reads_after_resize=0, helper_elapsed_ns=1349324500, writes_after_abort=0, helper_nodes=455308, bestmove=b4b2, other_after_resize=0, exit_cause=helper-abort, tt_reads=751884, other_after_generation=0, exit_ms=1349}"
"measured","1","7","2","115","1","helper-abort","13","h3f5","594350","1445447300","411187.596","819896","589632","1","0","0","0","0","0","0","0","0","0","0","0","0","0","0","0","0","{exception=-, reads_after_abort=0, reads_after_clear=0, search_elapsed_ns=1445501000, other_after_abort=0, writes_after_generation=0, abort_ms=1445, after_resize=0, other_after_clear=0, after_generation=0, tt_writes=589632, reads_after_generation=0, search=115, helper=1, writes_after_clear=0, writes_after_resize=0, bestmove_ms=1445, tt_other=1, event=exit, start_ms=0, completed_depth=13, submit_ms=0, after_abort=0, after_clear=0, reads_after_resize=0, helper_elapsed_ns=1445447300, writes_after_abort=0, helper_nodes=594350, bestmove=h3f5, other_after_resize=0, exit_cause=helper-abort, tt_reads=819896, other_after_generation=0, exit_ms=1445}"
"measured","1","7","4","116","1","helper-abort","13","h3f5","570183","1463984200","389473.466","824812","566011","1","0","0","0","0","0","0","0","0","0","0","0","0","0","0","0","0","{exception=-, reads_after_abort=0, reads_after_clear=0, search_elapsed_ns=1464062200, other_after_abort=0, writes_after_generation=0, abort_ms=1464, after_resize=0, other_after_clear=0, after_generation=0, tt_writes=566011, reads_after_generation=0, search=116, helper=1, writes_after_clear=0, writes_after_resize=0, bestmove_ms=1464, tt_other=1, event=exit, start_ms=0, completed_depth=13, submit_ms=0, after_abort=0, after_clear=0, reads_after_resize=0, helper_elapsed_ns=1463984200, writes_after_abort=0, helper_nodes=570183, bestmove=h3f5, other_after_resize=0, exit_cause=helper-abort, tt_reads=824812, other_after_generation=0, exit_ms=1464}"
"measured","1","7","4","116","2","helper-abort","12","h3f5","578416","1463986800","395096.459","834738","573504","1","0","0","0","0","0","0","0","0","0","0","0","0","0","0","0","0","{exception=-, reads_after_abort=0, reads_after_clear=0, search_elapsed_ns=1464064900, other_after_abort=0, writes_after_generation=0, abort_ms=1464, after_resize=0, other_after_clear=0, after_generation=0, tt_writes=573504, reads_after_generation=0, search=116, helper=2, writes_after_clear=0, writes_after_resize=0, bestmove_ms=1464, tt_other=1, event=exit, start_ms=0, completed_depth=12, submit_ms=0, after_abort=0, after_clear=0, reads_after_resize=0, helper_elapsed_ns=1463986800, writes_after_abort=0, helper_nodes=578416, bestmove=h3f5, other_after_resize=0, exit_cause=helper-abort, tt_reads=834738, other_after_generation=0, exit_ms=1464}"
"measured","1","7","4","116","3","helper-abort","13","h3f5","590151","1463979700","403114.196","823355","585256","1","0","0","0","0","0","0","0","0","0","0","0","0","0","0","0","0","{exception=-, reads_after_abort=0, reads_after_clear=0, search_elapsed_ns=1464062000, other_after_abort=0, writes_after_generation=0, abort_ms=1464, after_resize=0, other_after_clear=0, after_generation=0, tt_writes=585256, reads_after_generation=0, search=116, helper=3, writes_after_clear=0, writes_after_resize=0, bestmove_ms=1464, tt_other=1, event=exit, start_ms=0, completed_depth=13, submit_ms=0, after_abort=0, after_clear=0, reads_after_resize=0, helper_elapsed_ns=1463979700, writes_after_abort=0, helper_nodes=590151, bestmove=h3f5, other_after_resize=0, exit_cause=helper-abort, tt_reads=823355, other_after_generation=0, exit_ms=1464}"
"measured","1","8","4","118","2","helper-abort","12","b3c2","611523","1714716400","356632.152","954765","608783","1","0","0","0","0","0","0","0","0","0","0","0","0","0","0","0","0","{exception=-, reads_after_abort=0, reads_after_clear=0, search_elapsed_ns=1714846700, other_after_abort=0, writes_after_generation=0, abort_ms=1714, after_resize=0, other_after_clear=0, after_generation=0, tt_writes=608783, reads_after_generation=0, search=118, helper=2, writes_after_clear=0, writes_after_resize=0, bestmove_ms=1714, tt_other=1, event=exit, start_ms=0, completed_depth=12, submit_ms=0, after_abort=0, after_clear=0, reads_after_resize=0, helper_elapsed_ns=1714716400, writes_after_abort=0, helper_nodes=611523, bestmove=b3c2, other_after_resize=0, exit_cause=helper-abort, tt_reads=954765, other_after_generation=0, exit_ms=1714}"
"measured","1","8","4","118","1","helper-abort","13","b3c2","588206","1714714100","343034.445","919256","585540","1","0","0","0","0","0","0","0","0","0","0","0","0","0","0","0","0","{exception=-, reads_after_abort=0, reads_after_clear=0, search_elapsed_ns=1714844300, other_after_abort=0, writes_after_generation=0, abort_ms=1714, after_resize=0, other_after_clear=0, after_generation=0, tt_writes=585540, reads_after_generation=0, search=118, helper=1, writes_after_clear=0, writes_after_resize=0, bestmove_ms=1714, tt_other=1, event=exit, start_ms=0, completed_depth=13, submit_ms=0, after_abort=0, after_clear=0, reads_after_resize=0, helper_elapsed_ns=1714714100, writes_after_abort=0, helper_nodes=588206, bestmove=b3c2, other_after_resize=0, exit_cause=helper-abort, tt_reads=919256, other_after_generation=0, exit_ms=1714}"
"measured","1","8","4","118","3","helper-abort","12","b3c2","577044","1714715700","336524.591","862215","574372","1","0","0","0","0","0","0","0","0","0","0","0","0","0","0","0","0","{exception=-, reads_after_abort=0, reads_after_clear=0, search_elapsed_ns=1714846900, other_after_abort=0, writes_after_generation=0, abort_ms=1714, after_resize=0, other_after_clear=0, after_generation=0, tt_writes=574372, reads_after_generation=0, search=118, helper=3, writes_after_clear=0, writes_after_resize=0, bestmove_ms=1714, tt_other=1, event=exit, start_ms=0, completed_depth=12, submit_ms=0, after_abort=0, after_clear=0, reads_after_resize=0, helper_elapsed_ns=1714715700, writes_after_abort=0, helper_nodes=577044, bestmove=b3c2, other_after_resize=0, exit_cause=helper-abort, tt_reads=862215, other_after_generation=0, exit_ms=1714}"
"measured","1","8","2","120","1","helper-abort","13","b3c2","681888","1794769700","379930.640","1076661","678717","1","0","0","0","0","0","0","0","0","0","0","0","0","0","0","0","0","{exception=-, reads_after_abort=0, reads_after_clear=0, search_elapsed_ns=1794876300, other_after_abort=0, writes_after_generation=0, abort_ms=1794, after_resize=0, other_after_clear=0, after_generation=0, tt_writes=678717, reads_after_generation=0, search=120, helper=1, writes_after_clear=0, writes_after_resize=0, bestmove_ms=1794, tt_other=1, event=exit, start_ms=0, completed_depth=13, submit_ms=0, after_abort=0, after_clear=0, reads_after_resize=0, helper_elapsed_ns=1794769700, writes_after_abort=0, helper_nodes=681888, bestmove=b3c2, other_after_resize=0, exit_cause=helper-abort, tt_reads=1076661, other_after_generation=0, exit_ms=1794}"
"measured","1","9","2","122","1","helper-abort","13","c6g6","220858","421178100","524381.491","331089","219647","1","0","0","0","0","0","0","0","0","0","0","0","0","0","0","0","0","{exception=-, reads_after_abort=0, reads_after_clear=0, search_elapsed_ns=421266700, other_after_abort=0, writes_after_generation=0, abort_ms=421, after_resize=0, other_after_clear=0, after_generation=0, tt_writes=219647, reads_after_generation=0, search=122, helper=1, writes_after_clear=0, writes_after_resize=0, bestmove_ms=421, tt_other=1, event=exit, start_ms=0, completed_depth=13, submit_ms=0, after_abort=0, after_clear=0, reads_after_resize=0, helper_elapsed_ns=421178100, writes_after_abort=0, helper_nodes=220858, bestmove=c6g6, other_after_resize=0, exit_cause=helper-abort, tt_reads=331089, other_after_generation=0, exit_ms=421}"
"measured","1","9","4","123","3","helper-abort","13","c6g6","125784","275566000","456456.892","221375","124760","1","0","0","0","0","0","0","0","0","0","0","0","0","0","0","0","0","{exception=-, reads_after_abort=0, reads_after_clear=0, search_elapsed_ns=275659600, other_after_abort=0, writes_after_generation=0, abort_ms=275, after_resize=0, other_after_clear=0, after_generation=0, tt_writes=124760, reads_after_generation=0, search=123, helper=3, writes_after_clear=0, writes_after_resize=0, bestmove_ms=275, tt_other=1, event=exit, start_ms=0, completed_depth=13, submit_ms=0, after_abort=0, after_clear=0, reads_after_resize=0, helper_elapsed_ns=275566000, writes_after_abort=0, helper_nodes=125784, bestmove=c6g6, other_after_resize=0, exit_cause=helper-abort, tt_reads=221375, other_after_generation=0, exit_ms=275}"
"measured","1","9","4","123","1","helper-abort","13","c6g6","143041","275595900","519024.412","235762","141885","1","1","0","0","0","0","1","0","0","0","0","0","0","0","0","0","0","{exception=-, reads_after_abort=0, reads_after_clear=0, search_elapsed_ns=275659600, other_after_abort=0, writes_after_generation=0, abort_ms=275, after_resize=0, other_after_clear=0, after_generation=0, tt_writes=141885, reads_after_generation=0, search=123, helper=1, writes_after_clear=0, writes_after_resize=0, bestmove_ms=275, tt_other=1, event=exit, start_ms=0, completed_depth=13, submit_ms=0, after_abort=1, after_clear=0, reads_after_resize=0, helper_elapsed_ns=275595900, writes_after_abort=1, helper_nodes=143041, bestmove=c6g6, other_after_resize=0, exit_cause=helper-abort, tt_reads=235762, other_after_generation=0, exit_ms=275}"
"measured","1","9","4","123","2","helper-abort","13","c6g6","136764","275578700","496279.284","233663","135704","1","0","0","0","0","0","0","0","0","0","0","0","0","0","0","0","0","{exception=-, reads_after_abort=0, reads_after_clear=0, search_elapsed_ns=275660100, other_after_abort=0, writes_after_generation=0, abort_ms=275, after_resize=0, other_after_clear=0, after_generation=0, tt_writes=135704, reads_after_generation=0, search=123, helper=2, writes_after_clear=0, writes_after_resize=0, bestmove_ms=275, tt_other=1, event=exit, start_ms=0, completed_depth=13, submit_ms=0, after_abort=0, after_clear=0, reads_after_resize=0, helper_elapsed_ns=275578700, writes_after_abort=0, helper_nodes=136764, bestmove=c6g6, other_after_resize=0, exit_cause=helper-abort, tt_reads=233663, other_after_generation=0, exit_ms=275}"
"measured","1","10","2","124","1","helper-abort","12","a7a6","1319313","3825109400","344908.567","1695541","1312417","1","0","0","0","0","0","0","0","0","0","0","0","0","0","0","0","0","{exception=-, reads_after_abort=0, reads_after_clear=0, search_elapsed_ns=3825164800, other_after_abort=0, writes_after_generation=0, abort_ms=3825, after_resize=0, other_after_clear=0, after_generation=0, tt_writes=1312417, reads_after_generation=0, search=124, helper=1, writes_after_clear=0, writes_after_resize=0, bestmove_ms=3825, tt_other=1, event=exit, start_ms=0, completed_depth=12, submit_ms=0, after_abort=0, after_clear=0, reads_after_resize=0, helper_elapsed_ns=3825109400, writes_after_abort=0, helper_nodes=1319313, bestmove=a7a6, other_after_resize=0, exit_cause=helper-abort, tt_reads=1695541, other_after_generation=0, exit_ms=3825}"
"measured","1","10","4","125","1","helper-abort","13","a7a6","921364","2883211300","319561.733","1201985","916515","1","0","0","0","0","0","0","0","0","0","0","0","0","0","0","0","0","{exception=-, reads_after_abort=0, reads_after_clear=0, search_elapsed_ns=2883274600, other_after_abort=0, writes_after_generation=0, abort_ms=2883, after_resize=0, other_after_clear=0, after_generation=0, tt_writes=916515, reads_after_generation=0, search=125, helper=1, writes_after_clear=0, writes_after_resize=0, bestmove_ms=2883, tt_other=1, event=exit, start_ms=0, completed_depth=13, submit_ms=0, after_abort=0, after_clear=0, reads_after_resize=0, helper_elapsed_ns=2883211300, writes_after_abort=0, helper_nodes=921364, bestmove=a7a6, other_after_resize=0, exit_cause=helper-abort, tt_reads=1201985, other_after_generation=0, exit_ms=2883}"
"measured","1","10","4","125","2","helper-abort","13","c8d7","893420","2883198200","309871.170","1149519","889153","1","0","0","0","0","0","0","0","0","0","0","0","0","0","0","0","0","{exception=-, reads_after_abort=0, reads_after_clear=0, search_elapsed_ns=2883274800, other_after_abort=0, writes_after_generation=0, abort_ms=2883, after_resize=0, other_after_clear=0, after_generation=0, tt_writes=889153, reads_after_generation=0, search=125, helper=2, writes_after_clear=0, writes_after_resize=0, bestmove_ms=2883, tt_other=1, event=exit, start_ms=0, completed_depth=13, submit_ms=0, after_abort=0, after_clear=0, reads_after_resize=0, helper_elapsed_ns=2883198200, writes_after_abort=0, helper_nodes=893420, bestmove=c8d7, other_after_resize=0, exit_cause=helper-abort, tt_reads=1149519, other_after_generation=0, exit_ms=2883}"
"measured","1","10","4","125","3","helper-abort","13","a7a6","917484","2883202600","318216.972","1203772","912981","1","0","0","0","0","0","0","0","0","0","0","0","0","0","0","0","0","{exception=-, reads_after_abort=0, reads_after_clear=0, search_elapsed_ns=2883275000, other_after_abort=0, writes_after_generation=0, abort_ms=2883, after_resize=0, other_after_clear=0, after_generation=0, tt_writes=912981, reads_after_generation=0, search=125, helper=3, writes_after_clear=0, writes_after_resize=0, bestmove_ms=2883, tt_other=1, event=exit, start_ms=0, completed_depth=13, submit_ms=0, after_abort=0, after_clear=0, reads_after_resize=0, helper_elapsed_ns=2883202600, writes_after_abort=0, helper_nodes=917484, bestmove=a7a6, other_after_resize=0, exit_cause=helper-abort, tt_reads=1203772, other_after_generation=0, exit_ms=2883}"
"measured","1","11","4","127","2","helper-abort","13","e4f3","96695","149821700","645400.499","181212","94290","1","1","0","0","0","0","1","0","0","0","0","0","0","0","0","0","0","{exception=-, reads_after_abort=0, reads_after_clear=0, search_elapsed_ns=149952500, other_after_abort=0, writes_after_generation=0, abort_ms=149, after_resize=0, other_after_clear=0, after_generation=0, tt_writes=94290, reads_after_generation=0, search=127, helper=2, writes_after_clear=0, writes_after_resize=0, bestmove_ms=149, tt_other=1, event=exit, start_ms=0, completed_depth=13, submit_ms=0, after_abort=1, after_clear=0, reads_after_resize=0, helper_elapsed_ns=149821700, writes_after_abort=1, helper_nodes=96695, bestmove=e4f3, other_after_resize=0, exit_cause=helper-abort, tt_reads=181212, other_after_generation=0, exit_ms=149}"
"measured","1","11","4","127","3","helper-abort","13","e4f3","105877","149816800","706709.795","190379","103061","1","0","0","0","0","0","0","0","0","0","0","0","0","0","0","0","0","{exception=-, reads_after_abort=0, reads_after_clear=0, search_elapsed_ns=149952600, other_after_abort=0, writes_after_generation=0, abort_ms=149, after_resize=0, other_after_clear=0, after_generation=0, tt_writes=103061, reads_after_generation=0, search=127, helper=3, writes_after_clear=0, writes_after_resize=0, bestmove_ms=149, tt_other=1, event=exit, start_ms=0, completed_depth=13, submit_ms=0, after_abort=0, after_clear=0, reads_after_resize=0, helper_elapsed_ns=149816800, writes_after_abort=0, helper_nodes=105877, bestmove=e4f3, other_after_resize=0, exit_cause=helper-abort, tt_reads=190379, other_after_generation=0, exit_ms=149}"
"measured","1","11","4","127","1","helper-abort","13","e4f3","110891","149821700","740153.129","194694","108084","1","0","0","0","0","0","0","0","0","0","0","0","0","0","0","0","0","{exception=-, reads_after_abort=0, reads_after_clear=0, search_elapsed_ns=149952500, other_after_abort=0, writes_after_generation=0, abort_ms=149, after_resize=0, other_after_clear=0, after_generation=0, tt_writes=108084, reads_after_generation=0, search=127, helper=1, writes_after_clear=0, writes_after_resize=0, bestmove_ms=149, tt_other=1, event=exit, start_ms=0, completed_depth=13, submit_ms=0, after_abort=0, after_clear=0, reads_after_resize=0, helper_elapsed_ns=149821700, writes_after_abort=0, helper_nodes=110891, bestmove=e4f3, other_after_resize=0, exit_cause=helper-abort, tt_reads=194694, other_after_generation=0, exit_ms=149}"
"measured","1","11","2","129","1","helper-abort","12","e4f3","90119","118945100","757652.060","159445","87562","1","0","0","0","0","0","0","0","0","0","0","0","0","0","0","0","0","{exception=-, reads_after_abort=0, reads_after_clear=0, search_elapsed_ns=119033100, other_after_abort=0, writes_after_generation=0, abort_ms=119, after_resize=0, other_after_clear=0, after_generation=0, tt_writes=87562, reads_after_generation=0, search=129, helper=1, writes_after_clear=0, writes_after_resize=0, bestmove_ms=119, tt_other=1, event=exit, start_ms=0, completed_depth=12, submit_ms=0, after_abort=0, after_clear=0, reads_after_resize=0, helper_elapsed_ns=118945100, writes_after_abort=0, helper_nodes=90119, bestmove=e4f3, other_after_resize=0, exit_cause=helper-abort, tt_reads=159445, other_after_generation=0, exit_ms=119}"
"measured","1","12","2","131","1","helper-abort","13","g6f5","25993","27207900","955347.528","47896","25735","1","0","0","0","0","0","0","0","0","0","0","0","0","0","0","0","0","{exception=-, reads_after_abort=0, reads_after_clear=0, search_elapsed_ns=27299300, other_after_abort=0, writes_after_generation=0, abort_ms=27, after_resize=0, other_after_clear=0, after_generation=0, tt_writes=25735, reads_after_generation=0, search=131, helper=1, writes_after_clear=0, writes_after_resize=0, bestmove_ms=27, tt_other=1, event=exit, start_ms=0, completed_depth=13, submit_ms=0, after_abort=0, after_clear=0, reads_after_resize=0, helper_elapsed_ns=27207900, writes_after_abort=0, helper_nodes=25993, bestmove=g6f5, other_after_resize=0, exit_cause=helper-abort, tt_reads=47896, other_after_generation=0, exit_ms=27}"
"measured","1","12","4","132","1","helper-abort","13","g6f5","22921","23619400","970431.086","42845","22405","1","1","0","0","0","0","1","0","0","0","0","0","0","0","0","0","0","{exception=-, reads_after_abort=0, reads_after_clear=0, search_elapsed_ns=23688400, other_after_abort=0, writes_after_generation=0, abort_ms=23, after_resize=0, other_after_clear=0, after_generation=0, tt_writes=22405, reads_after_generation=0, search=132, helper=1, writes_after_clear=0, writes_after_resize=0, bestmove_ms=23, tt_other=1, event=exit, start_ms=0, completed_depth=13, submit_ms=0, after_abort=1, after_clear=0, reads_after_resize=0, helper_elapsed_ns=23619400, writes_after_abort=1, helper_nodes=22921, bestmove=g6f5, other_after_resize=0, exit_cause=helper-abort, tt_reads=42845, other_after_generation=0, exit_ms=23}"
"measured","1","12","4","132","3","helper-abort","13","g6f5","23097","23592800","978985.114","43049","22584","1","1","0","0","0","0","1","0","0","0","0","0","0","0","0","0","0","{exception=-, reads_after_abort=0, reads_after_clear=0, search_elapsed_ns=23688400, other_after_abort=0, writes_after_generation=0, abort_ms=23, after_resize=0, other_after_clear=0, after_generation=0, tt_writes=22584, reads_after_generation=0, search=132, helper=3, writes_after_clear=0, writes_after_resize=0, bestmove_ms=23, tt_other=1, event=exit, start_ms=0, completed_depth=13, submit_ms=0, after_abort=1, after_clear=0, reads_after_resize=0, helper_elapsed_ns=23592800, writes_after_abort=1, helper_nodes=23097, bestmove=g6f5, other_after_resize=0, exit_cause=helper-abort, tt_reads=43049, other_after_generation=0, exit_ms=23}"
"measured","1","12","4","132","2","helper-abort","13","g6f5","22968","23612200","972717.493","43116","22445","1","0","0","0","0","0","0","0","0","0","0","0","0","0","0","0","0","{exception=-, reads_after_abort=0, reads_after_clear=0, search_elapsed_ns=23688400, other_after_abort=0, writes_after_generation=0, abort_ms=23, after_resize=0, other_after_clear=0, after_generation=0, tt_writes=22445, reads_after_generation=0, search=132, helper=2, writes_after_clear=0, writes_after_resize=0, bestmove_ms=23, tt_other=1, event=exit, start_ms=0, completed_depth=13, submit_ms=0, after_abort=0, after_clear=0, reads_after_resize=0, helper_elapsed_ns=23612200, writes_after_abort=0, helper_nodes=22968, bestmove=g6f5, other_after_resize=0, exit_cause=helper-abort, tt_reads=43116, other_after_generation=0, exit_ms=23}"
"measured","1","13","2","133","1","helper-abort","13","b4f4","109776","202678000","541627.606","170495","108882","1","0","0","0","0","0","0","0","0","0","0","0","0","0","0","0","0","{exception=-, reads_after_abort=0, reads_after_clear=0, search_elapsed_ns=202731500, other_after_abort=0, writes_after_generation=0, abort_ms=202, after_resize=0, other_after_clear=0, after_generation=0, tt_writes=108882, reads_after_generation=0, search=133, helper=1, writes_after_clear=0, writes_after_resize=0, bestmove_ms=202, tt_other=1, event=exit, start_ms=0, completed_depth=13, submit_ms=0, after_abort=0, after_clear=0, reads_after_resize=0, helper_elapsed_ns=202678000, writes_after_abort=0, helper_nodes=109776, bestmove=b4f4, other_after_resize=0, exit_cause=helper-abort, tt_reads=170495, other_after_generation=0, exit_ms=202}"
"measured","1","13","4","134","3","helper-abort","16","b4f4","285375","516600200","552409.775","484124","280996","1","0","0","0","0","0","0","0","0","0","0","0","0","0","0","0","0","{exception=-, reads_after_abort=0, reads_after_clear=0, search_elapsed_ns=516693400, other_after_abort=0, writes_after_generation=0, abort_ms=516, after_resize=0, other_after_clear=0, after_generation=0, tt_writes=280996, reads_after_generation=0, search=134, helper=3, writes_after_clear=0, writes_after_resize=0, bestmove_ms=516, tt_other=1, event=exit, start_ms=0, completed_depth=16, submit_ms=0, after_abort=0, after_clear=0, reads_after_resize=0, helper_elapsed_ns=516600200, writes_after_abort=0, helper_nodes=285375, bestmove=b4f4, other_after_resize=0, exit_cause=helper-abort, tt_reads=484124, other_after_generation=0, exit_ms=516}"
"measured","1","13","4","134","2","helper-abort","16","b4f4","260122","516609000","503518.135","404625","257832","1","1","0","0","0","1","0","0","0","0","0","0","0","0","0","0","0","{exception=-, reads_after_abort=1, reads_after_clear=0, search_elapsed_ns=516693700, other_after_abort=0, writes_after_generation=0, abort_ms=516, after_resize=0, other_after_clear=0, after_generation=0, tt_writes=257832, reads_after_generation=0, search=134, helper=2, writes_after_clear=0, writes_after_resize=0, bestmove_ms=516, tt_other=1, event=exit, start_ms=0, completed_depth=16, submit_ms=0, after_abort=1, after_clear=0, reads_after_resize=0, helper_elapsed_ns=516609000, writes_after_abort=0, helper_nodes=260122, bestmove=b4f4, other_after_resize=0, exit_cause=helper-abort, tt_reads=404625, other_after_generation=0, exit_ms=516}"
"measured","1","13","4","134","1","helper-abort","16","b4f4","273207","516616100","528839.500","466469","269494","1","0","0","0","0","0","0","0","0","0","0","0","0","0","0","0","0","{exception=-, reads_after_abort=0, reads_after_clear=0, search_elapsed_ns=516693500, other_after_abort=0, writes_after_generation=0, abort_ms=516, after_resize=0, other_after_clear=0, after_generation=0, tt_writes=269494, reads_after_generation=0, search=134, helper=1, writes_after_clear=0, writes_after_resize=0, bestmove_ms=516, tt_other=1, event=exit, start_ms=0, completed_depth=16, submit_ms=0, after_abort=0, after_clear=0, reads_after_resize=0, helper_elapsed_ns=516616100, writes_after_abort=0, helper_nodes=273207, bestmove=b4f4, other_after_resize=0, exit_cause=helper-abort, tt_reads=466469, other_after_generation=0, exit_ms=516}"
"measured","1","14","4","136","2","helper-abort","13","a2a4","844501","2662155500","317224.520","1095279","839761","1","0","0","0","0","0","0","0","0","0","0","0","0","0","0","0","0","{exception=-, reads_after_abort=0, reads_after_clear=0, search_elapsed_ns=2662225800, other_after_abort=0, writes_after_generation=0, abort_ms=2662, after_resize=0, other_after_clear=0, after_generation=0, tt_writes=839761, reads_after_generation=0, search=136, helper=2, writes_after_clear=0, writes_after_resize=0, bestmove_ms=2662, tt_other=1, event=exit, start_ms=0, completed_depth=13, submit_ms=0, after_abort=0, after_clear=0, reads_after_resize=0, helper_elapsed_ns=2662155500, writes_after_abort=0, helper_nodes=844501, bestmove=a2a4, other_after_resize=0, exit_cause=helper-abort, tt_reads=1095279, other_after_generation=0, exit_ms=2662}"
"measured","1","14","4","136","1","helper-abort","13","a2a4","845532","2662157300","317611.585","1049139","841049","1","0","0","0","0","0","0","0","0","0","0","0","0","0","0","0","0","{exception=-, reads_after_abort=0, reads_after_clear=0, search_elapsed_ns=2662225800, other_after_abort=0, writes_after_generation=0, abort_ms=2662, after_resize=0, other_after_clear=0, after_generation=0, tt_writes=841049, reads_after_generation=0, search=136, helper=1, writes_after_clear=0, writes_after_resize=0, bestmove_ms=2662, tt_other=1, event=exit, start_ms=0, completed_depth=13, submit_ms=0, after_abort=0, after_clear=0, reads_after_resize=0, helper_elapsed_ns=2662157300, writes_after_abort=0, helper_nodes=845532, bestmove=a2a4, other_after_resize=0, exit_cause=helper-abort, tt_reads=1049139, other_after_generation=0, exit_ms=2662}"
"measured","1","14","4","136","3","helper-abort","12","a2a4","856237","2662151700","321633.437","1064081","851583","1","0","0","0","0","0","0","0","0","0","0","0","0","0","0","0","0","{exception=-, reads_after_abort=0, reads_after_clear=0, search_elapsed_ns=2662225900, other_after_abort=0, writes_after_generation=0, abort_ms=2662, after_resize=0, other_after_clear=0, after_generation=0, tt_writes=851583, reads_after_generation=0, search=136, helper=3, writes_after_clear=0, writes_after_resize=0, bestmove_ms=2662, tt_other=1, event=exit, start_ms=0, completed_depth=12, submit_ms=0, after_abort=0, after_clear=0, reads_after_resize=0, helper_elapsed_ns=2662151700, writes_after_abort=0, helper_nodes=856237, bestmove=a2a4, other_after_resize=0, exit_cause=helper-abort, tt_reads=1064081, other_after_generation=0, exit_ms=2662}"
"measured","1","14","2","138","1","helper-abort","12","d1d3","1006283","3231182900","311428.672","1308898","1000661","1","1","0","0","0","0","1","0","0","0","0","0","0","0","0","0","0","{exception=-, reads_after_abort=0, reads_after_clear=0, search_elapsed_ns=3231252800, other_after_abort=0, writes_after_generation=0, abort_ms=3231, after_resize=0, other_after_clear=0, after_generation=0, tt_writes=1000661, reads_after_generation=0, search=138, helper=1, writes_after_clear=0, writes_after_resize=0, bestmove_ms=3231, tt_other=1, event=exit, start_ms=0, completed_depth=12, submit_ms=0, after_abort=1, after_clear=0, reads_after_resize=0, helper_elapsed_ns=3231182900, writes_after_abort=1, helper_nodes=1006283, bestmove=d1d3, other_after_resize=0, exit_cause=helper-abort, tt_reads=1308898, other_after_generation=0, exit_ms=3231}"
"measured","1","15","2","140","1","helper-abort","13","c3d5","645714","2198627100","293689.639","995031","642279","1","1","0","0","0","0","1","0","0","0","0","0","0","0","0","0","0","{exception=-, reads_after_abort=0, reads_after_clear=0, search_elapsed_ns=2198703500, other_after_abort=0, writes_after_generation=0, abort_ms=2198, after_resize=0, other_after_clear=0, after_generation=0, tt_writes=642279, reads_after_generation=0, search=140, helper=1, writes_after_clear=0, writes_after_resize=0, bestmove_ms=2198, tt_other=1, event=exit, start_ms=0, completed_depth=13, submit_ms=0, after_abort=1, after_clear=0, reads_after_resize=0, helper_elapsed_ns=2198627100, writes_after_abort=1, helper_nodes=645714, bestmove=c3d5, other_after_resize=0, exit_cause=helper-abort, tt_reads=995031, other_after_generation=0, exit_ms=2198}"
"measured","1","15","4","141","1","helper-abort","12","c3d5","504523","1688117200","298867.282","856491","502101","1","0","0","0","0","0","0","0","0","0","0","0","0","0","0","0","0","{exception=-, reads_after_abort=0, reads_after_clear=0, search_elapsed_ns=1688170500, other_after_abort=0, writes_after_generation=0, abort_ms=1688, after_resize=0, other_after_clear=0, after_generation=0, tt_writes=502101, reads_after_generation=0, search=141, helper=1, writes_after_clear=0, writes_after_resize=0, bestmove_ms=1688, tt_other=1, event=exit, start_ms=0, completed_depth=12, submit_ms=0, after_abort=0, after_clear=0, reads_after_resize=0, helper_elapsed_ns=1688117200, writes_after_abort=0, helper_nodes=504523, bestmove=c3d5, other_after_resize=0, exit_cause=helper-abort, tt_reads=856491, other_after_generation=0, exit_ms=1688}"
"measured","1","15","4","141","2","helper-abort","12","c3d5","502880","1688095500","297897.838","832467","500619","1","1","0","0","0","0","1","0","0","0","0","0","0","0","0","0","0","{exception=-, reads_after_abort=0, reads_after_clear=0, search_elapsed_ns=1688170800, other_after_abort=0, writes_after_generation=0, abort_ms=1688, after_resize=0, other_after_clear=0, after_generation=0, tt_writes=500619, reads_after_generation=0, search=141, helper=2, writes_after_clear=0, writes_after_resize=0, bestmove_ms=1688, tt_other=1, event=exit, start_ms=0, completed_depth=12, submit_ms=0, after_abort=1, after_clear=0, reads_after_resize=0, helper_elapsed_ns=1688095500, writes_after_abort=1, helper_nodes=502880, bestmove=c3d5, other_after_resize=0, exit_cause=helper-abort, tt_reads=832467, other_after_generation=0, exit_ms=1688}"
"measured","1","15","4","141","3","helper-abort","13","c3d5","507629","1688085200","300712.902","776379","504075","1","0","0","0","0","0","0","0","0","0","0","0","0","0","0","0","0","{exception=-, reads_after_abort=0, reads_after_clear=0, search_elapsed_ns=1688166600, other_after_abort=0, writes_after_generation=0, abort_ms=1688, after_resize=0, other_after_clear=0, after_generation=0, tt_writes=504075, reads_after_generation=0, search=141, helper=3, writes_after_clear=0, writes_after_resize=0, bestmove_ms=1688, tt_other=1, event=exit, start_ms=0, completed_depth=13, submit_ms=0, after_abort=0, after_clear=0, reads_after_resize=0, helper_elapsed_ns=1688085200, writes_after_abort=0, helper_nodes=507629, bestmove=c3d5, other_after_resize=0, exit_cause=helper-abort, tt_reads=776379, other_after_generation=0, exit_ms=1688}"
"measured","1","16","2","142","1","helper-abort","12","d5e4","709898","2006559000","353788.750","950284","705918","1","0","0","0","0","0","0","0","0","0","0","0","0","0","0","0","0","{exception=-, reads_after_abort=0, reads_after_clear=0, search_elapsed_ns=2006617000, other_after_abort=0, writes_after_generation=0, abort_ms=2006, after_resize=0, other_after_clear=0, after_generation=0, tt_writes=705918, reads_after_generation=0, search=142, helper=1, writes_after_clear=0, writes_after_resize=0, bestmove_ms=2006, tt_other=1, event=exit, start_ms=0, completed_depth=12, submit_ms=0, after_abort=0, after_clear=0, reads_after_resize=0, helper_elapsed_ns=2006559000, writes_after_abort=0, helper_nodes=709898, bestmove=d5e4, other_after_resize=0, exit_cause=helper-abort, tt_reads=950284, other_after_generation=0, exit_ms=2006}"
"measured","1","16","4","143","1","helper-abort","13","d5e4","485294","1457356800","332996.010","712703","482535","1","0","0","0","0","0","0","0","0","0","0","0","0","0","0","0","0","{exception=-, reads_after_abort=0, reads_after_clear=0, search_elapsed_ns=1457441500, other_after_abort=0, writes_after_generation=0, abort_ms=1457, after_resize=0, other_after_clear=0, after_generation=0, tt_writes=482535, reads_after_generation=0, search=143, helper=1, writes_after_clear=0, writes_after_resize=0, bestmove_ms=1457, tt_other=1, event=exit, start_ms=0, completed_depth=13, submit_ms=0, after_abort=0, after_clear=0, reads_after_resize=0, helper_elapsed_ns=1457356800, writes_after_abort=0, helper_nodes=485294, bestmove=d5e4, other_after_resize=0, exit_cause=helper-abort, tt_reads=712703, other_after_generation=0, exit_ms=1457}"
"measured","1","16","4","143","2","helper-abort","13","d5e4","482345","1457349200","330974.210","661005","479926","1","0","0","0","0","0","0","0","0","0","0","0","0","0","0","0","0","{exception=-, reads_after_abort=0, reads_after_clear=0, search_elapsed_ns=1457439700, other_after_abort=0, writes_after_generation=0, abort_ms=1457, after_resize=0, other_after_clear=0, after_generation=0, tt_writes=479926, reads_after_generation=0, search=143, helper=2, writes_after_clear=0, writes_after_resize=0, bestmove_ms=1457, tt_other=1, event=exit, start_ms=0, completed_depth=13, submit_ms=0, after_abort=0, after_clear=0, reads_after_resize=0, helper_elapsed_ns=1457349200, writes_after_abort=0, helper_nodes=482345, bestmove=d5e4, other_after_resize=0, exit_cause=helper-abort, tt_reads=661005, other_after_generation=0, exit_ms=1457}"
"measured","1","16","4","143","3","helper-abort","13","d5e4","488386","1457327300","335124.443","719572","485557","1","0","0","0","0","0","0","0","0","0","0","0","0","0","0","0","0","{exception=-, reads_after_abort=0, reads_after_clear=0, search_elapsed_ns=1457440300, other_after_abort=0, writes_after_generation=0, abort_ms=1457, after_resize=0, other_after_clear=0, after_generation=0, tt_writes=485557, reads_after_generation=0, search=143, helper=3, writes_after_clear=0, writes_after_resize=0, bestmove_ms=1457, tt_other=1, event=exit, start_ms=0, completed_depth=13, submit_ms=0, after_abort=0, after_clear=0, reads_after_resize=0, helper_elapsed_ns=1457327300, writes_after_abort=0, helper_nodes=488386, bestmove=d5e4, other_after_resize=0, exit_cause=helper-abort, tt_reads=719572, other_after_generation=0, exit_ms=1457}"
"measured","1","17","4","145","2","helper-abort","13","a6a5","232891","634650900","366959.221","363289","231171","1","0","0","0","0","0","0","0","0","0","0","0","0","0","0","0","0","{exception=-, reads_after_abort=0, reads_after_clear=0, search_elapsed_ns=634749400, other_after_abort=0, writes_after_generation=0, abort_ms=634, after_resize=0, other_after_clear=0, after_generation=0, tt_writes=231171, reads_after_generation=0, search=145, helper=2, writes_after_clear=0, writes_after_resize=0, bestmove_ms=634, tt_other=1, event=exit, start_ms=0, completed_depth=13, submit_ms=0, after_abort=0, after_clear=0, reads_after_resize=0, helper_elapsed_ns=634650900, writes_after_abort=0, helper_nodes=232891, bestmove=a6a5, other_after_resize=0, exit_cause=helper-abort, tt_reads=363289, other_after_generation=0, exit_ms=634}"
"measured","1","17","4","145","1","helper-abort","12","a6a5","225509","634666600","355318.840","342891","223935","1","0","0","0","0","0","0","0","0","0","0","0","0","0","0","0","0","{exception=-, reads_after_abort=0, reads_after_clear=0, search_elapsed_ns=634750800, other_after_abort=0, writes_after_generation=0, abort_ms=634, after_resize=0, other_after_clear=0, after_generation=0, tt_writes=223935, reads_after_generation=0, search=145, helper=1, writes_after_clear=0, writes_after_resize=0, bestmove_ms=634, tt_other=1, event=exit, start_ms=0, completed_depth=12, submit_ms=0, after_abort=0, after_clear=0, reads_after_resize=0, helper_elapsed_ns=634666600, writes_after_abort=0, helper_nodes=225509, bestmove=a6a5, other_after_resize=0, exit_cause=helper-abort, tt_reads=342891, other_after_generation=0, exit_ms=634}"
"measured","1","17","4","145","3","helper-abort","12","a6a5","225454","634644300","355244.662","344063","223799","1","0","0","0","0","0","0","0","0","0","0","0","0","0","0","0","0","{exception=-, reads_after_abort=0, reads_after_clear=0, search_elapsed_ns=634750700, other_after_abort=0, writes_after_generation=0, abort_ms=634, after_resize=0, other_after_clear=0, after_generation=0, tt_writes=223799, reads_after_generation=0, search=145, helper=3, writes_after_clear=0, writes_after_resize=0, bestmove_ms=634, tt_other=1, event=exit, start_ms=0, completed_depth=12, submit_ms=0, after_abort=0, after_clear=0, reads_after_resize=0, helper_elapsed_ns=634644300, writes_after_abort=0, helper_nodes=225454, bestmove=a6a5, other_after_resize=0, exit_cause=helper-abort, tt_reads=344063, other_after_generation=0, exit_ms=634}"
"measured","1","17","2","147","1","helper-abort","13","a6a5","412891","1110913100","371668.135","585441","409795","1","0","0","0","0","0","0","0","0","0","0","0","0","0","0","0","0","{exception=-, reads_after_abort=0, reads_after_clear=0, search_elapsed_ns=1111005900, other_after_abort=0, writes_after_generation=0, abort_ms=1111, after_resize=0, other_after_clear=0, after_generation=0, tt_writes=409795, reads_after_generation=0, search=147, helper=1, writes_after_clear=0, writes_after_resize=0, bestmove_ms=1111, tt_other=1, event=exit, start_ms=0, completed_depth=13, submit_ms=0, after_abort=0, after_clear=0, reads_after_resize=0, helper_elapsed_ns=1110913100, writes_after_abort=0, helper_nodes=412891, bestmove=a6a5, other_after_resize=0, exit_cause=helper-abort, tt_reads=585441, other_after_generation=0, exit_ms=1111}"
"measured","1","18","2","149","1","helper-abort","12","b1c3","1163705","3033504200","383617.402","1493039","1159476","1","0","0","0","0","0","0","0","0","0","0","0","0","0","0","0","0","{exception=-, reads_after_abort=0, reads_after_clear=0, search_elapsed_ns=3033616500, other_after_abort=0, writes_after_generation=0, abort_ms=3033, after_resize=0, other_after_clear=0, after_generation=0, tt_writes=1159476, reads_after_generation=0, search=149, helper=1, writes_after_clear=0, writes_after_resize=0, bestmove_ms=3033, tt_other=1, event=exit, start_ms=0, completed_depth=12, submit_ms=0, after_abort=0, after_clear=0, reads_after_resize=0, helper_elapsed_ns=3033504200, writes_after_abort=0, helper_nodes=1163705, bestmove=b1c3, other_after_resize=0, exit_cause=helper-abort, tt_reads=1493039, other_after_generation=0, exit_ms=3033}"
"measured","1","18","4","150","2","helper-abort","13","g1f3","813454","2199311900","369867.503","1120060","810568","1","0","0","0","0","0","0","0","0","0","0","0","0","0","0","0","0","{exception=-, reads_after_abort=0, reads_after_clear=0, search_elapsed_ns=2199395700, other_after_abort=0, writes_after_generation=0, abort_ms=2199, after_resize=0, other_after_clear=0, after_generation=0, tt_writes=810568, reads_after_generation=0, search=150, helper=2, writes_after_clear=0, writes_after_resize=0, bestmove_ms=2199, tt_other=1, event=exit, start_ms=0, completed_depth=13, submit_ms=0, after_abort=0, after_clear=0, reads_after_resize=0, helper_elapsed_ns=2199311900, writes_after_abort=0, helper_nodes=813454, bestmove=g1f3, other_after_resize=0, exit_cause=helper-abort, tt_reads=1120060, other_after_generation=0, exit_ms=2199}"
"measured","1","18","4","150","3","helper-abort","12","g1f3","797247","2199294800","362501.198","1105438","794207","1","0","0","0","0","0","0","0","0","0","0","0","0","0","0","0","0","{exception=-, reads_after_abort=0, reads_after_clear=0, search_elapsed_ns=2199398100, other_after_abort=0, writes_after_generation=0, abort_ms=2199, after_resize=0, other_after_clear=0, after_generation=0, tt_writes=794207, reads_after_generation=0, search=150, helper=3, writes_after_clear=0, writes_after_resize=0, bestmove_ms=2199, tt_other=1, event=exit, start_ms=0, completed_depth=12, submit_ms=0, after_abort=0, after_clear=0, reads_after_resize=0, helper_elapsed_ns=2199294800, writes_after_abort=0, helper_nodes=797247, bestmove=g1f3, other_after_resize=0, exit_cause=helper-abort, tt_reads=1105438, other_after_generation=0, exit_ms=2199}"
"measured","1","18","4","150","1","helper-abort","13","g1f3","793270","2199332500","360686.708","1113147","790440","1","0","0","0","0","0","0","0","0","0","0","0","0","0","0","0","0","{exception=-, reads_after_abort=0, reads_after_clear=0, search_elapsed_ns=2199395500, other_after_abort=0, writes_after_generation=0, abort_ms=2199, after_resize=0, other_after_clear=0, after_generation=0, tt_writes=790440, reads_after_generation=0, search=150, helper=1, writes_after_clear=0, writes_after_resize=0, bestmove_ms=2199, tt_other=1, event=exit, start_ms=0, completed_depth=13, submit_ms=0, after_abort=0, after_clear=0, reads_after_resize=0, helper_elapsed_ns=2199332500, writes_after_abort=0, helper_nodes=793270, bestmove=g1f3, other_after_resize=0, exit_cause=helper-abort, tt_reads=1113147, other_after_generation=0, exit_ms=2199}"
"measured","1","19","2","151","1","helper-abort","13","a5c3","367737","941046400","390774.568","576350","363614","1","0","0","0","0","0","0","0","0","0","0","0","0","0","0","0","0","{exception=-, reads_after_abort=0, reads_after_clear=0, search_elapsed_ns=941114000, other_after_abort=0, writes_after_generation=0, abort_ms=941, after_resize=0, other_after_clear=0, after_generation=0, tt_writes=363614, reads_after_generation=0, search=151, helper=1, writes_after_clear=0, writes_after_resize=0, bestmove_ms=941, tt_other=1, event=exit, start_ms=0, completed_depth=13, submit_ms=0, after_abort=0, after_clear=0, reads_after_resize=0, helper_elapsed_ns=941046400, writes_after_abort=0, helper_nodes=367737, bestmove=a5c3, other_after_resize=0, exit_cause=helper-abort, tt_reads=576350, other_after_generation=0, exit_ms=941}"
"measured","1","19","4","152","1","helper-abort","13","a5c3","237258","621405900","381808.412","372411","235077","1","0","0","0","0","0","0","0","0","0","0","0","0","0","0","0","0","{exception=-, reads_after_abort=0, reads_after_clear=0, search_elapsed_ns=621485100, other_after_abort=0, writes_after_generation=0, abort_ms=621, after_resize=0, other_after_clear=0, after_generation=0, tt_writes=235077, reads_after_generation=0, search=152, helper=1, writes_after_clear=0, writes_after_resize=0, bestmove_ms=621, tt_other=1, event=exit, start_ms=0, completed_depth=13, submit_ms=0, after_abort=0, after_clear=0, reads_after_resize=0, helper_elapsed_ns=621405900, writes_after_abort=0, helper_nodes=237258, bestmove=a5c3, other_after_resize=0, exit_cause=helper-abort, tt_reads=372411, other_after_generation=0, exit_ms=621}"
"measured","1","19","4","152","3","helper-abort","13","a5c3","236695","621394500","380909.390","393464","234219","1","0","0","0","0","0","0","0","0","0","0","0","0","0","0","0","0","{exception=-, reads_after_abort=0, reads_after_clear=0, search_elapsed_ns=621486000, other_after_abort=0, writes_after_generation=0, abort_ms=621, after_resize=0, other_after_clear=0, after_generation=0, tt_writes=234219, reads_after_generation=0, search=152, helper=3, writes_after_clear=0, writes_after_resize=0, bestmove_ms=621, tt_other=1, event=exit, start_ms=0, completed_depth=13, submit_ms=0, after_abort=0, after_clear=0, reads_after_resize=0, helper_elapsed_ns=621394500, writes_after_abort=0, helper_nodes=236695, bestmove=a5c3, other_after_resize=0, exit_cause=helper-abort, tt_reads=393464, other_after_generation=0, exit_ms=621}"
"measured","1","19","4","152","2","helper-abort","13","a5c3","236804","621405800","381077.872","366162","234668","1","1","0","0","0","0","1","0","0","0","0","0","0","0","0","0","0","{exception=-, reads_after_abort=0, reads_after_clear=0, search_elapsed_ns=621485100, other_after_abort=0, writes_after_generation=0, abort_ms=621, after_resize=0, other_after_clear=0, after_generation=0, tt_writes=234668, reads_after_generation=0, search=152, helper=2, writes_after_clear=0, writes_after_resize=0, bestmove_ms=621, tt_other=1, event=exit, start_ms=0, completed_depth=13, submit_ms=0, after_abort=1, after_clear=0, reads_after_resize=0, helper_elapsed_ns=621405800, writes_after_abort=1, helper_nodes=236804, bestmove=a5c3, other_after_resize=0, exit_cause=helper-abort, tt_reads=366162, other_after_generation=0, exit_ms=621}"
"measured","1","20","4","154","1","helper-abort","13","d7d2","115318","258227400","446575.383","226578","113624","1","0","0","0","0","0","0","0","0","0","0","0","0","0","0","0","0","{exception=-, reads_after_abort=0, reads_after_clear=0, search_elapsed_ns=258297600, other_after_abort=0, writes_after_generation=0, abort_ms=258, after_resize=0, other_after_clear=0, after_generation=0, tt_writes=113624, reads_after_generation=0, search=154, helper=1, writes_after_clear=0, writes_after_resize=0, bestmove_ms=258, tt_other=1, event=exit, start_ms=0, completed_depth=13, submit_ms=0, after_abort=0, after_clear=0, reads_after_resize=0, helper_elapsed_ns=258227400, writes_after_abort=0, helper_nodes=115318, bestmove=d7d2, other_after_resize=0, exit_cause=helper-abort, tt_reads=226578, other_after_generation=0, exit_ms=258}"
"measured","1","20","4","154","3","helper-abort","13","d7d2","115361","258201600","446786.542","208890","113670","1","0","0","0","0","0","0","0","0","0","0","0","0","0","0","0","0","{exception=-, reads_after_abort=0, reads_after_clear=0, search_elapsed_ns=258297700, other_after_abort=0, writes_after_generation=0, abort_ms=258, after_resize=0, other_after_clear=0, after_generation=0, tt_writes=113670, reads_after_generation=0, search=154, helper=3, writes_after_clear=0, writes_after_resize=0, bestmove_ms=258, tt_other=1, event=exit, start_ms=0, completed_depth=13, submit_ms=0, after_abort=0, after_clear=0, reads_after_resize=0, helper_elapsed_ns=258201600, writes_after_abort=0, helper_nodes=115361, bestmove=d7d2, other_after_resize=0, exit_cause=helper-abort, tt_reads=208890, other_after_generation=0, exit_ms=258}"
"measured","1","20","4","154","2","helper-abort","13","d7d2","109362","258224600","423515.033","225732","107708","1","0","0","0","0","0","0","0","0","0","0","0","0","0","0","0","0","{exception=-, reads_after_abort=0, reads_after_clear=0, search_elapsed_ns=258299200, other_after_abort=0, writes_after_generation=0, abort_ms=258, after_resize=0, other_after_clear=0, after_generation=0, tt_writes=107708, reads_after_generation=0, search=154, helper=2, writes_after_clear=0, writes_after_resize=0, bestmove_ms=258, tt_other=1, event=exit, start_ms=0, completed_depth=13, submit_ms=0, after_abort=0, after_clear=0, reads_after_resize=0, helper_elapsed_ns=258224600, writes_after_abort=0, helper_nodes=109362, bestmove=d7d2, other_after_resize=0, exit_cause=helper-abort, tt_reads=225732, other_after_generation=0, exit_ms=258}"
"measured","1","20","2","156","1","helper-abort","13","d7d2","141539","328536800","430816.274","256925","139331","1","0","0","0","0","0","0","0","0","0","0","0","0","0","0","0","0","{exception=-, reads_after_abort=0, reads_after_clear=0, search_elapsed_ns=328607200, other_after_abort=0, writes_after_generation=0, abort_ms=328, after_resize=0, other_after_clear=0, after_generation=0, tt_writes=139331, reads_after_generation=0, search=156, helper=1, writes_after_clear=0, writes_after_resize=0, bestmove_ms=328, tt_other=1, event=exit, start_ms=0, completed_depth=13, submit_ms=0, after_abort=0, after_clear=0, reads_after_resize=0, helper_elapsed_ns=328536800, writes_after_abort=0, helper_nodes=141539, bestmove=d7d2, other_after_resize=0, exit_cause=helper-abort, tt_reads=256925, other_after_generation=0, exit_ms=328}"
"measured","1","21","2","158","1","helper-abort","13","g8h7","1091883","3077125700","354838.608","1550671","1085692","1","0","0","0","0","0","0","0","0","0","0","0","0","0","0","0","0","{exception=-, reads_after_abort=0, reads_after_clear=0, search_elapsed_ns=3077201100, other_after_abort=0, writes_after_generation=0, abort_ms=3077, after_resize=0, other_after_clear=0, after_generation=0, tt_writes=1085692, reads_after_generation=0, search=158, helper=1, writes_after_clear=0, writes_after_resize=0, bestmove_ms=3077, tt_other=1, event=exit, start_ms=0, completed_depth=13, submit_ms=0, after_abort=0, after_clear=0, reads_after_resize=0, helper_elapsed_ns=3077125700, writes_after_abort=0, helper_nodes=1091883, bestmove=g8h7, other_after_resize=0, exit_cause=helper-abort, tt_reads=1550671, other_after_generation=0, exit_ms=3077}"
"measured","1","21","4","159","2","helper-abort","12","g8h7","901825","2662160500","338756.810","1343736","897017","1","0","0","0","0","0","0","0","0","0","0","0","0","0","0","0","0","{exception=-, reads_after_abort=0, reads_after_clear=0, search_elapsed_ns=2662221100, other_after_abort=0, writes_after_generation=0, abort_ms=2662, after_resize=0, other_after_clear=0, after_generation=0, tt_writes=897017, reads_after_generation=0, search=159, helper=2, writes_after_clear=0, writes_after_resize=0, bestmove_ms=2662, tt_other=1, event=exit, start_ms=0, completed_depth=12, submit_ms=0, after_abort=0, after_clear=0, reads_after_resize=0, helper_elapsed_ns=2662160500, writes_after_abort=0, helper_nodes=901825, bestmove=g8h7, other_after_resize=0, exit_cause=helper-abort, tt_reads=1343736, other_after_generation=0, exit_ms=2662}"
"measured","1","21","4","159","1","helper-abort","12","g8h7","913088","2662164700","342987.044","1318402","907369","1","0","0","0","0","0","0","0","0","0","0","0","0","0","0","0","0","{exception=-, reads_after_abort=0, reads_after_clear=0, search_elapsed_ns=2662221100, other_after_abort=0, writes_after_generation=0, abort_ms=2662, after_resize=0, other_after_clear=0, after_generation=0, tt_writes=907369, reads_after_generation=0, search=159, helper=1, writes_after_clear=0, writes_after_resize=0, bestmove_ms=2662, tt_other=1, event=exit, start_ms=0, completed_depth=12, submit_ms=0, after_abort=0, after_clear=0, reads_after_resize=0, helper_elapsed_ns=2662164700, writes_after_abort=0, helper_nodes=913088, bestmove=g8h7, other_after_resize=0, exit_cause=helper-abort, tt_reads=1318402, other_after_generation=0, exit_ms=2662}"
"measured","1","21","4","159","3","helper-abort","12","g8h7","903238","2662154900","339288.296","1331348","897744","1","0","0","0","0","0","0","0","0","0","0","0","0","0","0","0","0","{exception=-, reads_after_abort=0, reads_after_clear=0, search_elapsed_ns=2662221200, other_after_abort=0, writes_after_generation=0, abort_ms=2662, after_resize=0, other_after_clear=0, after_generation=0, tt_writes=897744, reads_after_generation=0, search=159, helper=3, writes_after_clear=0, writes_after_resize=0, bestmove_ms=2662, tt_other=1, event=exit, start_ms=0, completed_depth=12, submit_ms=0, after_abort=0, after_clear=0, reads_after_resize=0, helper_elapsed_ns=2662154900, writes_after_abort=0, helper_nodes=903238, bestmove=g8h7, other_after_resize=0, exit_cause=helper-abort, tt_reads=1331348, other_after_generation=0, exit_ms=2662}"
"measured","1","22","2","160","1","helper-abort","13","d4e6","402274","1212341100","331815.856","663147","399562","1","0","0","0","0","0","0","0","0","0","0","0","0","0","0","0","0","{exception=-, reads_after_abort=0, reads_after_clear=0, search_elapsed_ns=1212434400, other_after_abort=0, writes_after_generation=0, abort_ms=1212, after_resize=0, other_after_clear=0, after_generation=0, tt_writes=399562, reads_after_generation=0, search=160, helper=1, writes_after_clear=0, writes_after_resize=0, bestmove_ms=1212, tt_other=1, event=exit, start_ms=0, completed_depth=13, submit_ms=0, after_abort=0, after_clear=0, reads_after_resize=0, helper_elapsed_ns=1212341100, writes_after_abort=0, helper_nodes=402274, bestmove=d4e6, other_after_resize=0, exit_cause=helper-abort, tt_reads=663147, other_after_generation=0, exit_ms=1212}"
"measured","1","22","4","161","2","helper-abort","13","d4b5","248289","767637200","323445.763","420376","246447","1","0","0","0","0","0","0","0","0","0","0","0","0","0","0","0","0","{exception=-, reads_after_abort=0, reads_after_clear=0, search_elapsed_ns=767710500, other_after_abort=0, writes_after_generation=0, abort_ms=767, after_resize=0, other_after_clear=0, after_generation=0, tt_writes=246447, reads_after_generation=0, search=161, helper=2, writes_after_clear=0, writes_after_resize=0, bestmove_ms=767, tt_other=1, event=exit, start_ms=0, completed_depth=13, submit_ms=0, after_abort=0, after_clear=0, reads_after_resize=0, helper_elapsed_ns=767637200, writes_after_abort=0, helper_nodes=248289, bestmove=d4b5, other_after_resize=0, exit_cause=helper-abort, tt_reads=420376, other_after_generation=0, exit_ms=767}"
"measured","1","22","4","161","3","helper-abort","13","d4b5","240427","767634800","313204.925","398128","238715","1","0","0","0","0","0","0","0","0","0","0","0","0","0","0","0","0","{exception=-, reads_after_abort=0, reads_after_clear=0, search_elapsed_ns=767709600, other_after_abort=0, writes_after_generation=0, abort_ms=767, after_resize=0, other_after_clear=0, after_generation=0, tt_writes=238715, reads_after_generation=0, search=161, helper=3, writes_after_clear=0, writes_after_resize=0, bestmove_ms=767, tt_other=1, event=exit, start_ms=0, completed_depth=13, submit_ms=0, after_abort=0, after_clear=0, reads_after_resize=0, helper_elapsed_ns=767634800, writes_after_abort=0, helper_nodes=240427, bestmove=d4b5, other_after_resize=0, exit_cause=helper-abort, tt_reads=398128, other_after_generation=0, exit_ms=767}"
"measured","1","22","4","161","1","helper-abort","13","d4b5","230365","767649200","300091.500","399255","228902","1","0","0","0","0","0","0","0","0","0","0","0","0","0","0","0","0","{exception=-, reads_after_abort=0, reads_after_clear=0, search_elapsed_ns=767709500, other_after_abort=0, writes_after_generation=0, abort_ms=767, after_resize=0, other_after_clear=0, after_generation=0, tt_writes=228902, reads_after_generation=0, search=161, helper=1, writes_after_clear=0, writes_after_resize=0, bestmove_ms=767, tt_other=1, event=exit, start_ms=0, completed_depth=13, submit_ms=0, after_abort=0, after_clear=0, reads_after_resize=0, helper_elapsed_ns=767649200, writes_after_abort=0, helper_nodes=230365, bestmove=d4b5, other_after_resize=0, exit_cause=helper-abort, tt_reads=399255, other_after_generation=0, exit_ms=767}"
"measured","1","23","4","163","2","helper-abort","13","g5d8","110132","198129700","555858.107","208460","109175","1","0","0","0","0","0","0","0","0","0","0","0","0","0","0","0","0","{exception=-, reads_after_abort=0, reads_after_clear=0, search_elapsed_ns=198231900, other_after_abort=0, writes_after_generation=0, abort_ms=198, after_resize=0, other_after_clear=0, after_generation=0, tt_writes=109175, reads_after_generation=0, search=163, helper=2, writes_after_clear=0, writes_after_resize=0, bestmove_ms=198, tt_other=1, event=exit, start_ms=0, completed_depth=13, submit_ms=0, after_abort=0, after_clear=0, reads_after_resize=0, helper_elapsed_ns=198129700, writes_after_abort=0, helper_nodes=110132, bestmove=g5d8, other_after_resize=0, exit_cause=helper-abort, tt_reads=208460, other_after_generation=0, exit_ms=198}"
"measured","1","23","4","163","1","helper-abort","13","g5d8","101658","198131100","513084.518","206825","100725","1","0","0","0","0","0","0","0","0","0","0","0","0","0","0","0","0","{exception=-, reads_after_abort=0, reads_after_clear=0, search_elapsed_ns=198233400, other_after_abort=0, writes_after_generation=0, abort_ms=198, after_resize=0, other_after_clear=0, after_generation=0, tt_writes=100725, reads_after_generation=0, search=163, helper=1, writes_after_clear=0, writes_after_resize=0, bestmove_ms=198, tt_other=1, event=exit, start_ms=0, completed_depth=13, submit_ms=0, after_abort=0, after_clear=0, reads_after_resize=0, helper_elapsed_ns=198131100, writes_after_abort=0, helper_nodes=101658, bestmove=g5d8, other_after_resize=0, exit_cause=helper-abort, tt_reads=206825, other_after_generation=0, exit_ms=198}"
"measured","1","23","4","163","3","helper-abort","13","g5d8","109603","198128500","553191.489","211265","108595","1","0","0","0","0","0","0","0","0","0","0","0","0","0","0","0","0","{exception=-, reads_after_abort=0, reads_after_clear=0, search_elapsed_ns=198232000, other_after_abort=0, writes_after_generation=0, abort_ms=198, after_resize=0, other_after_clear=0, after_generation=0, tt_writes=108595, reads_after_generation=0, search=163, helper=3, writes_after_clear=0, writes_after_resize=0, bestmove_ms=198, tt_other=1, event=exit, start_ms=0, completed_depth=13, submit_ms=0, after_abort=0, after_clear=0, reads_after_resize=0, helper_elapsed_ns=198128500, writes_after_abort=0, helper_nodes=109603, bestmove=g5d8, other_after_resize=0, exit_cause=helper-abort, tt_reads=211265, other_after_generation=0, exit_ms=198}"
"measured","1","23","2","165","1","helper-abort","13","g5d8","117372","202579200","579388.210","219474","116426","1","0","0","0","0","0","0","0","0","0","0","0","0","0","0","0","0","{exception=-, reads_after_abort=0, reads_after_clear=0, search_elapsed_ns=202665200, other_after_abort=0, writes_after_generation=0, abort_ms=202, after_resize=0, other_after_clear=0, after_generation=0, tt_writes=116426, reads_after_generation=0, search=165, helper=1, writes_after_clear=0, writes_after_resize=0, bestmove_ms=202, tt_other=1, event=exit, start_ms=0, completed_depth=13, submit_ms=0, after_abort=0, after_clear=0, reads_after_resize=0, helper_elapsed_ns=202579200, writes_after_abort=0, helper_nodes=117372, bestmove=g5d8, other_after_resize=0, exit_cause=helper-abort, tt_reads=219474, other_after_generation=0, exit_ms=202}"
"measured","1","24","2","167","1","helper-abort","13","d5e3","45763","71097200","643668.105","74979","44480","1","0","0","0","0","0","0","0","0","0","0","0","0","0","0","0","0","{exception=-, reads_after_abort=0, reads_after_clear=0, search_elapsed_ns=71178300, other_after_abort=0, writes_after_generation=0, abort_ms=71, after_resize=0, other_after_clear=0, after_generation=0, tt_writes=44480, reads_after_generation=0, search=167, helper=1, writes_after_clear=0, writes_after_resize=0, bestmove_ms=71, tt_other=1, event=exit, start_ms=0, completed_depth=13, submit_ms=0, after_abort=0, after_clear=0, reads_after_resize=0, helper_elapsed_ns=71097200, writes_after_abort=0, helper_nodes=45763, bestmove=d5e3, other_after_resize=0, exit_cause=helper-abort, tt_reads=74979, other_after_generation=0, exit_ms=71}"
"measured","1","24","4","168","1","helper-abort","13","d5e3","52903","84094600","629089.145","87301","51634","1","0","0","0","0","0","0","0","0","0","0","0","0","0","0","0","0","{exception=-, reads_after_abort=0, reads_after_clear=0, search_elapsed_ns=84146200, other_after_abort=0, writes_after_generation=0, abort_ms=84, after_resize=0, other_after_clear=0, after_generation=0, tt_writes=51634, reads_after_generation=0, search=168, helper=1, writes_after_clear=0, writes_after_resize=0, bestmove_ms=84, tt_other=1, event=exit, start_ms=0, completed_depth=13, submit_ms=0, after_abort=0, after_clear=0, reads_after_resize=0, helper_elapsed_ns=84094600, writes_after_abort=0, helper_nodes=52903, bestmove=d5e3, other_after_resize=0, exit_cause=helper-abort, tt_reads=87301, other_after_generation=0, exit_ms=84}"
"measured","1","24","4","168","2","helper-abort","13","d5e3","53023","84090200","630549.101","87278","51743","1","0","0","0","0","0","0","0","0","0","0","0","0","0","0","0","0","{exception=-, reads_after_abort=0, reads_after_clear=0, search_elapsed_ns=84146300, other_after_abort=0, writes_after_generation=0, abort_ms=84, after_resize=0, other_after_clear=0, after_generation=0, tt_writes=51743, reads_after_generation=0, search=168, helper=2, writes_after_clear=0, writes_after_resize=0, bestmove_ms=84, tt_other=1, event=exit, start_ms=0, completed_depth=13, submit_ms=0, after_abort=0, after_clear=0, reads_after_resize=0, helper_elapsed_ns=84090200, writes_after_abort=0, helper_nodes=53023, bestmove=d5e3, other_after_resize=0, exit_cause=helper-abort, tt_reads=87278, other_after_generation=0, exit_ms=84}"
"measured","1","24","4","168","3","helper-abort","13","d5e3","53764","84086100","639392.242","87477","52476","1","0","0","0","0","0","0","0","0","0","0","0","0","0","0","0","0","{exception=-, reads_after_abort=0, reads_after_clear=0, search_elapsed_ns=84146200, other_after_abort=0, writes_after_generation=0, abort_ms=84, after_resize=0, other_after_clear=0, after_generation=0, tt_writes=52476, reads_after_generation=0, search=168, helper=3, writes_after_clear=0, writes_after_resize=0, bestmove_ms=84, tt_other=1, event=exit, start_ms=0, completed_depth=13, submit_ms=0, after_abort=0, after_clear=0, reads_after_resize=0, helper_elapsed_ns=84086100, writes_after_abort=0, helper_nodes=53764, bestmove=d5e3, other_after_resize=0, exit_cause=helper-abort, tt_reads=87477, other_after_generation=0, exit_ms=84}"
"measured","1","25","2","169","1","helper-abort","12","h5e2","130166","332251400","391769.606","187243","128931","1","1","0","0","0","1","0","0","0","0","0","0","0","0","0","0","0","{exception=-, reads_after_abort=1, reads_after_clear=0, search_elapsed_ns=332309800, other_after_abort=0, writes_after_generation=0, abort_ms=332, after_resize=0, other_after_clear=0, after_generation=0, tt_writes=128931, reads_after_generation=0, search=169, helper=1, writes_after_clear=0, writes_after_resize=0, bestmove_ms=332, tt_other=1, event=exit, start_ms=0, completed_depth=12, submit_ms=0, after_abort=1, after_clear=0, reads_after_resize=0, helper_elapsed_ns=332251400, writes_after_abort=0, helper_nodes=130166, bestmove=h5e2, other_after_resize=0, exit_cause=helper-abort, tt_reads=187243, other_after_generation=0, exit_ms=332}"
"measured","1","25","4","170","1","helper-abort","13","h5e2","62930","178762400","352031.523","131085","62488","1","0","0","0","0","0","0","0","0","0","0","0","0","0","0","0","0","{exception=-, reads_after_abort=0, reads_after_clear=0, search_elapsed_ns=178824800, other_after_abort=0, writes_after_generation=0, abort_ms=178, after_resize=0, other_after_clear=0, after_generation=0, tt_writes=62488, reads_after_generation=0, search=170, helper=1, writes_after_clear=0, writes_after_resize=0, bestmove_ms=178, tt_other=1, event=exit, start_ms=0, completed_depth=13, submit_ms=0, after_abort=0, after_clear=0, reads_after_resize=0, helper_elapsed_ns=178762400, writes_after_abort=0, helper_nodes=62930, bestmove=h5e2, other_after_resize=0, exit_cause=helper-abort, tt_reads=131085, other_after_generation=0, exit_ms=178}"
"measured","1","25","4","170","3","helper-abort","13","h5e2","69864","178755800","390834.871","135422","69414","1","0","0","0","0","0","0","0","0","0","0","0","0","0","0","0","0","{exception=-, reads_after_abort=0, reads_after_clear=0, search_elapsed_ns=178824700, other_after_abort=0, writes_after_generation=0, abort_ms=178, after_resize=0, other_after_clear=0, after_generation=0, tt_writes=69414, reads_after_generation=0, search=170, helper=3, writes_after_clear=0, writes_after_resize=0, bestmove_ms=178, tt_other=1, event=exit, start_ms=0, completed_depth=13, submit_ms=0, after_abort=0, after_clear=0, reads_after_resize=0, helper_elapsed_ns=178755800, writes_after_abort=0, helper_nodes=69864, bestmove=h5e2, other_after_resize=0, exit_cause=helper-abort, tt_reads=135422, other_after_generation=0, exit_ms=178}"
"measured","1","25","4","170","2","helper-abort","13","h5e2","72087","178759700","403262.033","136124","71604","1","0","0","0","0","0","0","0","0","0","0","0","0","0","0","0","0","{exception=-, reads_after_abort=0, reads_after_clear=0, search_elapsed_ns=178824700, other_after_abort=0, writes_after_generation=0, abort_ms=178, after_resize=0, other_after_clear=0, after_generation=0, tt_writes=71604, reads_after_generation=0, search=170, helper=2, writes_after_clear=0, writes_after_resize=0, bestmove_ms=178, tt_other=1, event=exit, start_ms=0, completed_depth=13, submit_ms=0, after_abort=0, after_clear=0, reads_after_resize=0, helper_elapsed_ns=178759700, writes_after_abort=0, helper_nodes=72087, bestmove=h5e2, other_after_resize=0, exit_cause=helper-abort, tt_reads=136124, other_after_generation=0, exit_ms=178}"
"measured","1","26","4","172","2","helper-abort","13","a6a5","48082","61984900","775705.051","82539","47253","1","0","0","0","0","0","0","0","0","0","0","0","0","0","0","0","0","{exception=-, reads_after_abort=0, reads_after_clear=0, search_elapsed_ns=62074700, other_after_abort=0, writes_after_generation=0, abort_ms=62, after_resize=0, other_after_clear=0, after_generation=0, tt_writes=47253, reads_after_generation=0, search=172, helper=2, writes_after_clear=0, writes_after_resize=0, bestmove_ms=62, tt_other=1, event=exit, start_ms=0, completed_depth=13, submit_ms=0, after_abort=0, after_clear=0, reads_after_resize=0, helper_elapsed_ns=61984900, writes_after_abort=0, helper_nodes=48082, bestmove=a6a5, other_after_resize=0, exit_cause=helper-abort, tt_reads=82539, other_after_generation=0, exit_ms=62}"
"measured","1","26","4","172","1","helper-abort","12","b5b4","44314","62024700","714457.305","76640","43542","1","1","0","0","0","0","1","0","0","0","0","0","0","0","0","0","0","{exception=-, reads_after_abort=0, reads_after_clear=0, search_elapsed_ns=62093600, other_after_abort=0, writes_after_generation=0, abort_ms=62, after_resize=0, other_after_clear=0, after_generation=0, tt_writes=43542, reads_after_generation=0, search=172, helper=1, writes_after_clear=0, writes_after_resize=0, bestmove_ms=62, tt_other=1, event=exit, start_ms=0, completed_depth=12, submit_ms=0, after_abort=1, after_clear=0, reads_after_resize=0, helper_elapsed_ns=62024700, writes_after_abort=1, helper_nodes=44314, bestmove=b5b4, other_after_resize=0, exit_cause=helper-abort, tt_reads=76640, other_after_generation=0, exit_ms=62}"
"measured","1","26","4","172","3","helper-abort","13","a6a5","47605","61976900","768108.763","81822","46807","1","0","0","0","0","0","0","0","0","0","0","0","0","0","0","0","0","{exception=-, reads_after_abort=0, reads_after_clear=0, search_elapsed_ns=62074800, other_after_abort=0, writes_after_generation=0, abort_ms=62, after_resize=0, other_after_clear=0, after_generation=0, tt_writes=46807, reads_after_generation=0, search=172, helper=3, writes_after_clear=0, writes_after_resize=0, bestmove_ms=62, tt_other=1, event=exit, start_ms=0, completed_depth=13, submit_ms=0, after_abort=0, after_clear=0, reads_after_resize=0, helper_elapsed_ns=61976900, writes_after_abort=0, helper_nodes=47605, bestmove=a6a5, other_after_resize=0, exit_cause=helper-abort, tt_reads=81822, other_after_generation=0, exit_ms=62}"
"measured","1","26","2","174","1","helper-abort","13","a6a5","47033","65114900","722307.797","81042","46007","1","0","0","0","0","0","0","0","0","0","0","0","0","0","0","0","0","{exception=-, reads_after_abort=0, reads_after_clear=0, search_elapsed_ns=65233200, other_after_abort=0, writes_after_generation=0, abort_ms=65, after_resize=0, other_after_clear=0, after_generation=0, tt_writes=46007, reads_after_generation=0, search=174, helper=1, writes_after_clear=0, writes_after_resize=0, bestmove_ms=65, tt_other=1, event=exit, start_ms=0, completed_depth=13, submit_ms=0, after_abort=0, after_clear=0, reads_after_resize=0, helper_elapsed_ns=65114900, writes_after_abort=0, helper_nodes=47033, bestmove=a6a5, other_after_resize=0, exit_cause=helper-abort, tt_reads=81042, other_after_generation=0, exit_ms=65}"
"measured","1","27","2","176","1","helper-abort","13","a6a5","55918","83826600","667067.494","101648","54667","1","0","0","0","0","0","0","0","0","0","0","0","0","0","0","0","0","{exception=-, reads_after_abort=0, reads_after_clear=0, search_elapsed_ns=83894300, other_after_abort=0, writes_after_generation=0, abort_ms=83, after_resize=0, other_after_clear=0, after_generation=0, tt_writes=54667, reads_after_generation=0, search=176, helper=1, writes_after_clear=0, writes_after_resize=0, bestmove_ms=83, tt_other=1, event=exit, start_ms=0, completed_depth=13, submit_ms=0, after_abort=0, after_clear=0, reads_after_resize=0, helper_elapsed_ns=83826600, writes_after_abort=0, helper_nodes=55918, bestmove=a6a5, other_after_resize=0, exit_cause=helper-abort, tt_reads=101648, other_after_generation=0, exit_ms=83}"
"measured","1","27","4","177","1","helper-abort","12","a6a5","52618","84428400","623226.308","91670","51487","1","0","0","0","0","0","0","0","0","0","0","0","0","0","0","0","0","{exception=-, reads_after_abort=0, reads_after_clear=0, search_elapsed_ns=84492500, other_after_abort=0, writes_after_generation=0, abort_ms=84, after_resize=0, other_after_clear=0, after_generation=0, tt_writes=51487, reads_after_generation=0, search=177, helper=1, writes_after_clear=0, writes_after_resize=0, bestmove_ms=84, tt_other=1, event=exit, start_ms=0, completed_depth=12, submit_ms=0, after_abort=0, after_clear=0, reads_after_resize=0, helper_elapsed_ns=84428400, writes_after_abort=0, helper_nodes=52618, bestmove=a6a5, other_after_resize=0, exit_cause=helper-abort, tt_reads=91670, other_after_generation=0, exit_ms=84}"
"measured","1","27","4","177","3","helper-abort","13","a6a5","52383","84419300","620509.765","96758","51332","1","0","0","0","0","0","0","0","0","0","0","0","0","0","0","0","0","{exception=-, reads_after_abort=0, reads_after_clear=0, search_elapsed_ns=84490600, other_after_abort=0, writes_after_generation=0, abort_ms=84, after_resize=0, other_after_clear=0, after_generation=0, tt_writes=51332, reads_after_generation=0, search=177, helper=3, writes_after_clear=0, writes_after_resize=0, bestmove_ms=84, tt_other=1, event=exit, start_ms=0, completed_depth=13, submit_ms=0, after_abort=0, after_clear=0, reads_after_resize=0, helper_elapsed_ns=84419300, writes_after_abort=0, helper_nodes=52383, bestmove=a6a5, other_after_resize=0, exit_cause=helper-abort, tt_reads=96758, other_after_generation=0, exit_ms=84}"
"measured","1","27","4","177","2","helper-abort","13","a6a5","48126","84425400","570041.717","94666","47051","1","0","0","0","0","0","0","0","0","0","0","0","0","0","0","0","0","{exception=-, reads_after_abort=0, reads_after_clear=0, search_elapsed_ns=84490600, other_after_abort=0, writes_after_generation=0, abort_ms=84, after_resize=0, other_after_clear=0, after_generation=0, tt_writes=47051, reads_after_generation=0, search=177, helper=2, writes_after_clear=0, writes_after_resize=0, bestmove_ms=84, tt_other=1, event=exit, start_ms=0, completed_depth=13, submit_ms=0, after_abort=0, after_clear=0, reads_after_resize=0, helper_elapsed_ns=84425400, writes_after_abort=0, helper_nodes=48126, bestmove=a6a5, other_after_resize=0, exit_cause=helper-abort, tt_reads=94666, other_after_generation=0, exit_ms=84}"
"measured","1","28","2","178","1","helper-abort","13","d2b4","1434346","3794926700","377964.086","2021893","1418838","1","0","0","0","0","0","0","0","0","0","0","0","0","0","0","0","0","{exception=-, reads_after_abort=0, reads_after_clear=0, search_elapsed_ns=3794996600, other_after_abort=0, writes_after_generation=0, abort_ms=3794, after_resize=0, other_after_clear=0, after_generation=0, tt_writes=1418838, reads_after_generation=0, search=178, helper=1, writes_after_clear=0, writes_after_resize=0, bestmove_ms=3794, tt_other=1, event=exit, start_ms=0, completed_depth=13, submit_ms=0, after_abort=0, after_clear=0, reads_after_resize=0, helper_elapsed_ns=3794926700, writes_after_abort=0, helper_nodes=1434346, bestmove=d2b4, other_after_resize=0, exit_cause=helper-abort, tt_reads=2021893, other_after_generation=0, exit_ms=3794}"
"measured","1","28","4","179","1","helper-abort","13","d2b4","1777067","4947070900","359215.996","2429656","1758517","1","0","0","0","0","0","0","0","0","0","0","0","0","0","0","0","0","{exception=-, reads_after_abort=0, reads_after_clear=0, search_elapsed_ns=4947138300, other_after_abort=0, writes_after_generation=0, abort_ms=4947, after_resize=0, other_after_clear=0, after_generation=0, tt_writes=1758517, reads_after_generation=0, search=179, helper=1, writes_after_clear=0, writes_after_resize=0, bestmove_ms=4947, tt_other=1, event=exit, start_ms=0, completed_depth=13, submit_ms=0, after_abort=0, after_clear=0, reads_after_resize=0, helper_elapsed_ns=4947070900, writes_after_abort=0, helper_nodes=1777067, bestmove=d2b4, other_after_resize=0, exit_cause=helper-abort, tt_reads=2429656, other_after_generation=0, exit_ms=4947}"
"measured","1","28","4","179","3","helper-abort","12","a5a6","1785614","4947043800","360945.662","2473567","1766299","1","3","0","0","0","0","3","0","0","0","0","0","0","0","0","0","0","{exception=-, reads_after_abort=0, reads_after_clear=0, search_elapsed_ns=4947140200, other_after_abort=0, writes_after_generation=0, abort_ms=4947, after_resize=0, other_after_clear=0, after_generation=0, tt_writes=1766299, reads_after_generation=0, search=179, helper=3, writes_after_clear=0, writes_after_resize=0, bestmove_ms=4947, tt_other=1, event=exit, start_ms=0, completed_depth=12, submit_ms=0, after_abort=3, after_clear=0, reads_after_resize=0, helper_elapsed_ns=4947043800, writes_after_abort=3, helper_nodes=1785614, bestmove=a5a6, other_after_resize=0, exit_cause=helper-abort, tt_reads=2473567, other_after_generation=0, exit_ms=4947}"
"measured","1","28","4","179","2","helper-abort","12","a5a6","1673153","4947065200","338211.229","2312614","1656905","1","0","0","0","0","0","0","0","0","0","0","0","0","0","0","0","0","{exception=-, reads_after_abort=0, reads_after_clear=0, search_elapsed_ns=4947139500, other_after_abort=0, writes_after_generation=0, abort_ms=4947, after_resize=0, other_after_clear=0, after_generation=0, tt_writes=1656905, reads_after_generation=0, search=179, helper=2, writes_after_clear=0, writes_after_resize=0, bestmove_ms=4947, tt_other=1, event=exit, start_ms=0, completed_depth=12, submit_ms=0, after_abort=0, after_clear=0, reads_after_resize=0, helper_elapsed_ns=4947065200, writes_after_abort=0, helper_nodes=1673153, bestmove=a5a6, other_after_resize=0, exit_cause=helper-abort, tt_reads=2312614, other_after_generation=0, exit_ms=4947}"
"measured","1","29","4","181","1","helper-abort","13","c6d4","1217709","3552529600","342772.373","2096862","1208879","1","0","0","0","0","0","0","0","0","0","0","0","0","0","0","0","0","{exception=-, reads_after_abort=0, reads_after_clear=0, search_elapsed_ns=3552646100, other_after_abort=0, writes_after_generation=0, abort_ms=3552, after_resize=0, other_after_clear=0, after_generation=0, tt_writes=1208879, reads_after_generation=0, search=181, helper=1, writes_after_clear=0, writes_after_resize=0, bestmove_ms=3552, tt_other=1, event=exit, start_ms=0, completed_depth=13, submit_ms=0, after_abort=0, after_clear=0, reads_after_resize=0, helper_elapsed_ns=3552529600, writes_after_abort=0, helper_nodes=1217709, bestmove=c6d4, other_after_resize=0, exit_cause=helper-abort, tt_reads=2096862, other_after_generation=0, exit_ms=3552}"
"measured","1","29","4","181","2","helper-abort","13","c6d4","1214450","3552529400","341855.017","2101963","1205520","1","0","0","0","0","0","0","0","0","0","0","0","0","0","0","0","0","{exception=-, reads_after_abort=0, reads_after_clear=0, search_elapsed_ns=3552646100, other_after_abort=0, writes_after_generation=0, abort_ms=3552, after_resize=0, other_after_clear=0, after_generation=0, tt_writes=1205520, reads_after_generation=0, search=181, helper=2, writes_after_clear=0, writes_after_resize=0, bestmove_ms=3552, tt_other=1, event=exit, start_ms=0, completed_depth=13, submit_ms=0, after_abort=0, after_clear=0, reads_after_resize=0, helper_elapsed_ns=3552529400, writes_after_abort=0, helper_nodes=1214450, bestmove=c6d4, other_after_resize=0, exit_cause=helper-abort, tt_reads=2101963, other_after_generation=0, exit_ms=3552}"
"measured","1","29","4","181","3","helper-abort","13","c6d4","1212139","3552508600","341206.493","2102672","1202744","1","0","0","0","0","0","0","0","0","0","0","0","0","0","0","0","0","{exception=-, reads_after_abort=0, reads_after_clear=0, search_elapsed_ns=3552646000, other_after_abort=0, writes_after_generation=0, abort_ms=3552, after_resize=0, other_after_clear=0, after_generation=0, tt_writes=1202744, reads_after_generation=0, search=181, helper=3, writes_after_clear=0, writes_after_resize=0, bestmove_ms=3552, tt_other=1, event=exit, start_ms=0, completed_depth=13, submit_ms=0, after_abort=0, after_clear=0, reads_after_resize=0, helper_elapsed_ns=3552508600, writes_after_abort=0, helper_nodes=1212139, bestmove=c6d4, other_after_resize=0, exit_cause=helper-abort, tt_reads=2102672, other_after_generation=0, exit_ms=3552}"
"measured","1","29","2","183","1","helper-abort","13","c6d4","1805192","4993463100","361511.032","2697952","1794848","1","0","0","0","0","0","0","0","0","0","0","0","0","0","0","0","0","{exception=-, reads_after_abort=0, reads_after_clear=0, search_elapsed_ns=4993583600, other_after_abort=0, writes_after_generation=0, abort_ms=4993, after_resize=0, other_after_clear=0, after_generation=0, tt_writes=1794848, reads_after_generation=0, search=183, helper=1, writes_after_clear=0, writes_after_resize=0, bestmove_ms=4993, tt_other=1, event=exit, start_ms=0, completed_depth=13, submit_ms=0, after_abort=0, after_clear=0, reads_after_resize=0, helper_elapsed_ns=4993463100, writes_after_abort=0, helper_nodes=1805192, bestmove=c6d4, other_after_resize=0, exit_cause=helper-abort, tt_reads=2697952, other_after_generation=0, exit_ms=4993}"
"measured","1","30","2","185","1","helper-abort","13","f2f3","1184575","2823278600","419574.250","1615106","1164673","1","0","0","0","0","0","0","0","0","0","0","0","0","0","0","0","0","{exception=-, reads_after_abort=0, reads_after_clear=0, search_elapsed_ns=2823397300, other_after_abort=0, writes_after_generation=0, abort_ms=2823, after_resize=0, other_after_clear=0, after_generation=0, tt_writes=1164673, reads_after_generation=0, search=185, helper=1, writes_after_clear=0, writes_after_resize=0, bestmove_ms=2823, tt_other=1, event=exit, start_ms=0, completed_depth=13, submit_ms=0, after_abort=0, after_clear=0, reads_after_resize=0, helper_elapsed_ns=2823278600, writes_after_abort=0, helper_nodes=1184575, bestmove=f2f3, other_after_resize=0, exit_cause=helper-abort, tt_reads=1615106, other_after_generation=0, exit_ms=2823}"
"measured","1","30","4","186","3","helper-abort","13","h4h5","539874","1363403700","395975.161","805843","530378","1","0","0","0","0","0","0","0","0","0","0","0","0","0","0","0","0","{exception=-, reads_after_abort=0, reads_after_clear=0, search_elapsed_ns=1363483500, other_after_abort=0, writes_after_generation=0, abort_ms=1363, after_resize=0, other_after_clear=0, after_generation=0, tt_writes=530378, reads_after_generation=0, search=186, helper=3, writes_after_clear=0, writes_after_resize=0, bestmove_ms=1363, tt_other=1, event=exit, start_ms=0, completed_depth=13, submit_ms=0, after_abort=0, after_clear=0, reads_after_resize=0, helper_elapsed_ns=1363403700, writes_after_abort=0, helper_nodes=539874, bestmove=h4h5, other_after_resize=0, exit_cause=helper-abort, tt_reads=805843, other_after_generation=0, exit_ms=1363}"
"measured","1","30","4","186","1","helper-abort","13","h4h5","560102","1363415000","410808.155","845697","550370","1","1","0","0","0","0","1","0","0","0","0","0","0","0","0","0","0","{exception=-, reads_after_abort=0, reads_after_clear=0, search_elapsed_ns=1363483600, other_after_abort=0, writes_after_generation=0, abort_ms=1363, after_resize=0, other_after_clear=0, after_generation=0, tt_writes=550370, reads_after_generation=0, search=186, helper=1, writes_after_clear=0, writes_after_resize=0, bestmove_ms=1363, tt_other=1, event=exit, start_ms=0, completed_depth=13, submit_ms=0, after_abort=1, after_clear=0, reads_after_resize=0, helper_elapsed_ns=1363415000, writes_after_abort=1, helper_nodes=560102, bestmove=h4h5, other_after_resize=0, exit_cause=helper-abort, tt_reads=845697, other_after_generation=0, exit_ms=1363}"
"measured","1","30","4","186","2","helper-abort","13","h4h5","541417","1363411600","397104.587","820494","532092","1","1","0","0","0","0","1","0","0","0","0","0","0","0","0","0","0","{exception=-, reads_after_abort=0, reads_after_clear=0, search_elapsed_ns=1363486400, other_after_abort=0, writes_after_generation=0, abort_ms=1363, after_resize=0, other_after_clear=0, after_generation=0, tt_writes=532092, reads_after_generation=0, search=186, helper=2, writes_after_clear=0, writes_after_resize=0, bestmove_ms=1363, tt_other=1, event=exit, start_ms=0, completed_depth=13, submit_ms=0, after_abort=1, after_clear=0, reads_after_resize=0, helper_elapsed_ns=1363411600, writes_after_abort=1, helper_nodes=541417, bestmove=h4h5, other_after_resize=0, exit_cause=helper-abort, tt_reads=820494, other_after_generation=0, exit_ms=1363}"
"measured","2","0","2","187","1","helper-abort","13","e2e4","468732","1168503000","401138.893","686749","466497","1","0","0","0","0","0","0","0","0","0","0","0","0","0","0","0","0","{exception=-, reads_after_abort=0, reads_after_clear=0, search_elapsed_ns=1168562500, other_after_abort=0, writes_after_generation=0, abort_ms=1168, after_resize=0, other_after_clear=0, after_generation=0, tt_writes=466497, reads_after_generation=0, search=187, helper=1, writes_after_clear=0, writes_after_resize=0, bestmove_ms=1168, tt_other=1, event=exit, start_ms=0, completed_depth=13, submit_ms=0, after_abort=0, after_clear=0, reads_after_resize=0, helper_elapsed_ns=1168503000, writes_after_abort=0, helper_nodes=468732, bestmove=e2e4, other_after_resize=0, exit_cause=helper-abort, tt_reads=686749, other_after_generation=0, exit_ms=1168}"
"measured","2","0","4","188","1","helper-abort","13","e2e4","243493","629871100","386575.920","377650","242459","1","0","0","0","0","0","0","0","0","0","0","0","0","0","0","0","0","{exception=-, reads_after_abort=0, reads_after_clear=0, search_elapsed_ns=629924100, other_after_abort=0, writes_after_generation=0, abort_ms=629, after_resize=0, other_after_clear=0, after_generation=0, tt_writes=242459, reads_after_generation=0, search=188, helper=1, writes_after_clear=0, writes_after_resize=0, bestmove_ms=629, tt_other=1, event=exit, start_ms=0, completed_depth=13, submit_ms=0, after_abort=0, after_clear=0, reads_after_resize=0, helper_elapsed_ns=629871100, writes_after_abort=0, helper_nodes=243493, bestmove=e2e4, other_after_resize=0, exit_cause=helper-abort, tt_reads=377650, other_after_generation=0, exit_ms=629}"
"measured","2","0","4","188","2","helper-abort","13","e2e4","253176","629849900","401962.436","383384","251916","1","0","0","0","0","0","0","0","0","0","0","0","0","0","0","0","0","{exception=-, reads_after_abort=0, reads_after_clear=0, search_elapsed_ns=629924100, other_after_abort=0, writes_after_generation=0, abort_ms=629, after_resize=0, other_after_clear=0, after_generation=0, tt_writes=251916, reads_after_generation=0, search=188, helper=2, writes_after_clear=0, writes_after_resize=0, bestmove_ms=629, tt_other=1, event=exit, start_ms=0, completed_depth=13, submit_ms=0, after_abort=0, after_clear=0, reads_after_resize=0, helper_elapsed_ns=629849900, writes_after_abort=0, helper_nodes=253176, bestmove=e2e4, other_after_resize=0, exit_cause=helper-abort, tt_reads=383384, other_after_generation=0, exit_ms=629}"
"measured","2","0","4","188","3","helper-abort","12","e2e4","246472","629848400","391319.562","378409","245474","1","0","0","0","0","0","0","0","0","0","0","0","0","0","0","0","0","{exception=-, reads_after_abort=0, reads_after_clear=0, search_elapsed_ns=629927900, other_after_abort=0, writes_after_generation=0, abort_ms=629, after_resize=0, other_after_clear=0, after_generation=0, tt_writes=245474, reads_after_generation=0, search=188, helper=3, writes_after_clear=0, writes_after_resize=0, bestmove_ms=629, tt_other=1, event=exit, start_ms=0, completed_depth=12, submit_ms=0, after_abort=0, after_clear=0, reads_after_resize=0, helper_elapsed_ns=629848400, writes_after_abort=0, helper_nodes=246472, bestmove=e2e4, other_after_resize=0, exit_cause=helper-abort, tt_reads=378409, other_after_generation=0, exit_ms=629}"
"measured","2","1","4","190","2","helper-abort","12","e2a6","2643147","9926104400","266282.410","3866405","2634143","1","0","0","0","0","0","0","0","0","0","0","0","0","0","0","0","0","{exception=-, reads_after_abort=0, reads_after_clear=0, search_elapsed_ns=9926192300, other_after_abort=0, writes_after_generation=0, abort_ms=9926, after_resize=0, other_after_clear=0, after_generation=0, tt_writes=2634143, reads_after_generation=0, search=190, helper=2, writes_after_clear=0, writes_after_resize=0, bestmove_ms=9926, tt_other=1, event=exit, start_ms=0, completed_depth=12, submit_ms=0, after_abort=0, after_clear=0, reads_after_resize=0, helper_elapsed_ns=9926104400, writes_after_abort=0, helper_nodes=2643147, bestmove=e2a6, other_after_resize=0, exit_cause=helper-abort, tt_reads=3866405, other_after_generation=0, exit_ms=9926}"
"measured","2","1","4","190","1","helper-abort","13","e2a6","2693990","9926124300","271404.016","4011745","2684384","1","0","0","0","0","0","0","0","0","0","0","0","0","0","0","0","0","{exception=-, reads_after_abort=0, reads_after_clear=0, search_elapsed_ns=9926191200, other_after_abort=0, writes_after_generation=0, abort_ms=9926, after_resize=0, other_after_clear=0, after_generation=0, tt_writes=2684384, reads_after_generation=0, search=190, helper=1, writes_after_clear=0, writes_after_resize=0, bestmove_ms=9926, tt_other=1, event=exit, start_ms=0, completed_depth=13, submit_ms=0, after_abort=0, after_clear=0, reads_after_resize=0, helper_elapsed_ns=9926124300, writes_after_abort=0, helper_nodes=2693990, bestmove=e2a6, other_after_resize=0, exit_cause=helper-abort, tt_reads=4011745, other_after_generation=0, exit_ms=9926}"
"measured","2","1","4","190","3","helper-abort","13","e2a6","2672533","9926095400","269243.131","4015863","2662200","1","0","0","0","0","0","0","0","0","0","0","0","0","0","0","0","0","{exception=-, reads_after_abort=0, reads_after_clear=0, search_elapsed_ns=9926191300, other_after_abort=0, writes_after_generation=0, abort_ms=9926, after_resize=0, other_after_clear=0, after_generation=0, tt_writes=2662200, reads_after_generation=0, search=190, helper=3, writes_after_clear=0, writes_after_resize=0, bestmove_ms=9926, tt_other=1, event=exit, start_ms=0, completed_depth=13, submit_ms=0, after_abort=0, after_clear=0, reads_after_resize=0, helper_elapsed_ns=9926095400, writes_after_abort=0, helper_nodes=2672533, bestmove=e2a6, other_after_resize=0, exit_cause=helper-abort, tt_reads=4015863, other_after_generation=0, exit_ms=9926}"
"measured","2","1","2","192","1","helper-abort","13","e2a6","9617915","35547121200","270568.043","12756650","9576838","1","1","0","0","0","0","1","0","0","0","0","0","0","0","0","0","0","{exception=-, reads_after_abort=0, reads_after_clear=0, search_elapsed_ns=35547269500, other_after_abort=0, writes_after_generation=0, abort_ms=35547, after_resize=0, other_after_clear=0, after_generation=0, tt_writes=9576838, reads_after_generation=0, search=192, helper=1, writes_after_clear=0, writes_after_resize=0, bestmove_ms=35547, tt_other=1, event=exit, start_ms=0, completed_depth=13, submit_ms=0, after_abort=1, after_clear=0, reads_after_resize=0, helper_elapsed_ns=35547121200, writes_after_abort=1, helper_nodes=9617915, bestmove=e2a6, other_after_resize=0, exit_cause=helper-abort, tt_reads=12756650, other_after_generation=0, exit_ms=35547}"
"measured","2","2","2","194","1","helper-abort","13","e1f2","6370","6838800","931449.962","14655","6343","1","0","0","0","0","0","0","0","0","0","0","0","0","0","0","0","0","{exception=-, reads_after_abort=0, reads_after_clear=0, search_elapsed_ns=6952800, other_after_abort=0, writes_after_generation=0, abort_ms=6, after_resize=0, other_after_clear=0, after_generation=0, tt_writes=6343, reads_after_generation=0, search=194, helper=1, writes_after_clear=0, writes_after_resize=0, bestmove_ms=6, tt_other=1, event=exit, start_ms=0, completed_depth=13, submit_ms=0, after_abort=0, after_clear=0, reads_after_resize=0, helper_elapsed_ns=6838800, writes_after_abort=0, helper_nodes=6370, bestmove=e1f2, other_after_resize=0, exit_cause=helper-abort, tt_reads=14655, other_after_generation=0, exit_ms=6}"
"measured","2","2","4","195","1","helper-abort","13","e1d2","5276","5857700","900694.812","12132","5266","1","0","0","0","0","0","0","0","0","0","0","0","0","0","0","0","0","{exception=-, reads_after_abort=0, reads_after_clear=0, search_elapsed_ns=5979800, other_after_abort=0, writes_after_generation=0, abort_ms=5, after_resize=0, other_after_clear=0, after_generation=0, tt_writes=5266, reads_after_generation=0, search=195, helper=1, writes_after_clear=0, writes_after_resize=0, bestmove_ms=5, tt_other=1, event=exit, start_ms=0, completed_depth=13, submit_ms=0, after_abort=0, after_clear=0, reads_after_resize=0, helper_elapsed_ns=5857700, writes_after_abort=0, helper_nodes=5276, bestmove=e1d2, other_after_resize=0, exit_cause=helper-abort, tt_reads=12132, other_after_generation=0, exit_ms=5}"
"measured","2","2","4","195","2","helper-abort","13","e1f2","5035","5860000","859215.017","11655","5020","1","0","0","0","0","0","0","0","0","0","0","0","0","0","0","0","0","{exception=-, reads_after_abort=0, reads_after_clear=0, search_elapsed_ns=5979800, other_after_abort=0, writes_after_generation=0, abort_ms=5, after_resize=0, other_after_clear=0, after_generation=0, tt_writes=5020, reads_after_generation=0, search=195, helper=2, writes_after_clear=0, writes_after_resize=0, bestmove_ms=5, tt_other=1, event=exit, start_ms=0, completed_depth=13, submit_ms=0, after_abort=0, after_clear=0, reads_after_resize=0, helper_elapsed_ns=5860000, writes_after_abort=0, helper_nodes=5035, bestmove=e1f2, other_after_resize=0, exit_cause=helper-abort, tt_reads=11655, other_after_generation=0, exit_ms=5}"
"measured","2","2","4","195","3","helper-abort","13","e1f2","5052","5860100","862101.329","11764","5042","1","0","0","0","0","0","0","0","0","0","0","0","0","0","0","0","0","{exception=-, reads_after_abort=0, reads_after_clear=0, search_elapsed_ns=5979900, other_after_abort=0, writes_after_generation=0, abort_ms=5, after_resize=0, other_after_clear=0, after_generation=0, tt_writes=5042, reads_after_generation=0, search=195, helper=3, writes_after_clear=0, writes_after_resize=0, bestmove_ms=5, tt_other=1, event=exit, start_ms=0, completed_depth=13, submit_ms=0, after_abort=0, after_clear=0, reads_after_resize=0, helper_elapsed_ns=5860100, writes_after_abort=0, helper_nodes=5052, bestmove=e1f2, other_after_resize=0, exit_cause=helper-abort, tt_reads=11764, other_after_generation=0, exit_ms=5}"
"measured","2","3","2","196","1","helper-abort","13","c4c5","647209","2264978900","285746.150","1075802","640553","1","1","0","0","0","0","1","0","0","0","0","0","0","0","0","0","0","{exception=-, reads_after_abort=0, reads_after_clear=0, search_elapsed_ns=2265105700, other_after_abort=0, writes_after_generation=0, abort_ms=2265, after_resize=0, other_after_clear=0, after_generation=0, tt_writes=640553, reads_after_generation=0, search=196, helper=1, writes_after_clear=0, writes_after_resize=0, bestmove_ms=2265, tt_other=1, event=exit, start_ms=0, completed_depth=13, submit_ms=0, after_abort=1, after_clear=0, reads_after_resize=0, helper_elapsed_ns=2264978900, writes_after_abort=1, helper_nodes=647209, bestmove=c4c5, other_after_resize=0, exit_cause=helper-abort, tt_reads=1075802, other_after_generation=0, exit_ms=2265}"
"measured","2","3","4","197","3","helper-abort","13","c4c5","422836","1584698000","266824.341","802218","417912","1","0","0","0","0","0","0","0","0","0","0","0","0","0","0","0","0","{exception=-, reads_after_abort=0, reads_after_clear=0, search_elapsed_ns=1584788500, other_after_abort=0, writes_after_generation=0, abort_ms=1584, after_resize=0, other_after_clear=0, after_generation=0, tt_writes=417912, reads_after_generation=0, search=197, helper=3, writes_after_clear=0, writes_after_resize=0, bestmove_ms=1584, tt_other=1, event=exit, start_ms=0, completed_depth=13, submit_ms=0, after_abort=0, after_clear=0, reads_after_resize=0, helper_elapsed_ns=1584698000, writes_after_abort=0, helper_nodes=422836, bestmove=c4c5, other_after_resize=0, exit_cause=helper-abort, tt_reads=802218, other_after_generation=0, exit_ms=1584}"
"measured","2","3","4","197","2","helper-abort","13","c4c5","423749","1584695700","267400.864","803400","418479","1","0","0","0","0","0","0","0","0","0","0","0","0","0","0","0","0","{exception=-, reads_after_abort=0, reads_after_clear=0, search_elapsed_ns=1584788400, other_after_abort=0, writes_after_generation=0, abort_ms=1584, after_resize=0, other_after_clear=0, after_generation=0, tt_writes=418479, reads_after_generation=0, search=197, helper=2, writes_after_clear=0, writes_after_resize=0, bestmove_ms=1584, tt_other=1, event=exit, start_ms=0, completed_depth=13, submit_ms=0, after_abort=0, after_clear=0, reads_after_resize=0, helper_elapsed_ns=1584695700, writes_after_abort=0, helper_nodes=423749, bestmove=c4c5, other_after_resize=0, exit_cause=helper-abort, tt_reads=803400, other_after_generation=0, exit_ms=1584}"
"measured","2","3","4","197","1","helper-abort","13","c4c5","427147","1584697100","269544.887","799386","421846","1","0","0","0","0","0","0","0","0","0","0","0","0","0","0","0","0","{exception=-, reads_after_abort=0, reads_after_clear=0, search_elapsed_ns=1584788500, other_after_abort=0, writes_after_generation=0, abort_ms=1584, after_resize=0, other_after_clear=0, after_generation=0, tt_writes=421846, reads_after_generation=0, search=197, helper=1, writes_after_clear=0, writes_after_resize=0, bestmove_ms=1584, tt_other=1, event=exit, start_ms=0, completed_depth=13, submit_ms=0, after_abort=0, after_clear=0, reads_after_resize=0, helper_elapsed_ns=1584697100, writes_after_abort=0, helper_nodes=427147, bestmove=c4c5, other_after_resize=0, exit_cause=helper-abort, tt_reads=799386, other_after_generation=0, exit_ms=1584}"
"measured","2","4","4","199","3","helper-abort","13","b5c4","133155","405605700","328286.807","235357","132515","1","0","0","0","0","0","0","0","0","0","0","0","0","0","0","0","0","{exception=-, reads_after_abort=0, reads_after_clear=0, search_elapsed_ns=405689100, other_after_abort=0, writes_after_generation=0, abort_ms=405, after_resize=0, other_after_clear=0, after_generation=0, tt_writes=132515, reads_after_generation=0, search=199, helper=3, writes_after_clear=0, writes_after_resize=0, bestmove_ms=405, tt_other=1, event=exit, start_ms=0, completed_depth=13, submit_ms=0, after_abort=0, after_clear=0, reads_after_resize=0, helper_elapsed_ns=405605700, writes_after_abort=0, helper_nodes=133155, bestmove=b5c4, other_after_resize=0, exit_cause=helper-abort, tt_reads=235357, other_after_generation=0, exit_ms=405}"
"measured","2","4","4","199","2","helper-abort","13","b5c4","145392","405628600","358436.264","247043","144854","1","0","0","0","0","0","0","0","0","0","0","0","0","0","0","0","0","{exception=-, reads_after_abort=0, reads_after_clear=0, search_elapsed_ns=405689100, other_after_abort=0, writes_after_generation=0, abort_ms=405, after_resize=0, other_after_clear=0, after_generation=0, tt_writes=144854, reads_after_generation=0, search=199, helper=2, writes_after_clear=0, writes_after_resize=0, bestmove_ms=405, tt_other=1, event=exit, start_ms=0, completed_depth=13, submit_ms=0, after_abort=0, after_clear=0, reads_after_resize=0, helper_elapsed_ns=405628600, writes_after_abort=0, helper_nodes=145392, bestmove=b5c4, other_after_resize=0, exit_cause=helper-abort, tt_reads=247043, other_after_generation=0, exit_ms=405}"
"measured","2","4","4","199","1","helper-abort","12","b5c4","137267","405634900","338400.369","234743","136665","1","0","0","0","0","0","0","0","0","0","0","0","0","0","0","0","0","{exception=-, reads_after_abort=0, reads_after_clear=0, search_elapsed_ns=405690900, other_after_abort=0, writes_after_generation=0, abort_ms=405, after_resize=0, other_after_clear=0, after_generation=0, tt_writes=136665, reads_after_generation=0, search=199, helper=1, writes_after_clear=0, writes_after_resize=0, bestmove_ms=405, tt_other=1, event=exit, start_ms=0, completed_depth=12, submit_ms=0, after_abort=0, after_clear=0, reads_after_resize=0, helper_elapsed_ns=405634900, writes_after_abort=0, helper_nodes=137267, bestmove=b5c4, other_after_resize=0, exit_cause=helper-abort, tt_reads=234743, other_after_generation=0, exit_ms=405}"
"measured","2","4","2","201","1","helper-abort","13","b5c4","163396","429255500","380649.753","245348","162593","1","0","0","0","0","0","0","0","0","0","0","0","0","0","0","0","0","{exception=-, reads_after_abort=0, reads_after_clear=0, search_elapsed_ns=429324200, other_after_abort=0, writes_after_generation=0, abort_ms=429, after_resize=0, other_after_clear=0, after_generation=0, tt_writes=162593, reads_after_generation=0, search=201, helper=1, writes_after_clear=0, writes_after_resize=0, bestmove_ms=429, tt_other=1, event=exit, start_ms=0, completed_depth=13, submit_ms=0, after_abort=0, after_clear=0, reads_after_resize=0, helper_elapsed_ns=429255500, writes_after_abort=0, helper_nodes=163396, bestmove=b5c4, other_after_resize=0, exit_cause=helper-abort, tt_reads=245348, other_after_generation=0, exit_ms=429}"
"measured","2","5","2","203","1","helper-abort","13","d1d3","576831","1626395300","354668.388","784465","571740","1","0","0","0","0","0","0","0","0","0","0","0","0","0","0","0","0","{exception=-, reads_after_abort=0, reads_after_clear=0, search_elapsed_ns=1626475200, other_after_abort=0, writes_after_generation=0, abort_ms=1626, after_resize=0, other_after_clear=0, after_generation=0, tt_writes=571740, reads_after_generation=0, search=203, helper=1, writes_after_clear=0, writes_after_resize=0, bestmove_ms=1626, tt_other=1, event=exit, start_ms=0, completed_depth=13, submit_ms=0, after_abort=0, after_clear=0, reads_after_resize=0, helper_elapsed_ns=1626395300, writes_after_abort=0, helper_nodes=576831, bestmove=d1d3, other_after_resize=0, exit_cause=helper-abort, tt_reads=784465, other_after_generation=0, exit_ms=1626}"
"measured","2","5","4","204","3","helper-abort","12","d1d3","342273","1064173200","321632.794","493920","339277","1","0","0","0","0","0","0","0","0","0","0","0","0","0","0","0","0","{exception=-, reads_after_abort=0, reads_after_clear=0, search_elapsed_ns=1064237800, other_after_abort=0, writes_after_generation=0, abort_ms=1064, after_resize=0, other_after_clear=0, after_generation=0, tt_writes=339277, reads_after_generation=0, search=204, helper=3, writes_after_clear=0, writes_after_resize=0, bestmove_ms=1064, tt_other=1, event=exit, start_ms=0, completed_depth=12, submit_ms=0, after_abort=0, after_clear=0, reads_after_resize=0, helper_elapsed_ns=1064173200, writes_after_abort=0, helper_nodes=342273, bestmove=d1d3, other_after_resize=0, exit_cause=helper-abort, tt_reads=493920, other_after_generation=0, exit_ms=1064}"
"measured","2","5","4","204","1","helper-abort","13","d1d3","345518","1064181600","324679.547","489284","342468","1","0","0","0","0","0","0","0","0","0","0","0","0","0","0","0","0","{exception=-, reads_after_abort=0, reads_after_clear=0, search_elapsed_ns=1064234700, other_after_abort=0, writes_after_generation=0, abort_ms=1064, after_resize=0, other_after_clear=0, after_generation=0, tt_writes=342468, reads_after_generation=0, search=204, helper=1, writes_after_clear=0, writes_after_resize=0, bestmove_ms=1064, tt_other=1, event=exit, start_ms=0, completed_depth=13, submit_ms=0, after_abort=0, after_clear=0, reads_after_resize=0, helper_elapsed_ns=1064181600, writes_after_abort=0, helper_nodes=345518, bestmove=d1d3, other_after_resize=0, exit_cause=helper-abort, tt_reads=489284, other_after_generation=0, exit_ms=1064}"
"measured","2","5","4","204","2","helper-abort","12","d1d3","353999","1064175600","332650.927","509020","351151","1","0","0","0","0","0","0","0","0","0","0","0","0","0","0","0","0","{exception=-, reads_after_abort=0, reads_after_clear=0, search_elapsed_ns=1064236600, other_after_abort=0, writes_after_generation=0, abort_ms=1064, after_resize=0, other_after_clear=0, after_generation=0, tt_writes=351151, reads_after_generation=0, search=204, helper=2, writes_after_clear=0, writes_after_resize=0, bestmove_ms=1064, tt_other=1, event=exit, start_ms=0, completed_depth=12, submit_ms=0, after_abort=0, after_clear=0, reads_after_resize=0, helper_elapsed_ns=1064175600, writes_after_abort=0, helper_nodes=353999, bestmove=d1d3, other_after_resize=0, exit_cause=helper-abort, tt_reads=509020, other_after_generation=0, exit_ms=1064}"
"measured","2","6","2","205","1","helper-abort","13","b4b2","391208","1133625100","345094.688","651170","388576","1","0","0","0","0","0","0","0","0","0","0","0","0","0","0","0","0","{exception=-, reads_after_abort=0, reads_after_clear=0, search_elapsed_ns=1133685400, other_after_abort=0, writes_after_generation=0, abort_ms=1133, after_resize=0, other_after_clear=0, after_generation=0, tt_writes=388576, reads_after_generation=0, search=205, helper=1, writes_after_clear=0, writes_after_resize=0, bestmove_ms=1133, tt_other=1, event=exit, start_ms=0, completed_depth=13, submit_ms=0, after_abort=0, after_clear=0, reads_after_resize=0, helper_elapsed_ns=1133625100, writes_after_abort=0, helper_nodes=391208, bestmove=b4b2, other_after_resize=0, exit_cause=helper-abort, tt_reads=651170, other_after_generation=0, exit_ms=1133}"
"measured","2","6","4","206","1","helper-abort","13","b4b2","368101","1095442700","336029.443","677896","365172","1","0","0","0","0","0","0","0","0","0","0","0","0","0","0","0","0","{exception=-, reads_after_abort=0, reads_after_clear=0, search_elapsed_ns=1095514500, other_after_abort=0, writes_after_generation=0, abort_ms=1095, after_resize=0, other_after_clear=0, after_generation=0, tt_writes=365172, reads_after_generation=0, search=206, helper=1, writes_after_clear=0, writes_after_resize=0, bestmove_ms=1095, tt_other=1, event=exit, start_ms=0, completed_depth=13, submit_ms=0, after_abort=0, after_clear=0, reads_after_resize=0, helper_elapsed_ns=1095442700, writes_after_abort=0, helper_nodes=368101, bestmove=b4b2, other_after_resize=0, exit_cause=helper-abort, tt_reads=677896, other_after_generation=0, exit_ms=1095}"
"measured","2","6","4","206","3","helper-abort","13","b4b2","379379","1095429800","346328.902","681994","376533","1","0","0","0","0","0","0","0","0","0","0","0","0","0","0","0","0","{exception=-, reads_after_abort=0, reads_after_clear=0, search_elapsed_ns=1095514500, other_after_abort=0, writes_after_generation=0, abort_ms=1095, after_resize=0, other_after_clear=0, after_generation=0, tt_writes=376533, reads_after_generation=0, search=206, helper=3, writes_after_clear=0, writes_after_resize=0, bestmove_ms=1095, tt_other=1, event=exit, start_ms=0, completed_depth=13, submit_ms=0, after_abort=0, after_clear=0, reads_after_resize=0, helper_elapsed_ns=1095429800, writes_after_abort=0, helper_nodes=379379, bestmove=b4b2, other_after_resize=0, exit_cause=helper-abort, tt_reads=681994, other_after_generation=0, exit_ms=1095}"
"measured","2","6","4","206","2","helper-abort","13","b4b2","375226","1095440000","342534.507","578106","372848","1","0","0","0","0","0","0","0","0","0","0","0","0","0","0","0","0","{exception=-, reads_after_abort=0, reads_after_clear=0, search_elapsed_ns=1095515500, other_after_abort=0, writes_after_generation=0, abort_ms=1095, after_resize=0, other_after_clear=0, after_generation=0, tt_writes=372848, reads_after_generation=0, search=206, helper=2, writes_after_clear=0, writes_after_resize=0, bestmove_ms=1095, tt_other=1, event=exit, start_ms=0, completed_depth=13, submit_ms=0, after_abort=0, after_clear=0, reads_after_resize=0, helper_elapsed_ns=1095440000, writes_after_abort=0, helper_nodes=375226, bestmove=b4b2, other_after_resize=0, exit_cause=helper-abort, tt_reads=578106, other_after_generation=0, exit_ms=1095}"
"measured","2","7","4","208","3","helper-abort","12","a2a3","584542","1522232700","384003.050","876377","580739","1","0","0","0","0","0","0","0","0","0","0","0","0","0","0","0","0","{exception=-, reads_after_abort=0, reads_after_clear=0, search_elapsed_ns=1522314700, other_after_abort=0, writes_after_generation=0, abort_ms=1522, after_resize=0, other_after_clear=0, after_generation=0, tt_writes=580739, reads_after_generation=0, search=208, helper=3, writes_after_clear=0, writes_after_resize=0, bestmove_ms=1522, tt_other=1, event=exit, start_ms=0, completed_depth=12, submit_ms=0, after_abort=0, after_clear=0, reads_after_resize=0, helper_elapsed_ns=1522232700, writes_after_abort=0, helper_nodes=584542, bestmove=a2a3, other_after_resize=0, exit_cause=helper-abort, tt_reads=876377, other_after_generation=0, exit_ms=1522}"
"measured","2","7","4","208","2","helper-abort","12","a2a3","583658","1522251400","383417.614","834633","579665","1","0","0","0","0","0","0","0","0","0","0","0","0","0","0","0","0","{exception=-, reads_after_abort=0, reads_after_clear=0, search_elapsed_ns=1522315100, other_after_abort=0, writes_after_generation=0, abort_ms=1522, after_resize=0, other_after_clear=0, after_generation=0, tt_writes=579665, reads_after_generation=0, search=208, helper=2, writes_after_clear=0, writes_after_resize=0, bestmove_ms=1522, tt_other=1, event=exit, start_ms=0, completed_depth=12, submit_ms=0, after_abort=0, after_clear=0, reads_after_resize=0, helper_elapsed_ns=1522251400, writes_after_abort=0, helper_nodes=583658, bestmove=a2a3, other_after_resize=0, exit_cause=helper-abort, tt_reads=834633, other_after_generation=0, exit_ms=1522}"
"measured","2","7","4","208","1","helper-abort","12","a2a3","577961","1522253100","379674.707","857238","573925","1","0","0","0","0","0","0","0","0","0","0","0","0","0","0","0","0","{exception=-, reads_after_abort=0, reads_after_clear=0, search_elapsed_ns=1522314700, other_after_abort=0, writes_after_generation=0, abort_ms=1522, after_resize=0, other_after_clear=0, after_generation=0, tt_writes=573925, reads_after_generation=0, search=208, helper=1, writes_after_clear=0, writes_after_resize=0, bestmove_ms=1522, tt_other=1, event=exit, start_ms=0, completed_depth=12, submit_ms=0, after_abort=0, after_clear=0, reads_after_resize=0, helper_elapsed_ns=1522253100, writes_after_abort=0, helper_nodes=577961, bestmove=a2a3, other_after_resize=0, exit_cause=helper-abort, tt_reads=857238, other_after_generation=0, exit_ms=1522}"
"measured","2","7","2","210","1","helper-abort","12","g2g4","543973","1308514400","415718.008","712519","538775","1","0","0","0","0","0","0","0","0","0","0","0","0","0","0","0","0","{exception=-, reads_after_abort=0, reads_after_clear=0, search_elapsed_ns=1308576600, other_after_abort=0, writes_after_generation=0, abort_ms=1308, after_resize=0, other_after_clear=0, after_generation=0, tt_writes=538775, reads_after_generation=0, search=210, helper=1, writes_after_clear=0, writes_after_resize=0, bestmove_ms=1308, tt_other=1, event=exit, start_ms=0, completed_depth=12, submit_ms=0, after_abort=0, after_clear=0, reads_after_resize=0, helper_elapsed_ns=1308514400, writes_after_abort=0, helper_nodes=543973, bestmove=g2g4, other_after_resize=0, exit_cause=helper-abort, tt_reads=712519, other_after_generation=0, exit_ms=1308}"
"measured","2","8","2","212","1","helper-abort","13","b3c2","942173","2516416800","374410.551","1432895","936878","1","0","0","0","0","0","0","0","0","0","0","0","0","0","0","0","0","{exception=-, reads_after_abort=0, reads_after_clear=0, search_elapsed_ns=2516472000, other_after_abort=0, writes_after_generation=0, abort_ms=2516, after_resize=0, other_after_clear=0, after_generation=0, tt_writes=936878, reads_after_generation=0, search=212, helper=1, writes_after_clear=0, writes_after_resize=0, bestmove_ms=2516, tt_other=1, event=exit, start_ms=0, completed_depth=13, submit_ms=0, after_abort=0, after_clear=0, reads_after_resize=0, helper_elapsed_ns=2516416800, writes_after_abort=0, helper_nodes=942173, bestmove=b3c2, other_after_resize=0, exit_cause=helper-abort, tt_reads=1432895, other_after_generation=0, exit_ms=2516}"
"measured","2","8","4","213","3","helper-abort","13","b3c2","645608","1804617300","357753.414","1064358","642314","1","0","0","0","0","0","0","0","0","0","0","0","0","0","0","0","0","{exception=-, reads_after_abort=0, reads_after_clear=0, search_elapsed_ns=1804707800, other_after_abort=0, writes_after_generation=0, abort_ms=1804, after_resize=0, other_after_clear=0, after_generation=0, tt_writes=642314, reads_after_generation=0, search=213, helper=3, writes_after_clear=0, writes_after_resize=0, bestmove_ms=1804, tt_other=1, event=exit, start_ms=0, completed_depth=13, submit_ms=0, after_abort=0, after_clear=0, reads_after_resize=0, helper_elapsed_ns=1804617300, writes_after_abort=0, helper_nodes=645608, bestmove=b3c2, other_after_resize=0, exit_cause=helper-abort, tt_reads=1064358, other_after_generation=0, exit_ms=1804}"
"measured","2","8","4","213","2","helper-abort","13","b3c2","628109","1804624300","348055.271","1042155","625174","1","0","0","0","0","0","0","0","0","0","0","0","0","0","0","0","0","{exception=-, reads_after_abort=0, reads_after_clear=0, search_elapsed_ns=1804707400, other_after_abort=0, writes_after_generation=0, abort_ms=1804, after_resize=0, other_after_clear=0, after_generation=0, tt_writes=625174, reads_after_generation=0, search=213, helper=2, writes_after_clear=0, writes_after_resize=0, bestmove_ms=1804, tt_other=1, event=exit, start_ms=0, completed_depth=13, submit_ms=0, after_abort=0, after_clear=0, reads_after_resize=0, helper_elapsed_ns=1804624300, writes_after_abort=0, helper_nodes=628109, bestmove=b3c2, other_after_resize=0, exit_cause=helper-abort, tt_reads=1042155, other_after_generation=0, exit_ms=1804}"
"measured","2","8","4","213","1","helper-abort","13","b3c2","621016","1804645200","344120.828","987070","618142","1","0","0","0","0","0","0","0","0","0","0","0","0","0","0","0","0","{exception=-, reads_after_abort=0, reads_after_clear=0, search_elapsed_ns=1804707300, other_after_abort=0, writes_after_generation=0, abort_ms=1804, after_resize=0, other_after_clear=0, after_generation=0, tt_writes=618142, reads_after_generation=0, search=213, helper=1, writes_after_clear=0, writes_after_resize=0, bestmove_ms=1804, tt_other=1, event=exit, start_ms=0, completed_depth=13, submit_ms=0, after_abort=0, after_clear=0, reads_after_resize=0, helper_elapsed_ns=1804645200, writes_after_abort=0, helper_nodes=621016, bestmove=b3c2, other_after_resize=0, exit_cause=helper-abort, tt_reads=987070, other_after_generation=0, exit_ms=1804}"
"measured","2","9","2","214","1","helper-abort","13","c6g6","185040","350379300","528113.390","275633","183984","1","1","0","0","0","0","1","0","0","0","0","0","0","0","0","0","0","{exception=-, reads_after_abort=0, reads_after_clear=0, search_elapsed_ns=350431100, other_after_abort=0, writes_after_generation=0, abort_ms=350, after_resize=0, other_after_clear=0, after_generation=0, tt_writes=183984, reads_after_generation=0, search=214, helper=1, writes_after_clear=0, writes_after_resize=0, bestmove_ms=350, tt_other=1, event=exit, start_ms=0, completed_depth=13, submit_ms=0, after_abort=1, after_clear=0, reads_after_resize=0, helper_elapsed_ns=350379300, writes_after_abort=1, helper_nodes=185040, bestmove=c6g6, other_after_resize=0, exit_cause=helper-abort, tt_reads=275633, other_after_generation=0, exit_ms=350}"
"measured","2","9","4","215","3","helper-abort","13","c6g6","191755","378060900","507206.643","292031","190609","1","0","0","0","0","0","0","0","0","0","0","0","0","0","0","0","0","{exception=-, reads_after_abort=0, reads_after_clear=0, search_elapsed_ns=378123800, other_after_abort=0, writes_after_generation=0, abort_ms=378, after_resize=0, other_after_clear=0, after_generation=0, tt_writes=190609, reads_after_generation=0, search=215, helper=3, writes_after_clear=0, writes_after_resize=0, bestmove_ms=378, tt_other=1, event=exit, start_ms=0, completed_depth=13, submit_ms=0, after_abort=0, after_clear=0, reads_after_resize=0, helper_elapsed_ns=378060900, writes_after_abort=0, helper_nodes=191755, bestmove=c6g6, other_after_resize=0, exit_cause=helper-abort, tt_reads=292031, other_after_generation=0, exit_ms=378}"
"measured","2","9","4","215","2","helper-abort","13","c6g6","195001","378069700","515780.556","292831","193673","1","0","0","0","0","0","0","0","0","0","0","0","0","0","0","0","0","{exception=-, reads_after_abort=0, reads_after_clear=0, search_elapsed_ns=378123800, other_after_abort=0, writes_after_generation=0, abort_ms=378, after_resize=0, other_after_clear=0, after_generation=0, tt_writes=193673, reads_after_generation=0, search=215, helper=2, writes_after_clear=0, writes_after_resize=0, bestmove_ms=378, tt_other=1, event=exit, start_ms=0, completed_depth=13, submit_ms=0, after_abort=0, after_clear=0, reads_after_resize=0, helper_elapsed_ns=378069700, writes_after_abort=0, helper_nodes=195001, bestmove=c6g6, other_after_resize=0, exit_cause=helper-abort, tt_reads=292831, other_after_generation=0, exit_ms=378}"
"measured","2","9","4","215","1","helper-abort","13","c6g6","193619","378073100","512120.540","296448","192374","1","0","0","0","0","0","0","0","0","0","0","0","0","0","0","0","0","{exception=-, reads_after_abort=0, reads_after_clear=0, search_elapsed_ns=378123800, other_after_abort=0, writes_after_generation=0, abort_ms=378, after_resize=0, other_after_clear=0, after_generation=0, tt_writes=192374, reads_after_generation=0, search=215, helper=1, writes_after_clear=0, writes_after_resize=0, bestmove_ms=378, tt_other=1, event=exit, start_ms=0, completed_depth=13, submit_ms=0, after_abort=0, after_clear=0, reads_after_resize=0, helper_elapsed_ns=378073100, writes_after_abort=0, helper_nodes=193619, bestmove=c6g6, other_after_resize=0, exit_cause=helper-abort, tt_reads=296448, other_after_generation=0, exit_ms=378}"
"measured","2","10","4","217","2","helper-abort","13","a7a6","671568","2113786100","317708.589","897060","667910","1","0","0","0","0","0","0","0","0","0","0","0","0","0","0","0","0","{exception=-, reads_after_abort=0, reads_after_clear=0, search_elapsed_ns=2113849500, other_after_abort=0, writes_after_generation=0, abort_ms=2113, after_resize=0, other_after_clear=0, after_generation=0, tt_writes=667910, reads_after_generation=0, search=217, helper=2, writes_after_clear=0, writes_after_resize=0, bestmove_ms=2113, tt_other=1, event=exit, start_ms=0, completed_depth=13, submit_ms=0, after_abort=0, after_clear=0, reads_after_resize=0, helper_elapsed_ns=2113786100, writes_after_abort=0, helper_nodes=671568, bestmove=a7a6, other_after_resize=0, exit_cause=helper-abort, tt_reads=897060, other_after_generation=0, exit_ms=2113}"
"measured","2","10","4","217","1","helper-abort","12","c6d4","693838","2113792400","328243.209","897547","690343","1","0","0","0","0","0","0","0","0","0","0","0","0","0","0","0","0","{exception=-, reads_after_abort=0, reads_after_clear=0, search_elapsed_ns=2113851000, other_after_abort=0, writes_after_generation=0, abort_ms=2113, after_resize=0, other_after_clear=0, after_generation=0, tt_writes=690343, reads_after_generation=0, search=217, helper=1, writes_after_clear=0, writes_after_resize=0, bestmove_ms=2113, tt_other=1, event=exit, start_ms=0, completed_depth=12, submit_ms=0, after_abort=0, after_clear=0, reads_after_resize=0, helper_elapsed_ns=2113792400, writes_after_abort=0, helper_nodes=693838, bestmove=c6d4, other_after_resize=0, exit_cause=helper-abort, tt_reads=897547, other_after_generation=0, exit_ms=2113}"
"measured","2","10","4","217","3","helper-abort","12","c6d4","696317","2113768500","329419.707","897422","692916","1","0","0","0","0","0","0","0","0","0","0","0","0","0","0","0","0","{exception=-, reads_after_abort=0, reads_after_clear=0, search_elapsed_ns=2113851700, other_after_abort=0, writes_after_generation=0, abort_ms=2113, after_resize=0, other_after_clear=0, after_generation=0, tt_writes=692916, reads_after_generation=0, search=217, helper=3, writes_after_clear=0, writes_after_resize=0, bestmove_ms=2113, tt_other=1, event=exit, start_ms=0, completed_depth=12, submit_ms=0, after_abort=0, after_clear=0, reads_after_resize=0, helper_elapsed_ns=2113768500, writes_after_abort=0, helper_nodes=696317, bestmove=c6d4, other_after_resize=0, exit_cause=helper-abort, tt_reads=897422, other_after_generation=0, exit_ms=2113}"
"measured","2","10","2","219","1","helper-abort","12","c6d4","967395","2867579400","337355.960","1208578","962941","1","0","0","0","0","0","0","0","0","0","0","0","0","0","0","0","0","{exception=-, reads_after_abort=0, reads_after_clear=0, search_elapsed_ns=2867656200, other_after_abort=0, writes_after_generation=0, abort_ms=2867, after_resize=0, other_after_clear=0, after_generation=0, tt_writes=962941, reads_after_generation=0, search=219, helper=1, writes_after_clear=0, writes_after_resize=0, bestmove_ms=2867, tt_other=1, event=exit, start_ms=0, completed_depth=12, submit_ms=0, after_abort=0, after_clear=0, reads_after_resize=0, helper_elapsed_ns=2867579400, writes_after_abort=0, helper_nodes=967395, bestmove=c6d4, other_after_resize=0, exit_cause=helper-abort, tt_reads=1208578, other_after_generation=0, exit_ms=2867}"
"measured","2","11","2","221","1","helper-abort","13","e4f3","103879","136817000","759255.063","184786","101116","1","0","0","0","0","0","0","0","0","0","0","0","0","0","0","0","0","{exception=-, reads_after_abort=0, reads_after_clear=0, search_elapsed_ns=136900200, other_after_abort=0, writes_after_generation=0, abort_ms=136, after_resize=0, other_after_clear=0, after_generation=0, tt_writes=101116, reads_after_generation=0, search=221, helper=1, writes_after_clear=0, writes_after_resize=0, bestmove_ms=136, tt_other=1, event=exit, start_ms=0, completed_depth=13, submit_ms=0, after_abort=0, after_clear=0, reads_after_resize=0, helper_elapsed_ns=136817000, writes_after_abort=0, helper_nodes=103879, bestmove=e4f3, other_after_resize=0, exit_cause=helper-abort, tt_reads=184786, other_after_generation=0, exit_ms=136}"
"measured","2","11","4","222","2","helper-abort","13","e4f3","104746","151620900","690841.434","187610","102235","1","0","0","0","0","0","0","0","0","0","0","0","0","0","0","0","0","{exception=-, reads_after_abort=0, reads_after_clear=0, search_elapsed_ns=151692600, other_after_abort=0, writes_after_generation=0, abort_ms=151, after_resize=0, other_after_clear=0, after_generation=0, tt_writes=102235, reads_after_generation=0, search=222, helper=2, writes_after_clear=0, writes_after_resize=0, bestmove_ms=151, tt_other=1, event=exit, start_ms=0, completed_depth=13, submit_ms=0, after_abort=0, after_clear=0, reads_after_resize=0, helper_elapsed_ns=151620900, writes_after_abort=0, helper_nodes=104746, bestmove=e4f3, other_after_resize=0, exit_cause=helper-abort, tt_reads=187610, other_after_generation=0, exit_ms=151}"
"measured","2","11","4","222","1","helper-abort","13","e4f3","110284","151634900","727299.586","195741","107758","1","0","0","0","0","0","0","0","0","0","0","0","0","0","0","0","0","{exception=-, reads_after_abort=0, reads_after_clear=0, search_elapsed_ns=151692600, other_after_abort=0, writes_after_generation=0, abort_ms=151, after_resize=0, other_after_clear=0, after_generation=0, tt_writes=107758, reads_after_generation=0, search=222, helper=1, writes_after_clear=0, writes_after_resize=0, bestmove_ms=151, tt_other=1, event=exit, start_ms=0, completed_depth=13, submit_ms=0, after_abort=0, after_clear=0, reads_after_resize=0, helper_elapsed_ns=151634900, writes_after_abort=0, helper_nodes=110284, bestmove=e4f3, other_after_resize=0, exit_cause=helper-abort, tt_reads=195741, other_after_generation=0, exit_ms=151}"
"measured","2","11","4","222","3","helper-abort","13","e4f3","107015","151622800","705797.545","194874","104552","1","3","0","0","0","0","3","0","0","0","0","0","0","0","0","0","0","{exception=-, reads_after_abort=0, reads_after_clear=0, search_elapsed_ns=151693100, other_after_abort=0, writes_after_generation=0, abort_ms=151, after_resize=0, other_after_clear=0, after_generation=0, tt_writes=104552, reads_after_generation=0, search=222, helper=3, writes_after_clear=0, writes_after_resize=0, bestmove_ms=151, tt_other=1, event=exit, start_ms=0, completed_depth=13, submit_ms=0, after_abort=3, after_clear=0, reads_after_resize=0, helper_elapsed_ns=151622800, writes_after_abort=3, helper_nodes=107015, bestmove=e4f3, other_after_resize=0, exit_cause=helper-abort, tt_reads=194874, other_after_generation=0, exit_ms=151}"
"measured","2","12","2","223","1","helper-abort","13","g6f5","24489","31844300","769023.028","48461","24157","1","0","0","0","0","0","0","0","0","0","0","0","0","0","0","0","0","{exception=-, reads_after_abort=0, reads_after_clear=0, search_elapsed_ns=31888400, other_after_abort=0, writes_after_generation=0, abort_ms=31, after_resize=0, other_after_clear=0, after_generation=0, tt_writes=24157, reads_after_generation=0, search=223, helper=1, writes_after_clear=0, writes_after_resize=0, bestmove_ms=31, tt_other=1, event=exit, start_ms=0, completed_depth=13, submit_ms=0, after_abort=0, after_clear=0, reads_after_resize=0, helper_elapsed_ns=31844300, writes_after_abort=0, helper_nodes=24489, bestmove=g6f5, other_after_resize=0, exit_cause=helper-abort, tt_reads=48461, other_after_generation=0, exit_ms=31}"
"measured","2","12","4","224","1","helper-abort","13","g6f5","24001","24979800","960816.340","45258","23581","1","1","0","0","0","0","1","0","0","0","0","0","0","0","0","0","0","{exception=-, reads_after_abort=0, reads_after_clear=0, search_elapsed_ns=25035500, other_after_abort=0, writes_after_generation=0, abort_ms=25, after_resize=0, other_after_clear=0, after_generation=0, tt_writes=23581, reads_after_generation=0, search=224, helper=1, writes_after_clear=0, writes_after_resize=0, bestmove_ms=25, tt_other=1, event=exit, start_ms=0, completed_depth=13, submit_ms=0, after_abort=1, after_clear=0, reads_after_resize=0, helper_elapsed_ns=24979800, writes_after_abort=1, helper_nodes=24001, bestmove=g6f5, other_after_resize=0, exit_cause=helper-abort, tt_reads=45258, other_after_generation=0, exit_ms=25}"
"measured","2","12","4","224","2","helper-abort","13","g6f5","23949","24960200","959487.504","45072","23525","1","1","0","0","0","0","1","0","0","0","0","0","0","0","0","0","0","{exception=-, reads_after_abort=0, reads_after_clear=0, search_elapsed_ns=25035400, other_after_abort=0, writes_after_generation=0, abort_ms=25, after_resize=0, other_after_clear=0, after_generation=0, tt_writes=23525, reads_after_generation=0, search=224, helper=2, writes_after_clear=0, writes_after_resize=0, bestmove_ms=25, tt_other=1, event=exit, start_ms=0, completed_depth=13, submit_ms=0, after_abort=1, after_clear=0, reads_after_resize=0, helper_elapsed_ns=24960200, writes_after_abort=1, helper_nodes=23949, bestmove=g6f5, other_after_resize=0, exit_cause=helper-abort, tt_reads=45072, other_after_generation=0, exit_ms=25}"
"measured","2","12","4","224","3","helper-abort","13","g6f5","24086","24965800","964759.791","45352","23656","1","1","0","0","0","0","1","0","0","0","0","0","0","0","0","0","0","{exception=-, reads_after_abort=0, reads_after_clear=0, search_elapsed_ns=25035400, other_after_abort=0, writes_after_generation=0, abort_ms=25, after_resize=0, other_after_clear=0, after_generation=0, tt_writes=23656, reads_after_generation=0, search=224, helper=3, writes_after_clear=0, writes_after_resize=0, bestmove_ms=25, tt_other=1, event=exit, start_ms=0, completed_depth=13, submit_ms=0, after_abort=1, after_clear=0, reads_after_resize=0, helper_elapsed_ns=24965800, writes_after_abort=1, helper_nodes=24086, bestmove=g6f5, other_after_resize=0, exit_cause=helper-abort, tt_reads=45352, other_after_generation=0, exit_ms=25}"
"measured","2","13","4","226","3","helper-abort","12","b4f4","75991","138696500","547894.143","129242","75512","1","0","0","0","0","0","0","0","0","0","0","0","0","0","0","0","0","{exception=-, reads_after_abort=0, reads_after_clear=0, search_elapsed_ns=138766600, other_after_abort=0, writes_after_generation=0, abort_ms=138, after_resize=0, other_after_clear=0, after_generation=0, tt_writes=75512, reads_after_generation=0, search=226, helper=3, writes_after_clear=0, writes_after_resize=0, bestmove_ms=138, tt_other=1, event=exit, start_ms=0, completed_depth=12, submit_ms=0, after_abort=0, after_clear=0, reads_after_resize=0, helper_elapsed_ns=138696500, writes_after_abort=0, helper_nodes=75991, bestmove=b4f4, other_after_resize=0, exit_cause=helper-abort, tt_reads=129242, other_after_generation=0, exit_ms=138}"
"measured","2","13","4","226","2","helper-abort","13","b4f4","72973","138687300","526169.303","119023","72476","1","0","0","0","0","0","0","0","0","0","0","0","0","0","0","0","0","{exception=-, reads_after_abort=0, reads_after_clear=0, search_elapsed_ns=138764400, other_after_abort=0, writes_after_generation=0, abort_ms=138, after_resize=0, other_after_clear=0, after_generation=0, tt_writes=72476, reads_after_generation=0, search=226, helper=2, writes_after_clear=0, writes_after_resize=0, bestmove_ms=138, tt_other=1, event=exit, start_ms=0, completed_depth=13, submit_ms=0, after_abort=0, after_clear=0, reads_after_resize=0, helper_elapsed_ns=138687300, writes_after_abort=0, helper_nodes=72973, bestmove=b4f4, other_after_resize=0, exit_cause=helper-abort, tt_reads=119023, other_after_generation=0, exit_ms=138}"
"measured","2","13","4","226","1","helper-abort","12","b4f4","73534","138706500","530140.981","124377","73065","1","0","0","0","0","0","0","0","0","0","0","0","0","0","0","0","0","{exception=-, reads_after_abort=0, reads_after_clear=0, search_elapsed_ns=138766500, other_after_abort=0, writes_after_generation=0, abort_ms=138, after_resize=0, other_after_clear=0, after_generation=0, tt_writes=73065, reads_after_generation=0, search=226, helper=1, writes_after_clear=0, writes_after_resize=0, bestmove_ms=138, tt_other=1, event=exit, start_ms=0, completed_depth=12, submit_ms=0, after_abort=0, after_clear=0, reads_after_resize=0, helper_elapsed_ns=138706500, writes_after_abort=0, helper_nodes=73534, bestmove=b4f4, other_after_resize=0, exit_cause=helper-abort, tt_reads=124377, other_after_generation=0, exit_ms=138}"
"measured","2","13","2","228","1","helper-abort","12","b4f4","173212","308607500","561269.574","281302","172012","1","0","0","0","0","0","0","0","0","0","0","0","0","0","0","0","0","{exception=-, reads_after_abort=0, reads_after_clear=0, search_elapsed_ns=308662700, other_after_abort=0, writes_after_generation=0, abort_ms=308, after_resize=0, other_after_clear=0, after_generation=0, tt_writes=172012, reads_after_generation=0, search=228, helper=1, writes_after_clear=0, writes_after_resize=0, bestmove_ms=308, tt_other=1, event=exit, start_ms=0, completed_depth=12, submit_ms=0, after_abort=0, after_clear=0, reads_after_resize=0, helper_elapsed_ns=308607500, writes_after_abort=0, helper_nodes=173212, bestmove=b4f4, other_after_resize=0, exit_cause=helper-abort, tt_reads=281302, other_after_generation=0, exit_ms=308}"
"measured","2","14","2","230","1","helper-abort","12","a1c1","824078","2560325700","321864.519","1103631","819110","1","0","0","0","0","0","0","0","0","0","0","0","0","0","0","0","0","{exception=-, reads_after_abort=0, reads_after_clear=0, search_elapsed_ns=2560388400, other_after_abort=0, writes_after_generation=0, abort_ms=2560, after_resize=0, other_after_clear=0, after_generation=0, tt_writes=819110, reads_after_generation=0, search=230, helper=1, writes_after_clear=0, writes_after_resize=0, bestmove_ms=2560, tt_other=1, event=exit, start_ms=0, completed_depth=12, submit_ms=0, after_abort=0, after_clear=0, reads_after_resize=0, helper_elapsed_ns=2560325700, writes_after_abort=0, helper_nodes=824078, bestmove=a1c1, other_after_resize=0, exit_cause=helper-abort, tt_reads=1103631, other_after_generation=0, exit_ms=2560}"
"measured","2","14","4","231","2","helper-abort","12","d1d3","761921","2429408500","313624.078","1020386","757525","1","1","0","0","0","0","1","0","0","0","0","0","0","0","0","0","0","{exception=-, reads_after_abort=0, reads_after_clear=0, search_elapsed_ns=2429483400, other_after_abort=0, writes_after_generation=0, abort_ms=2429, after_resize=0, other_after_clear=0, after_generation=0, tt_writes=757525, reads_after_generation=0, search=231, helper=2, writes_after_clear=0, writes_after_resize=0, bestmove_ms=2429, tt_other=1, event=exit, start_ms=0, completed_depth=12, submit_ms=0, after_abort=1, after_clear=0, reads_after_resize=0, helper_elapsed_ns=2429408500, writes_after_abort=1, helper_nodes=761921, bestmove=d1d3, other_after_resize=0, exit_cause=helper-abort, tt_reads=1020386, other_after_generation=0, exit_ms=2429}"
"measured","2","14","4","231","1","helper-abort","13","a2a4","751010","2429427300","309130.469","989354","746776","1","0","0","0","0","0","0","0","0","0","0","0","0","0","0","0","0","{exception=-, reads_after_abort=0, reads_after_clear=0, search_elapsed_ns=2429481800, other_after_abort=0, writes_after_generation=0, abort_ms=2429, after_resize=0, other_after_clear=0, after_generation=0, tt_writes=746776, reads_after_generation=0, search=231, helper=1, writes_after_clear=0, writes_after_resize=0, bestmove_ms=2429, tt_other=1, event=exit, start_ms=0, completed_depth=13, submit_ms=0, after_abort=0, after_clear=0, reads_after_resize=0, helper_elapsed_ns=2429427300, writes_after_abort=0, helper_nodes=751010, bestmove=a2a4, other_after_resize=0, exit_cause=helper-abort, tt_reads=989354, other_after_generation=0, exit_ms=2429}"
"measured","2","14","4","231","3","helper-abort","13","a2a4","771273","2429309900","317486.460","1049866","766451","1","0","0","0","0","0","0","0","0","0","0","0","0","0","0","0","0","{exception=-, reads_after_abort=0, reads_after_clear=0, search_elapsed_ns=2429481600, other_after_abort=0, writes_after_generation=0, abort_ms=2429, after_resize=0, other_after_clear=0, after_generation=0, tt_writes=766451, reads_after_generation=0, search=231, helper=3, writes_after_clear=0, writes_after_resize=0, bestmove_ms=2429, tt_other=1, event=exit, start_ms=0, completed_depth=13, submit_ms=0, after_abort=0, after_clear=0, reads_after_resize=0, helper_elapsed_ns=2429309900, writes_after_abort=0, helper_nodes=771273, bestmove=a2a4, other_after_resize=0, exit_cause=helper-abort, tt_reads=1049866, other_after_generation=0, exit_ms=2429}"
"measured","2","15","2","232","1","helper-abort","13","c3d5","699343","2138765100","326984.483","1067630","695688","1","0","0","0","0","0","0","0","0","0","0","0","0","0","0","0","0","{exception=-, reads_after_abort=0, reads_after_clear=0, search_elapsed_ns=2138812100, other_after_abort=0, writes_after_generation=0, abort_ms=2138, after_resize=0, other_after_clear=0, after_generation=0, tt_writes=695688, reads_after_generation=0, search=232, helper=1, writes_after_clear=0, writes_after_resize=0, bestmove_ms=2138, tt_other=1, event=exit, start_ms=0, completed_depth=13, submit_ms=0, after_abort=0, after_clear=0, reads_after_resize=0, helper_elapsed_ns=2138765100, writes_after_abort=0, helper_nodes=699343, bestmove=c3d5, other_after_resize=0, exit_cause=helper-abort, tt_reads=1067630, other_after_generation=0, exit_ms=2138}"
"measured","2","15","4","233","1","helper-abort","13","c3d5","530798","2115033800","250964.311","898198","528374","1","0","0","0","0","0","0","0","0","0","0","0","0","0","0","0","0","{exception=-, reads_after_abort=0, reads_after_clear=0, search_elapsed_ns=2115085900, other_after_abort=0, writes_after_generation=0, abort_ms=2115, after_resize=0, other_after_clear=0, after_generation=0, tt_writes=528374, reads_after_generation=0, search=233, helper=1, writes_after_clear=0, writes_after_resize=0, bestmove_ms=2115, tt_other=1, event=exit, start_ms=0, completed_depth=13, submit_ms=0, after_abort=0, after_clear=0, reads_after_resize=0, helper_elapsed_ns=2115033800, writes_after_abort=0, helper_nodes=530798, bestmove=c3d5, other_after_resize=0, exit_cause=helper-abort, tt_reads=898198, other_after_generation=0, exit_ms=2115}"
"measured","2","15","4","233","3","helper-abort","12","c3d5","507569","2115003600","239984.934","798979","505722","1","0","0","0","0","0","0","0","0","0","0","0","0","0","0","0","0","{exception=-, reads_after_abort=0, reads_after_clear=0, search_elapsed_ns=2115089700, other_after_abort=0, writes_after_generation=0, abort_ms=2115, after_resize=0, other_after_clear=0, after_generation=0, tt_writes=505722, reads_after_generation=0, search=233, helper=3, writes_after_clear=0, writes_after_resize=0, bestmove_ms=2115, tt_other=1, event=exit, start_ms=0, completed_depth=12, submit_ms=0, after_abort=0, after_clear=0, reads_after_resize=0, helper_elapsed_ns=2115003600, writes_after_abort=0, helper_nodes=507569, bestmove=c3d5, other_after_resize=0, exit_cause=helper-abort, tt_reads=798979, other_after_generation=0, exit_ms=2115}"
"measured","2","15","4","233","2","helper-abort","13","c3d5","543859","2115009200","257142.617","892546","541402","1","0","0","0","0","0","0","0","0","0","0","0","0","0","0","0","0","{exception=-, reads_after_abort=0, reads_after_clear=0, search_elapsed_ns=2115085900, other_after_abort=0, writes_after_generation=0, abort_ms=2115, after_resize=0, other_after_clear=0, after_generation=0, tt_writes=541402, reads_after_generation=0, search=233, helper=2, writes_after_clear=0, writes_after_resize=0, bestmove_ms=2115, tt_other=1, event=exit, start_ms=0, completed_depth=13, submit_ms=0, after_abort=0, after_clear=0, reads_after_resize=0, helper_elapsed_ns=2115009200, writes_after_abort=0, helper_nodes=543859, bestmove=c3d5, other_after_resize=0, exit_cause=helper-abort, tt_reads=892546, other_after_generation=0, exit_ms=2115}"
"measured","2","16","4","235","1","helper-abort","12","d5e4","379498","1066890700","355704.666","544222","377733","1","0","0","0","0","0","0","0","0","0","0","0","0","0","0","0","0","{exception=-, reads_after_abort=0, reads_after_clear=0, search_elapsed_ns=1066960600, other_after_abort=0, writes_after_generation=0, abort_ms=1066, after_resize=0, other_after_clear=0, after_generation=0, tt_writes=377733, reads_after_generation=0, search=235, helper=1, writes_after_clear=0, writes_after_resize=0, bestmove_ms=1066, tt_other=1, event=exit, start_ms=0, completed_depth=12, submit_ms=0, after_abort=0, after_clear=0, reads_after_resize=0, helper_elapsed_ns=1066890700, writes_after_abort=0, helper_nodes=379498, bestmove=d5e4, other_after_resize=0, exit_cause=helper-abort, tt_reads=544222, other_after_generation=0, exit_ms=1066}"
"measured","2","16","4","235","2","helper-abort","13","d5e4","361219","1066873400","338577.192","540298","359285","1","0","0","0","0","0","0","0","0","0","0","0","0","0","0","0","0","{exception=-, reads_after_abort=0, reads_after_clear=0, search_elapsed_ns=1066957200, other_after_abort=0, writes_after_generation=0, abort_ms=1066, after_resize=0, other_after_clear=0, after_generation=0, tt_writes=359285, reads_after_generation=0, search=235, helper=2, writes_after_clear=0, writes_after_resize=0, bestmove_ms=1066, tt_other=1, event=exit, start_ms=0, completed_depth=13, submit_ms=0, after_abort=0, after_clear=0, reads_after_resize=0, helper_elapsed_ns=1066873400, writes_after_abort=0, helper_nodes=361219, bestmove=d5e4, other_after_resize=0, exit_cause=helper-abort, tt_reads=540298, other_after_generation=0, exit_ms=1066}"
"measured","2","16","4","235","3","helper-abort","12","d5e4","372548","1066865400","349198.690","547246","370517","1","0","0","0","0","0","0","0","0","0","0","0","0","0","0","0","0","{exception=-, reads_after_abort=0, reads_after_clear=0, search_elapsed_ns=1066961400, other_after_abort=0, writes_after_generation=0, abort_ms=1066, after_resize=0, other_after_clear=0, after_generation=0, tt_writes=370517, reads_after_generation=0, search=235, helper=3, writes_after_clear=0, writes_after_resize=0, bestmove_ms=1066, tt_other=1, event=exit, start_ms=0, completed_depth=12, submit_ms=0, after_abort=0, after_clear=0, reads_after_resize=0, helper_elapsed_ns=1066865400, writes_after_abort=0, helper_nodes=372548, bestmove=d5e4, other_after_resize=0, exit_cause=helper-abort, tt_reads=547246, other_after_generation=0, exit_ms=1066}"
"measured","2","16","2","237","1","helper-abort","13","d5e4","589927","1586370800","371872.074","791763","586861","1","0","0","0","0","0","0","0","0","0","0","0","0","0","0","0","0","{exception=-, reads_after_abort=0, reads_after_clear=0, search_elapsed_ns=1586434100, other_after_abort=0, writes_after_generation=0, abort_ms=1586, after_resize=0, other_after_clear=0, after_generation=0, tt_writes=586861, reads_after_generation=0, search=237, helper=1, writes_after_clear=0, writes_after_resize=0, bestmove_ms=1586, tt_other=1, event=exit, start_ms=0, completed_depth=13, submit_ms=0, after_abort=0, after_clear=0, reads_after_resize=0, helper_elapsed_ns=1586370800, writes_after_abort=0, helper_nodes=589927, bestmove=d5e4, other_after_resize=0, exit_cause=helper-abort, tt_reads=791763, other_after_generation=0, exit_ms=1586}"
"measured","2","17","2","239","1","helper-abort","13","a6a5","314617","858645700","366410.733","465470","312575","1","0","0","0","0","0","0","0","0","0","0","0","0","0","0","0","0","{exception=-, reads_after_abort=0, reads_after_clear=0, search_elapsed_ns=858705300, other_after_abort=0, writes_after_generation=0, abort_ms=858, after_resize=0, other_after_clear=0, after_generation=0, tt_writes=312575, reads_after_generation=0, search=239, helper=1, writes_after_clear=0, writes_after_resize=0, bestmove_ms=858, tt_other=1, event=exit, start_ms=0, completed_depth=13, submit_ms=0, after_abort=0, after_clear=0, reads_after_resize=0, helper_elapsed_ns=858645700, writes_after_abort=0, helper_nodes=314617, bestmove=a6a5, other_after_resize=0, exit_cause=helper-abort, tt_reads=465470, other_after_generation=0, exit_ms=858}"
"measured","2","17","4","240","2","helper-abort","12","a6a5","186233","515169600","361498.427","284867","184819","1","0","0","0","0","0","0","0","0","0","0","0","0","0","0","0","0","{exception=-, reads_after_abort=0, reads_after_clear=0, search_elapsed_ns=515247500, other_after_abort=0, writes_after_generation=0, abort_ms=515, after_resize=0, other_after_clear=0, after_generation=0, tt_writes=184819, reads_after_generation=0, search=240, helper=2, writes_after_clear=0, writes_after_resize=0, bestmove_ms=515, tt_other=1, event=exit, start_ms=0, completed_depth=12, submit_ms=0, after_abort=0, after_clear=0, reads_after_resize=0, helper_elapsed_ns=515169600, writes_after_abort=0, helper_nodes=186233, bestmove=a6a5, other_after_resize=0, exit_cause=helper-abort, tt_reads=284867, other_after_generation=0, exit_ms=515}"
"measured","2","17","4","240","1","helper-abort","12","a6a5","192111","515191600","372892.338","312911","190644","1","1","0","0","0","0","1","0","0","0","0","0","0","0","0","0","0","{exception=-, reads_after_abort=0, reads_after_clear=0, search_elapsed_ns=515247500, other_after_abort=0, writes_after_generation=0, abort_ms=515, after_resize=0, other_after_clear=0, after_generation=0, tt_writes=190644, reads_after_generation=0, search=240, helper=1, writes_after_clear=0, writes_after_resize=0, bestmove_ms=515, tt_other=1, event=exit, start_ms=0, completed_depth=12, submit_ms=0, after_abort=1, after_clear=0, reads_after_resize=0, helper_elapsed_ns=515191600, writes_after_abort=1, helper_nodes=192111, bestmove=a6a5, other_after_resize=0, exit_cause=helper-abort, tt_reads=312911, other_after_generation=0, exit_ms=515}"
"measured","2","17","4","240","3","helper-abort","12","a6a5","190495","515162900","369776.240","279409","189154","1","1","0","0","0","0","1","0","0","0","0","0","0","0","0","0","0","{exception=-, reads_after_abort=0, reads_after_clear=0, search_elapsed_ns=515247600, other_after_abort=0, writes_after_generation=0, abort_ms=515, after_resize=0, other_after_clear=0, after_generation=0, tt_writes=189154, reads_after_generation=0, search=240, helper=3, writes_after_clear=0, writes_after_resize=0, bestmove_ms=515, tt_other=1, event=exit, start_ms=0, completed_depth=12, submit_ms=0, after_abort=1, after_clear=0, reads_after_resize=0, helper_elapsed_ns=515162900, writes_after_abort=1, helper_nodes=190495, bestmove=a6a5, other_after_resize=0, exit_cause=helper-abort, tt_reads=279409, other_after_generation=0, exit_ms=515}"
"measured","2","18","2","241","1","helper-abort","13","e2e3","988934","2608448600","379127.271","1343048","985896","1","0","0","0","0","0","0","0","0","0","0","0","0","0","0","0","0","{exception=-, reads_after_abort=0, reads_after_clear=0, search_elapsed_ns=2608523500, other_after_abort=0, writes_after_generation=0, abort_ms=2608, after_resize=0, other_after_clear=0, after_generation=0, tt_writes=985896, reads_after_generation=0, search=241, helper=1, writes_after_clear=0, writes_after_resize=0, bestmove_ms=2608, tt_other=1, event=exit, start_ms=0, completed_depth=13, submit_ms=0, after_abort=0, after_clear=0, reads_after_resize=0, helper_elapsed_ns=2608448600, writes_after_abort=0, helper_nodes=988934, bestmove=e2e3, other_after_resize=0, exit_cause=helper-abort, tt_reads=1343048, other_after_generation=0, exit_ms=2608}"
"measured","2","18","4","242","3","helper-abort","13","e2e3","791351","2225120100","355644.174","1101878","788695","1","0","0","0","0","0","0","0","0","0","0","0","0","0","0","0","0","{exception=-, reads_after_abort=0, reads_after_clear=0, search_elapsed_ns=2225182000, other_after_abort=0, writes_after_generation=0, abort_ms=2225, after_resize=0, other_after_clear=0, after_generation=0, tt_writes=788695, reads_after_generation=0, search=242, helper=3, writes_after_clear=0, writes_after_resize=0, bestmove_ms=2225, tt_other=1, event=exit, start_ms=0, completed_depth=13, submit_ms=0, after_abort=0, after_clear=0, reads_after_resize=0, helper_elapsed_ns=2225120100, writes_after_abort=0, helper_nodes=791351, bestmove=e2e3, other_after_resize=0, exit_cause=helper-abort, tt_reads=1101878, other_after_generation=0, exit_ms=2225}"
"measured","2","18","4","242","2","helper-abort","13","e2e3","804103","2225112200","361376.384","1116539","801348","1","0","0","0","0","0","0","0","0","0","0","0","0","0","0","0","0","{exception=-, reads_after_abort=0, reads_after_clear=0, search_elapsed_ns=2225182000, other_after_abort=0, writes_after_generation=0, abort_ms=2225, after_resize=0, other_after_clear=0, after_generation=0, tt_writes=801348, reads_after_generation=0, search=242, helper=2, writes_after_clear=0, writes_after_resize=0, bestmove_ms=2225, tt_other=1, event=exit, start_ms=0, completed_depth=13, submit_ms=0, after_abort=0, after_clear=0, reads_after_resize=0, helper_elapsed_ns=2225112200, writes_after_abort=0, helper_nodes=804103, bestmove=e2e3, other_after_resize=0, exit_cause=helper-abort, tt_reads=1116539, other_after_generation=0, exit_ms=2225}"
"measured","2","18","4","242","1","helper-abort","12","e2e3","782865","2225132700","351828.455","1070410","780495","1","0","0","0","0","0","0","0","0","0","0","0","0","0","0","0","0","{exception=-, reads_after_abort=0, reads_after_clear=0, search_elapsed_ns=2225183500, other_after_abort=0, writes_after_generation=0, abort_ms=2225, after_resize=0, other_after_clear=0, after_generation=0, tt_writes=780495, reads_after_generation=0, search=242, helper=1, writes_after_clear=0, writes_after_resize=0, bestmove_ms=2225, tt_other=1, event=exit, start_ms=0, completed_depth=12, submit_ms=0, after_abort=0, after_clear=0, reads_after_resize=0, helper_elapsed_ns=2225132700, writes_after_abort=0, helper_nodes=782865, bestmove=e2e3, other_after_resize=0, exit_cause=helper-abort, tt_reads=1070410, other_after_generation=0, exit_ms=2225}"
"measured","2","19","4","244","2","helper-abort","13","a5c3","190105","515031900","369113.059","353186","187886","1","1","0","0","0","0","1","0","0","0","0","0","0","0","0","0","0","{exception=-, reads_after_abort=0, reads_after_clear=0, search_elapsed_ns=515112200, other_after_abort=0, writes_after_generation=0, abort_ms=515, after_resize=0, other_after_clear=0, after_generation=0, tt_writes=187886, reads_after_generation=0, search=244, helper=2, writes_after_clear=0, writes_after_resize=0, bestmove_ms=515, tt_other=1, event=exit, start_ms=0, completed_depth=13, submit_ms=0, after_abort=1, after_clear=0, reads_after_resize=0, helper_elapsed_ns=515031900, writes_after_abort=1, helper_nodes=190105, bestmove=a5c3, other_after_resize=0, exit_cause=helper-abort, tt_reads=353186, other_after_generation=0, exit_ms=515}"
"measured","2","19","4","244","3","helper-abort","13","a5c3","201660","515026100","391552.972","338250","199410","1","1","0","0","0","0","1","0","0","0","0","0","0","0","0","0","0","{exception=-, reads_after_abort=0, reads_after_clear=0, search_elapsed_ns=515112600, other_after_abort=0, writes_after_generation=0, abort_ms=515, after_resize=0, other_after_clear=0, after_generation=0, tt_writes=199410, reads_after_generation=0, search=244, helper=3, writes_after_clear=0, writes_after_resize=0, bestmove_ms=515, tt_other=1, event=exit, start_ms=0, completed_depth=13, submit_ms=0, after_abort=1, after_clear=0, reads_after_resize=0, helper_elapsed_ns=515026100, writes_after_abort=1, helper_nodes=201660, bestmove=a5c3, other_after_resize=0, exit_cause=helper-abort, tt_reads=338250, other_after_generation=0, exit_ms=515}"
"measured","2","19","4","244","1","helper-abort","13","a5c3","195183","515050900","378958.662","362737","192806","1","0","0","0","0","0","0","0","0","0","0","0","0","0","0","0","0","{exception=-, reads_after_abort=0, reads_after_clear=0, search_elapsed_ns=515112200, other_after_abort=0, writes_after_generation=0, abort_ms=515, after_resize=0, other_after_clear=0, after_generation=0, tt_writes=192806, reads_after_generation=0, search=244, helper=1, writes_after_clear=0, writes_after_resize=0, bestmove_ms=515, tt_other=1, event=exit, start_ms=0, completed_depth=13, submit_ms=0, after_abort=0, after_clear=0, reads_after_resize=0, helper_elapsed_ns=515050900, writes_after_abort=0, helper_nodes=195183, bestmove=a5c3, other_after_resize=0, exit_cause=helper-abort, tt_reads=362737, other_after_generation=0, exit_ms=515}"
"measured","2","19","2","246","1","helper-abort","13","a5c3","239772","615574200","389509.502","370100","237596","1","0","0","0","0","0","0","0","0","0","0","0","0","0","0","0","0","{exception=-, reads_after_abort=0, reads_after_clear=0, search_elapsed_ns=615631900, other_after_abort=0, writes_after_generation=0, abort_ms=615, after_resize=0, other_after_clear=0, after_generation=0, tt_writes=237596, reads_after_generation=0, search=246, helper=1, writes_after_clear=0, writes_after_resize=0, bestmove_ms=615, tt_other=1, event=exit, start_ms=0, completed_depth=13, submit_ms=0, after_abort=0, after_clear=0, reads_after_resize=0, helper_elapsed_ns=615574200, writes_after_abort=0, helper_nodes=239772, bestmove=a5c3, other_after_resize=0, exit_cause=helper-abort, tt_reads=370100, other_after_generation=0, exit_ms=615}"
"measured","2","20","2","248","1","helper-abort","13","d7d2","123693","275395200","449147.262","235608","121724","1","0","0","0","0","0","0","0","0","0","0","0","0","0","0","0","0","{exception=-, reads_after_abort=0, reads_after_clear=0, search_elapsed_ns=275463700, other_after_abort=0, writes_after_generation=0, abort_ms=275, after_resize=0, other_after_clear=0, after_generation=0, tt_writes=121724, reads_after_generation=0, search=248, helper=1, writes_after_clear=0, writes_after_resize=0, bestmove_ms=275, tt_other=1, event=exit, start_ms=0, completed_depth=13, submit_ms=0, after_abort=0, after_clear=0, reads_after_resize=0, helper_elapsed_ns=275395200, writes_after_abort=0, helper_nodes=123693, bestmove=d7d2, other_after_resize=0, exit_cause=helper-abort, tt_reads=235608, other_after_generation=0, exit_ms=275}"
"measured","2","20","4","249","3","helper-abort","13","d7d2","93397","211260100","442094.839","195135","91989","1","1","0","0","0","0","1","0","0","0","0","0","0","0","0","0","0","{exception=-, reads_after_abort=0, reads_after_clear=0, search_elapsed_ns=211332800, other_after_abort=0, writes_after_generation=0, abort_ms=211, after_resize=0, other_after_clear=0, after_generation=0, tt_writes=91989, reads_after_generation=0, search=249, helper=3, writes_after_clear=0, writes_after_resize=0, bestmove_ms=211, tt_other=1, event=exit, start_ms=0, completed_depth=13, submit_ms=0, after_abort=1, after_clear=0, reads_after_resize=0, helper_elapsed_ns=211260100, writes_after_abort=1, helper_nodes=93397, bestmove=d7d2, other_after_resize=0, exit_cause=helper-abort, tt_reads=195135, other_after_generation=0, exit_ms=211}"
"measured","2","20","4","249","1","helper-abort","13","d7d2","91460","211283900","432877.280","192272","90013","1","1","0","0","0","0","1","0","0","0","0","0","0","0","0","0","0","{exception=-, reads_after_abort=0, reads_after_clear=0, search_elapsed_ns=211332800, other_after_abort=0, writes_after_generation=0, abort_ms=211, after_resize=0, other_after_clear=0, after_generation=0, tt_writes=90013, reads_after_generation=0, search=249, helper=1, writes_after_clear=0, writes_after_resize=0, bestmove_ms=211, tt_other=1, event=exit, start_ms=0, completed_depth=13, submit_ms=0, after_abort=1, after_clear=0, reads_after_resize=0, helper_elapsed_ns=211283900, writes_after_abort=1, helper_nodes=91460, bestmove=d7d2, other_after_resize=0, exit_cause=helper-abort, tt_reads=192272, other_after_generation=0, exit_ms=211}"
"measured","2","20","4","249","2","helper-abort","13","d7d2","91458","211277200","432881.541","190537","90050","1","1","0","0","0","0","1","0","0","0","0","0","0","0","0","0","0","{exception=-, reads_after_abort=0, reads_after_clear=0, search_elapsed_ns=211332800, other_after_abort=0, writes_after_generation=0, abort_ms=211, after_resize=0, other_after_clear=0, after_generation=0, tt_writes=90050, reads_after_generation=0, search=249, helper=2, writes_after_clear=0, writes_after_resize=0, bestmove_ms=211, tt_other=1, event=exit, start_ms=0, completed_depth=13, submit_ms=0, after_abort=1, after_clear=0, reads_after_resize=0, helper_elapsed_ns=211277200, writes_after_abort=1, helper_nodes=91458, bestmove=d7d2, other_after_resize=0, exit_cause=helper-abort, tt_reads=190537, other_after_generation=0, exit_ms=211}"
"measured","2","21","2","250","1","helper-abort","13","g6g5","1277381","3649212500","350042.920","1823606","1270345","1","0","0","0","0","0","0","0","0","0","0","0","0","0","0","0","0","{exception=-, reads_after_abort=0, reads_after_clear=0, search_elapsed_ns=3649262100, other_after_abort=0, writes_after_generation=0, abort_ms=3649, after_resize=0, other_after_clear=0, after_generation=0, tt_writes=1270345, reads_after_generation=0, search=250, helper=1, writes_after_clear=0, writes_after_resize=0, bestmove_ms=3649, tt_other=1, event=exit, start_ms=0, completed_depth=13, submit_ms=0, after_abort=0, after_clear=0, reads_after_resize=0, helper_elapsed_ns=3649212500, writes_after_abort=0, helper_nodes=1277381, bestmove=g6g5, other_after_resize=0, exit_cause=helper-abort, tt_reads=1823606, other_after_generation=0, exit_ms=3649}"
"measured","2","21","4","251","3","helper-abort","13","g6g5","962675","2775979400","346787.516","1403740","956876","1","0","0","0","0","0","0","0","0","0","0","0","0","0","0","0","0","{exception=-, reads_after_abort=0, reads_after_clear=0, search_elapsed_ns=2776053200, other_after_abort=0, writes_after_generation=0, abort_ms=2776, after_resize=0, other_after_clear=0, after_generation=0, tt_writes=956876, reads_after_generation=0, search=251, helper=3, writes_after_clear=0, writes_after_resize=0, bestmove_ms=2776, tt_other=1, event=exit, start_ms=0, completed_depth=13, submit_ms=0, after_abort=0, after_clear=0, reads_after_resize=0, helper_elapsed_ns=2775979400, writes_after_abort=0, helper_nodes=962675, bestmove=g6g5, other_after_resize=0, exit_cause=helper-abort, tt_reads=1403740, other_after_generation=0, exit_ms=2776}"
"measured","2","21","4","251","2","helper-abort","12","g8h7","928753","2775989000","334566.527","1374168","923032","1","2","0","0","0","0","2","0","0","0","0","0","0","0","0","0","0","{exception=-, reads_after_abort=0, reads_after_clear=0, search_elapsed_ns=2776055500, other_after_abort=0, writes_after_generation=0, abort_ms=2776, after_resize=0, other_after_clear=0, after_generation=0, tt_writes=923032, reads_after_generation=0, search=251, helper=2, writes_after_clear=0, writes_after_resize=0, bestmove_ms=2776, tt_other=1, event=exit, start_ms=0, completed_depth=12, submit_ms=0, after_abort=2, after_clear=0, reads_after_resize=0, helper_elapsed_ns=2775989000, writes_after_abort=2, helper_nodes=928753, bestmove=g8h7, other_after_resize=0, exit_cause=helper-abort, tt_reads=1374168, other_after_generation=0, exit_ms=2776}"
"measured","2","21","4","251","1","helper-abort","12","g8h7","918948","2775998200","331033.356","1395613","913835","1","0","0","0","0","0","0","0","0","0","0","0","0","0","0","0","0","{exception=-, reads_after_abort=0, reads_after_clear=0, search_elapsed_ns=2776054500, other_after_abort=0, writes_after_generation=0, abort_ms=2776, after_resize=0, other_after_clear=0, after_generation=0, tt_writes=913835, reads_after_generation=0, search=251, helper=1, writes_after_clear=0, writes_after_resize=0, bestmove_ms=2776, tt_other=1, event=exit, start_ms=0, completed_depth=12, submit_ms=0, after_abort=0, after_clear=0, reads_after_resize=0, helper_elapsed_ns=2775998200, writes_after_abort=0, helper_nodes=918948, bestmove=g8h7, other_after_resize=0, exit_cause=helper-abort, tt_reads=1395613, other_after_generation=0, exit_ms=2776}"
"measured","2","22","4","253","3","helper-abort","12","d4b5","350068","1100526600","318091.357","577973","347549","1","0","0","0","0","0","0","0","0","0","0","0","0","0","0","0","0","{exception=-, reads_after_abort=0, reads_after_clear=0, search_elapsed_ns=1100597300, other_after_abort=0, writes_after_generation=0, abort_ms=1100, after_resize=0, other_after_clear=0, after_generation=0, tt_writes=347549, reads_after_generation=0, search=253, helper=3, writes_after_clear=0, writes_after_resize=0, bestmove_ms=1100, tt_other=1, event=exit, start_ms=0, completed_depth=12, submit_ms=0, after_abort=0, after_clear=0, reads_after_resize=0, helper_elapsed_ns=1100526600, writes_after_abort=0, helper_nodes=350068, bestmove=d4b5, other_after_resize=0, exit_cause=helper-abort, tt_reads=577973, other_after_generation=0, exit_ms=1100}"
"measured","2","22","4","253","1","helper-abort","13","d4b5","345093","1100536600","313567.945","603927","342293","1","1","0","0","0","0","1","0","0","0","0","0","0","0","0","0","0","{exception=-, reads_after_abort=0, reads_after_clear=0, search_elapsed_ns=1100596200, other_after_abort=0, writes_after_generation=0, abort_ms=1100, after_resize=0, other_after_clear=0, after_generation=0, tt_writes=342293, reads_after_generation=0, search=253, helper=1, writes_after_clear=0, writes_after_resize=0, bestmove_ms=1100, tt_other=1, event=exit, start_ms=0, completed_depth=13, submit_ms=0, after_abort=1, after_clear=0, reads_after_resize=0, helper_elapsed_ns=1100536600, writes_after_abort=1, helper_nodes=345093, bestmove=d4b5, other_after_resize=0, exit_cause=helper-abort, tt_reads=603927, other_after_generation=0, exit_ms=1100}"
"measured","2","22","4","253","2","helper-abort","13","d4b5","350623","1100531700","318594.185","612479","347611","1","1","0","0","0","0","1","0","0","0","0","0","0","0","0","0","0","{exception=-, reads_after_abort=0, reads_after_clear=0, search_elapsed_ns=1100596200, other_after_abort=0, writes_after_generation=0, abort_ms=1100, after_resize=0, other_after_clear=0, after_generation=0, tt_writes=347611, reads_after_generation=0, search=253, helper=2, writes_after_clear=0, writes_after_resize=0, bestmove_ms=1100, tt_other=1, event=exit, start_ms=0, completed_depth=13, submit_ms=0, after_abort=1, after_clear=0, reads_after_resize=0, helper_elapsed_ns=1100531700, writes_after_abort=1, helper_nodes=350623, bestmove=d4b5, other_after_resize=0, exit_cause=helper-abort, tt_reads=612479, other_after_generation=0, exit_ms=1100}"
"measured","2","22","2","255","1","helper-abort","12","d4e6","386307","1162765700","332231.162","584270","383613","1","0","0","0","0","0","0","0","0","0","0","0","0","0","0","0","0","{exception=-, reads_after_abort=0, reads_after_clear=0, search_elapsed_ns=1162829100, other_after_abort=0, writes_after_generation=0, abort_ms=1162, after_resize=0, other_after_clear=0, after_generation=0, tt_writes=383613, reads_after_generation=0, search=255, helper=1, writes_after_clear=0, writes_after_resize=0, bestmove_ms=1162, tt_other=1, event=exit, start_ms=0, completed_depth=12, submit_ms=0, after_abort=0, after_clear=0, reads_after_resize=0, helper_elapsed_ns=1162765700, writes_after_abort=0, helper_nodes=386307, bestmove=d4e6, other_after_resize=0, exit_cause=helper-abort, tt_reads=584270, other_after_generation=0, exit_ms=1162}"
"measured","2","23","2","257","1","helper-abort","13","g5d8","131250","229637400","571553.240","240218","130064","1","0","0","0","0","0","0","0","0","0","0","0","0","0","0","0","0","{exception=-, reads_after_abort=0, reads_after_clear=0, search_elapsed_ns=229715100, other_after_abort=0, writes_after_generation=0, abort_ms=229, after_resize=0, other_after_clear=0, after_generation=0, tt_writes=130064, reads_after_generation=0, search=257, helper=1, writes_after_clear=0, writes_after_resize=0, bestmove_ms=pending, tt_other=1, event=exit, start_ms=0, completed_depth=13, submit_ms=0, after_abort=0, after_clear=0, reads_after_resize=0, helper_elapsed_ns=229637400, writes_after_abort=0, helper_nodes=131250, bestmove=g5d8, other_after_resize=0, exit_cause=helper-abort, tt_reads=240218, other_after_generation=0, exit_ms=229}"
"measured","2","23","4","258","3","helper-abort","13","g5d8","117404","209632800","560045.947","224121","116447","1","0","0","0","0","0","0","0","0","0","0","0","0","0","0","0","0","{exception=-, reads_after_abort=0, reads_after_clear=0, search_elapsed_ns=209703900, other_after_abort=0, writes_after_generation=0, abort_ms=209, after_resize=0, other_after_clear=0, after_generation=0, tt_writes=116447, reads_after_generation=0, search=258, helper=3, writes_after_clear=0, writes_after_resize=0, bestmove_ms=209, tt_other=1, event=exit, start_ms=0, completed_depth=13, submit_ms=0, after_abort=0, after_clear=0, reads_after_resize=0, helper_elapsed_ns=209632800, writes_after_abort=0, helper_nodes=117404, bestmove=g5d8, other_after_resize=0, exit_cause=helper-abort, tt_reads=224121, other_after_generation=0, exit_ms=209}"
"measured","2","23","4","258","1","helper-abort","13","g5d8","110565","209648200","527383.493","222509","109602","1","0","0","0","0","0","0","0","0","0","0","0","0","0","0","0","0","{exception=-, reads_after_abort=0, reads_after_clear=0, search_elapsed_ns=209703900, other_after_abort=0, writes_after_generation=0, abort_ms=209, after_resize=0, other_after_clear=0, after_generation=0, tt_writes=109602, reads_after_generation=0, search=258, helper=1, writes_after_clear=0, writes_after_resize=0, bestmove_ms=209, tt_other=1, event=exit, start_ms=0, completed_depth=13, submit_ms=0, after_abort=0, after_clear=0, reads_after_resize=0, helper_elapsed_ns=209648200, writes_after_abort=0, helper_nodes=110565, bestmove=g5d8, other_after_resize=0, exit_cause=helper-abort, tt_reads=222509, other_after_generation=0, exit_ms=209}"
"measured","2","23","4","258","2","helper-abort","13","g5d8","119231","209638100","568746.807","228351","118238","1","0","0","0","0","0","0","0","0","0","0","0","0","0","0","0","0","{exception=-, reads_after_abort=0, reads_after_clear=0, search_elapsed_ns=209703900, other_after_abort=0, writes_after_generation=0, abort_ms=209, after_resize=0, other_after_clear=0, after_generation=0, tt_writes=118238, reads_after_generation=0, search=258, helper=2, writes_after_clear=0, writes_after_resize=0, bestmove_ms=209, tt_other=1, event=exit, start_ms=0, completed_depth=13, submit_ms=0, after_abort=0, after_clear=0, reads_after_resize=0, helper_elapsed_ns=209638100, writes_after_abort=0, helper_nodes=119231, bestmove=g5d8, other_after_resize=0, exit_cause=helper-abort, tt_reads=228351, other_after_generation=0, exit_ms=209}"
"measured","2","24","2","259","1","helper-abort","13","d5e3","44852","73802000","607734.208","74741","43662","1","0","0","0","0","0","0","0","0","0","0","0","0","0","0","0","0","{exception=-, reads_after_abort=0, reads_after_clear=0, search_elapsed_ns=73856300, other_after_abort=0, writes_after_generation=0, abort_ms=73, after_resize=0, other_after_clear=0, after_generation=0, tt_writes=43662, reads_after_generation=0, search=259, helper=1, writes_after_clear=0, writes_after_resize=0, bestmove_ms=73, tt_other=1, event=exit, start_ms=0, completed_depth=13, submit_ms=0, after_abort=0, after_clear=0, reads_after_resize=0, helper_elapsed_ns=73802000, writes_after_abort=0, helper_nodes=44852, bestmove=d5e3, other_after_resize=0, exit_cause=helper-abort, tt_reads=74741, other_after_generation=0, exit_ms=73}"
"measured","2","24","4","260","1","helper-abort","13","d5e3","53570","89246200","600249.646","85313","52046","1","0","0","0","0","0","0","0","0","0","0","0","0","0","0","0","0","{exception=-, reads_after_abort=0, reads_after_clear=0, search_elapsed_ns=89309100, other_after_abort=0, writes_after_generation=0, abort_ms=89, after_resize=0, other_after_clear=0, after_generation=0, tt_writes=52046, reads_after_generation=0, search=260, helper=1, writes_after_clear=0, writes_after_resize=0, bestmove_ms=89, tt_other=1, event=exit, start_ms=0, completed_depth=13, submit_ms=0, after_abort=0, after_clear=0, reads_after_resize=0, helper_elapsed_ns=89246200, writes_after_abort=0, helper_nodes=53570, bestmove=d5e3, other_after_resize=0, exit_cause=helper-abort, tt_reads=85313, other_after_generation=0, exit_ms=89}"
"measured","2","24","4","260","2","helper-abort","13","d5e3","56361","89241900","631553.116","93887","54780","1","0","0","0","0","0","0","0","0","0","0","0","0","0","0","0","0","{exception=-, reads_after_abort=0, reads_after_clear=0, search_elapsed_ns=89309100, other_after_abort=0, writes_after_generation=0, abort_ms=89, after_resize=0, other_after_clear=0, after_generation=0, tt_writes=54780, reads_after_generation=0, search=260, helper=2, writes_after_clear=0, writes_after_resize=0, bestmove_ms=89, tt_other=1, event=exit, start_ms=0, completed_depth=13, submit_ms=0, after_abort=0, after_clear=0, reads_after_resize=0, helper_elapsed_ns=89241900, writes_after_abort=0, helper_nodes=56361, bestmove=d5e3, other_after_resize=0, exit_cause=helper-abort, tt_reads=93887, other_after_generation=0, exit_ms=89}"
"measured","2","24","4","260","3","helper-abort","13","d5e3","52622","89235600","589697.385","83367","51268","1","0","0","0","0","0","0","0","0","0","0","0","0","0","0","0","0","{exception=-, reads_after_abort=0, reads_after_clear=0, search_elapsed_ns=89309100, other_after_abort=0, writes_after_generation=0, abort_ms=89, after_resize=0, other_after_clear=0, after_generation=0, tt_writes=51268, reads_after_generation=0, search=260, helper=3, writes_after_clear=0, writes_after_resize=0, bestmove_ms=89, tt_other=1, event=exit, start_ms=0, completed_depth=13, submit_ms=0, after_abort=0, after_clear=0, reads_after_resize=0, helper_elapsed_ns=89235600, writes_after_abort=0, helper_nodes=52622, bestmove=d5e3, other_after_resize=0, exit_cause=helper-abort, tt_reads=83367, other_after_generation=0, exit_ms=89}"
"measured","2","25","4","262","3","helper-abort","13","h5e2","158978","443073000","358807.691","287705","157342","1","0","0","0","0","0","0","0","0","0","0","0","0","0","0","0","0","{exception=-, reads_after_abort=0, reads_after_clear=0, search_elapsed_ns=443194700, other_after_abort=0, writes_after_generation=0, abort_ms=443, after_resize=0, other_after_clear=0, after_generation=0, tt_writes=157342, reads_after_generation=0, search=262, helper=3, writes_after_clear=0, writes_after_resize=0, bestmove_ms=443, tt_other=1, event=exit, start_ms=0, completed_depth=13, submit_ms=0, after_abort=0, after_clear=0, reads_after_resize=0, helper_elapsed_ns=443073000, writes_after_abort=0, helper_nodes=158978, bestmove=h5e2, other_after_resize=0, exit_cause=helper-abort, tt_reads=287705, other_after_generation=0, exit_ms=443}"
"measured","2","25","4","262","2","helper-abort","13","h5e2","163650","443128100","369306.302","287580","162073","1","0","0","0","0","0","0","0","0","0","0","0","0","0","0","0","0","{exception=-, reads_after_abort=0, reads_after_clear=0, search_elapsed_ns=443194700, other_after_abort=0, writes_after_generation=0, abort_ms=443, after_resize=0, other_after_clear=0, after_generation=0, tt_writes=162073, reads_after_generation=0, search=262, helper=2, writes_after_clear=0, writes_after_resize=0, bestmove_ms=443, tt_other=1, event=exit, start_ms=0, completed_depth=13, submit_ms=0, after_abort=0, after_clear=0, reads_after_resize=0, helper_elapsed_ns=443128100, writes_after_abort=0, helper_nodes=163650, bestmove=h5e2, other_after_resize=0, exit_cause=helper-abort, tt_reads=287580, other_after_generation=0, exit_ms=443}"
"measured","2","25","4","262","1","helper-abort","13","h5e2","163234","443128300","368367.355","292767","161579","1","0","0","0","0","0","0","0","0","0","0","0","0","0","0","0","0","{exception=-, reads_after_abort=0, reads_after_clear=0, search_elapsed_ns=443194700, other_after_abort=0, writes_after_generation=0, abort_ms=443, after_resize=0, other_after_clear=0, after_generation=0, tt_writes=161579, reads_after_generation=0, search=262, helper=1, writes_after_clear=0, writes_after_resize=0, bestmove_ms=443, tt_other=1, event=exit, start_ms=0, completed_depth=13, submit_ms=0, after_abort=0, after_clear=0, reads_after_resize=0, helper_elapsed_ns=443128300, writes_after_abort=0, helper_nodes=163234, bestmove=h5e2, other_after_resize=0, exit_cause=helper-abort, tt_reads=292767, other_after_generation=0, exit_ms=443}"
"measured","2","25","2","264","1","helper-abort","13","h5e2","197754","531981600","371730.902","307254","195696","1","0","0","0","0","0","0","0","0","0","0","0","0","0","0","0","0","{exception=-, reads_after_abort=0, reads_after_clear=0, search_elapsed_ns=532054800, other_after_abort=0, writes_after_generation=0, abort_ms=532, after_resize=0, other_after_clear=0, after_generation=0, tt_writes=195696, reads_after_generation=0, search=264, helper=1, writes_after_clear=0, writes_after_resize=0, bestmove_ms=532, tt_other=1, event=exit, start_ms=0, completed_depth=13, submit_ms=0, after_abort=0, after_clear=0, reads_after_resize=0, helper_elapsed_ns=531981600, writes_after_abort=0, helper_nodes=197754, bestmove=h5e2, other_after_resize=0, exit_cause=helper-abort, tt_reads=307254, other_after_generation=0, exit_ms=532}"
"measured","2","26","2","266","1","helper-abort","13","a6a5","47852","66919800","715064.899","81126","46881","1","0","0","0","0","0","0","0","0","0","0","0","0","0","0","0","0","{exception=-, reads_after_abort=0, reads_after_clear=0, search_elapsed_ns=66978100, other_after_abort=0, writes_after_generation=0, abort_ms=66, after_resize=0, other_after_clear=0, after_generation=0, tt_writes=46881, reads_after_generation=0, search=266, helper=1, writes_after_clear=0, writes_after_resize=0, bestmove_ms=66, tt_other=1, event=exit, start_ms=0, completed_depth=13, submit_ms=0, after_abort=0, after_clear=0, reads_after_resize=0, helper_elapsed_ns=66919800, writes_after_abort=0, helper_nodes=47852, bestmove=a6a5, other_after_resize=0, exit_cause=helper-abort, tt_reads=81126, other_after_generation=0, exit_ms=66}"
"measured","2","26","4","267","2","helper-abort","13","a6a5","30259","36682200","824895.999","55880","29485","1","0","0","0","0","0","0","0","0","0","0","0","0","0","0","0","0","{exception=-, reads_after_abort=0, reads_after_clear=0, search_elapsed_ns=36742700, other_after_abort=0, writes_after_generation=0, abort_ms=36, after_resize=0, other_after_clear=0, after_generation=0, tt_writes=29485, reads_after_generation=0, search=267, helper=2, writes_after_clear=0, writes_after_resize=0, bestmove_ms=36, tt_other=1, event=exit, start_ms=0, completed_depth=13, submit_ms=0, after_abort=0, after_clear=0, reads_after_resize=0, helper_elapsed_ns=36682200, writes_after_abort=0, helper_nodes=30259, bestmove=a6a5, other_after_resize=0, exit_cause=helper-abort, tt_reads=55880, other_after_generation=0, exit_ms=36}"
"measured","2","26","4","267","3","helper-abort","13","a6a5","30041","36663000","819381.938","56100","29341","1","0","0","0","0","0","0","0","0","0","0","0","0","0","0","0","0","{exception=-, reads_after_abort=0, reads_after_clear=0, search_elapsed_ns=36750200, other_after_abort=0, writes_after_generation=0, abort_ms=36, after_resize=0, other_after_clear=0, after_generation=0, tt_writes=29341, reads_after_generation=0, search=267, helper=3, writes_after_clear=0, writes_after_resize=0, bestmove_ms=36, tt_other=1, event=exit, start_ms=0, completed_depth=13, submit_ms=0, after_abort=0, after_clear=0, reads_after_resize=0, helper_elapsed_ns=36663000, writes_after_abort=0, helper_nodes=30041, bestmove=a6a5, other_after_resize=0, exit_cause=helper-abort, tt_reads=56100, other_after_generation=0, exit_ms=36}"
"measured","2","26","4","267","1","helper-abort","13","a6a5","29869","36687600","814144.289","55601","29145","1","0","0","0","0","0","0","0","0","0","0","0","0","0","0","0","0","{exception=-, reads_after_abort=0, reads_after_clear=0, search_elapsed_ns=36742700, other_after_abort=0, writes_after_generation=0, abort_ms=36, after_resize=0, other_after_clear=0, after_generation=0, tt_writes=29145, reads_after_generation=0, search=267, helper=1, writes_after_clear=0, writes_after_resize=0, bestmove_ms=36, tt_other=1, event=exit, start_ms=0, completed_depth=13, submit_ms=0, after_abort=0, after_clear=0, reads_after_resize=0, helper_elapsed_ns=36687600, writes_after_abort=0, helper_nodes=29869, bestmove=a6a5, other_after_resize=0, exit_cause=helper-abort, tt_reads=55601, other_after_generation=0, exit_ms=36}"
"measured","2","27","2","268","1","helper-abort","13","a6a5","64266","106479600","603552.230","109020","62957","1","0","0","0","0","0","0","0","0","0","0","0","0","0","0","0","0","{exception=-, reads_after_abort=0, reads_after_clear=0, search_elapsed_ns=106539100, other_after_abort=0, writes_after_generation=0, abort_ms=106, after_resize=0, other_after_clear=0, after_generation=0, tt_writes=62957, reads_after_generation=0, search=268, helper=1, writes_after_clear=0, writes_after_resize=0, bestmove_ms=106, tt_other=1, event=exit, start_ms=0, completed_depth=13, submit_ms=0, after_abort=0, after_clear=0, reads_after_resize=0, helper_elapsed_ns=106479600, writes_after_abort=0, helper_nodes=64266, bestmove=a6a5, other_after_resize=0, exit_cause=helper-abort, tt_reads=109020, other_after_generation=0, exit_ms=106}"
"measured","2","27","4","269","1","helper-abort","13","a6a5","48817","78470900","622103.226","91781","47868","1","0","0","0","0","0","0","0","0","0","0","0","0","0","0","0","0","{exception=-, reads_after_abort=0, reads_after_clear=0, search_elapsed_ns=78541000, other_after_abort=0, writes_after_generation=0, abort_ms=78, after_resize=0, other_after_clear=0, after_generation=0, tt_writes=47868, reads_after_generation=0, search=269, helper=1, writes_after_clear=0, writes_after_resize=0, bestmove_ms=78, tt_other=1, event=exit, start_ms=0, completed_depth=13, submit_ms=0, after_abort=0, after_clear=0, reads_after_resize=0, helper_elapsed_ns=78470900, writes_after_abort=0, helper_nodes=48817, bestmove=a6a5, other_after_resize=0, exit_cause=helper-abort, tt_reads=91781, other_after_generation=0, exit_ms=78}"
"measured","2","27","4","269","2","helper-abort","13","a6a5","50741","78462900","646687.798","93385","49695","1","0","0","0","0","0","0","0","0","0","0","0","0","0","0","0","0","{exception=-, reads_after_abort=0, reads_after_clear=0, search_elapsed_ns=78541000, other_after_abort=0, writes_after_generation=0, abort_ms=78, after_resize=0, other_after_clear=0, after_generation=0, tt_writes=49695, reads_after_generation=0, search=269, helper=2, writes_after_clear=0, writes_after_resize=0, bestmove_ms=78, tt_other=1, event=exit, start_ms=0, completed_depth=13, submit_ms=0, after_abort=0, after_clear=0, reads_after_resize=0, helper_elapsed_ns=78462900, writes_after_abort=0, helper_nodes=50741, bestmove=a6a5, other_after_resize=0, exit_cause=helper-abort, tt_reads=93385, other_after_generation=0, exit_ms=78}"
"measured","2","27","4","269","3","helper-abort","12","a6a5","49635","78448600","632707.276","90053","48528","1","1","0","0","0","0","1","0","0","0","0","0","0","0","0","0","0","{exception=-, reads_after_abort=0, reads_after_clear=0, search_elapsed_ns=78542200, other_after_abort=0, writes_after_generation=0, abort_ms=78, after_resize=0, other_after_clear=0, after_generation=0, tt_writes=48528, reads_after_generation=0, search=269, helper=3, writes_after_clear=0, writes_after_resize=0, bestmove_ms=78, tt_other=1, event=exit, start_ms=0, completed_depth=12, submit_ms=0, after_abort=1, after_clear=0, reads_after_resize=0, helper_elapsed_ns=78448600, writes_after_abort=1, helper_nodes=49635, bestmove=a6a5, other_after_resize=0, exit_cause=helper-abort, tt_reads=90053, other_after_generation=0, exit_ms=78}"
"measured","2","28","4","271","2","helper-abort","13","d2b4","1478231","4056494200","364410.973","2306839","1459745","1","0","0","0","0","0","0","0","0","0","0","0","0","0","0","0","0","{exception=-, reads_after_abort=0, reads_after_clear=0, search_elapsed_ns=4056569700, other_after_abort=0, writes_after_generation=0, abort_ms=4056, after_resize=0, other_after_clear=0, after_generation=0, tt_writes=1459745, reads_after_generation=0, search=271, helper=2, writes_after_clear=0, writes_after_resize=0, bestmove_ms=pending, tt_other=1, event=exit, start_ms=0, completed_depth=13, submit_ms=0, after_abort=0, after_clear=0, reads_after_resize=0, helper_elapsed_ns=4056494200, writes_after_abort=0, helper_nodes=1478231, bestmove=d2b4, other_after_resize=0, exit_cause=helper-abort, tt_reads=2306839, other_after_generation=0, exit_ms=4056}"
"measured","2","28","4","271","3","helper-abort","13","d2b4","1404399","4056484400","346210.872","2021018","1388314","1","0","0","0","0","0","0","0","0","0","0","0","0","0","0","0","0","{exception=-, reads_after_abort=0, reads_after_clear=0, search_elapsed_ns=4056566800, other_after_abort=0, writes_after_generation=0, abort_ms=4056, after_resize=0, other_after_clear=0, after_generation=0, tt_writes=1388314, reads_after_generation=0, search=271, helper=3, writes_after_clear=0, writes_after_resize=0, bestmove_ms=pending, tt_other=1, event=exit, start_ms=0, completed_depth=13, submit_ms=0, after_abort=0, after_clear=0, reads_after_resize=0, helper_elapsed_ns=4056484400, writes_after_abort=0, helper_nodes=1404399, bestmove=d2b4, other_after_resize=0, exit_cause=helper-abort, tt_reads=2021018, other_after_generation=0, exit_ms=4056}"
"measured","2","28","4","271","1","helper-abort","13","d2b4","1486820","4056513800","366526.548","2246976","1469108","1","0","0","0","0","0","0","0","0","0","0","0","0","0","0","0","0","{exception=-, reads_after_abort=0, reads_after_clear=0, search_elapsed_ns=4056569500, other_after_abort=0, writes_after_generation=0, abort_ms=4056, after_resize=0, other_after_clear=0, after_generation=0, tt_writes=1469108, reads_after_generation=0, search=271, helper=1, writes_after_clear=0, writes_after_resize=0, bestmove_ms=pending, tt_other=1, event=exit, start_ms=0, completed_depth=13, submit_ms=0, after_abort=0, after_clear=0, reads_after_resize=0, helper_elapsed_ns=4056513800, writes_after_abort=0, helper_nodes=1486820, bestmove=d2b4, other_after_resize=0, exit_cause=helper-abort, tt_reads=2246976, other_after_generation=0, exit_ms=4056}"
"measured","2","28","2","273","1","helper-abort","12","a5a6","988881","2717453200","363899.919","1339306","978668","1","0","0","0","0","0","0","0","0","0","0","0","0","0","0","0","0","{exception=-, reads_after_abort=0, reads_after_clear=0, search_elapsed_ns=2717516600, other_after_abort=0, writes_after_generation=0, abort_ms=2717, after_resize=0, other_after_clear=0, after_generation=0, tt_writes=978668, reads_after_generation=0, search=273, helper=1, writes_after_clear=0, writes_after_resize=0, bestmove_ms=2717, tt_other=1, event=exit, start_ms=0, completed_depth=12, submit_ms=0, after_abort=0, after_clear=0, reads_after_resize=0, helper_elapsed_ns=2717453200, writes_after_abort=0, helper_nodes=988881, bestmove=a5a6, other_after_resize=0, exit_cause=helper-abort, tt_reads=1339306, other_after_generation=0, exit_ms=2717}"
"measured","2","29","2","275","1","helper-abort","13","c6d4","1359387","3774099800","360188.408","2121062","1351145","1","1","0","0","0","0","1","0","0","0","0","0","0","0","0","0","0","{exception=-, reads_after_abort=0, reads_after_clear=0, search_elapsed_ns=3774166600, other_after_abort=0, writes_after_generation=0, abort_ms=3774, after_resize=0, other_after_clear=0, after_generation=0, tt_writes=1351145, reads_after_generation=0, search=275, helper=1, writes_after_clear=0, writes_after_resize=0, bestmove_ms=3774, tt_other=1, event=exit, start_ms=0, completed_depth=13, submit_ms=0, after_abort=1, after_clear=0, reads_after_resize=0, helper_elapsed_ns=3774099800, writes_after_abort=1, helper_nodes=1359387, bestmove=c6d4, other_after_resize=0, exit_cause=helper-abort, tt_reads=2121062, other_after_generation=0, exit_ms=3774}"
"measured","2","29","4","276","2","helper-abort","13","c6d4","1375395","4001882300","343687.019","2367195","1365960","1","1","0","0","0","0","1","0","0","0","0","0","0","0","0","0","0","{exception=-, reads_after_abort=0, reads_after_clear=0, search_elapsed_ns=4001961100, other_after_abort=0, writes_after_generation=0, abort_ms=4001, after_resize=0, other_after_clear=0, after_generation=0, tt_writes=1365960, reads_after_generation=0, search=276, helper=2, writes_after_clear=0, writes_after_resize=0, bestmove_ms=4001, tt_other=1, event=exit, start_ms=0, completed_depth=13, submit_ms=0, after_abort=1, after_clear=0, reads_after_resize=0, helper_elapsed_ns=4001882300, writes_after_abort=1, helper_nodes=1375395, bestmove=c6d4, other_after_resize=0, exit_cause=helper-abort, tt_reads=2367195, other_after_generation=0, exit_ms=4001}"
"measured","2","29","4","276","3","helper-abort","13","c6d4","1374252","4001870500","343402.416","2378189","1364801","1","0","0","0","0","0","0","0","0","0","0","0","0","0","0","0","0","{exception=-, reads_after_abort=0, reads_after_clear=0, search_elapsed_ns=4001961200, other_after_abort=0, writes_after_generation=0, abort_ms=4001, after_resize=0, other_after_clear=0, after_generation=0, tt_writes=1364801, reads_after_generation=0, search=276, helper=3, writes_after_clear=0, writes_after_resize=0, bestmove_ms=4001, tt_other=1, event=exit, start_ms=0, completed_depth=13, submit_ms=0, after_abort=0, after_clear=0, reads_after_resize=0, helper_elapsed_ns=4001870500, writes_after_abort=0, helper_nodes=1374252, bestmove=c6d4, other_after_resize=0, exit_cause=helper-abort, tt_reads=2378189, other_after_generation=0, exit_ms=4001}"
"measured","2","29","4","276","1","helper-abort","13","c6d4","1381183","4001901000","345131.726","2357767","1371530","1","1","0","0","0","0","1","0","0","0","0","0","0","0","0","0","0","{exception=-, reads_after_abort=0, reads_after_clear=0, search_elapsed_ns=4001966000, other_after_abort=0, writes_after_generation=0, abort_ms=4001, after_resize=0, other_after_clear=0, after_generation=0, tt_writes=1371530, reads_after_generation=0, search=276, helper=1, writes_after_clear=0, writes_after_resize=0, bestmove_ms=4001, tt_other=1, event=exit, start_ms=0, completed_depth=13, submit_ms=0, after_abort=1, after_clear=0, reads_after_resize=0, helper_elapsed_ns=4001901000, writes_after_abort=1, helper_nodes=1381183, bestmove=c6d4, other_after_resize=0, exit_cause=helper-abort, tt_reads=2357767, other_after_generation=0, exit_ms=4001}"
"measured","2","30","2","277","1","helper-abort","11","g2g4","846636","2128093600","397837.764","1112329","835183","1","0","0","0","0","0","0","0","0","0","0","0","0","0","0","0","0","{exception=-, reads_after_abort=0, reads_after_clear=0, search_elapsed_ns=2128149200, other_after_abort=0, writes_after_generation=0, abort_ms=2128, after_resize=0, other_after_clear=0, after_generation=0, tt_writes=835183, reads_after_generation=0, search=277, helper=1, writes_after_clear=0, writes_after_resize=0, bestmove_ms=2128, tt_other=1, event=exit, start_ms=0, completed_depth=11, submit_ms=0, after_abort=0, after_clear=0, reads_after_resize=0, helper_elapsed_ns=2128093600, writes_after_abort=0, helper_nodes=846636, bestmove=g2g4, other_after_resize=0, exit_cause=helper-abort, tt_reads=1112329, other_after_generation=0, exit_ms=2128}"
"measured","2","30","4","278","1","helper-abort","12","f2f5","574625","1434593100","400549.117","818985","566272","1","0","0","0","0","0","0","0","0","0","0","0","0","0","0","0","0","{exception=-, reads_after_abort=0, reads_after_clear=0, search_elapsed_ns=1434641100, other_after_abort=0, writes_after_generation=0, abort_ms=1434, after_resize=0, other_after_clear=0, after_generation=0, tt_writes=566272, reads_after_generation=0, search=278, helper=1, writes_after_clear=0, writes_after_resize=0, bestmove_ms=1434, tt_other=1, event=exit, start_ms=0, completed_depth=12, submit_ms=0, after_abort=0, after_clear=0, reads_after_resize=0, helper_elapsed_ns=1434593100, writes_after_abort=0, helper_nodes=574625, bestmove=f2f5, other_after_resize=0, exit_cause=helper-abort, tt_reads=818985, other_after_generation=0, exit_ms=1434}"
"measured","2","30","4","278","2","helper-abort","12","f2f5","590782","1434570000","411818.175","816239","581051","1","0","0","0","0","0","0","0","0","0","0","0","0","0","0","0","0","{exception=-, reads_after_abort=0, reads_after_clear=0, search_elapsed_ns=1434641000, other_after_abort=0, writes_after_generation=0, abort_ms=1434, after_resize=0, other_after_clear=0, after_generation=0, tt_writes=581051, reads_after_generation=0, search=278, helper=2, writes_after_clear=0, writes_after_resize=0, bestmove_ms=1434, tt_other=1, event=exit, start_ms=0, completed_depth=12, submit_ms=0, after_abort=0, after_clear=0, reads_after_resize=0, helper_elapsed_ns=1434570000, writes_after_abort=0, helper_nodes=590782, bestmove=f2f5, other_after_resize=0, exit_cause=helper-abort, tt_reads=816239, other_after_generation=0, exit_ms=1434}"
"measured","2","30","4","278","3","helper-abort","12","f2f5","568915","1434564100","396576.911","813018","560595","1","0","0","0","0","0","0","0","0","0","0","0","0","0","0","0","0","{exception=-, reads_after_abort=0, reads_after_clear=0, search_elapsed_ns=1434641100, other_after_abort=0, writes_after_generation=0, abort_ms=1434, after_resize=0, other_after_clear=0, after_generation=0, tt_writes=560595, reads_after_generation=0, search=278, helper=3, writes_after_clear=0, writes_after_resize=0, bestmove_ms=1434, tt_other=1, event=exit, start_ms=0, completed_depth=12, submit_ms=0, after_abort=0, after_clear=0, reads_after_resize=0, helper_elapsed_ns=1434564100, writes_after_abort=0, helper_nodes=568915, bestmove=f2f5, other_after_resize=0, exit_cause=helper-abort, tt_reads=813018, other_after_generation=0, exit_ms=1434}"
"measured","3","0","4","280","2","helper-abort","13","e2e4","250036","651433200","383824.466","388191","248884","1","0","0","0","0","0","0","0","0","0","0","0","0","0","0","0","0","{exception=-, reads_after_abort=0, reads_after_clear=0, search_elapsed_ns=651506400, other_after_abort=0, writes_after_generation=0, abort_ms=651, after_resize=0, other_after_clear=0, after_generation=0, tt_writes=248884, reads_after_generation=0, search=280, helper=2, writes_after_clear=0, writes_after_resize=0, bestmove_ms=651, tt_other=1, event=exit, start_ms=0, completed_depth=13, submit_ms=0, after_abort=0, after_clear=0, reads_after_resize=0, helper_elapsed_ns=651433200, writes_after_abort=0, helper_nodes=250036, bestmove=e2e4, other_after_resize=0, exit_cause=helper-abort, tt_reads=388191, other_after_generation=0, exit_ms=651}"
"measured","3","0","4","280","3","helper-abort","13","e2e4","253859","651433300","389693.005","398456","252620","1","0","0","0","0","0","0","0","0","0","0","0","0","0","0","0","0","{exception=-, reads_after_abort=0, reads_after_clear=0, search_elapsed_ns=651506500, other_after_abort=0, writes_after_generation=0, abort_ms=651, after_resize=0, other_after_clear=0, after_generation=0, tt_writes=252620, reads_after_generation=0, search=280, helper=3, writes_after_clear=0, writes_after_resize=0, bestmove_ms=651, tt_other=1, event=exit, start_ms=0, completed_depth=13, submit_ms=0, after_abort=0, after_clear=0, reads_after_resize=0, helper_elapsed_ns=651433300, writes_after_abort=0, helper_nodes=253859, bestmove=e2e4, other_after_resize=0, exit_cause=helper-abort, tt_reads=398456, other_after_generation=0, exit_ms=651}"
"measured","3","0","4","280","1","helper-abort","13","e2e4","248233","651441300","381051.984","390428","247204","1","0","0","0","0","0","0","0","0","0","0","0","0","0","0","0","0","{exception=-, reads_after_abort=0, reads_after_clear=0, search_elapsed_ns=651506400, other_after_abort=0, writes_after_generation=0, abort_ms=651, after_resize=0, other_after_clear=0, after_generation=0, tt_writes=247204, reads_after_generation=0, search=280, helper=1, writes_after_clear=0, writes_after_resize=0, bestmove_ms=651, tt_other=1, event=exit, start_ms=0, completed_depth=13, submit_ms=0, after_abort=0, after_clear=0, reads_after_resize=0, helper_elapsed_ns=651441300, writes_after_abort=0, helper_nodes=248233, bestmove=e2e4, other_after_resize=0, exit_cause=helper-abort, tt_reads=390428, other_after_generation=0, exit_ms=651}"
"measured","3","0","2","282","1","helper-abort","13","e2e4","331513","827226900","400752.200","473928","330015","1","0","0","0","0","0","0","0","0","0","0","0","0","0","0","0","0","{exception=-, reads_after_abort=0, reads_after_clear=0, search_elapsed_ns=827297100, other_after_abort=0, writes_after_generation=0, abort_ms=827, after_resize=0, other_after_clear=0, after_generation=0, tt_writes=330015, reads_after_generation=0, search=282, helper=1, writes_after_clear=0, writes_after_resize=0, bestmove_ms=827, tt_other=1, event=exit, start_ms=0, completed_depth=13, submit_ms=0, after_abort=0, after_clear=0, reads_after_resize=0, helper_elapsed_ns=827226900, writes_after_abort=0, helper_nodes=331513, bestmove=e2e4, other_after_resize=0, exit_cause=helper-abort, tt_reads=473928, other_after_generation=0, exit_ms=827}"
"measured","3","1","2","284","1","helper-abort","13","e2a6","2872101","10188326800","281901.146","4149260","2861331","1","0","0","0","0","0","0","0","0","0","0","0","0","0","0","0","0","{exception=-, reads_after_abort=0, reads_after_clear=0, search_elapsed_ns=10188392700, other_after_abort=0, writes_after_generation=0, abort_ms=10188, after_resize=0, other_after_clear=0, after_generation=0, tt_writes=2861331, reads_after_generation=0, search=284, helper=1, writes_after_clear=0, writes_after_resize=0, bestmove_ms=pending, tt_other=1, event=exit, start_ms=0, completed_depth=13, submit_ms=0, after_abort=0, after_clear=0, reads_after_resize=0, helper_elapsed_ns=10188326800, writes_after_abort=0, helper_nodes=2872101, bestmove=e2a6, other_after_resize=0, exit_cause=helper-abort, tt_reads=4149260, other_after_generation=0, exit_ms=10188}"
"measured","3","1","4","285","3","helper-abort","13","e2a6","2541446","9415143900","269931.721","3771038","2532630","1","0","0","0","0","0","0","0","0","0","0","0","0","0","0","0","0","{exception=-, reads_after_abort=0, reads_after_clear=0, search_elapsed_ns=9415244100, other_after_abort=0, writes_after_generation=0, abort_ms=9415, after_resize=0, other_after_clear=0, after_generation=0, tt_writes=2532630, reads_after_generation=0, search=285, helper=3, writes_after_clear=0, writes_after_resize=0, bestmove_ms=9415, tt_other=1, event=exit, start_ms=0, completed_depth=13, submit_ms=0, after_abort=0, after_clear=0, reads_after_resize=0, helper_elapsed_ns=9415143900, writes_after_abort=0, helper_nodes=2541446, bestmove=e2a6, other_after_resize=0, exit_cause=helper-abort, tt_reads=3771038, other_after_generation=0, exit_ms=9415}"
"measured","3","1","4","285","1","helper-abort","12","e2a6","2574025","9415154900","273391.678","3505271","2563955","1","0","0","0","0","0","0","0","0","0","0","0","0","0","0","0","0","{exception=-, reads_after_abort=0, reads_after_clear=0, search_elapsed_ns=9415245800, other_after_abort=0, writes_after_generation=0, abort_ms=9415, after_resize=0, other_after_clear=0, after_generation=0, tt_writes=2563955, reads_after_generation=0, search=285, helper=1, writes_after_clear=0, writes_after_resize=0, bestmove_ms=9415, tt_other=1, event=exit, start_ms=0, completed_depth=12, submit_ms=0, after_abort=0, after_clear=0, reads_after_resize=0, helper_elapsed_ns=9415154900, writes_after_abort=0, helper_nodes=2574025, bestmove=e2a6, other_after_resize=0, exit_cause=helper-abort, tt_reads=3505271, other_after_generation=0, exit_ms=9415}"
"measured","3","1","4","285","2","helper-abort","13","e2a6","2520591","9415150000","267716.499","3843156","2511600","1","0","0","0","0","0","0","0","0","0","0","0","0","0","0","0","0","{exception=-, reads_after_abort=0, reads_after_clear=0, search_elapsed_ns=9415244100, other_after_abort=0, writes_after_generation=0, abort_ms=9415, after_resize=0, other_after_clear=0, after_generation=0, tt_writes=2511600, reads_after_generation=0, search=285, helper=2, writes_after_clear=0, writes_after_resize=0, bestmove_ms=9415, tt_other=1, event=exit, start_ms=0, completed_depth=13, submit_ms=0, after_abort=0, after_clear=0, reads_after_resize=0, helper_elapsed_ns=9415150000, writes_after_abort=0, helper_nodes=2520591, bestmove=e2a6, other_after_resize=0, exit_cause=helper-abort, tt_reads=3843156, other_after_generation=0, exit_ms=9415}"
"measured","3","2","2","286","1","helper-abort","13","e1d2","7293","7692000","948127.925","16415","7284","1","0","0","0","0","0","0","0","0","0","0","0","0","0","0","0","0","{exception=-, reads_after_abort=0, reads_after_clear=0, search_elapsed_ns=7742500, other_after_abort=0, writes_after_generation=0, abort_ms=7, after_resize=0, other_after_clear=0, after_generation=0, tt_writes=7284, reads_after_generation=0, search=286, helper=1, writes_after_clear=0, writes_after_resize=0, bestmove_ms=7, tt_other=1, event=exit, start_ms=0, completed_depth=13, submit_ms=0, after_abort=0, after_clear=0, reads_after_resize=0, helper_elapsed_ns=7692000, writes_after_abort=0, helper_nodes=7293, bestmove=e1d2, other_after_resize=0, exit_cause=helper-abort, tt_reads=16415, other_after_generation=0, exit_ms=7}"
"measured","3","2","4","287","1","helper-abort","13","e1d2","5912","6517700","907068.444","13719","5906","1","0","0","0","0","0","0","0","0","0","0","0","0","0","0","0","0","{exception=-, reads_after_abort=0, reads_after_clear=0, search_elapsed_ns=6564800, other_after_abort=0, writes_after_generation=0, abort_ms=6, after_resize=0, other_after_clear=0, after_generation=0, tt_writes=5906, reads_after_generation=0, search=287, helper=1, writes_after_clear=0, writes_after_resize=0, bestmove_ms=6, tt_other=1, event=exit, start_ms=0, completed_depth=13, submit_ms=0, after_abort=0, after_clear=0, reads_after_resize=0, helper_elapsed_ns=6517700, writes_after_abort=0, helper_nodes=5912, bestmove=e1d2, other_after_resize=0, exit_cause=helper-abort, tt_reads=13719, other_after_generation=0, exit_ms=6}"
"measured","3","2","4","287","2","helper-abort","13","e1d2","5979","6502100","919549.069","13931","5976","1","0","0","0","0","0","0","0","0","0","0","0","0","0","0","0","0","{exception=-, reads_after_abort=0, reads_after_clear=0, search_elapsed_ns=6564900, other_after_abort=0, writes_after_generation=0, abort_ms=6, after_resize=0, other_after_clear=0, after_generation=0, tt_writes=5976, reads_after_generation=0, search=287, helper=2, writes_after_clear=0, writes_after_resize=0, bestmove_ms=6, tt_other=1, event=exit, start_ms=0, completed_depth=13, submit_ms=0, after_abort=0, after_clear=0, reads_after_resize=0, helper_elapsed_ns=6502100, writes_after_abort=0, helper_nodes=5979, bestmove=e1d2, other_after_resize=0, exit_cause=helper-abort, tt_reads=13931, other_after_generation=0, exit_ms=6}"
"measured","3","2","4","287","3","helper-abort","13","e1d2","5950","6493700","916272.695","13888","5945","1","0","0","0","0","0","0","0","0","0","0","0","0","0","0","0","0","{exception=-, reads_after_abort=0, reads_after_clear=0, search_elapsed_ns=6564900, other_after_abort=0, writes_after_generation=0, abort_ms=6, after_resize=0, other_after_clear=0, after_generation=0, tt_writes=5945, reads_after_generation=0, search=287, helper=3, writes_after_clear=0, writes_after_resize=0, bestmove_ms=6, tt_other=1, event=exit, start_ms=0, completed_depth=13, submit_ms=0, after_abort=0, after_clear=0, reads_after_resize=0, helper_elapsed_ns=6493700, writes_after_abort=0, helper_nodes=5950, bestmove=e1d2, other_after_resize=0, exit_cause=helper-abort, tt_reads=13888, other_after_generation=0, exit_ms=6}"
"measured","3","3","4","289","1","helper-abort","13","c4c5","555217","2138815300","259590.905","983189","550086","1","0","0","0","0","0","0","0","0","0","0","0","0","0","0","0","0","{exception=-, reads_after_abort=0, reads_after_clear=0, search_elapsed_ns=2138879700, other_after_abort=0, writes_after_generation=0, abort_ms=2138, after_resize=0, other_after_clear=0, after_generation=0, tt_writes=550086, reads_after_generation=0, search=289, helper=1, writes_after_clear=0, writes_after_resize=0, bestmove_ms=2138, tt_other=1, event=exit, start_ms=0, completed_depth=13, submit_ms=0, after_abort=0, after_clear=0, reads_after_resize=0, helper_elapsed_ns=2138815300, writes_after_abort=0, helper_nodes=555217, bestmove=c4c5, other_after_resize=0, exit_cause=helper-abort, tt_reads=983189, other_after_generation=0, exit_ms=2138}"
"measured","3","3","4","289","3","helper-abort","13","c4c5","549825","2138791100","257072.792","995185","545326","1","0","0","0","0","0","0","0","0","0","0","0","0","0","0","0","0","{exception=-, reads_after_abort=0, reads_after_clear=0, search_elapsed_ns=2138879700, other_after_abort=0, writes_after_generation=0, abort_ms=2138, after_resize=0, other_after_clear=0, after_generation=0, tt_writes=545326, reads_after_generation=0, search=289, helper=3, writes_after_clear=0, writes_after_resize=0, bestmove_ms=2138, tt_other=1, event=exit, start_ms=0, completed_depth=13, submit_ms=0, after_abort=0, after_clear=0, reads_after_resize=0, helper_elapsed_ns=2138791100, writes_after_abort=0, helper_nodes=549825, bestmove=c4c5, other_after_resize=0, exit_cause=helper-abort, tt_reads=995185, other_after_generation=0, exit_ms=2138}"
"measured","3","3","4","289","2","helper-abort","13","c4c5","571039","2138808300","266989.332","1012559","565742","1","0","0","0","0","0","0","0","0","0","0","0","0","0","0","0","0","{exception=-, reads_after_abort=0, reads_after_clear=0, search_elapsed_ns=2138879700, other_after_abort=0, writes_after_generation=0, abort_ms=2138, after_resize=0, other_after_clear=0, after_generation=0, tt_writes=565742, reads_after_generation=0, search=289, helper=2, writes_after_clear=0, writes_after_resize=0, bestmove_ms=2138, tt_other=1, event=exit, start_ms=0, completed_depth=13, submit_ms=0, after_abort=0, after_clear=0, reads_after_resize=0, helper_elapsed_ns=2138808300, writes_after_abort=0, helper_nodes=571039, bestmove=c4c5, other_after_resize=0, exit_cause=helper-abort, tt_reads=1012559, other_after_generation=0, exit_ms=2138}"
"measured","3","3","2","291","1","helper-abort","13","c4c5","538569","1876274900","287041.627","890307","532912","1","0","0","0","0","0","0","0","0","0","0","0","0","0","0","0","0","{exception=-, reads_after_abort=0, reads_after_clear=0, search_elapsed_ns=1876342600, other_after_abort=0, writes_after_generation=0, abort_ms=1876, after_resize=0, other_after_clear=0, after_generation=0, tt_writes=532912, reads_after_generation=0, search=291, helper=1, writes_after_clear=0, writes_after_resize=0, bestmove_ms=1876, tt_other=1, event=exit, start_ms=0, completed_depth=13, submit_ms=0, after_abort=0, after_clear=0, reads_after_resize=0, helper_elapsed_ns=1876274900, writes_after_abort=0, helper_nodes=538569, bestmove=c4c5, other_after_resize=0, exit_cause=helper-abort, tt_reads=890307, other_after_generation=0, exit_ms=1876}"
"measured","3","4","2","293","1","helper-abort","13","b5c4","248612","681875200","364600.443","375989","247444","1","0","0","0","0","0","0","0","0","0","0","0","0","0","0","0","0","{exception=-, reads_after_abort=0, reads_after_clear=0, search_elapsed_ns=681971200, other_after_abort=0, writes_after_generation=0, abort_ms=681, after_resize=0, other_after_clear=0, after_generation=0, tt_writes=247444, reads_after_generation=0, search=293, helper=1, writes_after_clear=0, writes_after_resize=0, bestmove_ms=681, tt_other=1, event=exit, start_ms=0, completed_depth=13, submit_ms=0, after_abort=0, after_clear=0, reads_after_resize=0, helper_elapsed_ns=681875200, writes_after_abort=0, helper_nodes=248612, bestmove=b5c4, other_after_resize=0, exit_cause=helper-abort, tt_reads=375989, other_after_generation=0, exit_ms=681}"
"measured","3","4","4","294","3","helper-abort","13","b5c4","165989","451302800","367799.624","279200","165152","1","0","0","0","0","0","0","0","0","0","0","0","0","0","0","0","0","{exception=-, reads_after_abort=0, reads_after_clear=0, search_elapsed_ns=451385800, other_after_abort=0, writes_after_generation=0, abort_ms=451, after_resize=0, other_after_clear=0, after_generation=0, tt_writes=165152, reads_after_generation=0, search=294, helper=3, writes_after_clear=0, writes_after_resize=0, bestmove_ms=451, tt_other=1, event=exit, start_ms=0, completed_depth=13, submit_ms=0, after_abort=0, after_clear=0, reads_after_resize=0, helper_elapsed_ns=451302800, writes_after_abort=0, helper_nodes=165989, bestmove=b5c4, other_after_resize=0, exit_cause=helper-abort, tt_reads=279200, other_after_generation=0, exit_ms=451}"
"measured","3","4","4","294","2","helper-abort","13","b5c4","160620","451312100","355895.621","269906","159860","1","0","0","0","0","0","0","0","0","0","0","0","0","0","0","0","0","{exception=-, reads_after_abort=0, reads_after_clear=0, search_elapsed_ns=451385800, other_after_abort=0, writes_after_generation=0, abort_ms=451, after_resize=0, other_after_clear=0, after_generation=0, tt_writes=159860, reads_after_generation=0, search=294, helper=2, writes_after_clear=0, writes_after_resize=0, bestmove_ms=451, tt_other=1, event=exit, start_ms=0, completed_depth=13, submit_ms=0, after_abort=0, after_clear=0, reads_after_resize=0, helper_elapsed_ns=451312100, writes_after_abort=0, helper_nodes=160620, bestmove=b5c4, other_after_resize=0, exit_cause=helper-abort, tt_reads=269906, other_after_generation=0, exit_ms=451}"
"measured","3","4","4","294","1","helper-abort","12","b5c4","162064","451329800","359081.098","242482","161236","1","0","0","0","0","0","0","0","0","0","0","0","0","0","0","0","0","{exception=-, reads_after_abort=0, reads_after_clear=0, search_elapsed_ns=451386800, other_after_abort=0, writes_after_generation=0, abort_ms=451, after_resize=0, other_after_clear=0, after_generation=0, tt_writes=161236, reads_after_generation=0, search=294, helper=1, writes_after_clear=0, writes_after_resize=0, bestmove_ms=451, tt_other=1, event=exit, start_ms=0, completed_depth=12, submit_ms=0, after_abort=0, after_clear=0, reads_after_resize=0, helper_elapsed_ns=451329800, writes_after_abort=0, helper_nodes=162064, bestmove=b5c4, other_after_resize=0, exit_cause=helper-abort, tt_reads=242482, other_after_generation=0, exit_ms=451}"
"measured","3","5","2","295","1","helper-abort","13","g1h1","677149","1916366900","353350.394","934006","671910","1","0","0","0","0","0","0","0","0","0","0","0","0","0","0","0","0","{exception=-, reads_after_abort=0, reads_after_clear=0, search_elapsed_ns=1916416900, other_after_abort=0, writes_after_generation=0, abort_ms=1916, after_resize=0, other_after_clear=0, after_generation=0, tt_writes=671910, reads_after_generation=0, search=295, helper=1, writes_after_clear=0, writes_after_resize=0, bestmove_ms=1916, tt_other=1, event=exit, start_ms=0, completed_depth=13, submit_ms=0, after_abort=0, after_clear=0, reads_after_resize=0, helper_elapsed_ns=1916366900, writes_after_abort=0, helper_nodes=677149, bestmove=g1h1, other_after_resize=0, exit_cause=helper-abort, tt_reads=934006, other_after_generation=0, exit_ms=1916}"
"measured","3","5","4","296","2","helper-abort","13","g1h1","556669","1677310600","331881.883","800442","551636","1","0","0","0","0","0","0","0","0","0","0","0","0","0","0","0","0","{exception=-, reads_after_abort=0, reads_after_clear=0, search_elapsed_ns=1677365400, other_after_abort=0, writes_after_generation=0, abort_ms=1677, after_resize=0, other_after_clear=0, after_generation=0, tt_writes=551636, reads_after_generation=0, search=296, helper=2, writes_after_clear=0, writes_after_resize=0, bestmove_ms=1677, tt_other=1, event=exit, start_ms=0, completed_depth=13, submit_ms=0, after_abort=0, after_clear=0, reads_after_resize=0, helper_elapsed_ns=1677310600, writes_after_abort=0, helper_nodes=556669, bestmove=g1h1, other_after_resize=0, exit_cause=helper-abort, tt_reads=800442, other_after_generation=0, exit_ms=1677}"
"measured","3","5","4","296","1","helper-abort","13","g1h1","555266","1677315500","331044.458","776989","550646","1","0","0","0","0","0","0","0","0","0","0","0","0","0","0","0","0","{exception=-, reads_after_abort=0, reads_after_clear=0, search_elapsed_ns=1677365400, other_after_abort=0, writes_after_generation=0, abort_ms=1677, after_resize=0, other_after_clear=0, after_generation=0, tt_writes=550646, reads_after_generation=0, search=296, helper=1, writes_after_clear=0, writes_after_resize=0, bestmove_ms=1677, tt_other=1, event=exit, start_ms=0, completed_depth=13, submit_ms=0, after_abort=0, after_clear=0, reads_after_resize=0, helper_elapsed_ns=1677315500, writes_after_abort=0, helper_nodes=555266, bestmove=g1h1, other_after_resize=0, exit_cause=helper-abort, tt_reads=776989, other_after_generation=0, exit_ms=1677}"
"measured","3","5","4","296","3","helper-abort","13","g1h1","557728","1677286000","332518.127","788264","553243","1","0","0","0","0","0","0","0","0","0","0","0","0","0","0","0","0","{exception=-, reads_after_abort=0, reads_after_clear=0, search_elapsed_ns=1677365600, other_after_abort=0, writes_after_generation=0, abort_ms=1677, after_resize=0, other_after_clear=0, after_generation=0, tt_writes=553243, reads_after_generation=0, search=296, helper=3, writes_after_clear=0, writes_after_resize=0, bestmove_ms=1677, tt_other=1, event=exit, start_ms=0, completed_depth=13, submit_ms=0, after_abort=0, after_clear=0, reads_after_resize=0, helper_elapsed_ns=1677286000, writes_after_abort=0, helper_nodes=557728, bestmove=g1h1, other_after_resize=0, exit_cause=helper-abort, tt_reads=788264, other_after_generation=0, exit_ms=1677}"
"measured","3","6","4","298","2","helper-abort","12","b4b2","379023","1106487400","342546.151","619142","376280","1","0","0","0","0","0","0","0","0","0","0","0","0","0","0","0","0","{exception=-, reads_after_abort=0, reads_after_clear=0, search_elapsed_ns=1106547300, other_after_abort=0, writes_after_generation=0, abort_ms=1106, after_resize=0, other_after_clear=0, after_generation=0, tt_writes=376280, reads_after_generation=0, search=298, helper=2, writes_after_clear=0, writes_after_resize=0, bestmove_ms=1106, tt_other=1, event=exit, start_ms=0, completed_depth=12, submit_ms=0, after_abort=0, after_clear=0, reads_after_resize=0, helper_elapsed_ns=1106487400, writes_after_abort=0, helper_nodes=379023, bestmove=b4b2, other_after_resize=0, exit_cause=helper-abort, tt_reads=619142, other_after_generation=0, exit_ms=1106}"
"measured","3","6","4","298","3","helper-abort","12","b4b2","380123","1106472600","343544.883","642236","377345","1","0","0","0","0","0","0","0","0","0","0","0","0","0","0","0","0","{exception=-, reads_after_abort=0, reads_after_clear=0, search_elapsed_ns=1106547600, other_after_abort=0, writes_after_generation=0, abort_ms=1106, after_resize=0, other_after_clear=0, after_generation=0, tt_writes=377345, reads_after_generation=0, search=298, helper=3, writes_after_clear=0, writes_after_resize=0, bestmove_ms=1106, tt_other=1, event=exit, start_ms=0, completed_depth=12, submit_ms=0, after_abort=0, after_clear=0, reads_after_resize=0, helper_elapsed_ns=1106472600, writes_after_abort=0, helper_nodes=380123, bestmove=b4b2, other_after_resize=0, exit_cause=helper-abort, tt_reads=642236, other_after_generation=0, exit_ms=1106}"
"measured","3","6","4","298","1","helper-abort","13","b4b2","366802","1106489900","331500.541","590243","364420","1","0","0","0","0","0","0","0","0","0","0","0","0","0","0","0","0","{exception=-, reads_after_abort=0, reads_after_clear=0, search_elapsed_ns=1106545600, other_after_abort=0, writes_after_generation=0, abort_ms=1106, after_resize=0, other_after_clear=0, after_generation=0, tt_writes=364420, reads_after_generation=0, search=298, helper=1, writes_after_clear=0, writes_after_resize=0, bestmove_ms=1106, tt_other=1, event=exit, start_ms=0, completed_depth=13, submit_ms=0, after_abort=0, after_clear=0, reads_after_resize=0, helper_elapsed_ns=1106489900, writes_after_abort=0, helper_nodes=366802, bestmove=b4b2, other_after_resize=0, exit_cause=helper-abort, tt_reads=590243, other_after_generation=0, exit_ms=1106}"
"measured","3","6","2","300","1","helper-abort","13","b4b2","389520","1090282700","357265.139","617568","386923","1","0","0","0","0","0","0","0","0","0","0","0","0","0","0","0","0","{exception=-, reads_after_abort=0, reads_after_clear=0, search_elapsed_ns=1090345000, other_after_abort=0, writes_after_generation=0, abort_ms=1090, after_resize=0, other_after_clear=0, after_generation=0, tt_writes=386923, reads_after_generation=0, search=300, helper=1, writes_after_clear=0, writes_after_resize=0, bestmove_ms=1090, tt_other=1, event=exit, start_ms=0, completed_depth=13, submit_ms=0, after_abort=0, after_clear=0, reads_after_resize=0, helper_elapsed_ns=1090282700, writes_after_abort=0, helper_nodes=389520, bestmove=b4b2, other_after_resize=0, exit_cause=helper-abort, tt_reads=617568, other_after_generation=0, exit_ms=1090}"
"measured","3","7","2","302","1","helper-abort","13","g2g4","435396","1035951700","420286.004","620001","431133","1","0","0","0","0","0","0","0","0","0","0","0","0","0","0","0","0","{exception=-, reads_after_abort=0, reads_after_clear=0, search_elapsed_ns=1036011900, other_after_abort=0, writes_after_generation=0, abort_ms=1036, after_resize=0, other_after_clear=0, after_generation=0, tt_writes=431133, reads_after_generation=0, search=302, helper=1, writes_after_clear=0, writes_after_resize=0, bestmove_ms=1036, tt_other=1, event=exit, start_ms=0, completed_depth=13, submit_ms=0, after_abort=0, after_clear=0, reads_after_resize=0, helper_elapsed_ns=1035951700, writes_after_abort=0, helper_nodes=435396, bestmove=g2g4, other_after_resize=0, exit_cause=helper-abort, tt_reads=620001, other_after_generation=0, exit_ms=1036}"
"measured","3","7","4","303","1","helper-abort","12","g2g4","550287","1356065500","405796.770","753355","545914","1","0","0","0","0","0","0","0","0","0","0","0","0","0","0","0","0","{exception=-, reads_after_abort=0, reads_after_clear=0, search_elapsed_ns=1356114200, other_after_abort=0, writes_after_generation=0, abort_ms=1356, after_resize=0, other_after_clear=0, after_generation=0, tt_writes=545914, reads_after_generation=0, search=303, helper=1, writes_after_clear=0, writes_after_resize=0, bestmove_ms=1356, tt_other=1, event=exit, start_ms=0, completed_depth=12, submit_ms=0, after_abort=0, after_clear=0, reads_after_resize=0, helper_elapsed_ns=1356065500, writes_after_abort=0, helper_nodes=550287, bestmove=g2g4, other_after_resize=0, exit_cause=helper-abort, tt_reads=753355, other_after_generation=0, exit_ms=1356}"
"measured","3","7","4","303","3","helper-abort","12","g2g4","551297","1356044200","406547.958","734462","546742","1","1","0","0","0","0","1","0","0","0","0","0","0","0","0","0","0","{exception=-, reads_after_abort=0, reads_after_clear=0, search_elapsed_ns=1356113800, other_after_abort=0, writes_after_generation=0, abort_ms=1356, after_resize=0, other_after_clear=0, after_generation=0, tt_writes=546742, reads_after_generation=0, search=303, helper=3, writes_after_clear=0, writes_after_resize=0, bestmove_ms=1356, tt_other=1, event=exit, start_ms=0, completed_depth=12, submit_ms=0, after_abort=1, after_clear=0, reads_after_resize=0, helper_elapsed_ns=1356044200, writes_after_abort=1, helper_nodes=551297, bestmove=g2g4, other_after_resize=0, exit_cause=helper-abort, tt_reads=734462, other_after_generation=0, exit_ms=1356}"
"measured","3","7","4","303","2","helper-abort","12","g2g4","543660","1356044100","400916.165","706442","538925","1","1","0","0","0","0","1","0","0","0","0","0","0","0","0","0","0","{exception=-, reads_after_abort=0, reads_after_clear=0, search_elapsed_ns=1356114900, other_after_abort=0, writes_after_generation=0, abort_ms=1356, after_resize=0, other_after_clear=0, after_generation=0, tt_writes=538925, reads_after_generation=0, search=303, helper=2, writes_after_clear=0, writes_after_resize=0, bestmove_ms=1356, tt_other=1, event=exit, start_ms=0, completed_depth=12, submit_ms=0, after_abort=1, after_clear=0, reads_after_resize=0, helper_elapsed_ns=1356044100, writes_after_abort=1, helper_nodes=543660, bestmove=g2g4, other_after_resize=0, exit_cause=helper-abort, tt_reads=706442, other_after_generation=0, exit_ms=1356}"
"measured","3","8","2","304","1","helper-abort","13","b3c2","635889","1694462600","375274.733","1018535","633326","1","0","0","0","0","0","0","0","0","0","0","0","0","0","0","0","0","{exception=-, reads_after_abort=0, reads_after_clear=0, search_elapsed_ns=1694514600, other_after_abort=0, writes_after_generation=0, abort_ms=1694, after_resize=0, other_after_clear=0, after_generation=0, tt_writes=633326, reads_after_generation=0, search=304, helper=1, writes_after_clear=0, writes_after_resize=0, bestmove_ms=1694, tt_other=1, event=exit, start_ms=0, completed_depth=13, submit_ms=0, after_abort=0, after_clear=0, reads_after_resize=0, helper_elapsed_ns=1694462600, writes_after_abort=0, helper_nodes=635889, bestmove=b3c2, other_after_resize=0, exit_cause=helper-abort, tt_reads=1018535, other_after_generation=0, exit_ms=1694}"
"measured","3","8","4","305","2","helper-abort","13","b3c2","433995","1230345900","352742.265","756665","431909","1","0","0","0","0","0","0","0","0","0","0","0","0","0","0","0","0","{exception=-, reads_after_abort=0, reads_after_clear=0, search_elapsed_ns=1230412100, other_after_abort=0, writes_after_generation=0, abort_ms=1230, after_resize=0, other_after_clear=0, after_generation=0, tt_writes=431909, reads_after_generation=0, search=305, helper=2, writes_after_clear=0, writes_after_resize=0, bestmove_ms=1230, tt_other=1, event=exit, start_ms=0, completed_depth=13, submit_ms=0, after_abort=0, after_clear=0, reads_after_resize=0, helper_elapsed_ns=1230345900, writes_after_abort=0, helper_nodes=433995, bestmove=b3c2, other_after_resize=0, exit_cause=helper-abort, tt_reads=756665, other_after_generation=0, exit_ms=1230}"
"measured","3","8","4","305","1","helper-abort","12","b3c2","430321","1230351400","349754.550","760524","428161","1","0","0","0","0","0","0","0","0","0","0","0","0","0","0","0","0","{exception=-, reads_after_abort=0, reads_after_clear=0, search_elapsed_ns=1230413800, other_after_abort=0, writes_after_generation=0, abort_ms=1230, after_resize=0, other_after_clear=0, after_generation=0, tt_writes=428161, reads_after_generation=0, search=305, helper=1, writes_after_clear=0, writes_after_resize=0, bestmove_ms=1230, tt_other=1, event=exit, start_ms=0, completed_depth=12, submit_ms=0, after_abort=0, after_clear=0, reads_after_resize=0, helper_elapsed_ns=1230351400, writes_after_abort=0, helper_nodes=430321, bestmove=b3c2, other_after_resize=0, exit_cause=helper-abort, tt_reads=760524, other_after_generation=0, exit_ms=1230}"
"measured","3","8","4","305","3","helper-abort","13","b3c2","424010","1230339300","344628.510","759408","421959","1","1","0","0","0","0","1","0","0","0","0","0","0","0","0","0","0","{exception=-, reads_after_abort=0, reads_after_clear=0, search_elapsed_ns=1230412000, other_after_abort=0, writes_after_generation=0, abort_ms=1230, after_resize=0, other_after_clear=0, after_generation=0, tt_writes=421959, reads_after_generation=0, search=305, helper=3, writes_after_clear=0, writes_after_resize=0, bestmove_ms=1230, tt_other=1, event=exit, start_ms=0, completed_depth=13, submit_ms=0, after_abort=1, after_clear=0, reads_after_resize=0, helper_elapsed_ns=1230339300, writes_after_abort=1, helper_nodes=424010, bestmove=b3c2, other_after_resize=0, exit_cause=helper-abort, tt_reads=759408, other_after_generation=0, exit_ms=1230}"
"measured","3","9","4","307","2","helper-abort","12","c6g6","199386","424447400","469754.321","307266","198306","1","0","0","0","0","0","0","0","0","0","0","0","0","0","0","0","0","{exception=-, reads_after_abort=0, reads_after_clear=0, search_elapsed_ns=424523700, other_after_abort=0, writes_after_generation=0, abort_ms=424, after_resize=0, other_after_clear=0, after_generation=0, tt_writes=198306, reads_after_generation=0, search=307, helper=2, writes_after_clear=0, writes_after_resize=0, bestmove_ms=424, tt_other=1, event=exit, start_ms=0, completed_depth=12, submit_ms=0, after_abort=0, after_clear=0, reads_after_resize=0, helper_elapsed_ns=424447400, writes_after_abort=0, helper_nodes=199386, bestmove=c6g6, other_after_resize=0, exit_cause=helper-abort, tt_reads=307266, other_after_generation=0, exit_ms=424}"
"measured","3","9","4","307","3","helper-abort","12","c6g6","201369","424429000","474446.845","309429","200228","1","0","0","0","0","0","0","0","0","0","0","0","0","0","0","0","0","{exception=-, reads_after_abort=0, reads_after_clear=0, search_elapsed_ns=424523800, other_after_abort=0, writes_after_generation=0, abort_ms=424, after_resize=0, other_after_clear=0, after_generation=0, tt_writes=200228, reads_after_generation=0, search=307, helper=3, writes_after_clear=0, writes_after_resize=0, bestmove_ms=424, tt_other=1, event=exit, start_ms=0, completed_depth=12, submit_ms=0, after_abort=0, after_clear=0, reads_after_resize=0, helper_elapsed_ns=424429000, writes_after_abort=0, helper_nodes=201369, bestmove=c6g6, other_after_resize=0, exit_cause=helper-abort, tt_reads=309429, other_after_generation=0, exit_ms=424}"
"measured","3","9","4","307","1","helper-abort","12","c6g6","208710","424464000","491702.477","324932","207426","1","0","0","0","0","0","0","0","0","0","0","0","0","0","0","0","0","{exception=-, reads_after_abort=0, reads_after_clear=0, search_elapsed_ns=424523800, other_after_abort=0, writes_after_generation=0, abort_ms=424, after_resize=0, other_after_clear=0, after_generation=0, tt_writes=207426, reads_after_generation=0, search=307, helper=1, writes_after_clear=0, writes_after_resize=0, bestmove_ms=424, tt_other=1, event=exit, start_ms=0, completed_depth=12, submit_ms=0, after_abort=0, after_clear=0, reads_after_resize=0, helper_elapsed_ns=424464000, writes_after_abort=0, helper_nodes=208710, bestmove=c6g6, other_after_resize=0, exit_cause=helper-abort, tt_reads=324932, other_after_generation=0, exit_ms=424}"
"measured","3","9","2","309","1","helper-abort","12","c6g6","184716","357073400","517305.406","268467","183676","1","0","0","0","0","0","0","0","0","0","0","0","0","0","0","0","0","{exception=-, reads_after_abort=0, reads_after_clear=0, search_elapsed_ns=357128900, other_after_abort=0, writes_after_generation=0, abort_ms=357, after_resize=0, other_after_clear=0, after_generation=0, tt_writes=183676, reads_after_generation=0, search=309, helper=1, writes_after_clear=0, writes_after_resize=0, bestmove_ms=357, tt_other=1, event=exit, start_ms=0, completed_depth=12, submit_ms=0, after_abort=0, after_clear=0, reads_after_resize=0, helper_elapsed_ns=357073400, writes_after_abort=0, helper_nodes=184716, bestmove=c6g6, other_after_resize=0, exit_cause=helper-abort, tt_reads=268467, other_after_generation=0, exit_ms=357}"
"measured","3","10","2","311","1","helper-abort","12","c6d4","1278514","3836517100","333248.612","1582127","1272069","1","0","0","0","0","0","0","0","0","0","0","0","0","0","0","0","0","{exception=-, reads_after_abort=0, reads_after_clear=0, search_elapsed_ns=3836581300, other_after_abort=0, writes_after_generation=0, abort_ms=3836, after_resize=0, other_after_clear=0, after_generation=0, tt_writes=1272069, reads_after_generation=0, search=311, helper=1, writes_after_clear=0, writes_after_resize=0, bestmove_ms=3836, tt_other=1, event=exit, start_ms=0, completed_depth=12, submit_ms=0, after_abort=0, after_clear=0, reads_after_resize=0, helper_elapsed_ns=3836517100, writes_after_abort=0, helper_nodes=1278514, bestmove=c6d4, other_after_resize=0, exit_cause=helper-abort, tt_reads=1582127, other_after_generation=0, exit_ms=3836}"
"measured","3","10","4","312","1","helper-abort","13","a7a6","1486083","4553640400","326350.539","1813698","1478938","1","1","0","0","0","0","1","0","0","0","0","0","0","0","0","0","0","{exception=-, reads_after_abort=0, reads_after_clear=0, search_elapsed_ns=4553689400, other_after_abort=0, writes_after_generation=0, abort_ms=4553, after_resize=0, other_after_clear=0, after_generation=0, tt_writes=1478938, reads_after_generation=0, search=312, helper=1, writes_after_clear=0, writes_after_resize=0, bestmove_ms=4553, tt_other=1, event=exit, start_ms=0, completed_depth=13, submit_ms=0, after_abort=1, after_clear=0, reads_after_resize=0, helper_elapsed_ns=4553640400, writes_after_abort=1, helper_nodes=1486083, bestmove=a7a6, other_after_resize=0, exit_cause=helper-abort, tt_reads=1813698, other_after_generation=0, exit_ms=4553}"
"measured","3","10","4","312","2","helper-abort","13","a7a6","1504178","4553620300","330325.741","1821852","1497118","1","0","0","0","0","0","0","0","0","0","0","0","0","0","0","0","0","{exception=-, reads_after_abort=0, reads_after_clear=0, search_elapsed_ns=4553688500, other_after_abort=0, writes_after_generation=0, abort_ms=4553, after_resize=0, other_after_clear=0, after_generation=0, tt_writes=1497118, reads_after_generation=0, search=312, helper=2, writes_after_clear=0, writes_after_resize=0, bestmove_ms=4553, tt_other=1, event=exit, start_ms=0, completed_depth=13, submit_ms=0, after_abort=0, after_clear=0, reads_after_resize=0, helper_elapsed_ns=4553620300, writes_after_abort=0, helper_nodes=1504178, bestmove=a7a6, other_after_resize=0, exit_cause=helper-abort, tt_reads=1821852, other_after_generation=0, exit_ms=4553}"
"measured","3","10","4","312","3","helper-abort","12","c8d7","1491780","4553615200","327603.439","1811850","1485145","1","0","0","0","0","0","0","0","0","0","0","0","0","0","0","0","0","{exception=-, reads_after_abort=0, reads_after_clear=0, search_elapsed_ns=4553689800, other_after_abort=0, writes_after_generation=0, abort_ms=4553, after_resize=0, other_after_clear=0, after_generation=0, tt_writes=1485145, reads_after_generation=0, search=312, helper=3, writes_after_clear=0, writes_after_resize=0, bestmove_ms=4553, tt_other=1, event=exit, start_ms=0, completed_depth=12, submit_ms=0, after_abort=0, after_clear=0, reads_after_resize=0, helper_elapsed_ns=4553615200, writes_after_abort=0, helper_nodes=1491780, bestmove=c8d7, other_after_resize=0, exit_cause=helper-abort, tt_reads=1811850, other_after_generation=0, exit_ms=4553}"
"measured","3","11","2","313","1","helper-abort","13","e4f3","80533","104301900","772114.410","146325","77989","1","0","0","0","0","0","0","0","0","0","0","0","0","0","0","0","0","{exception=-, reads_after_abort=0, reads_after_clear=0, search_elapsed_ns=104364600, other_after_abort=0, writes_after_generation=0, abort_ms=104, after_resize=0, other_after_clear=0, after_generation=0, tt_writes=77989, reads_after_generation=0, search=313, helper=1, writes_after_clear=0, writes_after_resize=0, bestmove_ms=104, tt_other=1, event=exit, start_ms=0, completed_depth=13, submit_ms=0, after_abort=0, after_clear=0, reads_after_resize=0, helper_elapsed_ns=104301900, writes_after_abort=0, helper_nodes=80533, bestmove=e4f3, other_after_resize=0, exit_cause=helper-abort, tt_reads=146325, other_after_generation=0, exit_ms=104}"
"measured","3","11","4","314","2","helper-abort","13","e4f3","112194","152757000","734460.614","200360","109220","1","0","0","0","0","0","0","0","0","0","0","0","0","0","0","0","0","{exception=-, reads_after_abort=0, reads_after_clear=0, search_elapsed_ns=152847100, other_after_abort=0, writes_after_generation=0, abort_ms=152, after_resize=0, other_after_clear=0, after_generation=0, tt_writes=109220, reads_after_generation=0, search=314, helper=2, writes_after_clear=0, writes_after_resize=0, bestmove_ms=152, tt_other=1, event=exit, start_ms=0, completed_depth=13, submit_ms=0, after_abort=0, after_clear=0, reads_after_resize=0, helper_elapsed_ns=152757000, writes_after_abort=0, helper_nodes=112194, bestmove=e4f3, other_after_resize=0, exit_cause=helper-abort, tt_reads=200360, other_after_generation=0, exit_ms=152}"
"measured","3","11","4","314","1","helper-abort","13","e4f3","113145","152766000","740642.551","200431","110141","1","0","0","0","0","0","0","0","0","0","0","0","0","0","0","0","0","{exception=-, reads_after_abort=0, reads_after_clear=0, search_elapsed_ns=152847200, other_after_abort=0, writes_after_generation=0, abort_ms=152, after_resize=0, other_after_clear=0, after_generation=0, tt_writes=110141, reads_after_generation=0, search=314, helper=1, writes_after_clear=0, writes_after_resize=0, bestmove_ms=152, tt_other=1, event=exit, start_ms=0, completed_depth=13, submit_ms=0, after_abort=0, after_clear=0, reads_after_resize=0, helper_elapsed_ns=152766000, writes_after_abort=0, helper_nodes=113145, bestmove=e4f3, other_after_resize=0, exit_cause=helper-abort, tt_reads=200431, other_after_generation=0, exit_ms=152}"
"measured","3","11","4","314","3","helper-abort","13","e4f3","112757","152751700","738171.817","200515","109770","1","0","0","0","0","0","0","0","0","0","0","0","0","0","0","0","0","{exception=-, reads_after_abort=0, reads_after_clear=0, search_elapsed_ns=152847100, other_after_abort=0, writes_after_generation=0, abort_ms=152, after_resize=0, other_after_clear=0, after_generation=0, tt_writes=109770, reads_after_generation=0, search=314, helper=3, writes_after_clear=0, writes_after_resize=0, bestmove_ms=152, tt_other=1, event=exit, start_ms=0, completed_depth=13, submit_ms=0, after_abort=0, after_clear=0, reads_after_resize=0, helper_elapsed_ns=152751700, writes_after_abort=0, helper_nodes=112757, bestmove=e4f3, other_after_resize=0, exit_cause=helper-abort, tt_reads=200515, other_after_generation=0, exit_ms=152}"
"measured","3","12","4","316","2","helper-abort","13","g6f5","19412","20302700","956128.988","39203","19005","1","1","0","0","0","0","1","0","0","0","0","0","0","0","0","0","0","{exception=-, reads_after_abort=0, reads_after_clear=0, search_elapsed_ns=20372500, other_after_abort=0, writes_after_generation=0, abort_ms=20, after_resize=0, other_after_clear=0, after_generation=0, tt_writes=19005, reads_after_generation=0, search=316, helper=2, writes_after_clear=0, writes_after_resize=0, bestmove_ms=20, tt_other=1, event=exit, start_ms=0, completed_depth=13, submit_ms=0, after_abort=1, after_clear=0, reads_after_resize=0, helper_elapsed_ns=20302700, writes_after_abort=1, helper_nodes=19412, bestmove=g6f5, other_after_resize=0, exit_cause=helper-abort, tt_reads=39203, other_after_generation=0, exit_ms=20}"
"measured","3","12","4","316","1","helper-abort","13","g6f5","18763","20316600","923530.512","38340","18372","1","0","0","0","0","0","0","0","0","0","0","0","0","0","0","0","0","{exception=-, reads_after_abort=0, reads_after_clear=0, search_elapsed_ns=20372100, other_after_abort=0, writes_after_generation=0, abort_ms=20, after_resize=0, other_after_clear=0, after_generation=0, tt_writes=18372, reads_after_generation=0, search=316, helper=1, writes_after_clear=0, writes_after_resize=0, bestmove_ms=20, tt_other=1, event=exit, start_ms=0, completed_depth=13, submit_ms=0, after_abort=0, after_clear=0, reads_after_resize=0, helper_elapsed_ns=20316600, writes_after_abort=0, helper_nodes=18763, bestmove=g6f5, other_after_resize=0, exit_cause=helper-abort, tt_reads=38340, other_after_generation=0, exit_ms=20}"
"measured","3","12","4","316","3","helper-abort","13","g6f5","19211","20289900","946825.761","39084","18824","1","0","0","0","0","0","0","0","0","0","0","0","0","0","0","0","0","{exception=-, reads_after_abort=0, reads_after_clear=0, search_elapsed_ns=20372100, other_after_abort=0, writes_after_generation=0, abort_ms=20, after_resize=0, other_after_clear=0, after_generation=0, tt_writes=18824, reads_after_generation=0, search=316, helper=3, writes_after_clear=0, writes_after_resize=0, bestmove_ms=20, tt_other=1, event=exit, start_ms=0, completed_depth=13, submit_ms=0, after_abort=0, after_clear=0, reads_after_resize=0, helper_elapsed_ns=20289900, writes_after_abort=0, helper_nodes=19211, bestmove=g6f5, other_after_resize=0, exit_cause=helper-abort, tt_reads=39084, other_after_generation=0, exit_ms=20}"
"measured","3","12","2","318","1","helper-abort","13","g6f5","26276","26303700","998946.916","51580","25820","1","0","0","0","0","0","0","0","0","0","0","0","0","0","0","0","0","{exception=-, reads_after_abort=0, reads_after_clear=0, search_elapsed_ns=26362300, other_after_abort=0, writes_after_generation=0, abort_ms=26, after_resize=0, other_after_clear=0, after_generation=0, tt_writes=25820, reads_after_generation=0, search=318, helper=1, writes_after_clear=0, writes_after_resize=0, bestmove_ms=26, tt_other=1, event=exit, start_ms=0, completed_depth=13, submit_ms=0, after_abort=0, after_clear=0, reads_after_resize=0, helper_elapsed_ns=26303700, writes_after_abort=0, helper_nodes=26276, bestmove=g6f5, other_after_resize=0, exit_cause=helper-abort, tt_reads=51580, other_after_generation=0, exit_ms=26}"
"measured","3","13","2","320","1","helper-abort","12","b4f4","76172","134769100","565203.745","123706","75447","1","0","0","0","0","0","0","0","0","0","0","0","0","0","0","0","0","{exception=-, reads_after_abort=0, reads_after_clear=0, search_elapsed_ns=134828800, other_after_abort=0, writes_after_generation=0, abort_ms=134, after_resize=0, other_after_clear=0, after_generation=0, tt_writes=75447, reads_after_generation=0, search=320, helper=1, writes_after_clear=0, writes_after_resize=0, bestmove_ms=134, tt_other=1, event=exit, start_ms=0, completed_depth=12, submit_ms=0, after_abort=0, after_clear=0, reads_after_resize=0, helper_elapsed_ns=134769100, writes_after_abort=0, helper_nodes=76172, bestmove=b4f4, other_after_resize=0, exit_cause=helper-abort, tt_reads=123706, other_after_generation=0, exit_ms=134}"
"measured","3","13","4","321","1","helper-abort","13","b4f4","83305","144156300","577879.704","150262","82264","1","0","0","0","0","0","0","0","0","0","0","0","0","0","0","0","0","{exception=-, reads_after_abort=0, reads_after_clear=0, search_elapsed_ns=144206200, other_after_abort=0, writes_after_generation=0, abort_ms=144, after_resize=0, other_after_clear=0, after_generation=0, tt_writes=82264, reads_after_generation=0, search=321, helper=1, writes_after_clear=0, writes_after_resize=0, bestmove_ms=144, tt_other=1, event=exit, start_ms=0, completed_depth=13, submit_ms=0, after_abort=0, after_clear=0, reads_after_resize=0, helper_elapsed_ns=144156300, writes_after_abort=0, helper_nodes=83305, bestmove=b4f4, other_after_resize=0, exit_cause=helper-abort, tt_reads=150262, other_after_generation=0, exit_ms=144}"
"measured","3","13","4","321","3","helper-abort","13","b4f4","81957","144126600","568645.899","149294","80913","1","0","0","0","0","0","0","0","0","0","0","0","0","0","0","0","0","{exception=-, reads_after_abort=0, reads_after_clear=0, search_elapsed_ns=144206200, other_after_abort=0, writes_after_generation=0, abort_ms=144, after_resize=0, other_after_clear=0, after_generation=0, tt_writes=80913, reads_after_generation=0, search=321, helper=3, writes_after_clear=0, writes_after_resize=0, bestmove_ms=144, tt_other=1, event=exit, start_ms=0, completed_depth=13, submit_ms=0, after_abort=0, after_clear=0, reads_after_resize=0, helper_elapsed_ns=144126600, writes_after_abort=0, helper_nodes=81957, bestmove=b4f4, other_after_resize=0, exit_cause=helper-abort, tt_reads=149294, other_after_generation=0, exit_ms=144}"
"measured","3","13","4","321","2","helper-abort","13","b4f4","81053","144133600","562346.323","150187","79987","1","0","0","0","0","0","0","0","0","0","0","0","0","0","0","0","0","{exception=-, reads_after_abort=0, reads_after_clear=0, search_elapsed_ns=144206200, other_after_abort=0, writes_after_generation=0, abort_ms=144, after_resize=0, other_after_clear=0, after_generation=0, tt_writes=79987, reads_after_generation=0, search=321, helper=2, writes_after_clear=0, writes_after_resize=0, bestmove_ms=144, tt_other=1, event=exit, start_ms=0, completed_depth=13, submit_ms=0, after_abort=0, after_clear=0, reads_after_resize=0, helper_elapsed_ns=144133600, writes_after_abort=0, helper_nodes=81053, bestmove=b4f4, other_after_resize=0, exit_cause=helper-abort, tt_reads=150187, other_after_generation=0, exit_ms=144}"
"measured","3","14","2","322","1","helper-abort","13","a2a4","1055256","3227475100","326960.230","1366192","1049109","1","0","0","0","0","0","0","0","0","0","0","0","0","0","0","0","0","{exception=-, reads_after_abort=0, reads_after_clear=0, search_elapsed_ns=3227520400, other_after_abort=0, writes_after_generation=0, abort_ms=3227, after_resize=0, other_after_clear=0, after_generation=0, tt_writes=1049109, reads_after_generation=0, search=322, helper=1, writes_after_clear=0, writes_after_resize=0, bestmove_ms=3227, tt_other=1, event=exit, start_ms=0, completed_depth=13, submit_ms=0, after_abort=0, after_clear=0, reads_after_resize=0, helper_elapsed_ns=3227475100, writes_after_abort=0, helper_nodes=1055256, bestmove=a2a4, other_after_resize=0, exit_cause=helper-abort, tt_reads=1366192, other_after_generation=0, exit_ms=3227}"
"measured","3","14","4","323","2","helper-abort","13","d1d3","585820","1877574800","312008.874","819752","582321","1","0","0","0","0","0","0","0","0","0","0","0","0","0","0","0","0","{exception=-, reads_after_abort=0, reads_after_clear=0, search_elapsed_ns=1877629900, other_after_abort=0, writes_after_generation=0, abort_ms=1877, after_resize=0, other_after_clear=0, after_generation=0, tt_writes=582321, reads_after_generation=0, search=323, helper=2, writes_after_clear=0, writes_after_resize=0, bestmove_ms=1877, tt_other=1, event=exit, start_ms=0, completed_depth=13, submit_ms=0, after_abort=0, after_clear=0, reads_after_resize=0, helper_elapsed_ns=1877574800, writes_after_abort=0, helper_nodes=585820, bestmove=d1d3, other_after_resize=0, exit_cause=helper-abort, tt_reads=819752, other_after_generation=0, exit_ms=1877}"
"measured","3","14","4","323","3","helper-abort","13","d1d3","587065","1877573400","312672.197","808131","583317","1","0","0","0","0","0","0","0","0","0","0","0","0","0","0","0","0","{exception=-, reads_after_abort=0, reads_after_clear=0, search_elapsed_ns=1877630700, other_after_abort=0, writes_after_generation=0, abort_ms=1877, after_resize=0, other_after_clear=0, after_generation=0, tt_writes=583317, reads_after_generation=0, search=323, helper=3, writes_after_clear=0, writes_after_resize=0, bestmove_ms=1877, tt_other=1, event=exit, start_ms=0, completed_depth=13, submit_ms=0, after_abort=0, after_clear=0, reads_after_resize=0, helper_elapsed_ns=1877573400, writes_after_abort=0, helper_nodes=587065, bestmove=d1d3, other_after_resize=0, exit_cause=helper-abort, tt_reads=808131, other_after_generation=0, exit_ms=1877}"
"measured","3","14","4","323","1","helper-abort","12","a2a4","584087","1877581600","311084.749","792020","580542","1","0","0","0","0","0","0","0","0","0","0","0","0","0","0","0","0","{exception=-, reads_after_abort=0, reads_after_clear=0, search_elapsed_ns=1877631700, other_after_abort=0, writes_after_generation=0, abort_ms=1877, after_resize=0, other_after_clear=0, after_generation=0, tt_writes=580542, reads_after_generation=0, search=323, helper=1, writes_after_clear=0, writes_after_resize=0, bestmove_ms=1877, tt_other=1, event=exit, start_ms=0, completed_depth=12, submit_ms=0, after_abort=0, after_clear=0, reads_after_resize=0, helper_elapsed_ns=1877581600, writes_after_abort=0, helper_nodes=584087, bestmove=a2a4, other_after_resize=0, exit_cause=helper-abort, tt_reads=792020, other_after_generation=0, exit_ms=1877}"
"measured","3","15","4","325","3","helper-abort","13","c3d5","453607","1711502400","265034.393","715212","451669","1","1","0","0","0","0","1","0","0","0","0","0","0","0","0","0","0","{exception=-, reads_after_abort=0, reads_after_clear=0, search_elapsed_ns=1711594700, other_after_abort=0, writes_after_generation=0, abort_ms=1711, after_resize=0, other_after_clear=0, after_generation=0, tt_writes=451669, reads_after_generation=0, search=325, helper=3, writes_after_clear=0, writes_after_resize=0, bestmove_ms=1711, tt_other=1, event=exit, start_ms=0, completed_depth=13, submit_ms=0, after_abort=1, after_clear=0, reads_after_resize=0, helper_elapsed_ns=1711502400, writes_after_abort=1, helper_nodes=453607, bestmove=c3d5, other_after_resize=0, exit_cause=helper-abort, tt_reads=715212, other_after_generation=0, exit_ms=1711}"
"measured","3","15","4","325","1","helper-abort","13","c3d5","470930","1711529900","275151.489","762990","468486","1","1","0","0","0","0","1","0","0","0","0","0","0","0","0","0","0","{exception=-, reads_after_abort=0, reads_after_clear=0, search_elapsed_ns=1711594700, other_after_abort=0, writes_after_generation=0, abort_ms=1711, after_resize=0, other_after_clear=0, after_generation=0, tt_writes=468486, reads_after_generation=0, search=325, helper=1, writes_after_clear=0, writes_after_resize=0, bestmove_ms=1711, tt_other=1, event=exit, start_ms=0, completed_depth=13, submit_ms=0, after_abort=1, after_clear=0, reads_after_resize=0, helper_elapsed_ns=1711529900, writes_after_abort=1, helper_nodes=470930, bestmove=c3d5, other_after_resize=0, exit_cause=helper-abort, tt_reads=762990, other_after_generation=0, exit_ms=1711}"
"measured","3","15","4","325","2","helper-abort","13","c3d5","523391","1711519800","305804.817","873679","520690","1","1","0","0","0","0","1","0","0","0","0","0","0","0","0","0","0","{exception=-, reads_after_abort=0, reads_after_clear=0, search_elapsed_ns=1711594800, other_after_abort=0, writes_after_generation=0, abort_ms=1711, after_resize=0, other_after_clear=0, after_generation=0, tt_writes=520690, reads_after_generation=0, search=325, helper=2, writes_after_clear=0, writes_after_resize=0, bestmove_ms=1711, tt_other=1, event=exit, start_ms=0, completed_depth=13, submit_ms=0, after_abort=1, after_clear=0, reads_after_resize=0, helper_elapsed_ns=1711519800, writes_after_abort=1, helper_nodes=523391, bestmove=c3d5, other_after_resize=0, exit_cause=helper-abort, tt_reads=873679, other_after_generation=0, exit_ms=1711}"
"measured","3","15","2","327","1","helper-abort","13","c3d5","700280","2196388400","318832.498","1044947","697463","1","0","0","0","0","0","0","0","0","0","0","0","0","0","0","0","0","{exception=-, reads_after_abort=0, reads_after_clear=0, search_elapsed_ns=2196454900, other_after_abort=0, writes_after_generation=0, abort_ms=2196, after_resize=0, other_after_clear=0, after_generation=0, tt_writes=697463, reads_after_generation=0, search=327, helper=1, writes_after_clear=0, writes_after_resize=0, bestmove_ms=2196, tt_other=1, event=exit, start_ms=0, completed_depth=13, submit_ms=0, after_abort=0, after_clear=0, reads_after_resize=0, helper_elapsed_ns=2196388400, writes_after_abort=0, helper_nodes=700280, bestmove=c3d5, other_after_resize=0, exit_cause=helper-abort, tt_reads=1044947, other_after_generation=0, exit_ms=2196}"
"measured","3","16","2","329","1","helper-abort","13","d5e4","603649","1663364700","362908.387","837625","600463","1","0","0","0","0","0","0","0","0","0","0","0","0","0","0","0","0","{exception=-, reads_after_abort=0, reads_after_clear=0, search_elapsed_ns=1663420200, other_after_abort=0, writes_after_generation=0, abort_ms=1663, after_resize=0, other_after_clear=0, after_generation=0, tt_writes=600463, reads_after_generation=0, search=329, helper=1, writes_after_clear=0, writes_after_resize=0, bestmove_ms=1663, tt_other=1, event=exit, start_ms=0, completed_depth=13, submit_ms=0, after_abort=0, after_clear=0, reads_after_resize=0, helper_elapsed_ns=1663364700, writes_after_abort=0, helper_nodes=603649, bestmove=d5e4, other_after_resize=0, exit_cause=helper-abort, tt_reads=837625, other_after_generation=0, exit_ms=1663}"
"measured","3","16","4","330","3","helper-abort","12","d5e4","518010","1497753200","345858.049","710197","515586","1","0","0","0","0","0","0","0","0","0","0","0","0","0","0","0","0","{exception=-, reads_after_abort=0, reads_after_clear=0, search_elapsed_ns=1497827000, other_after_abort=0, writes_after_generation=0, abort_ms=1497, after_resize=0, other_after_clear=0, after_generation=0, tt_writes=515586, reads_after_generation=0, search=330, helper=3, writes_after_clear=0, writes_after_resize=0, bestmove_ms=1497, tt_other=1, event=exit, start_ms=0, completed_depth=12, submit_ms=0, after_abort=0, after_clear=0, reads_after_resize=0, helper_elapsed_ns=1497753200, writes_after_abort=0, helper_nodes=518010, bestmove=d5e4, other_after_resize=0, exit_cause=helper-abort, tt_reads=710197, other_after_generation=0, exit_ms=1497}"
"measured","3","16","4","330","2","helper-abort","13","d5e4","519981","1497759000","347172.676","727311","517499","1","0","0","0","0","0","0","0","0","0","0","0","0","0","0","0","0","{exception=-, reads_after_abort=0, reads_after_clear=0, search_elapsed_ns=1497825800, other_after_abort=0, writes_after_generation=0, abort_ms=1497, after_resize=0, other_after_clear=0, after_generation=0, tt_writes=517499, reads_after_generation=0, search=330, helper=2, writes_after_clear=0, writes_after_resize=0, bestmove_ms=1497, tt_other=1, event=exit, start_ms=0, completed_depth=13, submit_ms=0, after_abort=0, after_clear=0, reads_after_resize=0, helper_elapsed_ns=1497759000, writes_after_abort=0, helper_nodes=519981, bestmove=d5e4, other_after_resize=0, exit_cause=helper-abort, tt_reads=727311, other_after_generation=0, exit_ms=1497}"
"measured","3","16","4","330","1","helper-abort","12","d5e4","510793","1497765700","341036.652","739675","508358","1","0","0","0","0","0","0","0","0","0","0","0","0","0","0","0","0","{exception=-, reads_after_abort=0, reads_after_clear=0, search_elapsed_ns=1497827000, other_after_abort=0, writes_after_generation=0, abort_ms=1497, after_resize=0, other_after_clear=0, after_generation=0, tt_writes=508358, reads_after_generation=0, search=330, helper=1, writes_after_clear=0, writes_after_resize=0, bestmove_ms=1497, tt_other=1, event=exit, start_ms=0, completed_depth=12, submit_ms=0, after_abort=0, after_clear=0, reads_after_resize=0, helper_elapsed_ns=1497765700, writes_after_abort=0, helper_nodes=510793, bestmove=d5e4, other_after_resize=0, exit_cause=helper-abort, tt_reads=739675, other_after_generation=0, exit_ms=1497}"
"measured","3","17","2","331","1","helper-abort","13","a6a5","281049","760182300","369712.633","434321","279075","1","0","0","0","0","0","0","0","0","0","0","0","0","0","0","0","0","{exception=-, reads_after_abort=0, reads_after_clear=0, search_elapsed_ns=760252200, other_after_abort=0, writes_after_generation=0, abort_ms=760, after_resize=0, other_after_clear=0, after_generation=0, tt_writes=279075, reads_after_generation=0, search=331, helper=1, writes_after_clear=0, writes_after_resize=0, bestmove_ms=760, tt_other=1, event=exit, start_ms=0, completed_depth=13, submit_ms=0, after_abort=0, after_clear=0, reads_after_resize=0, helper_elapsed_ns=760182300, writes_after_abort=0, helper_nodes=281049, bestmove=a6a5, other_after_resize=0, exit_cause=helper-abort, tt_reads=434321, other_after_generation=0, exit_ms=760}"
"measured","3","17","4","332","2","helper-abort","13","a6a5","179944","499717200","360091.668","298458","178792","1","0","0","0","0","0","0","0","0","0","0","0","0","0","0","0","0","{exception=-, reads_after_abort=0, reads_after_clear=0, search_elapsed_ns=499787000, other_after_abort=0, writes_after_generation=0, abort_ms=499, after_resize=0, other_after_clear=0, after_generation=0, tt_writes=178792, reads_after_generation=0, search=332, helper=2, writes_after_clear=0, writes_after_resize=0, bestmove_ms=pending, tt_other=1, event=exit, start_ms=0, completed_depth=13, submit_ms=0, after_abort=0, after_clear=0, reads_after_resize=0, helper_elapsed_ns=499717200, writes_after_abort=0, helper_nodes=179944, bestmove=a6a5, other_after_resize=0, exit_cause=helper-abort, tt_reads=298458, other_after_generation=0, exit_ms=499}"
"measured","3","17","4","332","3","helper-abort","12","a6a5","181069","499708600","362349.177","292424","179697","1","0","0","0","0","0","0","0","0","0","0","0","0","0","0","0","0","{exception=-, reads_after_abort=0, reads_after_clear=0, search_elapsed_ns=499789800, other_after_abort=0, writes_after_generation=0, abort_ms=499, after_resize=0, other_after_clear=0, after_generation=0, tt_writes=179697, reads_after_generation=0, search=332, helper=3, writes_after_clear=0, writes_after_resize=0, bestmove_ms=pending, tt_other=1, event=exit, start_ms=0, completed_depth=12, submit_ms=0, after_abort=0, after_clear=0, reads_after_resize=0, helper_elapsed_ns=499708600, writes_after_abort=0, helper_nodes=181069, bestmove=a6a5, other_after_resize=0, exit_cause=helper-abort, tt_reads=292424, other_after_generation=0, exit_ms=499}"
"measured","3","17","4","332","1","helper-abort","13","a6a5","180340","499739500","360868.012","286378","179287","1","0","0","0","0","0","0","0","0","0","0","0","0","0","0","0","0","{exception=-, reads_after_abort=0, reads_after_clear=0, search_elapsed_ns=499786900, other_after_abort=0, writes_after_generation=0, abort_ms=499, after_resize=0, other_after_clear=0, after_generation=0, tt_writes=179287, reads_after_generation=0, search=332, helper=1, writes_after_clear=0, writes_after_resize=0, bestmove_ms=pending, tt_other=1, event=exit, start_ms=0, completed_depth=13, submit_ms=0, after_abort=0, after_clear=0, reads_after_resize=0, helper_elapsed_ns=499739500, writes_after_abort=0, helper_nodes=180340, bestmove=a6a5, other_after_resize=0, exit_cause=helper-abort, tt_reads=286378, other_after_generation=0, exit_ms=499}"
"measured","3","18","4","334","1","helper-abort","12","e2e3","700285","1965589700","356272.217","1034367","697568","1","0","0","0","0","0","0","0","0","0","0","0","0","0","0","0","0","{exception=-, reads_after_abort=0, reads_after_clear=0, search_elapsed_ns=1965649600, other_after_abort=0, writes_after_generation=0, abort_ms=1965, after_resize=0, other_after_clear=0, after_generation=0, tt_writes=697568, reads_after_generation=0, search=334, helper=1, writes_after_clear=0, writes_after_resize=0, bestmove_ms=1965, tt_other=1, event=exit, start_ms=0, completed_depth=12, submit_ms=0, after_abort=0, after_clear=0, reads_after_resize=0, helper_elapsed_ns=1965589700, writes_after_abort=0, helper_nodes=700285, bestmove=e2e3, other_after_resize=0, exit_cause=helper-abort, tt_reads=1034367, other_after_generation=0, exit_ms=1965}"
"measured","3","18","4","334","2","helper-abort","13","e2e3","692230","1965565800","352178.492","1046112","689485","1","0","0","0","0","0","0","0","0","0","0","0","0","0","0","0","0","{exception=-, reads_after_abort=0, reads_after_clear=0, search_elapsed_ns=1965647900, other_after_abort=0, writes_after_generation=0, abort_ms=1965, after_resize=0, other_after_clear=0, after_generation=0, tt_writes=689485, reads_after_generation=0, search=334, helper=2, writes_after_clear=0, writes_after_resize=0, bestmove_ms=1965, tt_other=1, event=exit, start_ms=0, completed_depth=13, submit_ms=0, after_abort=0, after_clear=0, reads_after_resize=0, helper_elapsed_ns=1965565800, writes_after_abort=0, helper_nodes=692230, bestmove=e2e3, other_after_resize=0, exit_cause=helper-abort, tt_reads=1046112, other_after_generation=0, exit_ms=1965}"
"measured","3","18","4","334","3","helper-abort","13","e2e3","696981","1965559300","354596.781","996927","694526","1","0","0","0","0","0","0","0","0","0","0","0","0","0","0","0","0","{exception=-, reads_after_abort=0, reads_after_clear=0, search_elapsed_ns=1965648300, other_after_abort=0, writes_after_generation=0, abort_ms=1965, after_resize=0, other_after_clear=0, after_generation=0, tt_writes=694526, reads_after_generation=0, search=334, helper=3, writes_after_clear=0, writes_after_resize=0, bestmove_ms=1965, tt_other=1, event=exit, start_ms=0, completed_depth=13, submit_ms=0, after_abort=0, after_clear=0, reads_after_resize=0, helper_elapsed_ns=1965559300, writes_after_abort=0, helper_nodes=696981, bestmove=e2e3, other_after_resize=0, exit_cause=helper-abort, tt_reads=996927, other_after_generation=0, exit_ms=1965}"
"measured","3","18","2","336","1","helper-abort","13","e2e3","1525562","4155459000","367122.380","2082624","1520185","1","1","0","0","0","0","1","0","0","0","0","0","0","0","0","0","0","{exception=-, reads_after_abort=0, reads_after_clear=0, search_elapsed_ns=4155522800, other_after_abort=0, writes_after_generation=0, abort_ms=4155, after_resize=0, other_after_clear=0, after_generation=0, tt_writes=1520185, reads_after_generation=0, search=336, helper=1, writes_after_clear=0, writes_after_resize=0, bestmove_ms=4155, tt_other=1, event=exit, start_ms=0, completed_depth=13, submit_ms=0, after_abort=1, after_clear=0, reads_after_resize=0, helper_elapsed_ns=4155459000, writes_after_abort=1, helper_nodes=1525562, bestmove=e2e3, other_after_resize=0, exit_cause=helper-abort, tt_reads=2082624, other_after_generation=0, exit_ms=4155}"
"measured","3","19","2","338","1","helper-abort","13","a5b6","314031","784915000","400082.812","488195","310005","1","0","0","0","0","0","0","0","0","0","0","0","0","0","0","0","0","{exception=-, reads_after_abort=0, reads_after_clear=0, search_elapsed_ns=784979900, other_after_abort=0, writes_after_generation=0, abort_ms=784, after_resize=0, other_after_clear=0, after_generation=0, tt_writes=310005, reads_after_generation=0, search=338, helper=1, writes_after_clear=0, writes_after_resize=0, bestmove_ms=784, tt_other=1, event=exit, start_ms=0, completed_depth=13, submit_ms=0, after_abort=0, after_clear=0, reads_after_resize=0, helper_elapsed_ns=784915000, writes_after_abort=0, helper_nodes=314031, bestmove=a5b6, other_after_resize=0, exit_cause=helper-abort, tt_reads=488195, other_after_generation=0, exit_ms=784}"
"measured","3","19","4","339","3","helper-abort","13","a5c3","208822","550202700","379536.487","339750","206650","1","0","0","0","0","0","0","0","0","0","0","0","0","0","0","0","0","{exception=-, reads_after_abort=0, reads_after_clear=0, search_elapsed_ns=550270800, other_after_abort=0, writes_after_generation=0, abort_ms=550, after_resize=0, other_after_clear=0, after_generation=0, tt_writes=206650, reads_after_generation=0, search=339, helper=3, writes_after_clear=0, writes_after_resize=0, bestmove_ms=550, tt_other=1, event=exit, start_ms=0, completed_depth=13, submit_ms=0, after_abort=0, after_clear=0, reads_after_resize=0, helper_elapsed_ns=550202700, writes_after_abort=0, helper_nodes=208822, bestmove=a5c3, other_after_resize=0, exit_cause=helper-abort, tt_reads=339750, other_after_generation=0, exit_ms=550}"
"measured","3","19","4","339","2","helper-abort","13","a5c3","208649","550201500","379222.885","375303","206052","1","0","0","0","0","0","0","0","0","0","0","0","0","0","0","0","0","{exception=-, reads_after_abort=0, reads_after_clear=0, search_elapsed_ns=550270800, other_after_abort=0, writes_after_generation=0, abort_ms=550, after_resize=0, other_after_clear=0, after_generation=0, tt_writes=206052, reads_after_generation=0, search=339, helper=2, writes_after_clear=0, writes_after_resize=0, bestmove_ms=550, tt_other=1, event=exit, start_ms=0, completed_depth=13, submit_ms=0, after_abort=0, after_clear=0, reads_after_resize=0, helper_elapsed_ns=550201500, writes_after_abort=0, helper_nodes=208649, bestmove=a5c3, other_after_resize=0, exit_cause=helper-abort, tt_reads=375303, other_after_generation=0, exit_ms=550}"
"measured","3","19","4","339","1","helper-abort","13","a5c3","207805","550202800","377688.009","365263","205520","1","0","0","0","0","0","0","0","0","0","0","0","0","0","0","0","0","{exception=-, reads_after_abort=0, reads_after_clear=0, search_elapsed_ns=550270800, other_after_abort=0, writes_after_generation=0, abort_ms=550, after_resize=0, other_after_clear=0, after_generation=0, tt_writes=205520, reads_after_generation=0, search=339, helper=1, writes_after_clear=0, writes_after_resize=0, bestmove_ms=550, tt_other=1, event=exit, start_ms=0, completed_depth=13, submit_ms=0, after_abort=0, after_clear=0, reads_after_resize=0, helper_elapsed_ns=550202800, writes_after_abort=0, helper_nodes=207805, bestmove=a5c3, other_after_resize=0, exit_cause=helper-abort, tt_reads=365263, other_after_generation=0, exit_ms=550}"
"measured","3","20","2","340","1","helper-abort","13","d7d2","129947","300094600","433020.121","245255","127908","1","1","0","0","0","0","1","0","0","0","0","0","0","0","0","0","0","{exception=-, reads_after_abort=0, reads_after_clear=0, search_elapsed_ns=300164900, other_after_abort=0, writes_after_generation=0, abort_ms=300, after_resize=0, other_after_clear=0, after_generation=0, tt_writes=127908, reads_after_generation=0, search=340, helper=1, writes_after_clear=0, writes_after_resize=0, bestmove_ms=300, tt_other=1, event=exit, start_ms=0, completed_depth=13, submit_ms=0, after_abort=1, after_clear=0, reads_after_resize=0, helper_elapsed_ns=300094600, writes_after_abort=1, helper_nodes=129947, bestmove=d7d2, other_after_resize=0, exit_cause=helper-abort, tt_reads=245255, other_after_generation=0, exit_ms=300}"
"measured","3","20","4","341","2","helper-abort","13","d7d2","138689","322780600","429669.565","265260","136296","1","0","0","0","0","0","0","0","0","0","0","0","0","0","0","0","0","{exception=-, reads_after_abort=0, reads_after_clear=0, search_elapsed_ns=322837700, other_after_abort=0, writes_after_generation=0, abort_ms=322, after_resize=0, other_after_clear=0, after_generation=0, tt_writes=136296, reads_after_generation=0, search=341, helper=2, writes_after_clear=0, writes_after_resize=0, bestmove_ms=322, tt_other=1, event=exit, start_ms=0, completed_depth=13, submit_ms=0, after_abort=0, after_clear=0, reads_after_resize=0, helper_elapsed_ns=322780600, writes_after_abort=0, helper_nodes=138689, bestmove=d7d2, other_after_resize=0, exit_cause=helper-abort, tt_reads=265260, other_after_generation=0, exit_ms=322}"
"measured","3","20","4","341","3","helper-abort","13","d7d2","141933","322769000","439735.538","268951","139456","1","0","0","0","0","0","0","0","0","0","0","0","0","0","0","0","0","{exception=-, reads_after_abort=0, reads_after_clear=0, search_elapsed_ns=322837700, other_after_abort=0, writes_after_generation=0, abort_ms=322, after_resize=0, other_after_clear=0, after_generation=0, tt_writes=139456, reads_after_generation=0, search=341, helper=3, writes_after_clear=0, writes_after_resize=0, bestmove_ms=322, tt_other=1, event=exit, start_ms=0, completed_depth=13, submit_ms=0, after_abort=0, after_clear=0, reads_after_resize=0, helper_elapsed_ns=322769000, writes_after_abort=0, helper_nodes=141933, bestmove=d7d2, other_after_resize=0, exit_cause=helper-abort, tt_reads=268951, other_after_generation=0, exit_ms=322}"
"measured","3","20","4","341","1","helper-abort","13","d7d2","139262","322781600","431443.428","267288","136920","1","0","0","0","0","0","0","0","0","0","0","0","0","0","0","0","0","{exception=-, reads_after_abort=0, reads_after_clear=0, search_elapsed_ns=322837700, other_after_abort=0, writes_after_generation=0, abort_ms=322, after_resize=0, other_after_clear=0, after_generation=0, tt_writes=136920, reads_after_generation=0, search=341, helper=1, writes_after_clear=0, writes_after_resize=0, bestmove_ms=322, tt_other=1, event=exit, start_ms=0, completed_depth=13, submit_ms=0, after_abort=0, after_clear=0, reads_after_resize=0, helper_elapsed_ns=322781600, writes_after_abort=0, helper_nodes=139262, bestmove=d7d2, other_after_resize=0, exit_cause=helper-abort, tt_reads=267288, other_after_generation=0, exit_ms=322}"
"measured","3","21","4","343","3","helper-abort","13","g6g5","694279","2026664600","342572.224","1046293","690339","1","0","0","0","0","0","0","0","0","0","0","0","0","0","0","0","0","{exception=-, reads_after_abort=0, reads_after_clear=0, search_elapsed_ns=2026742500, other_after_abort=0, writes_after_generation=0, abort_ms=2026, after_resize=0, other_after_clear=0, after_generation=0, tt_writes=690339, reads_after_generation=0, search=343, helper=3, writes_after_clear=0, writes_after_resize=0, bestmove_ms=2026, tt_other=1, event=exit, start_ms=0, completed_depth=13, submit_ms=0, after_abort=0, after_clear=0, reads_after_resize=0, helper_elapsed_ns=2026664600, writes_after_abort=0, helper_nodes=694279, bestmove=g6g5, other_after_resize=0, exit_cause=helper-abort, tt_reads=1046293, other_after_generation=0, exit_ms=2026}"
"measured","3","21","4","343","2","helper-abort","13","g6g5","674961","2026670200","333039.386","1087043","670991","1","0","0","0","0","0","0","0","0","0","0","0","0","0","0","0","0","{exception=-, reads_after_abort=0, reads_after_clear=0, search_elapsed_ns=2026742500, other_after_abort=0, writes_after_generation=0, abort_ms=2026, after_resize=0, other_after_clear=0, after_generation=0, tt_writes=670991, reads_after_generation=0, search=343, helper=2, writes_after_clear=0, writes_after_resize=0, bestmove_ms=2026, tt_other=1, event=exit, start_ms=0, completed_depth=13, submit_ms=0, after_abort=0, after_clear=0, reads_after_resize=0, helper_elapsed_ns=2026670200, writes_after_abort=0, helper_nodes=674961, bestmove=g6g5, other_after_resize=0, exit_cause=helper-abort, tt_reads=1087043, other_after_generation=0, exit_ms=2026}"
"measured","3","21","4","343","1","helper-abort","12","g6g5","677467","2026685600","334273.357","1054758","672754","1","0","0","0","0","0","0","0","0","0","0","0","0","0","0","0","0","{exception=-, reads_after_abort=0, reads_after_clear=0, search_elapsed_ns=2026744100, other_after_abort=0, writes_after_generation=0, abort_ms=2026, after_resize=0, other_after_clear=0, after_generation=0, tt_writes=672754, reads_after_generation=0, search=343, helper=1, writes_after_clear=0, writes_after_resize=0, bestmove_ms=2026, tt_other=1, event=exit, start_ms=0, completed_depth=12, submit_ms=0, after_abort=0, after_clear=0, reads_after_resize=0, helper_elapsed_ns=2026685600, writes_after_abort=0, helper_nodes=677467, bestmove=g6g5, other_after_resize=0, exit_cause=helper-abort, tt_reads=1054758, other_after_generation=0, exit_ms=2026}"
"measured","3","21","2","345","1","helper-abort","13","g6g5","1370783","3980476400","344376.618","1925441","1361919","1","1","0","0","0","0","1","0","0","0","0","0","0","0","0","0","0","{exception=-, reads_after_abort=0, reads_after_clear=0, search_elapsed_ns=3980536700, other_after_abort=0, writes_after_generation=0, abort_ms=3980, after_resize=0, other_after_clear=0, after_generation=0, tt_writes=1361919, reads_after_generation=0, search=345, helper=1, writes_after_clear=0, writes_after_resize=0, bestmove_ms=3980, tt_other=1, event=exit, start_ms=0, completed_depth=13, submit_ms=0, after_abort=1, after_clear=0, reads_after_resize=0, helper_elapsed_ns=3980476400, writes_after_abort=1, helper_nodes=1370783, bestmove=g6g5, other_after_resize=0, exit_cause=helper-abort, tt_reads=1925441, other_after_generation=0, exit_ms=3980}"
"measured","3","22","2","347","1","helper-abort","13","d4b5","317504","928230100","342053.118","484590","315594","1","0","0","0","0","0","0","0","0","0","0","0","0","0","0","0","0","{exception=-, reads_after_abort=0, reads_after_clear=0, search_elapsed_ns=928280400, other_after_abort=0, writes_after_generation=0, abort_ms=928, after_resize=0, other_after_clear=0, after_generation=0, tt_writes=315594, reads_after_generation=0, search=347, helper=1, writes_after_clear=0, writes_after_resize=0, bestmove_ms=928, tt_other=1, event=exit, start_ms=0, completed_depth=13, submit_ms=0, after_abort=0, after_clear=0, reads_after_resize=0, helper_elapsed_ns=928230100, writes_after_abort=0, helper_nodes=317504, bestmove=d4b5, other_after_resize=0, exit_cause=helper-abort, tt_reads=484590, other_after_generation=0, exit_ms=928}"
"measured","3","22","4","348","1","helper-abort","13","d4b5","326793","984000500","332106.539","562525","324141","1","0","0","0","0","0","0","0","0","0","0","0","0","0","0","0","0","{exception=-, reads_after_abort=0, reads_after_clear=0, search_elapsed_ns=984057500, other_after_abort=0, writes_after_generation=0, abort_ms=984, after_resize=0, other_after_clear=0, after_generation=0, tt_writes=324141, reads_after_generation=0, search=348, helper=1, writes_after_clear=0, writes_after_resize=0, bestmove_ms=984, tt_other=1, event=exit, start_ms=0, completed_depth=13, submit_ms=0, after_abort=0, after_clear=0, reads_after_resize=0, helper_elapsed_ns=984000500, writes_after_abort=0, helper_nodes=326793, bestmove=d4b5, other_after_resize=0, exit_cause=helper-abort, tt_reads=562525, other_after_generation=0, exit_ms=984}"
"measured","3","22","4","348","3","helper-abort","13","d4b5","305173","983984600","310140.016","525431","302920","1","0","0","0","0","0","0","0","0","0","0","0","0","0","0","0","0","{exception=-, reads_after_abort=0, reads_after_clear=0, search_elapsed_ns=984057400, other_after_abort=0, writes_after_generation=0, abort_ms=984, after_resize=0, other_after_clear=0, after_generation=0, tt_writes=302920, reads_after_generation=0, search=348, helper=3, writes_after_clear=0, writes_after_resize=0, bestmove_ms=984, tt_other=1, event=exit, start_ms=0, completed_depth=13, submit_ms=0, after_abort=0, after_clear=0, reads_after_resize=0, helper_elapsed_ns=983984600, writes_after_abort=0, helper_nodes=305173, bestmove=d4b5, other_after_resize=0, exit_cause=helper-abort, tt_reads=525431, other_after_generation=0, exit_ms=984}"
"measured","3","22","4","348","2","helper-abort","13","d4b5","320459","983991200","325672.628","564486","318041","1","0","0","0","0","0","0","0","0","0","0","0","0","0","0","0","0","{exception=-, reads_after_abort=0, reads_after_clear=0, search_elapsed_ns=984057500, other_after_abort=0, writes_after_generation=0, abort_ms=984, after_resize=0, other_after_clear=0, after_generation=0, tt_writes=318041, reads_after_generation=0, search=348, helper=2, writes_after_clear=0, writes_after_resize=0, bestmove_ms=984, tt_other=1, event=exit, start_ms=0, completed_depth=13, submit_ms=0, after_abort=0, after_clear=0, reads_after_resize=0, helper_elapsed_ns=983991200, writes_after_abort=0, helper_nodes=320459, bestmove=d4b5, other_after_resize=0, exit_cause=helper-abort, tt_reads=564486, other_after_generation=0, exit_ms=984}"
"measured","3","23","2","349","1","helper-abort","13","g5d8","137112","245547700","558392.524","239682","136048","1","0","0","0","0","0","0","0","0","0","0","0","0","0","0","0","0","{exception=-, reads_after_abort=0, reads_after_clear=0, search_elapsed_ns=245607400, other_after_abort=0, writes_after_generation=0, abort_ms=245, after_resize=0, other_after_clear=0, after_generation=0, tt_writes=136048, reads_after_generation=0, search=349, helper=1, writes_after_clear=0, writes_after_resize=0, bestmove_ms=245, tt_other=1, event=exit, start_ms=0, completed_depth=13, submit_ms=0, after_abort=0, after_clear=0, reads_after_resize=0, helper_elapsed_ns=245547700, writes_after_abort=0, helper_nodes=137112, bestmove=g5d8, other_after_resize=0, exit_cause=helper-abort, tt_reads=239682, other_after_generation=0, exit_ms=245}"
"measured","3","23","4","350","1","helper-abort","13","g5d8","95499","197024000","484707.447","196172","94608","1","1","0","0","0","0","1","0","0","0","0","0","0","0","0","0","0","{exception=-, reads_after_abort=0, reads_after_clear=0, search_elapsed_ns=197085800, other_after_abort=0, writes_after_generation=0, abort_ms=197, after_resize=0, other_after_clear=0, after_generation=0, tt_writes=94608, reads_after_generation=0, search=350, helper=1, writes_after_clear=0, writes_after_resize=0, bestmove_ms=197, tt_other=1, event=exit, start_ms=0, completed_depth=13, submit_ms=0, after_abort=1, after_clear=0, reads_after_resize=0, helper_elapsed_ns=197024000, writes_after_abort=1, helper_nodes=95499, bestmove=g5d8, other_after_resize=0, exit_cause=helper-abort, tt_reads=196172, other_after_generation=0, exit_ms=197}"
"measured","3","23","4","350","2","helper-abort","13","g5d8","91957","197020100","466739.180","190304","91122","1","0","0","0","0","0","0","0","0","0","0","0","0","0","0","0","0","{exception=-, reads_after_abort=0, reads_after_clear=0, search_elapsed_ns=197085900, other_after_abort=0, writes_after_generation=0, abort_ms=197, after_resize=0, other_after_clear=0, after_generation=0, tt_writes=91122, reads_after_generation=0, search=350, helper=2, writes_after_clear=0, writes_after_resize=0, bestmove_ms=197, tt_other=1, event=exit, start_ms=0, completed_depth=13, submit_ms=0, after_abort=0, after_clear=0, reads_after_resize=0, helper_elapsed_ns=197020100, writes_after_abort=0, helper_nodes=91957, bestmove=g5d8, other_after_resize=0, exit_cause=helper-abort, tt_reads=190304, other_after_generation=0, exit_ms=197}"
"measured","3","23","4","350","3","helper-abort","13","g5d8","94115","197011200","477713.957","199321","93214","1","0","0","0","0","0","0","0","0","0","0","0","0","0","0","0","0","{exception=-, reads_after_abort=0, reads_after_clear=0, search_elapsed_ns=197085900, other_after_abort=0, writes_after_generation=0, abort_ms=197, after_resize=0, other_after_clear=0, after_generation=0, tt_writes=93214, reads_after_generation=0, search=350, helper=3, writes_after_clear=0, writes_after_resize=0, bestmove_ms=197, tt_other=1, event=exit, start_ms=0, completed_depth=13, submit_ms=0, after_abort=0, after_clear=0, reads_after_resize=0, helper_elapsed_ns=197011200, writes_after_abort=0, helper_nodes=94115, bestmove=g5d8, other_after_resize=0, exit_cause=helper-abort, tt_reads=199321, other_after_generation=0, exit_ms=197}"
"measured","3","24","4","352","2","helper-abort","13","d5e3","50466","80245500","628895.078","79200","49291","1","0","0","0","0","0","0","0","0","0","0","0","0","0","0","0","0","{exception=-, reads_after_abort=0, reads_after_clear=0, search_elapsed_ns=80308700, other_after_abort=0, writes_after_generation=0, abort_ms=80, after_resize=0, other_after_clear=0, after_generation=0, tt_writes=49291, reads_after_generation=0, search=352, helper=2, writes_after_clear=0, writes_after_resize=0, bestmove_ms=80, tt_other=1, event=exit, start_ms=0, completed_depth=13, submit_ms=0, after_abort=0, after_clear=0, reads_after_resize=0, helper_elapsed_ns=80245500, writes_after_abort=0, helper_nodes=50466, bestmove=d5e3, other_after_resize=0, exit_cause=helper-abort, tt_reads=79200, other_after_generation=0, exit_ms=80}"
"measured","3","24","4","352","1","helper-abort","13","d5e3","48746","80247800","607443.444","80150","47474","1","0","0","0","0","0","0","0","0","0","0","0","0","0","0","0","0","{exception=-, reads_after_abort=0, reads_after_clear=0, search_elapsed_ns=80308700, other_after_abort=0, writes_after_generation=0, abort_ms=80, after_resize=0, other_after_clear=0, after_generation=0, tt_writes=47474, reads_after_generation=0, search=352, helper=1, writes_after_clear=0, writes_after_resize=0, bestmove_ms=80, tt_other=1, event=exit, start_ms=0, completed_depth=13, submit_ms=0, after_abort=0, after_clear=0, reads_after_resize=0, helper_elapsed_ns=80247800, writes_after_abort=0, helper_nodes=48746, bestmove=d5e3, other_after_resize=0, exit_cause=helper-abort, tt_reads=80150, other_after_generation=0, exit_ms=80}"
"measured","3","24","4","352","3","helper-abort","13","d5e3","49108","80232500","612071.168","79480","47884","1","1","0","0","0","0","1","0","0","0","0","0","0","0","0","0","0","{exception=-, reads_after_abort=0, reads_after_clear=0, search_elapsed_ns=80310400, other_after_abort=0, writes_after_generation=0, abort_ms=80, after_resize=0, other_after_clear=0, after_generation=0, tt_writes=47884, reads_after_generation=0, search=352, helper=3, writes_after_clear=0, writes_after_resize=0, bestmove_ms=80, tt_other=1, event=exit, start_ms=0, completed_depth=13, submit_ms=0, after_abort=1, after_clear=0, reads_after_resize=0, helper_elapsed_ns=80232500, writes_after_abort=1, helper_nodes=49108, bestmove=d5e3, other_after_resize=0, exit_cause=helper-abort, tt_reads=79480, other_after_generation=0, exit_ms=80}"
"measured","3","24","2","354","1","helper-abort","13","d5e3","44554","70087000","635695.635","75368","43368","1","0","0","0","0","0","0","0","0","0","0","0","0","0","0","0","0","{exception=-, reads_after_abort=0, reads_after_clear=0, search_elapsed_ns=70137700, other_after_abort=0, writes_after_generation=0, abort_ms=70, after_resize=0, other_after_clear=0, after_generation=0, tt_writes=43368, reads_after_generation=0, search=354, helper=1, writes_after_clear=0, writes_after_resize=0, bestmove_ms=70, tt_other=1, event=exit, start_ms=0, completed_depth=13, submit_ms=0, after_abort=0, after_clear=0, reads_after_resize=0, helper_elapsed_ns=70087000, writes_after_abort=0, helper_nodes=44554, bestmove=d5e3, other_after_resize=0, exit_cause=helper-abort, tt_reads=75368, other_after_generation=0, exit_ms=70}"
"measured","3","25","2","356","1","helper-abort","13","h5e2","295865","764179700","387166.788","432570","293167","1","0","0","0","0","0","0","0","0","0","0","0","0","0","0","0","0","{exception=-, reads_after_abort=0, reads_after_clear=0, search_elapsed_ns=764232100, other_after_abort=0, writes_after_generation=0, abort_ms=764, after_resize=0, other_after_clear=0, after_generation=0, tt_writes=293167, reads_after_generation=0, search=356, helper=1, writes_after_clear=0, writes_after_resize=0, bestmove_ms=764, tt_other=1, event=exit, start_ms=0, completed_depth=13, submit_ms=0, after_abort=0, after_clear=0, reads_after_resize=0, helper_elapsed_ns=764179700, writes_after_abort=0, helper_nodes=295865, bestmove=h5e2, other_after_resize=0, exit_cause=helper-abort, tt_reads=432570, other_after_generation=0, exit_ms=764}"
"measured","3","25","4","357","1","helper-abort","13","h5e2","78954","206865900","381667.544","147970","78355","1","0","0","0","0","0","0","0","0","0","0","0","0","0","0","0","0","{exception=-, reads_after_abort=0, reads_after_clear=0, search_elapsed_ns=206916200, other_after_abort=0, writes_after_generation=0, abort_ms=206, after_resize=0, other_after_clear=0, after_generation=0, tt_writes=78355, reads_after_generation=0, search=357, helper=1, writes_after_clear=0, writes_after_resize=0, bestmove_ms=206, tt_other=1, event=exit, start_ms=0, completed_depth=13, submit_ms=0, after_abort=0, after_clear=0, reads_after_resize=0, helper_elapsed_ns=206865900, writes_after_abort=0, helper_nodes=78954, bestmove=h5e2, other_after_resize=0, exit_cause=helper-abort, tt_reads=147970, other_after_generation=0, exit_ms=206}"
"measured","3","25","4","357","3","helper-abort","13","h5e2","78851","206853000","381193.408","148750","78155","1","0","0","0","0","0","0","0","0","0","0","0","0","0","0","0","0","{exception=-, reads_after_abort=0, reads_after_clear=0, search_elapsed_ns=206916100, other_after_abort=0, writes_after_generation=0, abort_ms=206, after_resize=0, other_after_clear=0, after_generation=0, tt_writes=78155, reads_after_generation=0, search=357, helper=3, writes_after_clear=0, writes_after_resize=0, bestmove_ms=206, tt_other=1, event=exit, start_ms=0, completed_depth=13, submit_ms=0, after_abort=0, after_clear=0, reads_after_resize=0, helper_elapsed_ns=206853000, writes_after_abort=0, helper_nodes=78851, bestmove=h5e2, other_after_resize=0, exit_cause=helper-abort, tt_reads=148750, other_after_generation=0, exit_ms=206}"
"measured","3","25","4","357","2","helper-abort","13","h5e2","77650","206861200","375372.472","146775","76977","1","0","0","0","0","0","0","0","0","0","0","0","0","0","0","0","0","{exception=-, reads_after_abort=0, reads_after_clear=0, search_elapsed_ns=206916100, other_after_abort=0, writes_after_generation=0, abort_ms=206, after_resize=0, other_after_clear=0, after_generation=0, tt_writes=76977, reads_after_generation=0, search=357, helper=2, writes_after_clear=0, writes_after_resize=0, bestmove_ms=206, tt_other=1, event=exit, start_ms=0, completed_depth=13, submit_ms=0, after_abort=0, after_clear=0, reads_after_resize=0, helper_elapsed_ns=206861200, writes_after_abort=0, helper_nodes=77650, bestmove=h5e2, other_after_resize=0, exit_cause=helper-abort, tt_reads=146775, other_after_generation=0, exit_ms=206}"
"measured","3","26","2","358","1","helper-abort","12","b5b4","34812","43117100","807382.686","62124","33874","1","0","0","0","0","0","0","0","0","0","0","0","0","0","0","0","0","{exception=-, reads_after_abort=0, reads_after_clear=0, search_elapsed_ns=43163600, other_after_abort=0, writes_after_generation=0, abort_ms=43, after_resize=0, other_after_clear=0, after_generation=0, tt_writes=33874, reads_after_generation=0, search=358, helper=1, writes_after_clear=0, writes_after_resize=0, bestmove_ms=43, tt_other=1, event=exit, start_ms=0, completed_depth=12, submit_ms=0, after_abort=0, after_clear=0, reads_after_resize=0, helper_elapsed_ns=43117100, writes_after_abort=0, helper_nodes=34812, bestmove=b5b4, other_after_resize=0, exit_cause=helper-abort, tt_reads=62124, other_after_generation=0, exit_ms=43}"
"measured","3","26","4","359","1","helper-abort","13","a6a5","40916","63390600","645458.475","76135","39950","1","1","0","0","0","0","1","0","0","0","0","0","0","0","0","0","0","{exception=-, reads_after_abort=0, reads_after_clear=0, search_elapsed_ns=63438500, other_after_abort=0, writes_after_generation=0, abort_ms=63, after_resize=0, other_after_clear=0, after_generation=0, tt_writes=39950, reads_after_generation=0, search=359, helper=1, writes_after_clear=0, writes_after_resize=0, bestmove_ms=63, tt_other=1, event=exit, start_ms=0, completed_depth=13, submit_ms=0, after_abort=1, after_clear=0, reads_after_resize=0, helper_elapsed_ns=63390600, writes_after_abort=1, helper_nodes=40916, bestmove=a6a5, other_after_resize=0, exit_cause=helper-abort, tt_reads=76135, other_after_generation=0, exit_ms=63}"
"measured","3","26","4","359","3","helper-abort","13","a6a5","46062","63382500","726730.564","83011","44975","1","0","0","0","0","0","0","0","0","0","0","0","0","0","0","0","0","{exception=-, reads_after_abort=0, reads_after_clear=0, search_elapsed_ns=63438600, other_after_abort=0, writes_after_generation=0, abort_ms=63, after_resize=0, other_after_clear=0, after_generation=0, tt_writes=44975, reads_after_generation=0, search=359, helper=3, writes_after_clear=0, writes_after_resize=0, bestmove_ms=63, tt_other=1, event=exit, start_ms=0, completed_depth=13, submit_ms=0, after_abort=0, after_clear=0, reads_after_resize=0, helper_elapsed_ns=63382500, writes_after_abort=0, helper_nodes=46062, bestmove=a6a5, other_after_resize=0, exit_cause=helper-abort, tt_reads=83011, other_after_generation=0, exit_ms=63}"
"measured","3","26","4","359","2","helper-abort","13","a6a5","46087","63389000","727050.435","82615","44970","1","1","0","0","0","0","1","0","0","0","0","0","0","0","0","0","0","{exception=-, reads_after_abort=0, reads_after_clear=0, search_elapsed_ns=63438600, other_after_abort=0, writes_after_generation=0, abort_ms=63, after_resize=0, other_after_clear=0, after_generation=0, tt_writes=44970, reads_after_generation=0, search=359, helper=2, writes_after_clear=0, writes_after_resize=0, bestmove_ms=63, tt_other=1, event=exit, start_ms=0, completed_depth=13, submit_ms=0, after_abort=1, after_clear=0, reads_after_resize=0, helper_elapsed_ns=63389000, writes_after_abort=1, helper_nodes=46087, bestmove=a6a5, other_after_resize=0, exit_cause=helper-abort, tt_reads=82615, other_after_generation=0, exit_ms=63}"
"measured","3","27","4","361","2","helper-abort","13","a6a5","50273","80576900","623913.305","91292","49297","1","0","0","0","0","0","0","0","0","0","0","0","0","0","0","0","0","{exception=-, reads_after_abort=0, reads_after_clear=0, search_elapsed_ns=80644600, other_after_abort=0, writes_after_generation=0, abort_ms=80, after_resize=0, other_after_clear=0, after_generation=0, tt_writes=49297, reads_after_generation=0, search=361, helper=2, writes_after_clear=0, writes_after_resize=0, bestmove_ms=80, tt_other=1, event=exit, start_ms=0, completed_depth=13, submit_ms=0, after_abort=0, after_clear=0, reads_after_resize=0, helper_elapsed_ns=80576900, writes_after_abort=0, helper_nodes=50273, bestmove=a6a5, other_after_resize=0, exit_cause=helper-abort, tt_reads=91292, other_after_generation=0, exit_ms=80}"
"measured","3","27","4","361","3","helper-abort","13","a6a5","51075","80582800","633820.120","92974","50049","1","0","0","0","0","0","0","0","0","0","0","0","0","0","0","0","0","{exception=-, reads_after_abort=0, reads_after_clear=0, search_elapsed_ns=80644600, other_after_abort=0, writes_after_generation=0, abort_ms=80, after_resize=0, other_after_clear=0, after_generation=0, tt_writes=50049, reads_after_generation=0, search=361, helper=3, writes_after_clear=0, writes_after_resize=0, bestmove_ms=80, tt_other=1, event=exit, start_ms=0, completed_depth=13, submit_ms=0, after_abort=0, after_clear=0, reads_after_resize=0, helper_elapsed_ns=80582800, writes_after_abort=0, helper_nodes=51075, bestmove=a6a5, other_after_resize=0, exit_cause=helper-abort, tt_reads=92974, other_after_generation=0, exit_ms=80}"
"measured","3","27","4","361","1","helper-abort","13","a6a5","50356","80592700","624820.858","90249","49337","1","0","0","0","0","0","0","0","0","0","0","0","0","0","0","0","0","{exception=-, reads_after_abort=0, reads_after_clear=0, search_elapsed_ns=80644700, other_after_abort=0, writes_after_generation=0, abort_ms=80, after_resize=0, other_after_clear=0, after_generation=0, tt_writes=49337, reads_after_generation=0, search=361, helper=1, writes_after_clear=0, writes_after_resize=0, bestmove_ms=80, tt_other=1, event=exit, start_ms=0, completed_depth=13, submit_ms=0, after_abort=0, after_clear=0, reads_after_resize=0, helper_elapsed_ns=80592700, writes_after_abort=0, helper_nodes=50356, bestmove=a6a5, other_after_resize=0, exit_cause=helper-abort, tt_reads=90249, other_after_generation=0, exit_ms=80}"
"measured","3","27","2","363","1","helper-abort","13","a6a5","57755","94793000","609274.946","101048","56804","1","0","0","0","0","0","0","0","0","0","0","0","0","0","0","0","0","{exception=-, reads_after_abort=0, reads_after_clear=0, search_elapsed_ns=94850400, other_after_abort=0, writes_after_generation=0, abort_ms=94, after_resize=0, other_after_clear=0, after_generation=0, tt_writes=56804, reads_after_generation=0, search=363, helper=1, writes_after_clear=0, writes_after_resize=0, bestmove_ms=94, tt_other=1, event=exit, start_ms=0, completed_depth=13, submit_ms=0, after_abort=0, after_clear=0, reads_after_resize=0, helper_elapsed_ns=94793000, writes_after_abort=0, helper_nodes=57755, bestmove=a6a5, other_after_resize=0, exit_cause=helper-abort, tt_reads=101048, other_after_generation=0, exit_ms=94}"
"measured","3","28","2","365","1","helper-abort","13","d2b4","1619122","4302605300","376311.999","2333039","1600773","1","0","0","0","0","0","0","0","0","0","0","0","0","0","0","0","0","{exception=-, reads_after_abort=0, reads_after_clear=0, search_elapsed_ns=4302660400, other_after_abort=0, writes_after_generation=0, abort_ms=4302, after_resize=0, other_after_clear=0, after_generation=0, tt_writes=1600773, reads_after_generation=0, search=365, helper=1, writes_after_clear=0, writes_after_resize=0, bestmove_ms=4302, tt_other=1, event=exit, start_ms=0, completed_depth=13, submit_ms=0, after_abort=0, after_clear=0, reads_after_resize=0, helper_elapsed_ns=4302605300, writes_after_abort=0, helper_nodes=1619122, bestmove=d2b4, other_after_resize=0, exit_cause=helper-abort, tt_reads=2333039, other_after_generation=0, exit_ms=4302}"
"measured","3","28","4","366","3","helper-abort","13","d2b4","2153418","5997131400","359074.674","3149814","2130736","1","0","0","0","0","0","0","0","0","0","0","0","0","0","0","0","0","{exception=-, reads_after_abort=0, reads_after_clear=0, search_elapsed_ns=5997210400, other_after_abort=0, writes_after_generation=0, abort_ms=5997, after_resize=0, other_after_clear=0, after_generation=0, tt_writes=2130736, reads_after_generation=0, search=366, helper=3, writes_after_clear=0, writes_after_resize=0, bestmove_ms=5997, tt_other=1, event=exit, start_ms=0, completed_depth=13, submit_ms=0, after_abort=0, after_clear=0, reads_after_resize=0, helper_elapsed_ns=5997131400, writes_after_abort=0, helper_nodes=2153418, bestmove=d2b4, other_after_resize=0, exit_cause=helper-abort, tt_reads=3149814, other_after_generation=0, exit_ms=5997}"
"measured","3","28","4","366","1","helper-abort","13","d2b4","2066496","5997158600","344579.181","2990265","2044605","1","1","0","0","0","0","1","0","0","0","0","0","0","0","0","0","0","{exception=-, reads_after_abort=0, reads_after_clear=0, search_elapsed_ns=5997210400, other_after_abort=0, writes_after_generation=0, abort_ms=5997, after_resize=0, other_after_clear=0, after_generation=0, tt_writes=2044605, reads_after_generation=0, search=366, helper=1, writes_after_clear=0, writes_after_resize=0, bestmove_ms=5997, tt_other=1, event=exit, start_ms=0, completed_depth=13, submit_ms=0, after_abort=1, after_clear=0, reads_after_resize=0, helper_elapsed_ns=5997158600, writes_after_abort=1, helper_nodes=2066496, bestmove=d2b4, other_after_resize=0, exit_cause=helper-abort, tt_reads=2990265, other_after_generation=0, exit_ms=5997}"
"measured","3","28","4","366","2","helper-abort","13","d2b4","2108659","5997138500","351610.856","3067919","2086121","1","0","0","0","0","0","0","0","0","0","0","0","0","0","0","0","0","{exception=-, reads_after_abort=0, reads_after_clear=0, search_elapsed_ns=5997210500, other_after_abort=0, writes_after_generation=0, abort_ms=5997, after_resize=0, other_after_clear=0, after_generation=0, tt_writes=2086121, reads_after_generation=0, search=366, helper=2, writes_after_clear=0, writes_after_resize=0, bestmove_ms=5997, tt_other=1, event=exit, start_ms=0, completed_depth=13, submit_ms=0, after_abort=0, after_clear=0, reads_after_resize=0, helper_elapsed_ns=5997138500, writes_after_abort=0, helper_nodes=2108659, bestmove=d2b4, other_after_resize=0, exit_cause=helper-abort, tt_reads=3067919, other_after_generation=0, exit_ms=5997}"
"measured","3","29","2","367","1","helper-abort","13","c6d4","1396212","3916731900","356473.722","2102180","1388897","1","0","0","0","0","0","0","0","0","0","0","0","0","0","0","0","0","{exception=-, reads_after_abort=0, reads_after_clear=0, search_elapsed_ns=3916775100, other_after_abort=0, writes_after_generation=0, abort_ms=3916, after_resize=0, other_after_clear=0, after_generation=0, tt_writes=1388897, reads_after_generation=0, search=367, helper=1, writes_after_clear=0, writes_after_resize=0, bestmove_ms=3916, tt_other=1, event=exit, start_ms=0, completed_depth=13, submit_ms=0, after_abort=0, after_clear=0, reads_after_resize=0, helper_elapsed_ns=3916731900, writes_after_abort=0, helper_nodes=1396212, bestmove=c6d4, other_after_resize=0, exit_cause=helper-abort, tt_reads=2102180, other_after_generation=0, exit_ms=3916}"
"measured","3","29","4","368","2","helper-abort","13","c6d4","1192031","3560369800","334805.390","2004677","1183625","1","0","0","0","0","0","0","0","0","0","0","0","0","0","0","0","0","{exception=-, reads_after_abort=0, reads_after_clear=0, search_elapsed_ns=3560427100, other_after_abort=0, writes_after_generation=0, abort_ms=3560, after_resize=0, other_after_clear=0, after_generation=0, tt_writes=1183625, reads_after_generation=0, search=368, helper=2, writes_after_clear=0, writes_after_resize=0, bestmove_ms=3560, tt_other=1, event=exit, start_ms=0, completed_depth=13, submit_ms=0, after_abort=0, after_clear=0, reads_after_resize=0, helper_elapsed_ns=3560369800, writes_after_abort=0, helper_nodes=1192031, bestmove=c6d4, other_after_resize=0, exit_cause=helper-abort, tt_reads=2004677, other_after_generation=0, exit_ms=3560}"
"measured","3","29","4","368","1","helper-abort","13","c6d4","1115055","3560373500","313184.839","1975085","1106262","1","0","0","0","0","0","0","0","0","0","0","0","0","0","0","0","0","{exception=-, reads_after_abort=0, reads_after_clear=0, search_elapsed_ns=3560427400, other_after_abort=0, writes_after_generation=0, abort_ms=3560, after_resize=0, other_after_clear=0, after_generation=0, tt_writes=1106262, reads_after_generation=0, search=368, helper=1, writes_after_clear=0, writes_after_resize=0, bestmove_ms=3560, tt_other=1, event=exit, start_ms=0, completed_depth=13, submit_ms=0, after_abort=0, after_clear=0, reads_after_resize=0, helper_elapsed_ns=3560373500, writes_after_abort=0, helper_nodes=1115055, bestmove=c6d4, other_after_resize=0, exit_cause=helper-abort, tt_reads=1975085, other_after_generation=0, exit_ms=3560}"
"measured","3","29","4","368","3","helper-abort","13","c6d4","1222804","3560365100","343449.047","2034164","1213687","1","0","0","0","0","0","0","0","0","0","0","0","0","0","0","0","0","{exception=-, reads_after_abort=0, reads_after_clear=0, search_elapsed_ns=3560426800, other_after_abort=0, writes_after_generation=0, abort_ms=3560, after_resize=0, other_after_clear=0, after_generation=0, tt_writes=1213687, reads_after_generation=0, search=368, helper=3, writes_after_clear=0, writes_after_resize=0, bestmove_ms=3560, tt_other=1, event=exit, start_ms=0, completed_depth=13, submit_ms=0, after_abort=0, after_clear=0, reads_after_resize=0, helper_elapsed_ns=3560365100, writes_after_abort=0, helper_nodes=1222804, bestmove=c6d4, other_after_resize=0, exit_cause=helper-abort, tt_reads=2034164, other_after_generation=0, exit_ms=3560}"
"measured","3","30","4","370","1","helper-abort","12","f2f5","988996","2461479800","401789.200","1366675","975499","1","0","0","0","0","0","0","0","0","0","0","0","0","0","0","0","0","{exception=-, reads_after_abort=0, reads_after_clear=0, search_elapsed_ns=2461529900, other_after_abort=0, writes_after_generation=0, abort_ms=2461, after_resize=0, other_after_clear=0, after_generation=0, tt_writes=975499, reads_after_generation=0, search=370, helper=1, writes_after_clear=0, writes_after_resize=0, bestmove_ms=2461, tt_other=1, event=exit, start_ms=0, completed_depth=12, submit_ms=0, after_abort=0, after_clear=0, reads_after_resize=0, helper_elapsed_ns=2461479800, writes_after_abort=0, helper_nodes=988996, bestmove=f2f5, other_after_resize=0, exit_cause=helper-abort, tt_reads=1366675, other_after_generation=0, exit_ms=2461}"
"measured","3","30","4","370","2","helper-abort","13","b1a2","966324","2461455200","392582.404","1378164","952593","1","0","0","0","0","0","0","0","0","0","0","0","0","0","0","0","0","{exception=-, reads_after_abort=0, reads_after_clear=0, search_elapsed_ns=2461529000, other_after_abort=0, writes_after_generation=0, abort_ms=2461, after_resize=0, other_after_clear=0, after_generation=0, tt_writes=952593, reads_after_generation=0, search=370, helper=2, writes_after_clear=0, writes_after_resize=0, bestmove_ms=2461, tt_other=1, event=exit, start_ms=0, completed_depth=13, submit_ms=0, after_abort=0, after_clear=0, reads_after_resize=0, helper_elapsed_ns=2461455200, writes_after_abort=0, helper_nodes=966324, bestmove=b1a2, other_after_resize=0, exit_cause=helper-abort, tt_reads=1378164, other_after_generation=0, exit_ms=2461}"
"measured","3","30","4","370","3","helper-abort","13","b1a2","972781","2461452900","395206.018","1363566","957451","1","0","0","0","0","0","0","0","0","0","0","0","0","0","0","0","0","{exception=-, reads_after_abort=0, reads_after_clear=0, search_elapsed_ns=2461533600, other_after_abort=0, writes_after_generation=0, abort_ms=2461, after_resize=0, other_after_clear=0, after_generation=0, tt_writes=957451, reads_after_generation=0, search=370, helper=3, writes_after_clear=0, writes_after_resize=0, bestmove_ms=2461, tt_other=1, event=exit, start_ms=0, completed_depth=13, submit_ms=0, after_abort=0, after_clear=0, reads_after_resize=0, helper_elapsed_ns=2461452900, writes_after_abort=0, helper_nodes=972781, bestmove=b1a2, other_after_resize=0, exit_cause=helper-abort, tt_reads=1363566, other_after_generation=0, exit_ms=2461}"
"measured","3","30","2","372","1","helper-abort","13","h4h5","964986","2318795600","416158.285","1363589","950062","1","0","0","0","0","0","0","0","0","0","0","0","0","0","0","0","0","{exception=-, reads_after_abort=0, reads_after_clear=0, search_elapsed_ns=2318858500, other_after_abort=0, writes_after_generation=0, abort_ms=2318, after_resize=0, other_after_clear=0, after_generation=0, tt_writes=950062, reads_after_generation=0, search=372, helper=1, writes_after_clear=0, writes_after_resize=0, bestmove_ms=2318, tt_other=1, event=exit, start_ms=0, completed_depth=13, submit_ms=0, after_abort=0, after_clear=0, reads_after_resize=0, helper_elapsed_ns=2318795600, writes_after_abort=0, helper_nodes=964986, bestmove=h4h5, other_after_resize=0, exit_cause=helper-abort, tt_reads=1363589, other_after_generation=0, exit_ms=2318}"
"measured","4","0","2","374","1","helper-abort","13","e2e4","397107","984970300","403166.471","565580","395048","1","0","0","0","0","0","0","0","0","0","0","0","0","0","0","0","0","{exception=-, reads_after_abort=0, reads_after_clear=0, search_elapsed_ns=985030400, other_after_abort=0, writes_after_generation=0, abort_ms=985, after_resize=0, other_after_clear=0, after_generation=0, tt_writes=395048, reads_after_generation=0, search=374, helper=1, writes_after_clear=0, writes_after_resize=0, bestmove_ms=985, tt_other=1, event=exit, start_ms=0, completed_depth=13, submit_ms=0, after_abort=0, after_clear=0, reads_after_resize=0, helper_elapsed_ns=984970300, writes_after_abort=0, helper_nodes=397107, bestmove=e2e4, other_after_resize=0, exit_cause=helper-abort, tt_reads=565580, other_after_generation=0, exit_ms=985}"
"measured","4","0","4","375","1","helper-abort","13","e2e4","288397","754084900","382446.327","432541","287215","1","1","0","0","0","0","1","0","0","0","0","0","0","0","0","0","0","{exception=-, reads_after_abort=0, reads_after_clear=0, search_elapsed_ns=754142300, other_after_abort=0, writes_after_generation=0, abort_ms=754, after_resize=0, other_after_clear=0, after_generation=0, tt_writes=287215, reads_after_generation=0, search=375, helper=1, writes_after_clear=0, writes_after_resize=0, bestmove_ms=754, tt_other=1, event=exit, start_ms=0, completed_depth=13, submit_ms=0, after_abort=1, after_clear=0, reads_after_resize=0, helper_elapsed_ns=754084900, writes_after_abort=1, helper_nodes=288397, bestmove=e2e4, other_after_resize=0, exit_cause=helper-abort, tt_reads=432541, other_after_generation=0, exit_ms=754}"
"measured","4","0","4","375","3","helper-abort","13","e2e4","299427","754053800","397089.704","434878","298120","1","0","0","0","0","0","0","0","0","0","0","0","0","0","0","0","0","{exception=-, reads_after_abort=0, reads_after_clear=0, search_elapsed_ns=754142300, other_after_abort=0, writes_after_generation=0, abort_ms=754, after_resize=0, other_after_clear=0, after_generation=0, tt_writes=298120, reads_after_generation=0, search=375, helper=3, writes_after_clear=0, writes_after_resize=0, bestmove_ms=754, tt_other=1, event=exit, start_ms=0, completed_depth=13, submit_ms=0, after_abort=0, after_clear=0, reads_after_resize=0, helper_elapsed_ns=754053800, writes_after_abort=0, helper_nodes=299427, bestmove=e2e4, other_after_resize=0, exit_cause=helper-abort, tt_reads=434878, other_after_generation=0, exit_ms=754}"
"measured","4","0","4","375","2","helper-abort","13","e2e4","296053","754079400","392601.893","430073","294806","1","0","0","0","0","0","0","0","0","0","0","0","0","0","0","0","0","{exception=-, reads_after_abort=0, reads_after_clear=0, search_elapsed_ns=754142800, other_after_abort=0, writes_after_generation=0, abort_ms=754, after_resize=0, other_after_clear=0, after_generation=0, tt_writes=294806, reads_after_generation=0, search=375, helper=2, writes_after_clear=0, writes_after_resize=0, bestmove_ms=754, tt_other=1, event=exit, start_ms=0, completed_depth=13, submit_ms=0, after_abort=0, after_clear=0, reads_after_resize=0, helper_elapsed_ns=754079400, writes_after_abort=0, helper_nodes=296053, bestmove=e2e4, other_after_resize=0, exit_cause=helper-abort, tt_reads=430073, other_after_generation=0, exit_ms=754}"
"measured","4","1","2","376","1","helper-abort","13","e2a6","2341965","8178315500","286362.760","3399470","2333408","1","0","0","0","0","0","0","0","0","0","0","0","0","0","0","0","0","{exception=-, reads_after_abort=0, reads_after_clear=0, search_elapsed_ns=8178363900, other_after_abort=0, writes_after_generation=0, abort_ms=8178, after_resize=0, other_after_clear=0, after_generation=0, tt_writes=2333408, reads_after_generation=0, search=376, helper=1, writes_after_clear=0, writes_after_resize=0, bestmove_ms=8178, tt_other=1, event=exit, start_ms=0, completed_depth=13, submit_ms=0, after_abort=0, after_clear=0, reads_after_resize=0, helper_elapsed_ns=8178315500, writes_after_abort=0, helper_nodes=2341965, bestmove=e2a6, other_after_resize=0, exit_cause=helper-abort, tt_reads=3399470, other_after_generation=0, exit_ms=8178}"
"measured","4","1","4","377","3","helper-abort","13","e2a6","3800191","14251755500","266647.221","6022770","3784253","1","0","0","0","0","0","0","0","0","0","0","0","0","0","0","0","0","{exception=-, reads_after_abort=0, reads_after_clear=0, search_elapsed_ns=14251827000, other_after_abort=0, writes_after_generation=0, abort_ms=14251, after_resize=0, other_after_clear=0, after_generation=0, tt_writes=3784253, reads_after_generation=0, search=377, helper=3, writes_after_clear=0, writes_after_resize=0, bestmove_ms=14251, tt_other=1, event=exit, start_ms=0, completed_depth=13, submit_ms=0, after_abort=0, after_clear=0, reads_after_resize=0, helper_elapsed_ns=14251755500, writes_after_abort=0, helper_nodes=3800191, bestmove=e2a6, other_after_resize=0, exit_cause=helper-abort, tt_reads=6022770, other_after_generation=0, exit_ms=14251}"
"measured","4","1","4","377","1","helper-abort","12","e2a6","3750758","14251769800","263178.402","5936895","3734877","1","1","0","0","0","0","1","0","0","0","0","0","0","0","0","0","0","{exception=-, reads_after_abort=0, reads_after_clear=0, search_elapsed_ns=14251829200, other_after_abort=0, writes_after_generation=0, abort_ms=14251, after_resize=0, other_after_clear=0, after_generation=0, tt_writes=3734877, reads_after_generation=0, search=377, helper=1, writes_after_clear=0, writes_after_resize=0, bestmove_ms=14251, tt_other=1, event=exit, start_ms=0, completed_depth=12, submit_ms=0, after_abort=1, after_clear=0, reads_after_resize=0, helper_elapsed_ns=14251769800, writes_after_abort=1, helper_nodes=3750758, bestmove=e2a6, other_after_resize=0, exit_cause=helper-abort, tt_reads=5936895, other_after_generation=0, exit_ms=14251}"
"measured","4","1","4","377","2","helper-abort","13","e2a6","3863423","14251759700","271083.928","5841759","3847480","1","0","0","0","0","0","0","0","0","0","0","0","0","0","0","0","0","{exception=-, reads_after_abort=0, reads_after_clear=0, search_elapsed_ns=14251827000, other_after_abort=0, writes_after_generation=0, abort_ms=14251, after_resize=0, other_after_clear=0, after_generation=0, tt_writes=3847480, reads_after_generation=0, search=377, helper=2, writes_after_clear=0, writes_after_resize=0, bestmove_ms=14251, tt_other=1, event=exit, start_ms=0, completed_depth=13, submit_ms=0, after_abort=0, after_clear=0, reads_after_resize=0, helper_elapsed_ns=14251759700, writes_after_abort=0, helper_nodes=3863423, bestmove=e2a6, other_after_resize=0, exit_cause=helper-abort, tt_reads=5841759, other_after_generation=0, exit_ms=14251}"
"measured","4","2","4","379","3","helper-abort","13","e1f2","3554","4430400","802184.904","8838","3542","1","0","0","0","0","0","0","0","0","0","0","0","0","0","0","0","0","{exception=-, reads_after_abort=0, reads_after_clear=0, search_elapsed_ns=4535600, other_after_abort=0, writes_after_generation=0, abort_ms=4, after_resize=0, other_after_clear=0, after_generation=0, tt_writes=3542, reads_after_generation=0, search=379, helper=3, writes_after_clear=0, writes_after_resize=0, bestmove_ms=4, tt_other=1, event=exit, start_ms=0, completed_depth=13, submit_ms=0, after_abort=0, after_clear=0, reads_after_resize=0, helper_elapsed_ns=4430400, writes_after_abort=0, helper_nodes=3554, bestmove=e1f2, other_after_resize=0, exit_cause=helper-abort, tt_reads=8838, other_after_generation=0, exit_ms=4}"
"measured","4","2","4","379","1","helper-abort","13","e1f2","3563","4450500","800584.204","8872","3553","1","0","0","0","0","0","0","0","0","0","0","0","0","0","0","0","0","{exception=-, reads_after_abort=0, reads_after_clear=0, search_elapsed_ns=4535600, other_after_abort=0, writes_after_generation=0, abort_ms=4, after_resize=0, other_after_clear=0, after_generation=0, tt_writes=3553, reads_after_generation=0, search=379, helper=1, writes_after_clear=0, writes_after_resize=0, bestmove_ms=4, tt_other=1, event=exit, start_ms=0, completed_depth=13, submit_ms=0, after_abort=0, after_clear=0, reads_after_resize=0, helper_elapsed_ns=4450500, writes_after_abort=0, helper_nodes=3563, bestmove=e1f2, other_after_resize=0, exit_cause=helper-abort, tt_reads=8872, other_after_generation=0, exit_ms=4}"
"measured","4","2","4","379","2","helper-abort","13","e1d2","4065","4450500","913380.519","9410","4054","1","0","0","0","0","0","0","0","0","0","0","0","0","0","0","0","0","{exception=-, reads_after_abort=0, reads_after_clear=0, search_elapsed_ns=4535600, other_after_abort=0, writes_after_generation=0, abort_ms=4, after_resize=0, other_after_clear=0, after_generation=0, tt_writes=4054, reads_after_generation=0, search=379, helper=2, writes_after_clear=0, writes_after_resize=0, bestmove_ms=4, tt_other=1, event=exit, start_ms=0, completed_depth=13, submit_ms=0, after_abort=0, after_clear=0, reads_after_resize=0, helper_elapsed_ns=4450500, writes_after_abort=0, helper_nodes=4065, bestmove=e1d2, other_after_resize=0, exit_cause=helper-abort, tt_reads=9410, other_after_generation=0, exit_ms=4}"
"measured","4","2","2","381","1","helper-abort","13","e1f2","6177","6952000","888521.289","14310","6167","1","0","0","0","0","0","0","0","0","0","0","0","0","0","0","0","0","{exception=-, reads_after_abort=0, reads_after_clear=0, search_elapsed_ns=6994600, other_after_abort=0, writes_after_generation=0, abort_ms=6, after_resize=0, other_after_clear=0, after_generation=0, tt_writes=6167, reads_after_generation=0, search=381, helper=1, writes_after_clear=0, writes_after_resize=0, bestmove_ms=6, tt_other=1, event=exit, start_ms=0, completed_depth=13, submit_ms=0, after_abort=0, after_clear=0, reads_after_resize=0, helper_elapsed_ns=6952000, writes_after_abort=0, helper_nodes=6177, bestmove=e1f2, other_after_resize=0, exit_cause=helper-abort, tt_reads=14310, other_after_generation=0, exit_ms=6}"
"measured","4","3","2","383","1","helper-abort","13","c4c5","509458","1780715300","286097.390","851101","504333","1","0","0","0","0","0","0","0","0","0","0","0","0","0","0","0","0","{exception=-, reads_after_abort=0, reads_after_clear=0, search_elapsed_ns=1780790700, other_after_abort=0, writes_after_generation=0, abort_ms=1780, after_resize=0, other_after_clear=0, after_generation=0, tt_writes=504333, reads_after_generation=0, search=383, helper=1, writes_after_clear=0, writes_after_resize=0, bestmove_ms=1780, tt_other=1, event=exit, start_ms=0, completed_depth=13, submit_ms=0, after_abort=0, after_clear=0, reads_after_resize=0, helper_elapsed_ns=1780715300, writes_after_abort=0, helper_nodes=509458, bestmove=c4c5, other_after_resize=0, exit_cause=helper-abort, tt_reads=851101, other_after_generation=0, exit_ms=1780}"
"measured","4","3","4","384","1","helper-abort","13","c4c5","583496","2217211700","263166.571","1032348","576330","1","1","0","0","0","0","1","0","0","0","0","0","0","0","0","0","0","{exception=-, reads_after_abort=0, reads_after_clear=0, search_elapsed_ns=2217283200, other_after_abort=0, writes_after_generation=0, abort_ms=2217, after_resize=0, other_after_clear=0, after_generation=0, tt_writes=576330, reads_after_generation=0, search=384, helper=1, writes_after_clear=0, writes_after_resize=0, bestmove_ms=2217, tt_other=1, event=exit, start_ms=0, completed_depth=13, submit_ms=0, after_abort=1, after_clear=0, reads_after_resize=0, helper_elapsed_ns=2217211700, writes_after_abort=1, helper_nodes=583496, bestmove=c4c5, other_after_resize=0, exit_cause=helper-abort, tt_reads=1032348, other_after_generation=0, exit_ms=2217}"
"measured","4","3","4","384","3","helper-abort","13","c4c5","598125","2217209300","269764.789","1042876","591063","1","1","0","0","0","0","1","0","0","0","0","0","0","0","0","0","0","{exception=-, reads_after_abort=0, reads_after_clear=0, search_elapsed_ns=2217283000, other_after_abort=0, writes_after_generation=0, abort_ms=2217, after_resize=0, other_after_clear=0, after_generation=0, tt_writes=591063, reads_after_generation=0, search=384, helper=3, writes_after_clear=0, writes_after_resize=0, bestmove_ms=2217, tt_other=1, event=exit, start_ms=0, completed_depth=13, submit_ms=0, after_abort=1, after_clear=0, reads_after_resize=0, helper_elapsed_ns=2217209300, writes_after_abort=1, helper_nodes=598125, bestmove=c4c5, other_after_resize=0, exit_cause=helper-abort, tt_reads=1042876, other_after_generation=0, exit_ms=2217}"
"measured","4","3","4","384","2","helper-abort","13","c4c5","581936","2217199700","262464.405","1029137","575888","1","0","0","0","0","0","0","0","0","0","0","0","0","0","0","0","0","{exception=-, reads_after_abort=0, reads_after_clear=0, search_elapsed_ns=2217283000, other_after_abort=0, writes_after_generation=0, abort_ms=2217, after_resize=0, other_after_clear=0, after_generation=0, tt_writes=575888, reads_after_generation=0, search=384, helper=2, writes_after_clear=0, writes_after_resize=0, bestmove_ms=2217, tt_other=1, event=exit, start_ms=0, completed_depth=13, submit_ms=0, after_abort=0, after_clear=0, reads_after_resize=0, helper_elapsed_ns=2217199700, writes_after_abort=0, helper_nodes=581936, bestmove=c4c5, other_after_resize=0, exit_cause=helper-abort, tt_reads=1029137, other_after_generation=0, exit_ms=2217}"
"measured","4","4","2","385","1","helper-abort","13","b5c4","231437","628376700","368309.328","337748","230530","1","0","0","0","0","0","0","0","0","0","0","0","0","0","0","0","0","{exception=-, reads_after_abort=0, reads_after_clear=0, search_elapsed_ns=628472000, other_after_abort=0, writes_after_generation=0, abort_ms=628, after_resize=0, other_after_clear=0, after_generation=0, tt_writes=230530, reads_after_generation=0, search=385, helper=1, writes_after_clear=0, writes_after_resize=0, bestmove_ms=628, tt_other=1, event=exit, start_ms=0, completed_depth=13, submit_ms=0, after_abort=0, after_clear=0, reads_after_resize=0, helper_elapsed_ns=628376700, writes_after_abort=0, helper_nodes=231437, bestmove=b5c4, other_after_resize=0, exit_cause=helper-abort, tt_reads=337748, other_after_generation=0, exit_ms=628}"
"measured","4","4","4","386","2","helper-abort","13","b5c4","147794","421757700","350423.952","272073","147153","1","0","0","0","0","0","0","0","0","0","0","0","0","0","0","0","0","{exception=-, reads_after_abort=0, reads_after_clear=0, search_elapsed_ns=422033900, other_after_abort=0, writes_after_generation=0, abort_ms=422, after_resize=0, other_after_clear=0, after_generation=0, tt_writes=147153, reads_after_generation=0, search=386, helper=2, writes_after_clear=0, writes_after_resize=0, bestmove_ms=pending, tt_other=1, event=exit, start_ms=0, completed_depth=13, submit_ms=0, after_abort=0, after_clear=0, reads_after_resize=0, helper_elapsed_ns=421757700, writes_after_abort=0, helper_nodes=147794, bestmove=b5c4, other_after_resize=0, exit_cause=helper-abort, tt_reads=272073, other_after_generation=0, exit_ms=422}"
"measured","4","4","4","386","3","helper-abort","13","b5c4","147081","421737900","348749.780","257047","146417","1","0","0","0","0","0","0","0","0","0","0","0","0","0","0","0","0","{exception=-, reads_after_abort=0, reads_after_clear=0, search_elapsed_ns=422033900, other_after_abort=0, writes_after_generation=0, abort_ms=422, after_resize=0, other_after_clear=0, after_generation=0, tt_writes=146417, reads_after_generation=0, search=386, helper=3, writes_after_clear=0, writes_after_resize=0, bestmove_ms=pending, tt_other=1, event=exit, start_ms=0, completed_depth=13, submit_ms=0, after_abort=0, after_clear=0, reads_after_resize=0, helper_elapsed_ns=421737900, writes_after_abort=0, helper_nodes=147081, bestmove=b5c4, other_after_resize=0, exit_cause=helper-abort, tt_reads=257047, other_after_generation=0, exit_ms=422}"
"measured","4","4","4","386","1","helper-abort","13","b5c4","147330","421770700","349313.027","264078","146667","1","0","0","0","0","0","0","0","0","0","0","0","0","0","0","0","0","{exception=-, reads_after_abort=0, reads_after_clear=0, search_elapsed_ns=422033900, other_after_abort=0, writes_after_generation=0, abort_ms=422, after_resize=0, other_after_clear=0, after_generation=0, tt_writes=146667, reads_after_generation=0, search=386, helper=1, writes_after_clear=0, writes_after_resize=0, bestmove_ms=pending, tt_other=1, event=exit, start_ms=0, completed_depth=13, submit_ms=0, after_abort=0, after_clear=0, reads_after_resize=0, helper_elapsed_ns=421770700, writes_after_abort=0, helper_nodes=147330, bestmove=b5c4, other_after_resize=0, exit_cause=helper-abort, tt_reads=264078, other_after_generation=0, exit_ms=422}"
"measured","4","5","4","388","2","helper-abort","13","g1h1","613258","1849938100","331501.903","828694","607962","1","0","0","0","0","0","0","0","0","0","0","0","0","0","0","0","0","{exception=-, reads_after_abort=0, reads_after_clear=0, search_elapsed_ns=1850181300, other_after_abort=0, writes_after_generation=0, abort_ms=1850, after_resize=0, other_after_clear=0, after_generation=0, tt_writes=607962, reads_after_generation=0, search=388, helper=2, writes_after_clear=0, writes_after_resize=0, bestmove_ms=1850, tt_other=1, event=exit, start_ms=0, completed_depth=13, submit_ms=0, after_abort=0, after_clear=0, reads_after_resize=0, helper_elapsed_ns=1849938100, writes_after_abort=0, helper_nodes=613258, bestmove=g1h1, other_after_resize=0, exit_cause=helper-abort, tt_reads=828694, other_after_generation=0, exit_ms=1850}"
"measured","4","5","4","388","3","helper-abort","13","g1h1","615509","1849938700","332718.592","835810","610258","1","0","0","0","0","0","0","0","0","0","0","0","0","0","0","0","0","{exception=-, reads_after_abort=0, reads_after_clear=0, search_elapsed_ns=1850181800, other_after_abort=0, writes_after_generation=0, abort_ms=1850, after_resize=0, other_after_clear=0, after_generation=0, tt_writes=610258, reads_after_generation=0, search=388, helper=3, writes_after_clear=0, writes_after_resize=0, bestmove_ms=1850, tt_other=1, event=exit, start_ms=0, completed_depth=13, submit_ms=0, after_abort=0, after_clear=0, reads_after_resize=0, helper_elapsed_ns=1849938700, writes_after_abort=0, helper_nodes=615509, bestmove=g1h1, other_after_resize=0, exit_cause=helper-abort, tt_reads=835810, other_after_generation=0, exit_ms=1850}"
"measured","4","5","4","388","1","helper-abort","13","g1h1","638271","1849938000","345022.914","869371","632887","1","0","0","0","0","0","0","0","0","0","0","0","0","0","0","0","0","{exception=-, reads_after_abort=0, reads_after_clear=0, search_elapsed_ns=1850181200, other_after_abort=0, writes_after_generation=0, abort_ms=1850, after_resize=0, other_after_clear=0, after_generation=0, tt_writes=632887, reads_after_generation=0, search=388, helper=1, writes_after_clear=0, writes_after_resize=0, bestmove_ms=1850, tt_other=1, event=exit, start_ms=0, completed_depth=13, submit_ms=0, after_abort=0, after_clear=0, reads_after_resize=0, helper_elapsed_ns=1849938000, writes_after_abort=0, helper_nodes=638271, bestmove=g1h1, other_after_resize=0, exit_cause=helper-abort, tt_reads=869371, other_after_generation=0, exit_ms=1850}"
"measured","4","5","2","390","1","helper-abort","13","d1d3","668785","1897622600","352433.092","910836","662712","1","0","0","0","0","0","0","0","0","0","0","0","0","0","0","0","0","{exception=-, reads_after_abort=0, reads_after_clear=0, search_elapsed_ns=1897684900, other_after_abort=0, writes_after_generation=0, abort_ms=1897, after_resize=0, other_after_clear=0, after_generation=0, tt_writes=662712, reads_after_generation=0, search=390, helper=1, writes_after_clear=0, writes_after_resize=0, bestmove_ms=1897, tt_other=1, event=exit, start_ms=0, completed_depth=13, submit_ms=0, after_abort=0, after_clear=0, reads_after_resize=0, helper_elapsed_ns=1897622600, writes_after_abort=0, helper_nodes=668785, bestmove=d1d3, other_after_resize=0, exit_cause=helper-abort, tt_reads=910836, other_after_generation=0, exit_ms=1897}"
"measured","4","6","2","392","1","helper-abort","13","b4b2","435310","1167919800","372722.511","715162","432311","1","0","0","0","0","0","0","0","0","0","0","0","0","0","0","0","0","{exception=-, reads_after_abort=0, reads_after_clear=0, search_elapsed_ns=1167964400, other_after_abort=0, writes_after_generation=0, abort_ms=1167, after_resize=0, other_after_clear=0, after_generation=0, tt_writes=432311, reads_after_generation=0, search=392, helper=1, writes_after_clear=0, writes_after_resize=0, bestmove_ms=1167, tt_other=1, event=exit, start_ms=0, completed_depth=13, submit_ms=0, after_abort=0, after_clear=0, reads_after_resize=0, helper_elapsed_ns=1167919800, writes_after_abort=0, helper_nodes=435310, bestmove=b4b2, other_after_resize=0, exit_cause=helper-abort, tt_reads=715162, other_after_generation=0, exit_ms=1167}"
"measured","4","6","4","393","2","helper-abort","13","b4b2","579097","1734370600","333894.613","915311","575799","1","0","0","0","0","0","0","0","0","0","0","0","0","0","0","0","0","{exception=-, reads_after_abort=0, reads_after_clear=0, search_elapsed_ns=1734406000, other_after_abort=0, writes_after_generation=0, abort_ms=1734, after_resize=0, other_after_clear=0, after_generation=0, tt_writes=575799, reads_after_generation=0, search=393, helper=2, writes_after_clear=0, writes_after_resize=0, bestmove_ms=1734, tt_other=1, event=exit, start_ms=0, completed_depth=13, submit_ms=0, after_abort=0, after_clear=0, reads_after_resize=0, helper_elapsed_ns=1734370600, writes_after_abort=0, helper_nodes=579097, bestmove=b4b2, other_after_resize=0, exit_cause=helper-abort, tt_reads=915311, other_after_generation=0, exit_ms=1734}"
"measured","4","6","4","393","3","helper-abort","13","b4b2","584051","1734353600","336754.281","976918","580670","1","0","0","0","0","0","0","0","0","0","0","0","0","0","0","0","0","{exception=-, reads_after_abort=0, reads_after_clear=0, search_elapsed_ns=1734406000, other_after_abort=0, writes_after_generation=0, abort_ms=1734, after_resize=0, other_after_clear=0, after_generation=0, tt_writes=580670, reads_after_generation=0, search=393, helper=3, writes_after_clear=0, writes_after_resize=0, bestmove_ms=1734, tt_other=1, event=exit, start_ms=0, completed_depth=13, submit_ms=0, after_abort=0, after_clear=0, reads_after_resize=0, helper_elapsed_ns=1734353600, writes_after_abort=0, helper_nodes=584051, bestmove=b4b2, other_after_resize=0, exit_cause=helper-abort, tt_reads=976918, other_after_generation=0, exit_ms=1734}"
"measured","4","6","4","393","1","helper-abort","13","b4b2","583536","1734376000","336452.995","959323","580126","1","0","0","0","0","0","0","0","0","0","0","0","0","0","0","0","0","{exception=-, reads_after_abort=0, reads_after_clear=0, search_elapsed_ns=1734406000, other_after_abort=0, writes_after_generation=0, abort_ms=1734, after_resize=0, other_after_clear=0, after_generation=0, tt_writes=580126, reads_after_generation=0, search=393, helper=1, writes_after_clear=0, writes_after_resize=0, bestmove_ms=1734, tt_other=1, event=exit, start_ms=0, completed_depth=13, submit_ms=0, after_abort=0, after_clear=0, reads_after_resize=0, helper_elapsed_ns=1734376000, writes_after_abort=0, helper_nodes=583536, bestmove=b4b2, other_after_resize=0, exit_cause=helper-abort, tt_reads=959323, other_after_generation=0, exit_ms=1734}"
"measured","4","7","2","394","1","helper-abort","13","a2a3","532699","1273663300","418241.618","719738","527863","1","0","0","0","0","0","0","0","0","0","0","0","0","0","0","0","0","{exception=-, reads_after_abort=0, reads_after_clear=0, search_elapsed_ns=1273692400, other_after_abort=0, writes_after_generation=0, abort_ms=1273, after_resize=0, other_after_clear=0, after_generation=0, tt_writes=527863, reads_after_generation=0, search=394, helper=1, writes_after_clear=0, writes_after_resize=0, bestmove_ms=1273, tt_other=1, event=exit, start_ms=0, completed_depth=13, submit_ms=0, after_abort=0, after_clear=0, reads_after_resize=0, helper_elapsed_ns=1273663300, writes_after_abort=0, helper_nodes=532699, bestmove=a2a3, other_after_resize=0, exit_cause=helper-abort, tt_reads=719738, other_after_generation=0, exit_ms=1273}"
"measured","4","7","4","395","3","helper-abort","13","h3f5","385859","983076400","392501.539","554359","382480","1","0","0","0","0","0","0","0","0","0","0","0","0","0","0","0","0","{exception=-, reads_after_abort=0, reads_after_clear=0, search_elapsed_ns=983111400, other_after_abort=0, writes_after_generation=0, abort_ms=983, after_resize=0, other_after_clear=0, after_generation=0, tt_writes=382480, reads_after_generation=0, search=395, helper=3, writes_after_clear=0, writes_after_resize=0, bestmove_ms=983, tt_other=1, event=exit, start_ms=0, completed_depth=13, submit_ms=0, after_abort=0, after_clear=0, reads_after_resize=0, helper_elapsed_ns=983076400, writes_after_abort=0, helper_nodes=385859, bestmove=h3f5, other_after_resize=0, exit_cause=helper-abort, tt_reads=554359, other_after_generation=0, exit_ms=983}"
"measured","4","7","4","395","1","helper-abort","12","h3f5","412888","983082400","419993.278","546915","409454","1","1","0","0","0","0","1","0","0","0","0","0","0","0","0","0","0","{exception=-, reads_after_abort=0, reads_after_clear=0, search_elapsed_ns=983111600, other_after_abort=0, writes_after_generation=0, abort_ms=983, after_resize=0, other_after_clear=0, after_generation=0, tt_writes=409454, reads_after_generation=0, search=395, helper=1, writes_after_clear=0, writes_after_resize=0, bestmove_ms=983, tt_other=1, event=exit, start_ms=0, completed_depth=12, submit_ms=0, after_abort=1, after_clear=0, reads_after_resize=0, helper_elapsed_ns=983082400, writes_after_abort=1, helper_nodes=412888, bestmove=h3f5, other_after_resize=0, exit_cause=helper-abort, tt_reads=546915, other_after_generation=0, exit_ms=983}"
"measured","4","7","4","395","2","helper-abort","12","f3d4","393585","983080500","400358.872","577262","389537","1","0","0","0","0","0","0","0","0","0","0","0","0","0","0","0","0","{exception=-, reads_after_abort=0, reads_after_clear=0, search_elapsed_ns=983113500, other_after_abort=0, writes_after_generation=0, abort_ms=983, after_resize=0, other_after_clear=0, after_generation=0, tt_writes=389537, reads_after_generation=0, search=395, helper=2, writes_after_clear=0, writes_after_resize=0, bestmove_ms=983, tt_other=1, event=exit, start_ms=0, completed_depth=12, submit_ms=0, after_abort=0, after_clear=0, reads_after_resize=0, helper_elapsed_ns=983080500, writes_after_abort=0, helper_nodes=393585, bestmove=f3d4, other_after_resize=0, exit_cause=helper-abort, tt_reads=577262, other_after_generation=0, exit_ms=983}"
"measured","4","8","4","397","1","helper-abort","13","b3c2","607102","1698429400","357449.064","966330","603824","1","0","0","0","0","0","0","0","0","0","0","0","0","0","0","0","0","{exception=-, reads_after_abort=0, reads_after_clear=0, search_elapsed_ns=1698461100, other_after_abort=0, writes_after_generation=0, abort_ms=1698, after_resize=0, other_after_clear=0, after_generation=0, tt_writes=603824, reads_after_generation=0, search=397, helper=1, writes_after_clear=0, writes_after_resize=0, bestmove_ms=1698, tt_other=1, event=exit, start_ms=0, completed_depth=13, submit_ms=0, after_abort=0, after_clear=0, reads_after_resize=0, helper_elapsed_ns=1698429400, writes_after_abort=0, helper_nodes=607102, bestmove=b3c2, other_after_resize=0, exit_cause=helper-abort, tt_reads=966330, other_after_generation=0, exit_ms=1698}"
"measured","4","8","4","397","2","helper-abort","13","b3c2","612458","1698427500","360602.970","1021290","609274","1","0","0","0","0","0","0","0","0","0","0","0","0","0","0","0","0","{exception=-, reads_after_abort=0, reads_after_clear=0, search_elapsed_ns=1698461100, other_after_abort=0, writes_after_generation=0, abort_ms=1698, after_resize=0, other_after_clear=0, after_generation=0, tt_writes=609274, reads_after_generation=0, search=397, helper=2, writes_after_clear=0, writes_after_resize=0, bestmove_ms=1698, tt_other=1, event=exit, start_ms=0, completed_depth=13, submit_ms=0, after_abort=0, after_clear=0, reads_after_resize=0, helper_elapsed_ns=1698427500, writes_after_abort=0, helper_nodes=612458, bestmove=b3c2, other_after_resize=0, exit_cause=helper-abort, tt_reads=1021290, other_after_generation=0, exit_ms=1698}"
"measured","4","8","4","397","3","helper-abort","13","b3c2","614019","1698424700","361522.651","987189","610882","1","0","0","0","0","0","0","0","0","0","0","0","0","0","0","0","0","{exception=-, reads_after_abort=0, reads_after_clear=0, search_elapsed_ns=1698461600, other_after_abort=0, writes_after_generation=0, abort_ms=1698, after_resize=0, other_after_clear=0, after_generation=0, tt_writes=610882, reads_after_generation=0, search=397, helper=3, writes_after_clear=0, writes_after_resize=0, bestmove_ms=1698, tt_other=1, event=exit, start_ms=0, completed_depth=13, submit_ms=0, after_abort=0, after_clear=0, reads_after_resize=0, helper_elapsed_ns=1698424700, writes_after_abort=0, helper_nodes=614019, bestmove=b3c2, other_after_resize=0, exit_cause=helper-abort, tt_reads=987189, other_after_generation=0, exit_ms=1698}"
"measured","4","8","2","399","1","helper-abort","13","b3c2","581292","1501551100","387127.684","970704","578691","1","0","0","0","0","0","0","0","0","0","0","0","0","0","0","0","0","{exception=-, reads_after_abort=0, reads_after_clear=0, search_elapsed_ns=1501587200, other_after_abort=0, writes_after_generation=0, abort_ms=1501, after_resize=0, other_after_clear=0, after_generation=0, tt_writes=578691, reads_after_generation=0, search=399, helper=1, writes_after_clear=0, writes_after_resize=0, bestmove_ms=1501, tt_other=1, event=exit, start_ms=0, completed_depth=13, submit_ms=0, after_abort=0, after_clear=0, reads_after_resize=0, helper_elapsed_ns=1501551100, writes_after_abort=0, helper_nodes=581292, bestmove=b3c2, other_after_resize=0, exit_cause=helper-abort, tt_reads=970704, other_after_generation=0, exit_ms=1501}"
"measured","4","9","2","401","1","helper-abort","13","c6g6","508352","965268400","526643.160","697813","504843","1","2","0","0","0","0","2","0","0","0","0","0","0","0","0","0","0","{exception=-, reads_after_abort=0, reads_after_clear=0, search_elapsed_ns=965304300, other_after_abort=0, writes_after_generation=0, abort_ms=965, after_resize=0, other_after_clear=0, after_generation=0, tt_writes=504843, reads_after_generation=0, search=401, helper=1, writes_after_clear=0, writes_after_resize=0, bestmove_ms=pending, tt_other=1, event=exit, start_ms=0, completed_depth=13, submit_ms=0, after_abort=2, after_clear=0, reads_after_resize=0, helper_elapsed_ns=965268400, writes_after_abort=2, helper_nodes=508352, bestmove=c6g6, other_after_resize=0, exit_cause=helper-abort, tt_reads=697813, other_after_generation=0, exit_ms=965}"
"measured","4","9","4","402","2","helper-abort","13","c6g6","299441","593251100","504745.798","466041","297745","1","0","0","0","0","0","0","0","0","0","0","0","0","0","0","0","0","{exception=-, reads_after_abort=0, reads_after_clear=0, search_elapsed_ns=593307500, other_after_abort=0, writes_after_generation=0, abort_ms=593, after_resize=0, other_after_clear=0, after_generation=0, tt_writes=297745, reads_after_generation=0, search=402, helper=2, writes_after_clear=0, writes_after_resize=0, bestmove_ms=593, tt_other=1, event=exit, start_ms=0, completed_depth=13, submit_ms=0, after_abort=0, after_clear=0, reads_after_resize=0, helper_elapsed_ns=593251100, writes_after_abort=0, helper_nodes=299441, bestmove=c6g6, other_after_resize=0, exit_cause=helper-abort, tt_reads=466041, other_after_generation=0, exit_ms=593}"
"measured","4","9","4","402","3","helper-abort","13","c6g6","303885","593246800","512240.437","458093","302188","1","0","0","0","0","0","0","0","0","0","0","0","0","0","0","0","0","{exception=-, reads_after_abort=0, reads_after_clear=0, search_elapsed_ns=593307700, other_after_abort=0, writes_after_generation=0, abort_ms=593, after_resize=0, other_after_clear=0, after_generation=0, tt_writes=302188, reads_after_generation=0, search=402, helper=3, writes_after_clear=0, writes_after_resize=0, bestmove_ms=593, tt_other=1, event=exit, start_ms=0, completed_depth=13, submit_ms=0, after_abort=0, after_clear=0, reads_after_resize=0, helper_elapsed_ns=593246800, writes_after_abort=0, helper_nodes=303885, bestmove=c6g6, other_after_resize=0, exit_cause=helper-abort, tt_reads=458093, other_after_generation=0, exit_ms=593}"
"measured","4","9","4","402","1","helper-abort","13","c6g6","297528","593271100","501504.287","459923","295702","1","0","0","0","0","0","0","0","0","0","0","0","0","0","0","0","0","{exception=-, reads_after_abort=0, reads_after_clear=0, search_elapsed_ns=593307600, other_after_abort=0, writes_after_generation=0, abort_ms=593, after_resize=0, other_after_clear=0, after_generation=0, tt_writes=295702, reads_after_generation=0, search=402, helper=1, writes_after_clear=0, writes_after_resize=0, bestmove_ms=593, tt_other=1, event=exit, start_ms=0, completed_depth=13, submit_ms=0, after_abort=0, after_clear=0, reads_after_resize=0, helper_elapsed_ns=593271100, writes_after_abort=0, helper_nodes=297528, bestmove=c6g6, other_after_resize=0, exit_cause=helper-abort, tt_reads=459923, other_after_generation=0, exit_ms=593}"
"measured","4","10","2","403","1","helper-abort","12","c6d4","812958","2407894200","337621.977","1030402","809116","1","1","0","0","0","0","1","0","0","0","0","0","0","0","0","0","0","{exception=-, reads_after_abort=0, reads_after_clear=0, search_elapsed_ns=2407921300, other_after_abort=0, writes_after_generation=0, abort_ms=2407, after_resize=0, other_after_clear=0, after_generation=0, tt_writes=809116, reads_after_generation=0, search=403, helper=1, writes_after_clear=0, writes_after_resize=0, bestmove_ms=2407, tt_other=1, event=exit, start_ms=0, completed_depth=12, submit_ms=0, after_abort=1, after_clear=0, reads_after_resize=0, helper_elapsed_ns=2407894200, writes_after_abort=1, helper_nodes=812958, bestmove=c6d4, other_after_resize=0, exit_cause=helper-abort, tt_reads=1030402, other_after_generation=0, exit_ms=2407}"
"measured","4","10","4","404","2","helper-abort","13","c6d4","633192","1945217500","325512.186","809156","629497","1","0","0","0","0","0","0","0","0","0","0","0","0","0","0","0","0","{exception=-, reads_after_abort=0, reads_after_clear=0, search_elapsed_ns=1945252400, other_after_abort=0, writes_after_generation=0, abort_ms=1945, after_resize=0, other_after_clear=0, after_generation=0, tt_writes=629497, reads_after_generation=0, search=404, helper=2, writes_after_clear=0, writes_after_resize=0, bestmove_ms=pending, tt_other=1, event=exit, start_ms=0, completed_depth=13, submit_ms=0, after_abort=0, after_clear=0, reads_after_resize=0, helper_elapsed_ns=1945217500, writes_after_abort=0, helper_nodes=633192, bestmove=c6d4, other_after_resize=0, exit_cause=helper-abort, tt_reads=809156, other_after_generation=0, exit_ms=1945}"
"measured","4","10","4","404","1","helper-abort","12","c8d7","610193","1945218900","313688.603","773784","606944","1","1","0","0","0","0","1","0","0","0","0","0","0","0","0","0","0","{exception=-, reads_after_abort=0, reads_after_clear=0, search_elapsed_ns=1945253700, other_after_abort=0, writes_after_generation=0, abort_ms=1945, after_resize=0, other_after_clear=0, after_generation=0, tt_writes=606944, reads_after_generation=0, search=404, helper=1, writes_after_clear=0, writes_after_resize=0, bestmove_ms=pending, tt_other=1, event=exit, start_ms=0, completed_depth=12, submit_ms=0, after_abort=1, after_clear=0, reads_after_resize=0, helper_elapsed_ns=1945218900, writes_after_abort=1, helper_nodes=610193, bestmove=c8d7, other_after_resize=0, exit_cause=helper-abort, tt_reads=773784, other_after_generation=0, exit_ms=1945}"
"measured","4","10","4","404","3","helper-abort","12","c8d7","632634","1945212500","325226.164","834030","629010","1","0","0","0","0","0","0","0","0","0","0","0","0","0","0","0","0","{exception=-, reads_after_abort=0, reads_after_clear=0, search_elapsed_ns=1945253200, other_after_abort=0, writes_after_generation=0, abort_ms=1945, after_resize=0, other_after_clear=0, after_generation=0, tt_writes=629010, reads_after_generation=0, search=404, helper=3, writes_after_clear=0, writes_after_resize=0, bestmove_ms=pending, tt_other=1, event=exit, start_ms=0, completed_depth=12, submit_ms=0, after_abort=0, after_clear=0, reads_after_resize=0, helper_elapsed_ns=1945212500, writes_after_abort=0, helper_nodes=632634, bestmove=c8d7, other_after_resize=0, exit_cause=helper-abort, tt_reads=834030, other_after_generation=0, exit_ms=1945}"
"measured","4","11","4","406","2","helper-abort","13","e4f3","95407","129790000","735087.449","174459","93044","1","0","0","0","0","0","0","0","0","0","0","0","0","0","0","0","0","{exception=-, reads_after_abort=0, reads_after_clear=0, search_elapsed_ns=129832500, other_after_abort=0, writes_after_generation=0, abort_ms=129, after_resize=0, other_after_clear=0, after_generation=0, tt_writes=93044, reads_after_generation=0, search=406, helper=2, writes_after_clear=0, writes_after_resize=0, bestmove_ms=129, tt_other=1, event=exit, start_ms=0, completed_depth=13, submit_ms=0, after_abort=0, after_clear=0, reads_after_resize=0, helper_elapsed_ns=129790000, writes_after_abort=0, helper_nodes=95407, bestmove=e4f3, other_after_resize=0, exit_cause=helper-abort, tt_reads=174459, other_after_generation=0, exit_ms=129}"
"measured","4","11","4","406","1","helper-abort","13","e4f3","96040","129790000","739964.558","175587","93617","1","0","0","0","0","0","0","0","0","0","0","0","0","0","0","0","0","{exception=-, reads_after_abort=0, reads_after_clear=0, search_elapsed_ns=129832500, other_after_abort=0, writes_after_generation=0, abort_ms=129, after_resize=0, other_after_clear=0, after_generation=0, tt_writes=93617, reads_after_generation=0, search=406, helper=1, writes_after_clear=0, writes_after_resize=0, bestmove_ms=129, tt_other=1, event=exit, start_ms=0, completed_depth=13, submit_ms=0, after_abort=0, after_clear=0, reads_after_resize=0, helper_elapsed_ns=129790000, writes_after_abort=0, helper_nodes=96040, bestmove=e4f3, other_after_resize=0, exit_cause=helper-abort, tt_reads=175587, other_after_generation=0, exit_ms=129}"
"measured","4","11","4","406","3","helper-abort","13","e4f3","88103","129770000","678916.545","165668","85831","1","0","0","0","0","0","0","0","0","0","0","0","0","0","0","0","0","{exception=-, reads_after_abort=0, reads_after_clear=0, search_elapsed_ns=129832500, other_after_abort=0, writes_after_generation=0, abort_ms=129, after_resize=0, other_after_clear=0, after_generation=0, tt_writes=85831, reads_after_generation=0, search=406, helper=3, writes_after_clear=0, writes_after_resize=0, bestmove_ms=129, tt_other=1, event=exit, start_ms=0, completed_depth=13, submit_ms=0, after_abort=0, after_clear=0, reads_after_resize=0, helper_elapsed_ns=129770000, writes_after_abort=0, helper_nodes=88103, bestmove=e4f3, other_after_resize=0, exit_cause=helper-abort, tt_reads=165668, other_after_generation=0, exit_ms=129}"
"measured","4","11","2","408","1","helper-abort","13","e4f3","121297","168206500","721119.576","210390","118322","1","1","0","0","0","1","0","0","0","0","0","0","0","0","0","0","0","{exception=-, reads_after_abort=1, reads_after_clear=0, search_elapsed_ns=168255200, other_after_abort=0, writes_after_generation=0, abort_ms=168, after_resize=0, other_after_clear=0, after_generation=0, tt_writes=118322, reads_after_generation=0, search=408, helper=1, writes_after_clear=0, writes_after_resize=0, bestmove_ms=168, tt_other=1, event=exit, start_ms=0, completed_depth=13, submit_ms=0, after_abort=1, after_clear=0, reads_after_resize=0, helper_elapsed_ns=168206500, writes_after_abort=0, helper_nodes=121297, bestmove=e4f3, other_after_resize=0, exit_cause=helper-abort, tt_reads=210390, other_after_generation=0, exit_ms=168}"
"measured","4","12","2","410","1","helper-abort","13","g6f5","29745","30773300","966584.669","57944","29344","1","1","0","0","0","0","1","0","0","0","0","0","0","0","0","0","0","{exception=-, reads_after_abort=0, reads_after_clear=0, search_elapsed_ns=30807800, other_after_abort=0, writes_after_generation=0, abort_ms=30, after_resize=0, other_after_clear=0, after_generation=0, tt_writes=29344, reads_after_generation=0, search=410, helper=1, writes_after_clear=0, writes_after_resize=0, bestmove_ms=30, tt_other=1, event=exit, start_ms=0, completed_depth=13, submit_ms=0, after_abort=1, after_clear=0, reads_after_resize=0, helper_elapsed_ns=30773300, writes_after_abort=1, helper_nodes=29745, bestmove=g6f5, other_after_resize=0, exit_cause=helper-abort, tt_reads=57944, other_after_generation=0, exit_ms=30}"
"measured","4","12","4","411","2","helper-abort","13","g6f5","20754","21783800","952726.338","39419","20400","1","0","0","0","0","0","0","0","0","0","0","0","0","0","0","0","0","{exception=-, reads_after_abort=0, reads_after_clear=0, search_elapsed_ns=21816400, other_after_abort=0, writes_after_generation=0, abort_ms=21, after_resize=0, other_after_clear=0, after_generation=0, tt_writes=20400, reads_after_generation=0, search=411, helper=2, writes_after_clear=0, writes_after_resize=0, bestmove_ms=21, tt_other=1, event=exit, start_ms=0, completed_depth=13, submit_ms=0, after_abort=0, after_clear=0, reads_after_resize=0, helper_elapsed_ns=21783800, writes_after_abort=0, helper_nodes=20754, bestmove=g6f5, other_after_resize=0, exit_cause=helper-abort, tt_reads=39419, other_after_generation=0, exit_ms=21}"
"measured","4","12","4","411","3","helper-abort","12","g6f5","20811","21777000","955641.273","39572","20442","1","0","0","0","0","0","0","0","0","0","0","0","0","0","0","0","0","{exception=-, reads_after_abort=0, reads_after_clear=0, search_elapsed_ns=21816500, other_after_abort=0, writes_after_generation=0, abort_ms=21, after_resize=0, other_after_clear=0, after_generation=0, tt_writes=20442, reads_after_generation=0, search=411, helper=3, writes_after_clear=0, writes_after_resize=0, bestmove_ms=21, tt_other=1, event=exit, start_ms=0, completed_depth=12, submit_ms=0, after_abort=0, after_clear=0, reads_after_resize=0, helper_elapsed_ns=21777000, writes_after_abort=0, helper_nodes=20811, bestmove=g6f5, other_after_resize=0, exit_cause=helper-abort, tt_reads=39572, other_after_generation=0, exit_ms=21}"
"measured","4","12","4","411","1","helper-abort","13","g6f5","20464","21787500","939254.159","39015","20118","1","0","0","0","0","0","0","0","0","0","0","0","0","0","0","0","0","{exception=-, reads_after_abort=0, reads_after_clear=0, search_elapsed_ns=21816400, other_after_abort=0, writes_after_generation=0, abort_ms=21, after_resize=0, other_after_clear=0, after_generation=0, tt_writes=20118, reads_after_generation=0, search=411, helper=1, writes_after_clear=0, writes_after_resize=0, bestmove_ms=21, tt_other=1, event=exit, start_ms=0, completed_depth=13, submit_ms=0, after_abort=0, after_clear=0, reads_after_resize=0, helper_elapsed_ns=21787500, writes_after_abort=0, helper_nodes=20464, bestmove=g6f5, other_after_resize=0, exit_cause=helper-abort, tt_reads=39015, other_after_generation=0, exit_ms=21}"
"measured","4","13","2","412","1","helper-abort","13","b4f4","81877","146016000","560739.919","136091","81185","1","0","0","0","0","0","0","0","0","0","0","0","0","0","0","0","0","{exception=-, reads_after_abort=0, reads_after_clear=0, search_elapsed_ns=146043600, other_after_abort=0, writes_after_generation=0, abort_ms=146, after_resize=0, other_after_clear=0, after_generation=0, tt_writes=81185, reads_after_generation=0, search=412, helper=1, writes_after_clear=0, writes_after_resize=0, bestmove_ms=146, tt_other=1, event=exit, start_ms=0, completed_depth=13, submit_ms=0, after_abort=0, after_clear=0, reads_after_resize=0, helper_elapsed_ns=146016000, writes_after_abort=0, helper_nodes=81877, bestmove=b4f4, other_after_resize=0, exit_cause=helper-abort, tt_reads=136091, other_after_generation=0, exit_ms=146}"
"measured","4","13","4","413","2","helper-abort","12","b4f4","90152","162802700","553750.030","153105","89442","1","1","0","0","0","0","1","0","0","0","0","0","0","0","0","0","0","{exception=-, reads_after_abort=0, reads_after_clear=0, search_elapsed_ns=162834300, other_after_abort=0, writes_after_generation=0, abort_ms=162, after_resize=0, other_after_clear=0, after_generation=0, tt_writes=89442, reads_after_generation=0, search=413, helper=2, writes_after_clear=0, writes_after_resize=0, bestmove_ms=162, tt_other=1, event=exit, start_ms=0, completed_depth=12, submit_ms=0, after_abort=1, after_clear=0, reads_after_resize=0, helper_elapsed_ns=162802700, writes_after_abort=1, helper_nodes=90152, bestmove=b4f4, other_after_resize=0, exit_cause=helper-abort, tt_reads=153105, other_after_generation=0, exit_ms=162}"
"measured","4","13","4","413","1","helper-abort","12","b4f4","86023","162805100","528380.253","148912","85214","1","0","0","0","0","0","0","0","0","0","0","0","0","0","0","0","0","{exception=-, reads_after_abort=0, reads_after_clear=0, search_elapsed_ns=162834300, other_after_abort=0, writes_after_generation=0, abort_ms=162, after_resize=0, other_after_clear=0, after_generation=0, tt_writes=85214, reads_after_generation=0, search=413, helper=1, writes_after_clear=0, writes_after_resize=0, bestmove_ms=162, tt_other=1, event=exit, start_ms=0, completed_depth=12, submit_ms=0, after_abort=0, after_clear=0, reads_after_resize=0, helper_elapsed_ns=162805100, writes_after_abort=0, helper_nodes=86023, bestmove=b4f4, other_after_resize=0, exit_cause=helper-abort, tt_reads=148912, other_after_generation=0, exit_ms=162}"
"measured","4","13","4","413","3","helper-abort","13","b4f4","82996","162797200","509812.208","148480","82318","1","1","0","0","0","1","0","0","0","0","0","0","0","0","0","0","0","{exception=-, reads_after_abort=1, reads_after_clear=0, search_elapsed_ns=162832700, other_after_abort=0, writes_after_generation=0, abort_ms=162, after_resize=0, other_after_clear=0, after_generation=0, tt_writes=82318, reads_after_generation=0, search=413, helper=3, writes_after_clear=0, writes_after_resize=0, bestmove_ms=162, tt_other=1, event=exit, start_ms=0, completed_depth=13, submit_ms=0, after_abort=1, after_clear=0, reads_after_resize=0, helper_elapsed_ns=162797200, writes_after_abort=0, helper_nodes=82996, bestmove=b4f4, other_after_resize=0, exit_cause=helper-abort, tt_reads=148480, other_after_generation=0, exit_ms=162}"
"measured","4","14","4","415","2","helper-abort","13","f1e1","1187162","3842428200","308961.401","1544444","1180052","1","0","0","0","0","0","0","0","0","0","0","0","0","0","0","0","0","{exception=-, reads_after_abort=0, reads_after_clear=0, search_elapsed_ns=3842484300, other_after_abort=0, writes_after_generation=0, abort_ms=3842, after_resize=0, other_after_clear=0, after_generation=0, tt_writes=1180052, reads_after_generation=0, search=415, helper=2, writes_after_clear=0, writes_after_resize=0, bestmove_ms=3842, tt_other=1, event=exit, start_ms=0, completed_depth=13, submit_ms=0, after_abort=0, after_clear=0, reads_after_resize=0, helper_elapsed_ns=3842428200, writes_after_abort=0, helper_nodes=1187162, bestmove=f1e1, other_after_resize=0, exit_cause=helper-abort, tt_reads=1544444, other_after_generation=0, exit_ms=3842}"
"measured","4","14","4","415","3","helper-abort","13","f1e1","1182444","3842428000","307733.548","1525032","1175657","1","0","0","0","0","0","0","0","0","0","0","0","0","0","0","0","0","{exception=-, reads_after_abort=0, reads_after_clear=0, search_elapsed_ns=3842484800, other_after_abort=0, writes_after_generation=0, abort_ms=3842, after_resize=0, other_after_clear=0, after_generation=0, tt_writes=1175657, reads_after_generation=0, search=415, helper=3, writes_after_clear=0, writes_after_resize=0, bestmove_ms=3842, tt_other=1, event=exit, start_ms=0, completed_depth=13, submit_ms=0, after_abort=0, after_clear=0, reads_after_resize=0, helper_elapsed_ns=3842428000, writes_after_abort=0, helper_nodes=1182444, bestmove=f1e1, other_after_resize=0, exit_cause=helper-abort, tt_reads=1525032, other_after_generation=0, exit_ms=3842}"
"measured","4","14","4","415","1","helper-abort","13","f1e1","1191603","3842431500","310116.914","1499631","1184981","1","0","0","0","0","0","0","0","0","0","0","0","0","0","0","0","0","{exception=-, reads_after_abort=0, reads_after_clear=0, search_elapsed_ns=3842484300, other_after_abort=0, writes_after_generation=0, abort_ms=3842, after_resize=0, other_after_clear=0, after_generation=0, tt_writes=1184981, reads_after_generation=0, search=415, helper=1, writes_after_clear=0, writes_after_resize=0, bestmove_ms=3842, tt_other=1, event=exit, start_ms=0, completed_depth=13, submit_ms=0, after_abort=0, after_clear=0, reads_after_resize=0, helper_elapsed_ns=3842431500, writes_after_abort=0, helper_nodes=1191603, bestmove=f1e1, other_after_resize=0, exit_cause=helper-abort, tt_reads=1499631, other_after_generation=0, exit_ms=3842}"
"measured","4","14","2","417","1","helper-abort","12","a2a4","690387","2116378800","326211.451","925362","686101","1","0","0","0","0","0","0","0","0","0","0","0","0","0","0","0","0","{exception=-, reads_after_abort=0, reads_after_clear=0, search_elapsed_ns=2116417400, other_after_abort=0, writes_after_generation=0, abort_ms=2116, after_resize=0, other_after_clear=0, after_generation=0, tt_writes=686101, reads_after_generation=0, search=417, helper=1, writes_after_clear=0, writes_after_resize=0, bestmove_ms=2116, tt_other=1, event=exit, start_ms=0, completed_depth=12, submit_ms=0, after_abort=0, after_clear=0, reads_after_resize=0, helper_elapsed_ns=2116378800, writes_after_abort=0, helper_nodes=690387, bestmove=a2a4, other_after_resize=0, exit_cause=helper-abort, tt_reads=925362, other_after_generation=0, exit_ms=2116}"
"measured","4","15","2","419","1","helper-abort","13","c3d5","821081","2860689800","287022.032","1216049","817377","1","0","0","0","0","0","0","0","0","0","0","0","0","0","0","0","0","{exception=-, reads_after_abort=0, reads_after_clear=0, search_elapsed_ns=2860725800, other_after_abort=0, writes_after_generation=0, abort_ms=2860, after_resize=0, other_after_clear=0, after_generation=0, tt_writes=817377, reads_after_generation=0, search=419, helper=1, writes_after_clear=0, writes_after_resize=0, bestmove_ms=2860, tt_other=1, event=exit, start_ms=0, completed_depth=13, submit_ms=0, after_abort=0, after_clear=0, reads_after_resize=0, helper_elapsed_ns=2860689800, writes_after_abort=0, helper_nodes=821081, bestmove=c3d5, other_after_resize=0, exit_cause=helper-abort, tt_reads=1216049, other_after_generation=0, exit_ms=2860}"
"measured","4","15","4","420","1","helper-abort","13","c3d5","571297","1879089200","304028.675","919712","568463","1","0","0","0","0","0","0","0","0","0","0","0","0","0","0","0","0","{exception=-, reads_after_abort=0, reads_after_clear=0, search_elapsed_ns=1879119400, other_after_abort=0, writes_after_generation=0, abort_ms=1879, after_resize=0, other_after_clear=0, after_generation=0, tt_writes=568463, reads_after_generation=0, search=420, helper=1, writes_after_clear=0, writes_after_resize=0, bestmove_ms=1879, tt_other=1, event=exit, start_ms=0, completed_depth=13, submit_ms=0, after_abort=0, after_clear=0, reads_after_resize=0, helper_elapsed_ns=1879089200, writes_after_abort=0, helper_nodes=571297, bestmove=c3d5, other_after_resize=0, exit_cause=helper-abort, tt_reads=919712, other_after_generation=0, exit_ms=1879}"
"measured","4","15","4","420","3","helper-abort","13","c3d5","562524","1879084000","299360.752","888061","559753","1","0","0","0","0","0","0","0","0","0","0","0","0","0","0","0","0","{exception=-, reads_after_abort=0, reads_after_clear=0, search_elapsed_ns=1879119400, other_after_abort=0, writes_after_generation=0, abort_ms=1879, after_resize=0, other_after_clear=0, after_generation=0, tt_writes=559753, reads_after_generation=0, search=420, helper=3, writes_after_clear=0, writes_after_resize=0, bestmove_ms=1879, tt_other=1, event=exit, start_ms=0, completed_depth=13, submit_ms=0, after_abort=0, after_clear=0, reads_after_resize=0, helper_elapsed_ns=1879084000, writes_after_abort=0, helper_nodes=562524, bestmove=c3d5, other_after_resize=0, exit_cause=helper-abort, tt_reads=888061, other_after_generation=0, exit_ms=1879}"
"measured","4","15","4","420","2","helper-abort","13","c3d5","552979","1879086600","294280.743","874739","550301","1","0","0","0","0","0","0","0","0","0","0","0","0","0","0","0","0","{exception=-, reads_after_abort=0, reads_after_clear=0, search_elapsed_ns=1879119400, other_after_abort=0, writes_after_generation=0, abort_ms=1879, after_resize=0, other_after_clear=0, after_generation=0, tt_writes=550301, reads_after_generation=0, search=420, helper=2, writes_after_clear=0, writes_after_resize=0, bestmove_ms=1879, tt_other=1, event=exit, start_ms=0, completed_depth=13, submit_ms=0, after_abort=0, after_clear=0, reads_after_resize=0, helper_elapsed_ns=1879086600, writes_after_abort=0, helper_nodes=552979, bestmove=c3d5, other_after_resize=0, exit_cause=helper-abort, tt_reads=874739, other_after_generation=0, exit_ms=1879}"
"measured","4","16","2","421","1","helper-abort","13","d5e4","556770","1522543000","365684.253","771551","553869","1","0","0","0","0","0","0","0","0","0","0","0","0","0","0","0","0","{exception=-, reads_after_abort=0, reads_after_clear=0, search_elapsed_ns=1522573200, other_after_abort=0, writes_after_generation=0, abort_ms=1522, after_resize=0, other_after_clear=0, after_generation=0, tt_writes=553869, reads_after_generation=0, search=421, helper=1, writes_after_clear=0, writes_after_resize=0, bestmove_ms=1522, tt_other=1, event=exit, start_ms=0, completed_depth=13, submit_ms=0, after_abort=0, after_clear=0, reads_after_resize=0, helper_elapsed_ns=1522543000, writes_after_abort=0, helper_nodes=556770, bestmove=d5e4, other_after_resize=0, exit_cause=helper-abort, tt_reads=771551, other_after_generation=0, exit_ms=1522}"
"measured","4","16","4","422","2","helper-abort","12","f6e4","462810","1268489600","364851.237","627677","460653","1","0","0","0","0","0","0","0","0","0","0","0","0","0","0","0","0","{exception=-, reads_after_abort=0, reads_after_clear=0, search_elapsed_ns=1268531200, other_after_abort=0, writes_after_generation=0, abort_ms=1268, after_resize=0, other_after_clear=0, after_generation=0, tt_writes=460653, reads_after_generation=0, search=422, helper=2, writes_after_clear=0, writes_after_resize=0, bestmove_ms=1268, tt_other=1, event=exit, start_ms=0, completed_depth=12, submit_ms=0, after_abort=0, after_clear=0, reads_after_resize=0, helper_elapsed_ns=1268489600, writes_after_abort=0, helper_nodes=462810, bestmove=f6e4, other_after_resize=0, exit_cause=helper-abort, tt_reads=627677, other_after_generation=0, exit_ms=1268}"
"measured","4","16","4","422","3","helper-abort","13","d5e4","429951","1268493100","338946.266","601859","427739","1","0","0","0","0","0","0","0","0","0","0","0","0","0","0","0","0","{exception=-, reads_after_abort=0, reads_after_clear=0, search_elapsed_ns=1268530200, other_after_abort=0, writes_after_generation=0, abort_ms=1268, after_resize=0, other_after_clear=0, after_generation=0, tt_writes=427739, reads_after_generation=0, search=422, helper=3, writes_after_clear=0, writes_after_resize=0, bestmove_ms=1268, tt_other=1, event=exit, start_ms=0, completed_depth=13, submit_ms=0, after_abort=0, after_clear=0, reads_after_resize=0, helper_elapsed_ns=1268493100, writes_after_abort=0, helper_nodes=429951, bestmove=d5e4, other_after_resize=0, exit_cause=helper-abort, tt_reads=601859, other_after_generation=0, exit_ms=1268}"
"measured","4","16","4","422","1","helper-abort","12","d5e4","457698","1268500200","360818.232","645617","455379","1","0","0","0","0","0","0","0","0","0","0","0","0","0","0","0","0","{exception=-, reads_after_abort=0, reads_after_clear=0, search_elapsed_ns=1268531400, other_after_abort=0, writes_after_generation=0, abort_ms=1268, after_resize=0, other_after_clear=0, after_generation=0, tt_writes=455379, reads_after_generation=0, search=422, helper=1, writes_after_clear=0, writes_after_resize=0, bestmove_ms=1268, tt_other=1, event=exit, start_ms=0, completed_depth=12, submit_ms=0, after_abort=0, after_clear=0, reads_after_resize=0, helper_elapsed_ns=1268500200, writes_after_abort=0, helper_nodes=457698, bestmove=d5e4, other_after_resize=0, exit_cause=helper-abort, tt_reads=645617, other_after_generation=0, exit_ms=1268}"
"measured","4","17","4","424","1","helper-abort","13","a6a5","195434","547655400","356855.789","331913","193740","1","0","0","0","0","0","0","0","0","0","0","0","0","0","0","0","0","{exception=-, reads_after_abort=0, reads_after_clear=0, search_elapsed_ns=547693600, other_after_abort=0, writes_after_generation=0, abort_ms=547, after_resize=0, other_after_clear=0, after_generation=0, tt_writes=193740, reads_after_generation=0, search=424, helper=1, writes_after_clear=0, writes_after_resize=0, bestmove_ms=547, tt_other=1, event=exit, start_ms=0, completed_depth=13, submit_ms=0, after_abort=0, after_clear=0, reads_after_resize=0, helper_elapsed_ns=547655400, writes_after_abort=0, helper_nodes=195434, bestmove=a6a5, other_after_resize=0, exit_cause=helper-abort, tt_reads=331913, other_after_generation=0, exit_ms=547}"
"measured","4","17","4","424","3","helper-abort","13","a6a5","192962","547649400","352345.862","327211","191509","1","0","0","0","0","0","0","0","0","0","0","0","0","0","0","0","0","{exception=-, reads_after_abort=0, reads_after_clear=0, search_elapsed_ns=547693300, other_after_abort=0, writes_after_generation=0, abort_ms=547, after_resize=0, other_after_clear=0, after_generation=0, tt_writes=191509, reads_after_generation=0, search=424, helper=3, writes_after_clear=0, writes_after_resize=0, bestmove_ms=547, tt_other=1, event=exit, start_ms=0, completed_depth=13, submit_ms=0, after_abort=0, after_clear=0, reads_after_resize=0, helper_elapsed_ns=547649400, writes_after_abort=0, helper_nodes=192962, bestmove=a6a5, other_after_resize=0, exit_cause=helper-abort, tt_reads=327211, other_after_generation=0, exit_ms=547}"
"measured","4","17","4","424","2","helper-abort","13","a6a5","198643","547652400","362717.300","337963","197059","1","1","0","0","0","0","1","0","0","0","0","0","0","0","0","0","0","{exception=-, reads_after_abort=0, reads_after_clear=0, search_elapsed_ns=547693300, other_after_abort=0, writes_after_generation=0, abort_ms=547, after_resize=0, other_after_clear=0, after_generation=0, tt_writes=197059, reads_after_generation=0, search=424, helper=2, writes_after_clear=0, writes_after_resize=0, bestmove_ms=547, tt_other=1, event=exit, start_ms=0, completed_depth=13, submit_ms=0, after_abort=1, after_clear=0, reads_after_resize=0, helper_elapsed_ns=547652400, writes_after_abort=1, helper_nodes=198643, bestmove=a6a5, other_after_resize=0, exit_cause=helper-abort, tt_reads=337963, other_after_generation=0, exit_ms=547}"
"measured","4","17","2","426","1","helper-abort","13","a6a5","258596","696739900","371151.415","417380","256908","1","0","0","0","0","0","0","0","0","0","0","0","0","0","0","0","0","{exception=-, reads_after_abort=0, reads_after_clear=0, search_elapsed_ns=696776500, other_after_abort=0, writes_after_generation=0, abort_ms=696, after_resize=0, other_after_clear=0, after_generation=0, tt_writes=256908, reads_after_generation=0, search=426, helper=1, writes_after_clear=0, writes_after_resize=0, bestmove_ms=696, tt_other=1, event=exit, start_ms=0, completed_depth=13, submit_ms=0, after_abort=0, after_clear=0, reads_after_resize=0, helper_elapsed_ns=696739900, writes_after_abort=0, helper_nodes=258596, bestmove=a6a5, other_after_resize=0, exit_cause=helper-abort, tt_reads=417380, other_after_generation=0, exit_ms=696}"
"measured","4","18","2","428","1","helper-abort","13","b1c3","1020515","2673654500","381692.923","1359594","1016924","1","0","0","0","0","0","0","0","0","0","0","0","0","0","0","0","0","{exception=-, reads_after_abort=0, reads_after_clear=0, search_elapsed_ns=2673698300, other_after_abort=0, writes_after_generation=0, abort_ms=2673, after_resize=0, other_after_clear=0, after_generation=0, tt_writes=1016924, reads_after_generation=0, search=428, helper=1, writes_after_clear=0, writes_after_resize=0, bestmove_ms=2673, tt_other=1, event=exit, start_ms=0, completed_depth=13, submit_ms=0, after_abort=0, after_clear=0, reads_after_resize=0, helper_elapsed_ns=2673654500, writes_after_abort=0, helper_nodes=1020515, bestmove=b1c3, other_after_resize=0, exit_cause=helper-abort, tt_reads=1359594, other_after_generation=0, exit_ms=2673}"
"measured","4","18","4","429","2","helper-abort","12","e2e3","678616","1911422000","355032.013","982954","676028","1","0","0","0","0","0","0","0","0","0","0","0","0","0","0","0","0","{exception=-, reads_after_abort=0, reads_after_clear=0, search_elapsed_ns=1911467200, other_after_abort=0, writes_after_generation=0, abort_ms=1911, after_resize=0, other_after_clear=0, after_generation=0, tt_writes=676028, reads_after_generation=0, search=429, helper=2, writes_after_clear=0, writes_after_resize=0, bestmove_ms=1911, tt_other=1, event=exit, start_ms=0, completed_depth=12, submit_ms=0, after_abort=0, after_clear=0, reads_after_resize=0, helper_elapsed_ns=1911422000, writes_after_abort=0, helper_nodes=678616, bestmove=e2e3, other_after_resize=0, exit_cause=helper-abort, tt_reads=982954, other_after_generation=0, exit_ms=1911}"
"measured","4","18","4","429","3","helper-abort","13","e2e3","689222","1911415100","360582.063","972465","686856","1","0","0","0","0","0","0","0","0","0","0","0","0","0","0","0","0","{exception=-, reads_after_abort=0, reads_after_clear=0, search_elapsed_ns=1911465700, other_after_abort=0, writes_after_generation=0, abort_ms=1911, after_resize=0, other_after_clear=0, after_generation=0, tt_writes=686856, reads_after_generation=0, search=429, helper=3, writes_after_clear=0, writes_after_resize=0, bestmove_ms=1911, tt_other=1, event=exit, start_ms=0, completed_depth=13, submit_ms=0, after_abort=0, after_clear=0, reads_after_resize=0, helper_elapsed_ns=1911415100, writes_after_abort=0, helper_nodes=689222, bestmove=e2e3, other_after_resize=0, exit_cause=helper-abort, tt_reads=972465, other_after_generation=0, exit_ms=1911}"
"measured","4","18","4","429","1","helper-abort","13","e2e3","709553","1911423000","371217.151","1034820","707275","1","0","0","0","0","0","0","0","0","0","0","0","0","0","0","0","0","{exception=-, reads_after_abort=0, reads_after_clear=0, search_elapsed_ns=1911466400, other_after_abort=0, writes_after_generation=0, abort_ms=1911, after_resize=0, other_after_clear=0, after_generation=0, tt_writes=707275, reads_after_generation=0, search=429, helper=1, writes_after_clear=0, writes_after_resize=0, bestmove_ms=1911, tt_other=1, event=exit, start_ms=0, completed_depth=13, submit_ms=0, after_abort=0, after_clear=0, reads_after_resize=0, helper_elapsed_ns=1911423000, writes_after_abort=0, helper_nodes=709553, bestmove=e2e3, other_after_resize=0, exit_cause=helper-abort, tt_reads=1034820, other_after_generation=0, exit_ms=1911}"
"measured","4","19","2","430","1","helper-abort","13","a5c3","275795","692238100","398410.605","444068","272581","1","0","0","0","0","0","0","0","0","0","0","0","0","0","0","0","0","{exception=-, reads_after_abort=0, reads_after_clear=0, search_elapsed_ns=692265700, other_after_abort=0, writes_after_generation=0, abort_ms=692, after_resize=0, other_after_clear=0, after_generation=0, tt_writes=272581, reads_after_generation=0, search=430, helper=1, writes_after_clear=0, writes_after_resize=0, bestmove_ms=692, tt_other=1, event=exit, start_ms=0, completed_depth=13, submit_ms=0, after_abort=0, after_clear=0, reads_after_resize=0, helper_elapsed_ns=692238100, writes_after_abort=0, helper_nodes=275795, bestmove=a5c3, other_after_resize=0, exit_cause=helper-abort, tt_reads=444068, other_after_generation=0, exit_ms=692}"
"measured","4","19","4","431","1","helper-abort","13","d2f4","330967","889019200","372283.298","472133","328487","1","0","0","0","0","0","0","0","0","0","0","0","0","0","0","0","0","{exception=-, reads_after_abort=0, reads_after_clear=0, search_elapsed_ns=889056700, other_after_abort=0, writes_after_generation=0, abort_ms=889, after_resize=0, other_after_clear=0, after_generation=0, tt_writes=328487, reads_after_generation=0, search=431, helper=1, writes_after_clear=0, writes_after_resize=0, bestmove_ms=889, tt_other=1, event=exit, start_ms=0, completed_depth=13, submit_ms=0, after_abort=0, after_clear=0, reads_after_resize=0, helper_elapsed_ns=889019200, writes_after_abort=0, helper_nodes=330967, bestmove=d2f4, other_after_resize=0, exit_cause=helper-abort, tt_reads=472133, other_after_generation=0, exit_ms=889}"
"measured","4","19","4","431","3","helper-abort","13","d2f4","372457","889016200","418954.120","577219","368027","1","0","0","0","0","0","0","0","0","0","0","0","0","0","0","0","0","{exception=-, reads_after_abort=0, reads_after_clear=0, search_elapsed_ns=889057100, other_after_abort=0, writes_after_generation=0, abort_ms=889, after_resize=0, other_after_clear=0, after_generation=0, tt_writes=368027, reads_after_generation=0, search=431, helper=3, writes_after_clear=0, writes_after_resize=0, bestmove_ms=889, tt_other=1, event=exit, start_ms=0, completed_depth=13, submit_ms=0, after_abort=0, after_clear=0, reads_after_resize=0, helper_elapsed_ns=889016200, writes_after_abort=0, helper_nodes=372457, bestmove=d2f4, other_after_resize=0, exit_cause=helper-abort, tt_reads=577219, other_after_generation=0, exit_ms=889}"
"measured","4","19","4","431","2","helper-abort","11","a5c3","319239","889019300","359091.192","455850","316066","1","0","0","0","0","0","0","0","0","0","0","0","0","0","0","0","0","{exception=-, reads_after_abort=0, reads_after_clear=0, search_elapsed_ns=889056800, other_after_abort=0, writes_after_generation=0, abort_ms=889, after_resize=0, other_after_clear=0, after_generation=0, tt_writes=316066, reads_after_generation=0, search=431, helper=2, writes_after_clear=0, writes_after_resize=0, bestmove_ms=889, tt_other=1, event=exit, start_ms=0, completed_depth=11, submit_ms=0, after_abort=0, after_clear=0, reads_after_resize=0, helper_elapsed_ns=889019300, writes_after_abort=0, helper_nodes=319239, bestmove=a5c3, other_after_resize=0, exit_cause=helper-abort, tt_reads=455850, other_after_generation=0, exit_ms=889}"
"measured","4","20","4","433","2","helper-abort","13","d7d2","103504","236469300","437705.867","213618","101774","1","0","0","0","0","0","0","0","0","0","0","0","0","0","0","0","0","{exception=-, reads_after_abort=0, reads_after_clear=0, search_elapsed_ns=236535000, other_after_abort=0, writes_after_generation=0, abort_ms=236, after_resize=0, other_after_clear=0, after_generation=0, tt_writes=101774, reads_after_generation=0, search=433, helper=2, writes_after_clear=0, writes_after_resize=0, bestmove_ms=236, tt_other=1, event=exit, start_ms=0, completed_depth=13, submit_ms=0, after_abort=0, after_clear=0, reads_after_resize=0, helper_elapsed_ns=236469300, writes_after_abort=0, helper_nodes=103504, bestmove=d7d2, other_after_resize=0, exit_cause=helper-abort, tt_reads=213618, other_after_generation=0, exit_ms=236}"
"measured","4","20","4","433","3","helper-abort","13","d7d2","104751","236461400","442994.079","214677","102992","1","0","0","0","0","0","0","0","0","0","0","0","0","0","0","0","0","{exception=-, reads_after_abort=0, reads_after_clear=0, search_elapsed_ns=236535000, other_after_abort=0, writes_after_generation=0, abort_ms=236, after_resize=0, other_after_clear=0, after_generation=0, tt_writes=102992, reads_after_generation=0, search=433, helper=3, writes_after_clear=0, writes_after_resize=0, bestmove_ms=236, tt_other=1, event=exit, start_ms=0, completed_depth=13, submit_ms=0, after_abort=0, after_clear=0, reads_after_resize=0, helper_elapsed_ns=236461400, writes_after_abort=0, helper_nodes=104751, bestmove=d7d2, other_after_resize=0, exit_cause=helper-abort, tt_reads=214677, other_after_generation=0, exit_ms=236}"
"measured","4","20","4","433","1","helper-abort","13","d7d2","104216","236484600","440688.315","214087","102474","1","0","0","0","0","0","0","0","0","0","0","0","0","0","0","0","0","{exception=-, reads_after_abort=0, reads_after_clear=0, search_elapsed_ns=236535000, other_after_abort=0, writes_after_generation=0, abort_ms=236, after_resize=0, other_after_clear=0, after_generation=0, tt_writes=102474, reads_after_generation=0, search=433, helper=1, writes_after_clear=0, writes_after_resize=0, bestmove_ms=236, tt_other=1, event=exit, start_ms=0, completed_depth=13, submit_ms=0, after_abort=0, after_clear=0, reads_after_resize=0, helper_elapsed_ns=236484600, writes_after_abort=0, helper_nodes=104216, bestmove=d7d2, other_after_resize=0, exit_cause=helper-abort, tt_reads=214087, other_after_generation=0, exit_ms=236}"
"measured","4","20","2","435","1","helper-abort","13","d7d2","113551","269126800","421923.792","216514","111682","1","1","0","0","0","0","1","0","0","0","0","0","0","0","0","0","0","{exception=-, reads_after_abort=0, reads_after_clear=0, search_elapsed_ns=269161600, other_after_abort=0, writes_after_generation=0, abort_ms=269, after_resize=0, other_after_clear=0, after_generation=0, tt_writes=111682, reads_after_generation=0, search=435, helper=1, writes_after_clear=0, writes_after_resize=0, bestmove_ms=269, tt_other=1, event=exit, start_ms=0, completed_depth=13, submit_ms=0, after_abort=1, after_clear=0, reads_after_resize=0, helper_elapsed_ns=269126800, writes_after_abort=1, helper_nodes=113551, bestmove=d7d2, other_after_resize=0, exit_cause=helper-abort, tt_reads=216514, other_after_generation=0, exit_ms=269}"
"measured","4","21","2","437","1","helper-abort","12","g8h7","1468329","4199139900","349673.751","2068614","1459383","1","0","0","0","0","0","0","0","0","0","0","0","0","0","0","0","0","{exception=-, reads_after_abort=0, reads_after_clear=0, search_elapsed_ns=4199176400, other_after_abort=0, writes_after_generation=0, abort_ms=4199, after_resize=0, other_after_clear=0, after_generation=0, tt_writes=1459383, reads_after_generation=0, search=437, helper=1, writes_after_clear=0, writes_after_resize=0, bestmove_ms=4199, tt_other=1, event=exit, start_ms=0, completed_depth=12, submit_ms=0, after_abort=0, after_clear=0, reads_after_resize=0, helper_elapsed_ns=4199139900, writes_after_abort=0, helper_nodes=1468329, bestmove=g8h7, other_after_resize=0, exit_cause=helper-abort, tt_reads=2068614, other_after_generation=0, exit_ms=4199}"
"measured","4","21","4","438","2","helper-abort","13","g6g5","889226","2614713700","340085.417","1293971","884094","1","0","0","0","0","0","0","0","0","0","0","0","0","0","0","0","0","{exception=-, reads_after_abort=0, reads_after_clear=0, search_elapsed_ns=2614764000, other_after_abort=0, writes_after_generation=0, abort_ms=2614, after_resize=0, other_after_clear=0, after_generation=0, tt_writes=884094, reads_after_generation=0, search=438, helper=2, writes_after_clear=0, writes_after_resize=0, bestmove_ms=2614, tt_other=1, event=exit, start_ms=0, completed_depth=13, submit_ms=0, after_abort=0, after_clear=0, reads_after_resize=0, helper_elapsed_ns=2614713700, writes_after_abort=0, helper_nodes=889226, bestmove=g6g5, other_after_resize=0, exit_cause=helper-abort, tt_reads=1293971, other_after_generation=0, exit_ms=2614}"
"measured","4","21","4","438","3","helper-abort","13","g6g5","904703","2614706900","346005.512","1353561","900357","1","0","0","0","0","0","0","0","0","0","0","0","0","0","0","0","0","{exception=-, reads_after_abort=0, reads_after_clear=0, search_elapsed_ns=2614762800, other_after_abort=0, writes_after_generation=0, abort_ms=2614, after_resize=0, other_after_clear=0, after_generation=0, tt_writes=900357, reads_after_generation=0, search=438, helper=3, writes_after_clear=0, writes_after_resize=0, bestmove_ms=2614, tt_other=1, event=exit, start_ms=0, completed_depth=13, submit_ms=0, after_abort=0, after_clear=0, reads_after_resize=0, helper_elapsed_ns=2614706900, writes_after_abort=0, helper_nodes=904703, bestmove=g6g5, other_after_resize=0, exit_cause=helper-abort, tt_reads=1353561, other_after_generation=0, exit_ms=2614}"
"measured","4","21","4","438","1","helper-abort","12","g8h7","889877","2614733200","340331.855","1321001","884813","1","0","0","0","0","0","0","0","0","0","0","0","0","0","0","0","0","{exception=-, reads_after_abort=0, reads_after_clear=0, search_elapsed_ns=2614764300, other_after_abort=0, writes_after_generation=0, abort_ms=2614, after_resize=0, other_after_clear=0, after_generation=0, tt_writes=884813, reads_after_generation=0, search=438, helper=1, writes_after_clear=0, writes_after_resize=0, bestmove_ms=2614, tt_other=1, event=exit, start_ms=0, completed_depth=12, submit_ms=0, after_abort=0, after_clear=0, reads_after_resize=0, helper_elapsed_ns=2614733200, writes_after_abort=0, helper_nodes=889877, bestmove=g8h7, other_after_resize=0, exit_cause=helper-abort, tt_reads=1321001, other_after_generation=0, exit_ms=2614}"
"measured","4","22","2","439","1","helper-abort","13","d4b5","443637","1308533700","339033.683","705961","440214","1","0","0","0","0","0","0","0","0","0","0","0","0","0","0","0","0","{exception=-, reads_after_abort=0, reads_after_clear=0, search_elapsed_ns=1308566900, other_after_abort=0, writes_after_generation=0, abort_ms=1308, after_resize=0, other_after_clear=0, after_generation=0, tt_writes=440214, reads_after_generation=0, search=439, helper=1, writes_after_clear=0, writes_after_resize=0, bestmove_ms=1308, tt_other=1, event=exit, start_ms=0, completed_depth=13, submit_ms=0, after_abort=0, after_clear=0, reads_after_resize=0, helper_elapsed_ns=1308533700, writes_after_abort=0, helper_nodes=443637, bestmove=d4b5, other_after_resize=0, exit_cause=helper-abort, tt_reads=705961, other_after_generation=0, exit_ms=1308}"
"measured","4","22","4","440","1","helper-abort","12","d4e6","233417","709385300","329041.214","382455","231696","1","0","0","0","0","0","0","0","0","0","0","0","0","0","0","0","0","{exception=-, reads_after_abort=0, reads_after_clear=0, search_elapsed_ns=709415800, other_after_abort=0, writes_after_generation=0, abort_ms=709, after_resize=0, other_after_clear=0, after_generation=0, tt_writes=231696, reads_after_generation=0, search=440, helper=1, writes_after_clear=0, writes_after_resize=0, bestmove_ms=709, tt_other=1, event=exit, start_ms=0, completed_depth=12, submit_ms=0, after_abort=0, after_clear=0, reads_after_resize=0, helper_elapsed_ns=709385300, writes_after_abort=0, helper_nodes=233417, bestmove=d4e6, other_after_resize=0, exit_cause=helper-abort, tt_reads=382455, other_after_generation=0, exit_ms=709}"
"measured","4","22","4","440","3","helper-abort","12","d4b5","227438","709378700","320615.773","396797","225838","1","0","0","0","0","0","0","0","0","0","0","0","0","0","0","0","0","{exception=-, reads_after_abort=0, reads_after_clear=0, search_elapsed_ns=709416900, other_after_abort=0, writes_after_generation=0, abort_ms=709, after_resize=0, other_after_clear=0, after_generation=0, tt_writes=225838, reads_after_generation=0, search=440, helper=3, writes_after_clear=0, writes_after_resize=0, bestmove_ms=709, tt_other=1, event=exit, start_ms=0, completed_depth=12, submit_ms=0, after_abort=0, after_clear=0, reads_after_resize=0, helper_elapsed_ns=709378700, writes_after_abort=0, helper_nodes=227438, bestmove=d4b5, other_after_resize=0, exit_cause=helper-abort, tt_reads=396797, other_after_generation=0, exit_ms=709}"
"measured","4","22","4","440","2","helper-abort","13","d4b5","226905","709380800","319863.464","405849","225153","1","0","0","0","0","0","0","0","0","0","0","0","0","0","0","0","0","{exception=-, reads_after_abort=0, reads_after_clear=0, search_elapsed_ns=709415800, other_after_abort=0, writes_after_generation=0, abort_ms=709, after_resize=0, other_after_clear=0, after_generation=0, tt_writes=225153, reads_after_generation=0, search=440, helper=2, writes_after_clear=0, writes_after_resize=0, bestmove_ms=709, tt_other=1, event=exit, start_ms=0, completed_depth=13, submit_ms=0, after_abort=0, after_clear=0, reads_after_resize=0, helper_elapsed_ns=709380800, writes_after_abort=0, helper_nodes=226905, bestmove=d4b5, other_after_resize=0, exit_cause=helper-abort, tt_reads=405849, other_after_generation=0, exit_ms=709}"
"measured","4","23","4","442","2","helper-abort","13","g5d8","101170","176759300","572360.266","199621","100184","1","0","0","0","0","0","0","0","0","0","0","0","0","0","0","0","0","{exception=-, reads_after_abort=0, reads_after_clear=0, search_elapsed_ns=176792900, other_after_abort=0, writes_after_generation=0, abort_ms=176, after_resize=0, other_after_clear=0, after_generation=0, tt_writes=100184, reads_after_generation=0, search=442, helper=2, writes_after_clear=0, writes_after_resize=0, bestmove_ms=176, tt_other=1, event=exit, start_ms=0, completed_depth=13, submit_ms=0, after_abort=0, after_clear=0, reads_after_resize=0, helper_elapsed_ns=176759300, writes_after_abort=0, helper_nodes=101170, bestmove=g5d8, other_after_resize=0, exit_cause=helper-abort, tt_reads=199621, other_after_generation=0, exit_ms=176}"
"measured","4","23","4","442","3","helper-abort","13","g5d8","100654","176734800","569519.981","197481","99661","1","0","0","0","0","0","0","0","0","0","0","0","0","0","0","0","0","{exception=-, reads_after_abort=0, reads_after_clear=0, search_elapsed_ns=176792800, other_after_abort=0, writes_after_generation=0, abort_ms=176, after_resize=0, other_after_clear=0, after_generation=0, tt_writes=99661, reads_after_generation=0, search=442, helper=3, writes_after_clear=0, writes_after_resize=0, bestmove_ms=176, tt_other=1, event=exit, start_ms=0, completed_depth=13, submit_ms=0, after_abort=0, after_clear=0, reads_after_resize=0, helper_elapsed_ns=176734800, writes_after_abort=0, helper_nodes=100654, bestmove=g5d8, other_after_resize=0, exit_cause=helper-abort, tt_reads=197481, other_after_generation=0, exit_ms=176}"
"measured","4","23","4","442","1","helper-abort","13","g5d8","101533","176759300","574413.906","199963","100682","1","0","0","0","0","0","0","0","0","0","0","0","0","0","0","0","0","{exception=-, reads_after_abort=0, reads_after_clear=0, search_elapsed_ns=176792800, other_after_abort=0, writes_after_generation=0, abort_ms=176, after_resize=0, other_after_clear=0, after_generation=0, tt_writes=100682, reads_after_generation=0, search=442, helper=1, writes_after_clear=0, writes_after_resize=0, bestmove_ms=176, tt_other=1, event=exit, start_ms=0, completed_depth=13, submit_ms=0, after_abort=0, after_clear=0, reads_after_resize=0, helper_elapsed_ns=176759300, writes_after_abort=0, helper_nodes=101533, bestmove=g5d8, other_after_resize=0, exit_cause=helper-abort, tt_reads=199963, other_after_generation=0, exit_ms=176}"
"measured","4","23","2","444","1","helper-abort","13","g5d8","114885","196493700","584675.234","213112","113926","1","1","0","0","0","1","0","0","0","0","0","0","0","0","0","0","0","{exception=-, reads_after_abort=1, reads_after_clear=0, search_elapsed_ns=196531600, other_after_abort=0, writes_after_generation=0, abort_ms=196, after_resize=0, other_after_clear=0, after_generation=0, tt_writes=113926, reads_after_generation=0, search=444, helper=1, writes_after_clear=0, writes_after_resize=0, bestmove_ms=196, tt_other=1, event=exit, start_ms=0, completed_depth=13, submit_ms=0, after_abort=1, after_clear=0, reads_after_resize=0, helper_elapsed_ns=196493700, writes_after_abort=0, helper_nodes=114885, bestmove=g5d8, other_after_resize=0, exit_cause=helper-abort, tt_reads=213112, other_after_generation=0, exit_ms=196}"
"measured","4","24","2","446","1","helper-abort","13","d5e3","51665","77493300","666702.799","82076","50293","1","0","0","0","0","0","0","0","0","0","0","0","0","0","0","0","0","{exception=-, reads_after_abort=0, reads_after_clear=0, search_elapsed_ns=77530300, other_after_abort=0, writes_after_generation=0, abort_ms=77, after_resize=0, other_after_clear=0, after_generation=0, tt_writes=50293, reads_after_generation=0, search=446, helper=1, writes_after_clear=0, writes_after_resize=0, bestmove_ms=77, tt_other=1, event=exit, start_ms=0, completed_depth=13, submit_ms=0, after_abort=0, after_clear=0, reads_after_resize=0, helper_elapsed_ns=77493300, writes_after_abort=0, helper_nodes=51665, bestmove=d5e3, other_after_resize=0, exit_cause=helper-abort, tt_reads=82076, other_after_generation=0, exit_ms=77}"
"measured","4","24","4","447","1","helper-abort","13","d5e3","38493","60245600","638934.628","71342","37399","1","0","0","0","0","0","0","0","0","0","0","0","0","0","0","0","0","{exception=-, reads_after_abort=0, reads_after_clear=0, search_elapsed_ns=60277900, other_after_abort=0, writes_after_generation=0, abort_ms=60, after_resize=0, other_after_clear=0, after_generation=0, tt_writes=37399, reads_after_generation=0, search=447, helper=1, writes_after_clear=0, writes_after_resize=0, bestmove_ms=60, tt_other=1, event=exit, start_ms=0, completed_depth=13, submit_ms=0, after_abort=0, after_clear=0, reads_after_resize=0, helper_elapsed_ns=60245600, writes_after_abort=0, helper_nodes=38493, bestmove=d5e3, other_after_resize=0, exit_cause=helper-abort, tt_reads=71342, other_after_generation=0, exit_ms=60}"
"measured","4","24","4","447","3","helper-abort","13","d5e3","36277","60224800","602359.825","70382","35217","1","1","0","0","0","0","1","0","0","0","0","0","0","0","0","0","0","{exception=-, reads_after_abort=0, reads_after_clear=0, search_elapsed_ns=60277800, other_after_abort=0, writes_after_generation=0, abort_ms=60, after_resize=0, other_after_clear=0, after_generation=0, tt_writes=35217, reads_after_generation=0, search=447, helper=3, writes_after_clear=0, writes_after_resize=0, bestmove_ms=60, tt_other=1, event=exit, start_ms=0, completed_depth=13, submit_ms=0, after_abort=1, after_clear=0, reads_after_resize=0, helper_elapsed_ns=60224800, writes_after_abort=1, helper_nodes=36277, bestmove=d5e3, other_after_resize=0, exit_cause=helper-abort, tt_reads=70382, other_after_generation=0, exit_ms=60}"
"measured","4","24","4","447","2","helper-abort","13","d5e3","37949","60238300","629981.258","71365","36932","1","0","0","0","0","0","0","0","0","0","0","0","0","0","0","0","0","{exception=-, reads_after_abort=0, reads_after_clear=0, search_elapsed_ns=60277800, other_after_abort=0, writes_after_generation=0, abort_ms=60, after_resize=0, other_after_clear=0, after_generation=0, tt_writes=36932, reads_after_generation=0, search=447, helper=2, writes_after_clear=0, writes_after_resize=0, bestmove_ms=60, tt_other=1, event=exit, start_ms=0, completed_depth=13, submit_ms=0, after_abort=0, after_clear=0, reads_after_resize=0, helper_elapsed_ns=60238300, writes_after_abort=0, helper_nodes=37949, bestmove=d5e3, other_after_resize=0, exit_cause=helper-abort, tt_reads=71365, other_after_generation=0, exit_ms=60}"
"measured","4","25","2","448","1","helper-abort","12","h5e2","114290","284632200","401535.736","166479","113160","1","0","0","0","0","0","0","0","0","0","0","0","0","0","0","0","0","{exception=-, reads_after_abort=0, reads_after_clear=0, search_elapsed_ns=284888600, other_after_abort=0, writes_after_generation=0, abort_ms=284, after_resize=0, other_after_clear=0, after_generation=0, tt_writes=113160, reads_after_generation=0, search=448, helper=1, writes_after_clear=0, writes_after_resize=0, bestmove_ms=284, tt_other=1, event=exit, start_ms=0, completed_depth=12, submit_ms=0, after_abort=0, after_clear=0, reads_after_resize=0, helper_elapsed_ns=284632200, writes_after_abort=0, helper_nodes=114290, bestmove=h5e2, other_after_resize=0, exit_cause=helper-abort, tt_reads=166479, other_after_generation=0, exit_ms=284}"
"measured","4","25","4","449","3","helper-abort","13","h5e2","227047","675351600","336190.808","340978","224707","1","0","0","0","0","0","0","0","0","0","0","0","0","0","0","0","0","{exception=-, reads_after_abort=0, reads_after_clear=0, search_elapsed_ns=675401000, other_after_abort=0, writes_after_generation=0, abort_ms=675, after_resize=0, other_after_clear=0, after_generation=0, tt_writes=224707, reads_after_generation=0, search=449, helper=3, writes_after_clear=0, writes_after_resize=0, bestmove_ms=675, tt_other=1, event=exit, start_ms=0, completed_depth=13, submit_ms=0, after_abort=0, after_clear=0, reads_after_resize=0, helper_elapsed_ns=675351600, writes_after_abort=0, helper_nodes=227047, bestmove=h5e2, other_after_resize=0, exit_cause=helper-abort, tt_reads=340978, other_after_generation=0, exit_ms=675}"
"measured","4","25","4","449","1","helper-abort","13","h5e2","215364","675365700","318885.013","322029","212866","1","0","0","0","0","0","0","0","0","0","0","0","0","0","0","0","0","{exception=-, reads_after_abort=0, reads_after_clear=0, search_elapsed_ns=675400400, other_after_abort=0, writes_after_generation=0, abort_ms=675, after_resize=0, other_after_clear=0, after_generation=0, tt_writes=212866, reads_after_generation=0, search=449, helper=1, writes_after_clear=0, writes_after_resize=0, bestmove_ms=675, tt_other=1, event=exit, start_ms=0, completed_depth=13, submit_ms=0, after_abort=0, after_clear=0, reads_after_resize=0, helper_elapsed_ns=675365700, writes_after_abort=0, helper_nodes=215364, bestmove=h5e2, other_after_resize=0, exit_cause=helper-abort, tt_reads=322029, other_after_generation=0, exit_ms=675}"
"measured","4","25","4","449","2","helper-abort","13","h5e2","199663","675360400","295639.188","307267","197185","1","0","0","0","0","0","0","0","0","0","0","0","0","0","0","0","0","{exception=-, reads_after_abort=0, reads_after_clear=0, search_elapsed_ns=675400700, other_after_abort=0, writes_after_generation=0, abort_ms=675, after_resize=0, other_after_clear=0, after_generation=0, tt_writes=197185, reads_after_generation=0, search=449, helper=2, writes_after_clear=0, writes_after_resize=0, bestmove_ms=675, tt_other=1, event=exit, start_ms=0, completed_depth=13, submit_ms=0, after_abort=0, after_clear=0, reads_after_resize=0, helper_elapsed_ns=675360400, writes_after_abort=0, helper_nodes=199663, bestmove=h5e2, other_after_resize=0, exit_cause=helper-abort, tt_reads=307267, other_after_generation=0, exit_ms=675}"
"measured","4","26","4","451","1","helper-abort","13","a6a5","40722","80418800","506374.131","71374","40126","1","1","0","0","0","0","1","0","0","0","0","0","0","0","0","0","0","{exception=-, reads_after_abort=0, reads_after_clear=0, search_elapsed_ns=80452500, other_after_abort=0, writes_after_generation=0, abort_ms=80, after_resize=0, other_after_clear=0, after_generation=0, tt_writes=40126, reads_after_generation=0, search=451, helper=1, writes_after_clear=0, writes_after_resize=0, bestmove_ms=80, tt_other=1, event=exit, start_ms=0, completed_depth=13, submit_ms=0, after_abort=1, after_clear=0, reads_after_resize=0, helper_elapsed_ns=80418800, writes_after_abort=1, helper_nodes=40722, bestmove=a6a5, other_after_resize=0, exit_cause=helper-abort, tt_reads=71374, other_after_generation=0, exit_ms=80}"
"measured","4","26","4","451","2","helper-abort","12","b5b4","51774","80410100","643874.339","87200","50718","1","0","0","0","0","0","0","0","0","0","0","0","0","0","0","0","0","{exception=-, reads_after_abort=0, reads_after_clear=0, search_elapsed_ns=80454100, other_after_abort=0, writes_after_generation=0, abort_ms=80, after_resize=0, other_after_clear=0, after_generation=0, tt_writes=50718, reads_after_generation=0, search=451, helper=2, writes_after_clear=0, writes_after_resize=0, bestmove_ms=80, tt_other=1, event=exit, start_ms=0, completed_depth=12, submit_ms=0, after_abort=0, after_clear=0, reads_after_resize=0, helper_elapsed_ns=80410100, writes_after_abort=0, helper_nodes=51774, bestmove=b5b4, other_after_resize=0, exit_cause=helper-abort, tt_reads=87200, other_after_generation=0, exit_ms=80}"
"measured","4","26","4","451","3","helper-abort","12","b5b4","51402","80405000","639288.601","86159","50415","1","0","0","0","0","0","0","0","0","0","0","0","0","0","0","0","0","{exception=-, reads_after_abort=0, reads_after_clear=0, search_elapsed_ns=80454100, other_after_abort=0, writes_after_generation=0, abort_ms=80, after_resize=0, other_after_clear=0, after_generation=0, tt_writes=50415, reads_after_generation=0, search=451, helper=3, writes_after_clear=0, writes_after_resize=0, bestmove_ms=80, tt_other=1, event=exit, start_ms=0, completed_depth=12, submit_ms=0, after_abort=0, after_clear=0, reads_after_resize=0, helper_elapsed_ns=80405000, writes_after_abort=0, helper_nodes=51402, bestmove=b5b4, other_after_resize=0, exit_cause=helper-abort, tt_reads=86159, other_after_generation=0, exit_ms=80}"
"measured","4","26","2","453","1","helper-abort","13","a6a5","41620","63146900","659098.071","74676","40736","1","0","0","0","0","0","0","0","0","0","0","0","0","0","0","0","0","{exception=-, reads_after_abort=0, reads_after_clear=0, search_elapsed_ns=63184200, other_after_abort=0, writes_after_generation=0, abort_ms=63, after_resize=0, other_after_clear=0, after_generation=0, tt_writes=40736, reads_after_generation=0, search=453, helper=1, writes_after_clear=0, writes_after_resize=0, bestmove_ms=63, tt_other=1, event=exit, start_ms=0, completed_depth=13, submit_ms=0, after_abort=0, after_clear=0, reads_after_resize=0, helper_elapsed_ns=63146900, writes_after_abort=0, helper_nodes=41620, bestmove=a6a5, other_after_resize=0, exit_cause=helper-abort, tt_reads=74676, other_after_generation=0, exit_ms=63}"
"measured","4","27","2","455","1","helper-abort","13","a6a5","62398","96240300","648356.250","103769","61176","1","0","0","0","0","0","0","0","0","0","0","0","0","0","0","0","0","{exception=-, reads_after_abort=0, reads_after_clear=0, search_elapsed_ns=96272900, other_after_abort=0, writes_after_generation=0, abort_ms=96, after_resize=0, other_after_clear=0, after_generation=0, tt_writes=61176, reads_after_generation=0, search=455, helper=1, writes_after_clear=0, writes_after_resize=0, bestmove_ms=96, tt_other=1, event=exit, start_ms=0, completed_depth=13, submit_ms=0, after_abort=0, after_clear=0, reads_after_resize=0, helper_elapsed_ns=96240300, writes_after_abort=0, helper_nodes=62398, bestmove=a6a5, other_after_resize=0, exit_cause=helper-abort, tt_reads=103769, other_after_generation=0, exit_ms=96}"
"measured","4","27","4","456","2","helper-abort","13","a6a5","54605","84837000","643646.051","101496","53524","1","0","0","0","0","0","0","0","0","0","0","0","0","0","0","0","0","{exception=-, reads_after_abort=0, reads_after_clear=0, search_elapsed_ns=84870700, other_after_abort=0, writes_after_generation=0, abort_ms=84, after_resize=0, other_after_clear=0, after_generation=0, tt_writes=53524, reads_after_generation=0, search=456, helper=2, writes_after_clear=0, writes_after_resize=0, bestmove_ms=84, tt_other=1, event=exit, start_ms=0, completed_depth=13, submit_ms=0, after_abort=0, after_clear=0, reads_after_resize=0, helper_elapsed_ns=84837000, writes_after_abort=0, helper_nodes=54605, bestmove=a6a5, other_after_resize=0, exit_cause=helper-abort, tt_reads=101496, other_after_generation=0, exit_ms=84}"
"measured","4","27","4","456","3","helper-abort","13","a6a5","54670","84833600","644438.053","102389","53586","1","0","0","0","0","0","0","0","0","0","0","0","0","0","0","0","0","{exception=-, reads_after_abort=0, reads_after_clear=0, search_elapsed_ns=84870700, other_after_abort=0, writes_after_generation=0, abort_ms=84, after_resize=0, other_after_clear=0, after_generation=0, tt_writes=53586, reads_after_generation=0, search=456, helper=3, writes_after_clear=0, writes_after_resize=0, bestmove_ms=84, tt_other=1, event=exit, start_ms=0, completed_depth=13, submit_ms=0, after_abort=0, after_clear=0, reads_after_resize=0, helper_elapsed_ns=84833600, writes_after_abort=0, helper_nodes=54670, bestmove=a6a5, other_after_resize=0, exit_cause=helper-abort, tt_reads=102389, other_after_generation=0, exit_ms=84}"
"measured","4","27","4","456","1","helper-abort","13","a6a5","54685","84841300","644556.366","102438","53554","1","0","0","0","0","0","0","0","0","0","0","0","0","0","0","0","0","{exception=-, reads_after_abort=0, reads_after_clear=0, search_elapsed_ns=84870700, other_after_abort=0, writes_after_generation=0, abort_ms=84, after_resize=0, other_after_clear=0, after_generation=0, tt_writes=53554, reads_after_generation=0, search=456, helper=1, writes_after_clear=0, writes_after_resize=0, bestmove_ms=84, tt_other=1, event=exit, start_ms=0, completed_depth=13, submit_ms=0, after_abort=0, after_clear=0, reads_after_resize=0, helper_elapsed_ns=84841300, writes_after_abort=0, helper_nodes=54685, bestmove=a6a5, other_after_resize=0, exit_cause=helper-abort, tt_reads=102438, other_after_generation=0, exit_ms=84}"
"measured","4","28","2","457","1","helper-abort","13","d2b4","3063303","8209433000","373144.284","4131001","3030125","1","1","0","0","0","0","1","0","0","0","0","0","0","0","0","0","0","{exception=-, reads_after_abort=0, reads_after_clear=0, search_elapsed_ns=8209460900, other_after_abort=0, writes_after_generation=0, abort_ms=8209, after_resize=0, other_after_clear=0, after_generation=0, tt_writes=3030125, reads_after_generation=0, search=457, helper=1, writes_after_clear=0, writes_after_resize=0, bestmove_ms=8209, tt_other=1, event=exit, start_ms=0, completed_depth=13, submit_ms=0, after_abort=1, after_clear=0, reads_after_resize=0, helper_elapsed_ns=8209433000, writes_after_abort=1, helper_nodes=3063303, bestmove=d2b4, other_after_resize=0, exit_cause=helper-abort, tt_reads=4131001, other_after_generation=0, exit_ms=8209}"
"measured","4","28","4","458","3","helper-abort","13","d2b4","1074528","2944673100","364905.700","1636653","1062841","1","0","0","0","0","0","0","0","0","0","0","0","0","0","0","0","0","{exception=-, reads_after_abort=0, reads_after_clear=0, search_elapsed_ns=2944722400, other_after_abort=0, writes_after_generation=0, abort_ms=2944, after_resize=0, other_after_clear=0, after_generation=0, tt_writes=1062841, reads_after_generation=0, search=458, helper=3, writes_after_clear=0, writes_after_resize=0, bestmove_ms=2944, tt_other=1, event=exit, start_ms=0, completed_depth=13, submit_ms=0, after_abort=0, after_clear=0, reads_after_resize=0, helper_elapsed_ns=2944673100, writes_after_abort=0, helper_nodes=1074528, bestmove=d2b4, other_after_resize=0, exit_cause=helper-abort, tt_reads=1636653, other_after_generation=0, exit_ms=2944}"
"measured","4","28","4","458","1","helper-abort","13","d2b4","1073708","2944688800","364625.287","1644753","1061378","1","0","0","0","0","0","0","0","0","0","0","0","0","0","0","0","0","{exception=-, reads_after_abort=0, reads_after_clear=0, search_elapsed_ns=2944722400, other_after_abort=0, writes_after_generation=0, abort_ms=2944, after_resize=0, other_after_clear=0, after_generation=0, tt_writes=1061378, reads_after_generation=0, search=458, helper=1, writes_after_clear=0, writes_after_resize=0, bestmove_ms=2944, tt_other=1, event=exit, start_ms=0, completed_depth=13, submit_ms=0, after_abort=0, after_clear=0, reads_after_resize=0, helper_elapsed_ns=2944688800, writes_after_abort=0, helper_nodes=1073708, bestmove=d2b4, other_after_resize=0, exit_cause=helper-abort, tt_reads=1644753, other_after_generation=0, exit_ms=2944}"
"measured","4","28","4","458","2","helper-abort","13","d2b4","1058005","2944684900","359293.111","1649663","1046108","1","0","0","0","0","0","0","0","0","0","0","0","0","0","0","0","0","{exception=-, reads_after_abort=0, reads_after_clear=0, search_elapsed_ns=2944722500, other_after_abort=0, writes_after_generation=0, abort_ms=2944, after_resize=0, other_after_clear=0, after_generation=0, tt_writes=1046108, reads_after_generation=0, search=458, helper=2, writes_after_clear=0, writes_after_resize=0, bestmove_ms=2944, tt_other=1, event=exit, start_ms=0, completed_depth=13, submit_ms=0, after_abort=0, after_clear=0, reads_after_resize=0, helper_elapsed_ns=2944684900, writes_after_abort=0, helper_nodes=1058005, bestmove=d2b4, other_after_resize=0, exit_cause=helper-abort, tt_reads=1649663, other_after_generation=0, exit_ms=2944}"
"measured","4","29","4","460","3","helper-abort","12","c6d4","1105805","3315060300","333570.101","1928715","1097997","1","0","0","0","0","0","0","0","0","0","0","0","0","0","0","0","0","{exception=-, reads_after_abort=0, reads_after_clear=0, search_elapsed_ns=3315102200, other_after_abort=0, writes_after_generation=0, abort_ms=3315, after_resize=0, other_after_clear=0, after_generation=0, tt_writes=1097997, reads_after_generation=0, search=460, helper=3, writes_after_clear=0, writes_after_resize=0, bestmove_ms=3315, tt_other=1, event=exit, start_ms=0, completed_depth=12, submit_ms=0, after_abort=0, after_clear=0, reads_after_resize=0, helper_elapsed_ns=3315060300, writes_after_abort=0, helper_nodes=1105805, bestmove=c6d4, other_after_resize=0, exit_cause=helper-abort, tt_reads=1928715, other_after_generation=0, exit_ms=3315}"
"measured","4","29","4","460","1","helper-abort","12","c6d4","1112001","3315069300","335438.237","1931567","1104051","1","0","0","0","0","0","0","0","0","0","0","0","0","0","0","0","0","{exception=-, reads_after_abort=0, reads_after_clear=0, search_elapsed_ns=3315102500, other_after_abort=0, writes_after_generation=0, abort_ms=3315, after_resize=0, other_after_clear=0, after_generation=0, tt_writes=1104051, reads_after_generation=0, search=460, helper=1, writes_after_clear=0, writes_after_resize=0, bestmove_ms=3315, tt_other=1, event=exit, start_ms=0, completed_depth=12, submit_ms=0, after_abort=0, after_clear=0, reads_after_resize=0, helper_elapsed_ns=3315069300, writes_after_abort=0, helper_nodes=1112001, bestmove=c6d4, other_after_resize=0, exit_cause=helper-abort, tt_reads=1931567, other_after_generation=0, exit_ms=3315}"
"measured","4","29","4","460","2","helper-abort","13","c6d4","1105260","3315063300","333405.398","1900783","1097532","1","0","0","0","0","0","0","0","0","0","0","0","0","0","0","0","0","{exception=-, reads_after_abort=0, reads_after_clear=0, search_elapsed_ns=3315100500, other_after_abort=0, writes_after_generation=0, abort_ms=3315, after_resize=0, other_after_clear=0, after_generation=0, tt_writes=1097532, reads_after_generation=0, search=460, helper=2, writes_after_clear=0, writes_after_resize=0, bestmove_ms=3315, tt_other=1, event=exit, start_ms=0, completed_depth=13, submit_ms=0, after_abort=0, after_clear=0, reads_after_resize=0, helper_elapsed_ns=3315063300, writes_after_abort=0, helper_nodes=1105260, bestmove=c6d4, other_after_resize=0, exit_cause=helper-abort, tt_reads=1900783, other_after_generation=0, exit_ms=3315}"
"measured","4","29","2","462","1","helper-abort","13","c6d4","1586319","4363580600","363536.083","2413161","1574785","1","0","0","0","0","0","0","0","0","0","0","0","0","0","0","0","0","{exception=-, reads_after_abort=0, reads_after_clear=0, search_elapsed_ns=4363622700, other_after_abort=0, writes_after_generation=0, abort_ms=4363, after_resize=0, other_after_clear=0, after_generation=0, tt_writes=1574785, reads_after_generation=0, search=462, helper=1, writes_after_clear=0, writes_after_resize=0, bestmove_ms=4363, tt_other=1, event=exit, start_ms=0, completed_depth=13, submit_ms=0, after_abort=0, after_clear=0, reads_after_resize=0, helper_elapsed_ns=4363580600, writes_after_abort=0, helper_nodes=1586319, bestmove=c6d4, other_after_resize=0, exit_cause=helper-abort, tt_reads=2413161, other_after_generation=0, exit_ms=4363}"
"measured","4","30","2","464","1","helper-abort","13","f2f3","823216","2000902700","411422.305","1188518","811504","1","0","0","0","0","0","0","0","0","0","0","0","0","0","0","0","0","{exception=-, reads_after_abort=0, reads_after_clear=0, search_elapsed_ns=2000935900, other_after_abort=0, writes_after_generation=0, abort_ms=2000, after_resize=0, other_after_clear=0, after_generation=0, tt_writes=811504, reads_after_generation=0, search=464, helper=1, writes_after_clear=0, writes_after_resize=0, bestmove_ms=2000, tt_other=1, event=exit, start_ms=0, completed_depth=13, submit_ms=0, after_abort=0, after_clear=0, reads_after_resize=0, helper_elapsed_ns=2000902700, writes_after_abort=0, helper_nodes=823216, bestmove=f2f3, other_after_resize=0, exit_cause=helper-abort, tt_reads=1188518, other_after_generation=0, exit_ms=2000}"
"measured","4","30","4","465","3","helper-abort","12","f2f5","482556","1210530100","398631.971","676413","475868","1","1","0","0","0","0","1","0","0","0","0","0","0","0","0","0","0","{exception=-, reads_after_abort=0, reads_after_clear=0, search_elapsed_ns=1210568000, other_after_abort=0, writes_after_generation=0, abort_ms=1210, after_resize=0, other_after_clear=0, after_generation=0, tt_writes=475868, reads_after_generation=0, search=465, helper=3, writes_after_clear=0, writes_after_resize=0, bestmove_ms=1210, tt_other=1, event=exit, start_ms=0, completed_depth=12, submit_ms=0, after_abort=1, after_clear=0, reads_after_resize=0, helper_elapsed_ns=1210530100, writes_after_abort=1, helper_nodes=482556, bestmove=f2f5, other_after_resize=0, exit_cause=helper-abort, tt_reads=676413, other_after_generation=0, exit_ms=1210}"
"measured","4","30","4","465","2","helper-abort","13","f2f5","480180","1210534200","396667.851","713257","473825","1","0","0","0","0","0","0","0","0","0","0","0","0","0","0","0","0","{exception=-, reads_after_abort=0, reads_after_clear=0, search_elapsed_ns=1210566700, other_after_abort=0, writes_after_generation=0, abort_ms=1210, after_resize=0, other_after_clear=0, after_generation=0, tt_writes=473825, reads_after_generation=0, search=465, helper=2, writes_after_clear=0, writes_after_resize=0, bestmove_ms=1210, tt_other=1, event=exit, start_ms=0, completed_depth=13, submit_ms=0, after_abort=0, after_clear=0, reads_after_resize=0, helper_elapsed_ns=1210534200, writes_after_abort=0, helper_nodes=480180, bestmove=f2f5, other_after_resize=0, exit_cause=helper-abort, tt_reads=713257, other_after_generation=0, exit_ms=1210}"
"measured","4","30","4","465","1","helper-abort","13","f2f5","500744","1210539500","413653.582","760259","492599","1","0","0","0","0","0","0","0","0","0","0","0","0","0","0","0","0","{exception=-, reads_after_abort=0, reads_after_clear=0, search_elapsed_ns=1210566700, other_after_abort=0, writes_after_generation=0, abort_ms=1210, after_resize=0, other_after_clear=0, after_generation=0, tt_writes=492599, reads_after_generation=0, search=465, helper=1, writes_after_clear=0, writes_after_resize=0, bestmove_ms=1210, tt_other=1, event=exit, start_ms=0, completed_depth=13, submit_ms=0, after_abort=0, after_clear=0, reads_after_resize=0, helper_elapsed_ns=1210539500, writes_after_abort=0, helper_nodes=500744, bestmove=f2f5, other_after_resize=0, exit_cause=helper-abort, tt_reads=760259, other_after_generation=0, exit_ms=1210}"
"measured","5","0","2","466","1","helper-abort","13","e2e4","463198","1159075900","399626.979","613571","461389","1","0","0","0","0","0","0","0","0","0","0","0","0","0","0","0","0","{exception=-, reads_after_abort=0, reads_after_clear=0, search_elapsed_ns=1159109800, other_after_abort=0, writes_after_generation=0, abort_ms=1159, after_resize=0, other_after_clear=0, after_generation=0, tt_writes=461389, reads_after_generation=0, search=466, helper=1, writes_after_clear=0, writes_after_resize=0, bestmove_ms=1159, tt_other=1, event=exit, start_ms=0, completed_depth=13, submit_ms=0, after_abort=0, after_clear=0, reads_after_resize=0, helper_elapsed_ns=1159075900, writes_after_abort=0, helper_nodes=463198, bestmove=e2e4, other_after_resize=0, exit_cause=helper-abort, tt_reads=613571, other_after_generation=0, exit_ms=1159}"
"measured","5","0","4","467","3","helper-abort","13","e2e4","321892","835805000","385128.110","466009","320638","1","0","0","0","0","0","0","0","0","0","0","0","0","0","0","0","0","{exception=-, reads_after_abort=0, reads_after_clear=0, search_elapsed_ns=835851200, other_after_abort=0, writes_after_generation=0, abort_ms=835, after_resize=0, other_after_clear=0, after_generation=0, tt_writes=320638, reads_after_generation=0, search=467, helper=3, writes_after_clear=0, writes_after_resize=0, bestmove_ms=835, tt_other=1, event=exit, start_ms=0, completed_depth=13, submit_ms=0, after_abort=0, after_clear=0, reads_after_resize=0, helper_elapsed_ns=835805000, writes_after_abort=0, helper_nodes=321892, bestmove=e2e4, other_after_resize=0, exit_cause=helper-abort, tt_reads=466009, other_after_generation=0, exit_ms=835}"
"measured","5","0","4","467","2","helper-abort","12","e2e4","318944","835816100","381595.904","453850","317276","1","0","0","0","0","0","0","0","0","0","0","0","0","0","0","0","0","{exception=-, reads_after_abort=0, reads_after_clear=0, search_elapsed_ns=835854400, other_after_abort=0, writes_after_generation=0, abort_ms=835, after_resize=0, other_after_clear=0, after_generation=0, tt_writes=317276, reads_after_generation=0, search=467, helper=2, writes_after_clear=0, writes_after_resize=0, bestmove_ms=835, tt_other=1, event=exit, start_ms=0, completed_depth=12, submit_ms=0, after_abort=0, after_clear=0, reads_after_resize=0, helper_elapsed_ns=835816100, writes_after_abort=0, helper_nodes=318944, bestmove=e2e4, other_after_resize=0, exit_cause=helper-abort, tt_reads=453850, other_after_generation=0, exit_ms=835}"
"measured","5","0","4","467","1","helper-abort","13","e2e4","329079","835823400","393718.338","474612","327636","1","1","0","0","0","0","1","0","0","0","0","0","0","0","0","0","0","{exception=-, reads_after_abort=0, reads_after_clear=0, search_elapsed_ns=835851100, other_after_abort=0, writes_after_generation=0, abort_ms=835, after_resize=0, other_after_clear=0, after_generation=0, tt_writes=327636, reads_after_generation=0, search=467, helper=1, writes_after_clear=0, writes_after_resize=0, bestmove_ms=835, tt_other=1, event=exit, start_ms=0, completed_depth=13, submit_ms=0, after_abort=1, after_clear=0, reads_after_resize=0, helper_elapsed_ns=835823400, writes_after_abort=1, helper_nodes=329079, bestmove=e2e4, other_after_resize=0, exit_cause=helper-abort, tt_reads=474612, other_after_generation=0, exit_ms=835}"
"measured","5","1","4","469","3","helper-abort","13","e2a6","7957216","30557762800","260399.168","11661052","7922033","1","0","0","0","0","0","0","0","0","0","0","0","0","0","0","0","0","{exception=-, reads_after_abort=0, reads_after_clear=0, search_elapsed_ns=30557801700, other_after_abort=0, writes_after_generation=0, abort_ms=30557, after_resize=0, other_after_clear=0, after_generation=0, tt_writes=7922033, reads_after_generation=0, search=469, helper=3, writes_after_clear=0, writes_after_resize=0, bestmove_ms=30557, tt_other=1, event=exit, start_ms=0, completed_depth=13, submit_ms=0, after_abort=0, after_clear=0, reads_after_resize=0, helper_elapsed_ns=30557762800, writes_after_abort=0, helper_nodes=7957216, bestmove=e2a6, other_after_resize=0, exit_cause=helper-abort, tt_reads=11661052, other_after_generation=0, exit_ms=30557}"
"measured","5","1","4","469","1","helper-abort","13","e2a6","8709952","30557766300","285032.352","12012186","8673176","1","0","0","0","0","0","0","0","0","0","0","0","0","0","0","0","0","{exception=-, reads_after_abort=0, reads_after_clear=0, search_elapsed_ns=30557803500, other_after_abort=0, writes_after_generation=0, abort_ms=30557, after_resize=0, other_after_clear=0, after_generation=0, tt_writes=8673176, reads_after_generation=0, search=469, helper=1, writes_after_clear=0, writes_after_resize=0, bestmove_ms=30557, tt_other=1, event=exit, start_ms=0, completed_depth=13, submit_ms=0, after_abort=0, after_clear=0, reads_after_resize=0, helper_elapsed_ns=30557766300, writes_after_abort=0, helper_nodes=8709952, bestmove=e2a6, other_after_resize=0, exit_cause=helper-abort, tt_reads=12012186, other_after_generation=0, exit_ms=30557}"
"measured","5","1","4","469","2","helper-abort","13","e2a6","7746490","30557766900","253503.145","11832118","7712136","1","1","0","0","0","1","0","0","0","0","0","0","0","0","0","0","0","{exception=-, reads_after_abort=1, reads_after_clear=0, search_elapsed_ns=30557804000, other_after_abort=0, writes_after_generation=0, abort_ms=30557, after_resize=0, other_after_clear=0, after_generation=0, tt_writes=7712136, reads_after_generation=0, search=469, helper=2, writes_after_clear=0, writes_after_resize=0, bestmove_ms=30557, tt_other=1, event=exit, start_ms=0, completed_depth=13, submit_ms=0, after_abort=1, after_clear=0, reads_after_resize=0, helper_elapsed_ns=30557766900, writes_after_abort=0, helper_nodes=7746490, bestmove=e2a6, other_after_resize=0, exit_cause=helper-abort, tt_reads=11832118, other_after_generation=0, exit_ms=30557}"
"measured","5","1","2","471","1","helper-abort","13","e2a6","14880229","50918030800","292238.894","18705451","14818257","1","0","0","0","0","0","0","0","0","0","0","0","0","0","0","0","0","{exception=-, reads_after_abort=0, reads_after_clear=0, search_elapsed_ns=50918068900, other_after_abort=0, writes_after_generation=0, abort_ms=50918, after_resize=0, other_after_clear=0, after_generation=0, tt_writes=14818257, reads_after_generation=0, search=471, helper=1, writes_after_clear=0, writes_after_resize=0, bestmove_ms=50918, tt_other=1, event=exit, start_ms=0, completed_depth=13, submit_ms=0, after_abort=0, after_clear=0, reads_after_resize=0, helper_elapsed_ns=50918030800, writes_after_abort=0, helper_nodes=14880229, bestmove=e2a6, other_after_resize=0, exit_cause=helper-abort, tt_reads=18705451, other_after_generation=0, exit_ms=50918}"
"measured","5","2","2","473","1","helper-abort","13","e1d2","7498","7863700","953495.174","16810","7492","1","0","0","0","0","0","0","0","0","0","0","0","0","0","0","0","0","{exception=-, reads_after_abort=0, reads_after_clear=0, search_elapsed_ns=7905300, other_after_abort=0, writes_after_generation=0, abort_ms=7, after_resize=0, other_after_clear=0, after_generation=0, tt_writes=7492, reads_after_generation=0, search=473, helper=1, writes_after_clear=0, writes_after_resize=0, bestmove_ms=7, tt_other=1, event=exit, start_ms=0, completed_depth=13, submit_ms=0, after_abort=0, after_clear=0, reads_after_resize=0, helper_elapsed_ns=7863700, writes_after_abort=0, helper_nodes=7498, bestmove=e1d2, other_after_resize=0, exit_cause=helper-abort, tt_reads=16810, other_after_generation=0, exit_ms=7}"
"measured","5","2","4","474","2","helper-abort","13","e1d2","6043","6310500","957610.332","14119","6038","1","0","0","0","0","0","0","0","0","0","0","0","0","0","0","0","0","{exception=-, reads_after_abort=0, reads_after_clear=0, search_elapsed_ns=6486600, other_after_abort=0, writes_after_generation=0, abort_ms=6, after_resize=0, other_after_clear=0, after_generation=0, tt_writes=6038, reads_after_generation=0, search=474, helper=2, writes_after_clear=0, writes_after_resize=0, bestmove_ms=6, tt_other=1, event=exit, start_ms=0, completed_depth=13, submit_ms=0, after_abort=0, after_clear=0, reads_after_resize=0, helper_elapsed_ns=6310500, writes_after_abort=0, helper_nodes=6043, bestmove=e1d2, other_after_resize=0, exit_cause=helper-abort, tt_reads=14119, other_after_generation=0, exit_ms=6}"
"measured","5","2","4","474","1","helper-abort","12","e1d2","6093","6458400","943422.520","14601","6070","1","0","0","0","0","0","0","0","0","0","0","0","0","0","0","0","0","{exception=-, reads_after_abort=0, reads_after_clear=0, search_elapsed_ns=6487200, other_after_abort=0, writes_after_generation=0, abort_ms=6, after_resize=0, other_after_clear=0, after_generation=0, tt_writes=6070, reads_after_generation=0, search=474, helper=1, writes_after_clear=0, writes_after_resize=0, bestmove_ms=6, tt_other=1, event=exit, start_ms=0, completed_depth=12, submit_ms=0, after_abort=0, after_clear=0, reads_after_resize=0, helper_elapsed_ns=6458400, writes_after_abort=0, helper_nodes=6093, bestmove=e1d2, other_after_resize=0, exit_cause=helper-abort, tt_reads=14601, other_after_generation=0, exit_ms=6}"
"measured","5","2","4","474","3","helper-abort","13","e1d2","6050","6247800","968340.856","14515","6040","1","0","0","0","0","0","0","0","0","0","0","0","0","0","0","0","0","{exception=-, reads_after_abort=0, reads_after_clear=0, search_elapsed_ns=6486700, other_after_abort=0, writes_after_generation=0, abort_ms=6, after_resize=0, other_after_clear=0, after_generation=0, tt_writes=6040, reads_after_generation=0, search=474, helper=3, writes_after_clear=0, writes_after_resize=0, bestmove_ms=6, tt_other=1, event=exit, start_ms=0, completed_depth=13, submit_ms=0, after_abort=0, after_clear=0, reads_after_resize=0, helper_elapsed_ns=6247800, writes_after_abort=0, helper_nodes=6050, bestmove=e1d2, other_after_resize=0, exit_cause=helper-abort, tt_reads=14515, other_after_generation=0, exit_ms=6}"
"measured","5","3","2","475","1","helper-abort","13","c4c5","514381","1791861200","287065.203","858094","508641","1","0","0","0","0","0","0","0","0","0","0","0","0","0","0","0","0","{exception=-, reads_after_abort=0, reads_after_clear=0, search_elapsed_ns=1791885400, other_after_abort=0, writes_after_generation=0, abort_ms=1791, after_resize=0, other_after_clear=0, after_generation=0, tt_writes=508641, reads_after_generation=0, search=475, helper=1, writes_after_clear=0, writes_after_resize=0, bestmove_ms=1791, tt_other=1, event=exit, start_ms=0, completed_depth=13, submit_ms=0, after_abort=0, after_clear=0, reads_after_resize=0, helper_elapsed_ns=1791861200, writes_after_abort=0, helper_nodes=514381, bestmove=c4c5, other_after_resize=0, exit_cause=helper-abort, tt_reads=858094, other_after_generation=0, exit_ms=1791}"
"measured","5","3","4","476","1","helper-abort","13","c4c5","459210","1665442200","275728.572","837951","453808","1","0","0","0","0","0","0","0","0","0","0","0","0","0","0","0","0","{exception=-, reads_after_abort=0, reads_after_clear=0, search_elapsed_ns=1665478000, other_after_abort=0, writes_after_generation=0, abort_ms=1665, after_resize=0, other_after_clear=0, after_generation=0, tt_writes=453808, reads_after_generation=0, search=476, helper=1, writes_after_clear=0, writes_after_resize=0, bestmove_ms=1665, tt_other=1, event=exit, start_ms=0, completed_depth=13, submit_ms=0, after_abort=0, after_clear=0, reads_after_resize=0, helper_elapsed_ns=1665442200, writes_after_abort=0, helper_nodes=459210, bestmove=c4c5, other_after_resize=0, exit_cause=helper-abort, tt_reads=837951, other_after_generation=0, exit_ms=1665}"
"measured","5","3","4","476","2","helper-abort","13","c4c5","457893","1665439800","274938.187","837425","452597","1","0","0","0","0","0","0","0","0","0","0","0","0","0","0","0","0","{exception=-, reads_after_abort=0, reads_after_clear=0, search_elapsed_ns=1665478000, other_after_abort=0, writes_after_generation=0, abort_ms=1665, after_resize=0, other_after_clear=0, after_generation=0, tt_writes=452597, reads_after_generation=0, search=476, helper=2, writes_after_clear=0, writes_after_resize=0, bestmove_ms=1665, tt_other=1, event=exit, start_ms=0, completed_depth=13, submit_ms=0, after_abort=0, after_clear=0, reads_after_resize=0, helper_elapsed_ns=1665439800, writes_after_abort=0, helper_nodes=457893, bestmove=c4c5, other_after_resize=0, exit_cause=helper-abort, tt_reads=837425, other_after_generation=0, exit_ms=1665}"
"measured","5","3","4","476","3","helper-abort","13","c4c5","455086","1665420900","273255.848","835386","449521","1","1","0","0","0","1","0","0","0","0","0","0","0","0","0","0","0","{exception=-, reads_after_abort=1, reads_after_clear=0, search_elapsed_ns=1665478000, other_after_abort=0, writes_after_generation=0, abort_ms=1665, after_resize=0, other_after_clear=0, after_generation=0, tt_writes=449521, reads_after_generation=0, search=476, helper=3, writes_after_clear=0, writes_after_resize=0, bestmove_ms=1665, tt_other=1, event=exit, start_ms=0, completed_depth=13, submit_ms=0, after_abort=1, after_clear=0, reads_after_resize=0, helper_elapsed_ns=1665420900, writes_after_abort=0, helper_nodes=455086, bestmove=c4c5, other_after_resize=0, exit_cause=helper-abort, tt_reads=835386, other_after_generation=0, exit_ms=1665}"
"measured","5","4","4","478","2","helper-abort","13","b5c4","173295","483249900","358603.282","287319","172459","1","0","0","0","0","0","0","0","0","0","0","0","0","0","0","0","0","{exception=-, reads_after_abort=0, reads_after_clear=0, search_elapsed_ns=483295100, other_after_abort=0, writes_after_generation=0, abort_ms=483, after_resize=0, other_after_clear=0, after_generation=0, tt_writes=172459, reads_after_generation=0, search=478, helper=2, writes_after_clear=0, writes_after_resize=0, bestmove_ms=483, tt_other=1, event=exit, start_ms=0, completed_depth=13, submit_ms=0, after_abort=0, after_clear=0, reads_after_resize=0, helper_elapsed_ns=483249900, writes_after_abort=0, helper_nodes=173295, bestmove=b5c4, other_after_resize=0, exit_cause=helper-abort, tt_reads=287319, other_after_generation=0, exit_ms=483}"
"measured","5","4","4","478","3","helper-abort","13","b5c4","174500","483240700","361103.690","272906","173681","1","0","0","0","0","0","0","0","0","0","0","0","0","0","0","0","0","{exception=-, reads_after_abort=0, reads_after_clear=0, search_elapsed_ns=483295200, other_after_abort=0, writes_after_generation=0, abort_ms=483, after_resize=0, other_after_clear=0, after_generation=0, tt_writes=173681, reads_after_generation=0, search=478, helper=3, writes_after_clear=0, writes_after_resize=0, bestmove_ms=483, tt_other=1, event=exit, start_ms=0, completed_depth=13, submit_ms=0, after_abort=0, after_clear=0, reads_after_resize=0, helper_elapsed_ns=483240700, writes_after_abort=0, helper_nodes=174500, bestmove=b5c4, other_after_resize=0, exit_cause=helper-abort, tt_reads=272906, other_after_generation=0, exit_ms=483}"
"measured","5","4","4","478","1","helper-abort","13","b5c4","169744","483260300","351247.557","274742","168895","1","0","0","0","0","0","0","0","0","0","0","0","0","0","0","0","0","{exception=-, reads_after_abort=0, reads_after_clear=0, search_elapsed_ns=483295200, other_after_abort=0, writes_after_generation=0, abort_ms=483, after_resize=0, other_after_clear=0, after_generation=0, tt_writes=168895, reads_after_generation=0, search=478, helper=1, writes_after_clear=0, writes_after_resize=0, bestmove_ms=483, tt_other=1, event=exit, start_ms=0, completed_depth=13, submit_ms=0, after_abort=0, after_clear=0, reads_after_resize=0, helper_elapsed_ns=483260300, writes_after_abort=0, helper_nodes=169744, bestmove=b5c4, other_after_resize=0, exit_cause=helper-abort, tt_reads=274742, other_after_generation=0, exit_ms=483}"
"measured","5","4","2","480","1","helper-abort","13","b5c4","243647","650941900","374299.150","371983","242650","1","0","0","0","0","0","0","0","0","0","0","0","0","0","0","0","0","{exception=-, reads_after_abort=0, reads_after_clear=0, search_elapsed_ns=650976800, other_after_abort=0, writes_after_generation=0, abort_ms=650, after_resize=0, other_after_clear=0, after_generation=0, tt_writes=242650, reads_after_generation=0, search=480, helper=1, writes_after_clear=0, writes_after_resize=0, bestmove_ms=650, tt_other=1, event=exit, start_ms=0, completed_depth=13, submit_ms=0, after_abort=0, after_clear=0, reads_after_resize=0, helper_elapsed_ns=650941900, writes_after_abort=0, helper_nodes=243647, bestmove=b5c4, other_after_resize=0, exit_cause=helper-abort, tt_reads=371983, other_after_generation=0, exit_ms=650}"
"measured","5","5","2","482","1","helper-abort","13","c3e2","761867","2187674200","348254.324","1053595","754645","1","0","0","0","0","0","0","0","0","0","0","0","0","0","0","0","0","{exception=-, reads_after_abort=0, reads_after_clear=0, search_elapsed_ns=2187720700, other_after_abort=0, writes_after_generation=0, abort_ms=2187, after_resize=0, other_after_clear=0, after_generation=0, tt_writes=754645, reads_after_generation=0, search=482, helper=1, writes_after_clear=0, writes_after_resize=0, bestmove_ms=2187, tt_other=1, event=exit, start_ms=0, completed_depth=13, submit_ms=0, after_abort=0, after_clear=0, reads_after_resize=0, helper_elapsed_ns=2187674200, writes_after_abort=0, helper_nodes=761867, bestmove=c3e2, other_after_resize=0, exit_cause=helper-abort, tt_reads=1053595, other_after_generation=0, exit_ms=2187}"
"measured","5","5","4","483","3","helper-abort","13","d1d3","312991","944473900","331391.900","484586","309894","1","0","0","0","0","0","0","0","0","0","0","0","0","0","0","0","0","{exception=-, reads_after_abort=0, reads_after_clear=0, search_elapsed_ns=944523900, other_after_abort=0, writes_after_generation=0, abort_ms=944, after_resize=0, other_after_clear=0, after_generation=0, tt_writes=309894, reads_after_generation=0, search=483, helper=3, writes_after_clear=0, writes_after_resize=0, bestmove_ms=944, tt_other=1, event=exit, start_ms=0, completed_depth=13, submit_ms=0, after_abort=0, after_clear=0, reads_after_resize=0, helper_elapsed_ns=944473900, writes_after_abort=0, helper_nodes=312991, bestmove=d1d3, other_after_resize=0, exit_cause=helper-abort, tt_reads=484586, other_after_generation=0, exit_ms=944}"
"measured","5","5","4","483","1","helper-abort","12","d1d3","318035","944495700","336724.667","507063","315015","1","0","0","0","0","0","0","0","0","0","0","0","0","0","0","0","0","{exception=-, reads_after_abort=0, reads_after_clear=0, search_elapsed_ns=944524700, other_after_abort=0, writes_after_generation=0, abort_ms=944, after_resize=0, other_after_clear=0, after_generation=0, tt_writes=315015, reads_after_generation=0, search=483, helper=1, writes_after_clear=0, writes_after_resize=0, bestmove_ms=944, tt_other=1, event=exit, start_ms=0, completed_depth=12, submit_ms=0, after_abort=0, after_clear=0, reads_after_resize=0, helper_elapsed_ns=944495700, writes_after_abort=0, helper_nodes=318035, bestmove=d1d3, other_after_resize=0, exit_cause=helper-abort, tt_reads=507063, other_after_generation=0, exit_ms=944}"
"measured","5","5","4","483","2","helper-abort","13","d1d3","312274","944479800","330630.682","488143","309054","1","0","0","0","0","0","0","0","0","0","0","0","0","0","0","0","0","{exception=-, reads_after_abort=0, reads_after_clear=0, search_elapsed_ns=944523400, other_after_abort=0, writes_after_generation=0, abort_ms=944, after_resize=0, other_after_clear=0, after_generation=0, tt_writes=309054, reads_after_generation=0, search=483, helper=2, writes_after_clear=0, writes_after_resize=0, bestmove_ms=944, tt_other=1, event=exit, start_ms=0, completed_depth=13, submit_ms=0, after_abort=0, after_clear=0, reads_after_resize=0, helper_elapsed_ns=944479800, writes_after_abort=0, helper_nodes=312274, bestmove=d1d3, other_after_resize=0, exit_cause=helper-abort, tt_reads=488143, other_after_generation=0, exit_ms=944}"
"measured","5","6","2","484","1","helper-abort","13","b4b2","436902","1212953700","360196.766","689735","433698","1","0","0","0","0","0","0","0","0","0","0","0","0","0","0","0","0","{exception=-, reads_after_abort=0, reads_after_clear=0, search_elapsed_ns=1212978700, other_after_abort=0, writes_after_generation=0, abort_ms=1212, after_resize=0, other_after_clear=0, after_generation=0, tt_writes=433698, reads_after_generation=0, search=484, helper=1, writes_after_clear=0, writes_after_resize=0, bestmove_ms=1212, tt_other=1, event=exit, start_ms=0, completed_depth=13, submit_ms=0, after_abort=0, after_clear=0, reads_after_resize=0, helper_elapsed_ns=1212953700, writes_after_abort=0, helper_nodes=436902, bestmove=b4b2, other_after_resize=0, exit_cause=helper-abort, tt_reads=689735, other_after_generation=0, exit_ms=1212}"
"measured","5","6","4","485","2","helper-abort","12","b4b2","392536","1146711400","342314.553","706189","390104","1","0","0","0","0","0","0","0","0","0","0","0","0","0","0","0","0","{exception=-, reads_after_abort=0, reads_after_clear=0, search_elapsed_ns=1146749800, other_after_abort=0, writes_after_generation=0, abort_ms=1146, after_resize=0, other_after_clear=0, after_generation=0, tt_writes=390104, reads_after_generation=0, search=485, helper=2, writes_after_clear=0, writes_after_resize=0, bestmove_ms=1146, tt_other=1, event=exit, start_ms=0, completed_depth=12, submit_ms=0, after_abort=0, after_clear=0, reads_after_resize=0, helper_elapsed_ns=1146711400, writes_after_abort=0, helper_nodes=392536, bestmove=b4b2, other_after_resize=0, exit_cause=helper-abort, tt_reads=706189, other_after_generation=0, exit_ms=1146}"
"measured","5","6","4","485","1","helper-abort","13","b4b2","393295","1146707300","342977.672","728316","390906","1","0","0","0","0","0","0","0","0","0","0","0","0","0","0","0","0","{exception=-, reads_after_abort=0, reads_after_clear=0, search_elapsed_ns=1146743600, other_after_abort=0, writes_after_generation=0, abort_ms=1146, after_resize=0, other_after_clear=0, after_generation=0, tt_writes=390906, reads_after_generation=0, search=485, helper=1, writes_after_clear=0, writes_after_resize=0, bestmove_ms=1146, tt_other=1, event=exit, start_ms=0, completed_depth=13, submit_ms=0, after_abort=0, after_clear=0, reads_after_resize=0, helper_elapsed_ns=1146707300, writes_after_abort=0, helper_nodes=393295, bestmove=b4b2, other_after_resize=0, exit_cause=helper-abort, tt_reads=728316, other_after_generation=0, exit_ms=1146}"
"measured","5","6","4","485","3","helper-abort","13","b4b2","386671","1146691300","337205.837","713376","384235","1","0","0","0","0","0","0","0","0","0","0","0","0","0","0","0","0","{exception=-, reads_after_abort=0, reads_after_clear=0, search_elapsed_ns=1146744300, other_after_abort=0, writes_after_generation=0, abort_ms=1146, after_resize=0, other_after_clear=0, after_generation=0, tt_writes=384235, reads_after_generation=0, search=485, helper=3, writes_after_clear=0, writes_after_resize=0, bestmove_ms=1146, tt_other=1, event=exit, start_ms=0, completed_depth=13, submit_ms=0, after_abort=0, after_clear=0, reads_after_resize=0, helper_elapsed_ns=1146691300, writes_after_abort=0, helper_nodes=386671, bestmove=b4b2, other_after_resize=0, exit_cause=helper-abort, tt_reads=713376, other_after_generation=0, exit_ms=1146}"
"measured","5","7","4","487","1","helper-abort","13","f3d4","495778","1226007000","404384.314","699023","491459","1","2","0","0","0","0","2","0","0","0","0","0","0","0","0","0","0","{exception=-, reads_after_abort=0, reads_after_clear=0, search_elapsed_ns=1226056200, other_after_abort=0, writes_after_generation=0, abort_ms=1226, after_resize=0, other_after_clear=0, after_generation=0, tt_writes=491459, reads_after_generation=0, search=487, helper=1, writes_after_clear=0, writes_after_resize=0, bestmove_ms=1226, tt_other=1, event=exit, start_ms=0, completed_depth=13, submit_ms=0, after_abort=2, after_clear=0, reads_after_resize=0, helper_elapsed_ns=1226007000, writes_after_abort=2, helper_nodes=495778, bestmove=f3d4, other_after_resize=0, exit_cause=helper-abort, tt_reads=699023, other_after_generation=0, exit_ms=1226}"
"measured","5","7","4","487","3","helper-abort","13","f3d4","492872","1225989000","402019.920","691384","489069","1","2","0","0","0","0","2","0","0","0","0","0","0","0","0","0","0","{exception=-, reads_after_abort=0, reads_after_clear=0, search_elapsed_ns=1226056200, other_after_abort=0, writes_after_generation=0, abort_ms=1226, after_resize=0, other_after_clear=0, after_generation=0, tt_writes=489069, reads_after_generation=0, search=487, helper=3, writes_after_clear=0, writes_after_resize=0, bestmove_ms=1226, tt_other=1, event=exit, start_ms=0, completed_depth=13, submit_ms=0, after_abort=2, after_clear=0, reads_after_resize=0, helper_elapsed_ns=1225989000, writes_after_abort=2, helper_nodes=492872, bestmove=f3d4, other_after_resize=0, exit_cause=helper-abort, tt_reads=691384, other_after_generation=0, exit_ms=1226}"
"measured","5","7","4","487","2","helper-abort","13","f3d4","489476","1226007200","399243.985","690411","485427","1","0","0","0","0","0","0","0","0","0","0","0","0","0","0","0","0","{exception=-, reads_after_abort=0, reads_after_clear=0, search_elapsed_ns=1226056400, other_after_abort=0, writes_after_generation=0, abort_ms=1226, after_resize=0, other_after_clear=0, after_generation=0, tt_writes=485427, reads_after_generation=0, search=487, helper=2, writes_after_clear=0, writes_after_resize=0, bestmove_ms=1226, tt_other=1, event=exit, start_ms=0, completed_depth=13, submit_ms=0, after_abort=0, after_clear=0, reads_after_resize=0, helper_elapsed_ns=1226007200, writes_after_abort=0, helper_nodes=489476, bestmove=f3d4, other_after_resize=0, exit_cause=helper-abort, tt_reads=690411, other_after_generation=0, exit_ms=1226}"
"measured","5","7","2","489","1","helper-abort","13","h3f5","928026","2222639500","417533.298","1209550","919365","1","0","0","0","0","0","0","0","0","0","0","0","0","0","0","0","0","{exception=-, reads_after_abort=0, reads_after_clear=0, search_elapsed_ns=2222676400, other_after_abort=0, writes_after_generation=0, abort_ms=2222, after_resize=0, other_after_clear=0, after_generation=0, tt_writes=919365, reads_after_generation=0, search=489, helper=1, writes_after_clear=0, writes_after_resize=0, bestmove_ms=2222, tt_other=1, event=exit, start_ms=0, completed_depth=13, submit_ms=0, after_abort=0, after_clear=0, reads_after_resize=0, helper_elapsed_ns=2222639500, writes_after_abort=0, helper_nodes=928026, bestmove=h3f5, other_after_resize=0, exit_cause=helper-abort, tt_reads=1209550, other_after_generation=0, exit_ms=2222}"
"measured","5","8","2","491","1","helper-abort","13","b3c2","762728","2010747500","379325.599","1198277","759258","1","0","0","0","0","0","0","0","0","0","0","0","0","0","0","0","0","{exception=-, reads_after_abort=0, reads_after_clear=0, search_elapsed_ns=2010794700, other_after_abort=0, writes_after_generation=0, abort_ms=2010, after_resize=0, other_after_clear=0, after_generation=0, tt_writes=759258, reads_after_generation=0, search=491, helper=1, writes_after_clear=0, writes_after_resize=0, bestmove_ms=2010, tt_other=1, event=exit, start_ms=0, completed_depth=13, submit_ms=0, after_abort=0, after_clear=0, reads_after_resize=0, helper_elapsed_ns=2010747500, writes_after_abort=0, helper_nodes=762728, bestmove=b3c2, other_after_resize=0, exit_cause=helper-abort, tt_reads=1198277, other_after_generation=0, exit_ms=2010}"
"measured","5","8","4","492","2","helper-abort","13","b3c2","551616","1606060700","343458.999","957442","548594","1","0","0","0","0","0","0","0","0","0","0","0","0","0","0","0","0","{exception=-, reads_after_abort=0, reads_after_clear=0, search_elapsed_ns=1606139800, other_after_abort=0, writes_after_generation=0, abort_ms=1606, after_resize=0, other_after_clear=0, after_generation=0, tt_writes=548594, reads_after_generation=0, search=492, helper=2, writes_after_clear=0, writes_after_resize=0, bestmove_ms=1606, tt_other=1, event=exit, start_ms=0, completed_depth=13, submit_ms=0, after_abort=0, after_clear=0, reads_after_resize=0, helper_elapsed_ns=1606060700, writes_after_abort=0, helper_nodes=551616, bestmove=b3c2, other_after_resize=0, exit_cause=helper-abort, tt_reads=957442, other_after_generation=0, exit_ms=1606}"
"measured","5","8","4","492","3","helper-abort","12","b3c2","569137","1606056900","354369.138","949067","566408","1","0","0","0","0","0","0","0","0","0","0","0","0","0","0","0","0","{exception=-, reads_after_abort=0, reads_after_clear=0, search_elapsed_ns=1606142900, other_after_abort=0, writes_after_generation=0, abort_ms=1606, after_resize=0, other_after_clear=0, after_generation=0, tt_writes=566408, reads_after_generation=0, search=492, helper=3, writes_after_clear=0, writes_after_resize=0, bestmove_ms=1606, tt_other=1, event=exit, start_ms=0, completed_depth=12, submit_ms=0, after_abort=0, after_clear=0, reads_after_resize=0, helper_elapsed_ns=1606056900, writes_after_abort=0, helper_nodes=569137, bestmove=b3c2, other_after_resize=0, exit_cause=helper-abort, tt_reads=949067, other_after_generation=0, exit_ms=1606}"
"measured","5","8","4","492","1","helper-abort","12","b3c2","565181","1606080500","351900.792","963972","562277","1","1","0","0","0","0","1","0","0","0","0","0","0","0","0","0","0","{exception=-, reads_after_abort=0, reads_after_clear=0, search_elapsed_ns=1606142800, other_after_abort=0, writes_after_generation=0, abort_ms=1606, after_resize=0, other_after_clear=0, after_generation=0, tt_writes=562277, reads_after_generation=0, search=492, helper=1, writes_after_clear=0, writes_after_resize=0, bestmove_ms=1606, tt_other=1, event=exit, start_ms=0, completed_depth=12, submit_ms=0, after_abort=1, after_clear=0, reads_after_resize=0, helper_elapsed_ns=1606080500, writes_after_abort=1, helper_nodes=565181, bestmove=b3c2, other_after_resize=0, exit_cause=helper-abort, tt_reads=963972, other_after_generation=0, exit_ms=1606}"
"measured","5","9","2","493","1","helper-abort","13","c6g6","224215","449309600","499021.165","335422","222729","1","0","0","0","0","0","0","0","0","0","0","0","0","0","0","0","0","{exception=-, reads_after_abort=0, reads_after_clear=0, search_elapsed_ns=449344400, other_after_abort=0, writes_after_generation=0, abort_ms=449, after_resize=0, other_after_clear=0, after_generation=0, tt_writes=222729, reads_after_generation=0, search=493, helper=1, writes_after_clear=0, writes_after_resize=0, bestmove_ms=449, tt_other=1, event=exit, start_ms=0, completed_depth=13, submit_ms=0, after_abort=0, after_clear=0, reads_after_resize=0, helper_elapsed_ns=449309600, writes_after_abort=0, helper_nodes=224215, bestmove=c6g6, other_after_resize=0, exit_cause=helper-abort, tt_reads=335422, other_after_generation=0, exit_ms=449}"
"measured","5","9","4","494","2","helper-abort","13","c6g6","155321","324241300","479029.044","255201","154355","1","0","0","0","0","0","0","0","0","0","0","0","0","0","0","0","0","{exception=-, reads_after_abort=0, reads_after_clear=0, search_elapsed_ns=324276000, other_after_abort=0, writes_after_generation=0, abort_ms=324, after_resize=0, other_after_clear=0, after_generation=0, tt_writes=154355, reads_after_generation=0, search=494, helper=2, writes_after_clear=0, writes_after_resize=0, bestmove_ms=324, tt_other=1, event=exit, start_ms=0, completed_depth=13, submit_ms=0, after_abort=0, after_clear=0, reads_after_resize=0, helper_elapsed_ns=324241300, writes_after_abort=0, helper_nodes=155321, bestmove=c6g6, other_after_resize=0, exit_cause=helper-abort, tt_reads=255201, other_after_generation=0, exit_ms=324}"
"measured","5","9","4","494","1","helper-abort","13","c6g6","162468","324246300","501063.543","263394","161448","1","0","0","0","0","0","0","0","0","0","0","0","0","0","0","0","0","{exception=-, reads_after_abort=0, reads_after_clear=0, search_elapsed_ns=324276200, other_after_abort=0, writes_after_generation=0, abort_ms=324, after_resize=0, other_after_clear=0, after_generation=0, tt_writes=161448, reads_after_generation=0, search=494, helper=1, writes_after_clear=0, writes_after_resize=0, bestmove_ms=324, tt_other=1, event=exit, start_ms=0, completed_depth=13, submit_ms=0, after_abort=0, after_clear=0, reads_after_resize=0, helper_elapsed_ns=324246300, writes_after_abort=0, helper_nodes=162468, bestmove=c6g6, other_after_resize=0, exit_cause=helper-abort, tt_reads=263394, other_after_generation=0, exit_ms=324}"
"measured","5","9","4","494","3","helper-abort","13","c6g6","150997","324221400","465721.880","254274","149923","1","0","0","0","0","0","0","0","0","0","0","0","0","0","0","0","0","{exception=-, reads_after_abort=0, reads_after_clear=0, search_elapsed_ns=324276100, other_after_abort=0, writes_after_generation=0, abort_ms=324, after_resize=0, other_after_clear=0, after_generation=0, tt_writes=149923, reads_after_generation=0, search=494, helper=3, writes_after_clear=0, writes_after_resize=0, bestmove_ms=324, tt_other=1, event=exit, start_ms=0, completed_depth=13, submit_ms=0, after_abort=0, after_clear=0, reads_after_resize=0, helper_elapsed_ns=324221400, writes_after_abort=0, helper_nodes=150997, bestmove=c6g6, other_after_resize=0, exit_cause=helper-abort, tt_reads=254274, other_after_generation=0, exit_ms=324}"
"measured","5","10","4","496","2","helper-abort","12","a7a6","722507","2246996700","321543.418","926704","718890","1","0","0","0","0","0","0","0","0","0","0","0","0","0","0","0","0","{exception=-, reads_after_abort=0, reads_after_clear=0, search_elapsed_ns=2247033600, other_after_abort=0, writes_after_generation=0, abort_ms=2247, after_resize=0, other_after_clear=0, after_generation=0, tt_writes=718890, reads_after_generation=0, search=496, helper=2, writes_after_clear=0, writes_after_resize=0, bestmove_ms=2247, tt_other=1, event=exit, start_ms=0, completed_depth=12, submit_ms=0, after_abort=0, after_clear=0, reads_after_resize=0, helper_elapsed_ns=2246996700, writes_after_abort=0, helper_nodes=722507, bestmove=a7a6, other_after_resize=0, exit_cause=helper-abort, tt_reads=926704, other_after_generation=0, exit_ms=2247}"
"measured","5","10","4","496","3","helper-abort","12","c6d4","731695","2246990700","325633.301","947969","727787","1","0","0","0","0","0","0","0","0","0","0","0","0","0","0","0","0","{exception=-, reads_after_abort=0, reads_after_clear=0, search_elapsed_ns=2247033200, other_after_abort=0, writes_after_generation=0, abort_ms=2247, after_resize=0, other_after_clear=0, after_generation=0, tt_writes=727787, reads_after_generation=0, search=496, helper=3, writes_after_clear=0, writes_after_resize=0, bestmove_ms=2247, tt_other=1, event=exit, start_ms=0, completed_depth=12, submit_ms=0, after_abort=0, after_clear=0, reads_after_resize=0, helper_elapsed_ns=2246990700, writes_after_abort=0, helper_nodes=731695, bestmove=c6d4, other_after_resize=0, exit_cause=helper-abort, tt_reads=947969, other_after_generation=0, exit_ms=2247}"
"measured","5","10","4","496","1","helper-abort","13","a7a6","723732","2246993100","322089.107","947719","719832","1","0","0","0","0","0","0","0","0","0","0","0","0","0","0","0","0","{exception=-, reads_after_abort=0, reads_after_clear=0, search_elapsed_ns=2247029900, other_after_abort=0, writes_after_generation=0, abort_ms=2247, after_resize=0, other_after_clear=0, after_generation=0, tt_writes=719832, reads_after_generation=0, search=496, helper=1, writes_after_clear=0, writes_after_resize=0, bestmove_ms=2247, tt_other=1, event=exit, start_ms=0, completed_depth=13, submit_ms=0, after_abort=0, after_clear=0, reads_after_resize=0, helper_elapsed_ns=2246993100, writes_after_abort=0, helper_nodes=723732, bestmove=a7a6, other_after_resize=0, exit_cause=helper-abort, tt_reads=947719, other_after_generation=0, exit_ms=2247}"
"measured","5","10","2","498","1","helper-abort","13","a7a6","1002542","2972941900","337222.197","1271627","997297","1","0","0","0","0","0","0","0","0","0","0","0","0","0","0","0","0","{exception=-, reads_after_abort=0, reads_after_clear=0, search_elapsed_ns=2972977900, other_after_abort=0, writes_after_generation=0, abort_ms=2972, after_resize=0, other_after_clear=0, after_generation=0, tt_writes=997297, reads_after_generation=0, search=498, helper=1, writes_after_clear=0, writes_after_resize=0, bestmove_ms=2972, tt_other=1, event=exit, start_ms=0, completed_depth=13, submit_ms=0, after_abort=0, after_clear=0, reads_after_resize=0, helper_elapsed_ns=2972941900, writes_after_abort=0, helper_nodes=1002542, bestmove=a7a6, other_after_resize=0, exit_cause=helper-abort, tt_reads=1271627, other_after_generation=0, exit_ms=2972}"
"measured","5","11","2","500","1","helper-abort","13","e4f3","108838","157707000","690127.895","193997","105685","1","0","0","0","0","0","0","0","0","0","0","0","0","0","0","0","0","{exception=-, reads_after_abort=0, reads_after_clear=0, search_elapsed_ns=157743200, other_after_abort=0, writes_after_generation=0, abort_ms=157, after_resize=0, other_after_clear=0, after_generation=0, tt_writes=105685, reads_after_generation=0, search=500, helper=1, writes_after_clear=0, writes_after_resize=0, bestmove_ms=157, tt_other=1, event=exit, start_ms=0, completed_depth=13, submit_ms=0, after_abort=0, after_clear=0, reads_after_resize=0, helper_elapsed_ns=157707000, writes_after_abort=0, helper_nodes=108838, bestmove=e4f3, other_after_resize=0, exit_cause=helper-abort, tt_reads=193997, other_after_generation=0, exit_ms=157}"
"measured","5","11","4","501","1","helper-abort","13","e4f3","120056","172418900","696304.175","217025","117777","1","0","0","0","0","0","0","0","0","0","0","0","0","0","0","0","0","{exception=-, reads_after_abort=0, reads_after_clear=0, search_elapsed_ns=172454000, other_after_abort=0, writes_after_generation=0, abort_ms=172, after_resize=0, other_after_clear=0, after_generation=0, tt_writes=117777, reads_after_generation=0, search=501, helper=1, writes_after_clear=0, writes_after_resize=0, bestmove_ms=172, tt_other=1, event=exit, start_ms=0, completed_depth=13, submit_ms=0, after_abort=0, after_clear=0, reads_after_resize=0, helper_elapsed_ns=172418900, writes_after_abort=0, helper_nodes=120056, bestmove=e4f3, other_after_resize=0, exit_cause=helper-abort, tt_reads=217025, other_after_generation=0, exit_ms=172}"
"measured","5","11","4","501","3","helper-abort","13","e4f3","118750","172405700","688782.331","215357","116383","1","0","0","0","0","0","0","0","0","0","0","0","0","0","0","0","0","{exception=-, reads_after_abort=0, reads_after_clear=0, search_elapsed_ns=172453900, other_after_abort=0, writes_after_generation=0, abort_ms=172, after_resize=0, other_after_clear=0, after_generation=0, tt_writes=116383, reads_after_generation=0, search=501, helper=3, writes_after_clear=0, writes_after_resize=0, bestmove_ms=172, tt_other=1, event=exit, start_ms=0, completed_depth=13, submit_ms=0, after_abort=0, after_clear=0, reads_after_resize=0, helper_elapsed_ns=172405700, writes_after_abort=0, helper_nodes=118750, bestmove=e4f3, other_after_resize=0, exit_cause=helper-abort, tt_reads=215357, other_after_generation=0, exit_ms=172}"
"measured","5","11","4","501","2","helper-abort","13","e4f3","120747","172404900","700368.725","217439","118548","1","0","0","0","0","0","0","0","0","0","0","0","0","0","0","0","0","{exception=-, reads_after_abort=0, reads_after_clear=0, search_elapsed_ns=172454000, other_after_abort=0, writes_after_generation=0, abort_ms=172, after_resize=0, other_after_clear=0, after_generation=0, tt_writes=118548, reads_after_generation=0, search=501, helper=2, writes_after_clear=0, writes_after_resize=0, bestmove_ms=172, tt_other=1, event=exit, start_ms=0, completed_depth=13, submit_ms=0, after_abort=0, after_clear=0, reads_after_resize=0, helper_elapsed_ns=172404900, writes_after_abort=0, helper_nodes=120747, bestmove=e4f3, other_after_resize=0, exit_cause=helper-abort, tt_reads=217439, other_after_generation=0, exit_ms=172}"
"measured","5","12","2","502","1","helper-abort","13","g6f5","25860","26453700","977557.015","51324","25444","1","0","0","0","0","0","0","0","0","0","0","0","0","0","0","0","0","{exception=-, reads_after_abort=0, reads_after_clear=0, search_elapsed_ns=26483500, other_after_abort=0, writes_after_generation=0, abort_ms=26, after_resize=0, other_after_clear=0, after_generation=0, tt_writes=25444, reads_after_generation=0, search=502, helper=1, writes_after_clear=0, writes_after_resize=0, bestmove_ms=26, tt_other=1, event=exit, start_ms=0, completed_depth=13, submit_ms=0, after_abort=0, after_clear=0, reads_after_resize=0, helper_elapsed_ns=26453700, writes_after_abort=0, helper_nodes=25860, bestmove=g6f5, other_after_resize=0, exit_cause=helper-abort, tt_reads=51324, other_after_generation=0, exit_ms=26}"
"measured","5","12","4","503","3","helper-abort","13","g6f5","19417","21058900","922032.965","36451","18969","1","0","0","0","0","0","0","0","0","0","0","0","0","0","0","0","0","{exception=-, reads_after_abort=0, reads_after_clear=0, search_elapsed_ns=21101900, other_after_abort=0, writes_after_generation=0, abort_ms=21, after_resize=0, other_after_clear=0, after_generation=0, tt_writes=18969, reads_after_generation=0, search=503, helper=3, writes_after_clear=0, writes_after_resize=0, bestmove_ms=21, tt_other=1, event=exit, start_ms=0, completed_depth=13, submit_ms=0, after_abort=0, after_clear=0, reads_after_resize=0, helper_elapsed_ns=21058900, writes_after_abort=0, helper_nodes=19417, bestmove=g6f5, other_after_resize=0, exit_cause=helper-abort, tt_reads=36451, other_after_generation=0, exit_ms=21}"
"measured","5","12","4","503","2","helper-abort","13","g6f5","16905","21060700","802679.873","33220","16524","1","0","0","0","0","0","0","0","0","0","0","0","0","0","0","0","0","{exception=-, reads_after_abort=0, reads_after_clear=0, search_elapsed_ns=21101900, other_after_abort=0, writes_after_generation=0, abort_ms=21, after_resize=0, other_after_clear=0, after_generation=0, tt_writes=16524, reads_after_generation=0, search=503, helper=2, writes_after_clear=0, writes_after_resize=0, bestmove_ms=21, tt_other=1, event=exit, start_ms=0, completed_depth=13, submit_ms=0, after_abort=0, after_clear=0, reads_after_resize=0, helper_elapsed_ns=21060700, writes_after_abort=0, helper_nodes=16905, bestmove=g6f5, other_after_resize=0, exit_cause=helper-abort, tt_reads=33220, other_after_generation=0, exit_ms=21}"
"measured","5","12","4","503","1","helper-abort","13","g6f5","17327","21062900","822631.262","33607","16960","1","0","0","0","0","0","0","0","0","0","0","0","0","0","0","0","0","{exception=-, reads_after_abort=0, reads_after_clear=0, search_elapsed_ns=21101900, other_after_abort=0, writes_after_generation=0, abort_ms=21, after_resize=0, other_after_clear=0, after_generation=0, tt_writes=16960, reads_after_generation=0, search=503, helper=1, writes_after_clear=0, writes_after_resize=0, bestmove_ms=21, tt_other=1, event=exit, start_ms=0, completed_depth=13, submit_ms=0, after_abort=0, after_clear=0, reads_after_resize=0, helper_elapsed_ns=21062900, writes_after_abort=0, helper_nodes=17327, bestmove=g6f5, other_after_resize=0, exit_cause=helper-abort, tt_reads=33607, other_after_generation=0, exit_ms=21}"
"measured","5","13","4","505","3","helper-abort","12","b4f4","111942","226592900","494022.540","179310","111360","1","2","0","0","0","0","2","0","0","0","0","0","0","0","0","0","0","{exception=-, reads_after_abort=0, reads_after_clear=0, search_elapsed_ns=226632100, other_after_abort=0, writes_after_generation=0, abort_ms=226, after_resize=0, other_after_clear=0, after_generation=0, tt_writes=111360, reads_after_generation=0, search=505, helper=3, writes_after_clear=0, writes_after_resize=0, bestmove_ms=226, tt_other=1, event=exit, start_ms=0, completed_depth=12, submit_ms=0, after_abort=2, after_clear=0, reads_after_resize=0, helper_elapsed_ns=226592900, writes_after_abort=2, helper_nodes=111942, bestmove=b4f4, other_after_resize=0, exit_cause=helper-abort, tt_reads=179310, other_after_generation=0, exit_ms=226}"
"measured","5","13","4","505","2","helper-abort","12","b4f4","116135","226594500","512523.473","183812","115557","1","0","0","0","0","0","0","0","0","0","0","0","0","0","0","0","0","{exception=-, reads_after_abort=0, reads_after_clear=0, search_elapsed_ns=226630400, other_after_abort=0, writes_after_generation=0, abort_ms=226, after_resize=0, other_after_clear=0, after_generation=0, tt_writes=115557, reads_after_generation=0, search=505, helper=2, writes_after_clear=0, writes_after_resize=0, bestmove_ms=226, tt_other=1, event=exit, start_ms=0, completed_depth=12, submit_ms=0, after_abort=0, after_clear=0, reads_after_resize=0, helper_elapsed_ns=226594500, writes_after_abort=0, helper_nodes=116135, bestmove=b4f4, other_after_resize=0, exit_cause=helper-abort, tt_reads=183812, other_after_generation=0, exit_ms=226}"
"measured","5","13","4","505","1","helper-abort","13","b4f4","112605","226597900","496937.527","182413","112107","1","0","0","0","0","0","0","0","0","0","0","0","0","0","0","0","0","{exception=-, reads_after_abort=0, reads_after_clear=0, search_elapsed_ns=226630200, other_after_abort=0, writes_after_generation=0, abort_ms=226, after_resize=0, other_after_clear=0, after_generation=0, tt_writes=112107, reads_after_generation=0, search=505, helper=1, writes_after_clear=0, writes_after_resize=0, bestmove_ms=226, tt_other=1, event=exit, start_ms=0, completed_depth=13, submit_ms=0, after_abort=0, after_clear=0, reads_after_resize=0, helper_elapsed_ns=226597900, writes_after_abort=0, helper_nodes=112605, bestmove=b4f4, other_after_resize=0, exit_cause=helper-abort, tt_reads=182413, other_after_generation=0, exit_ms=226}"
"measured","5","13","2","507","1","helper-abort","13","b4f4","73008","133848600","545452.100","120190","72335","1","1","0","0","0","0","1","0","0","0","0","0","0","0","0","0","0","{exception=-, reads_after_abort=0, reads_after_clear=0, search_elapsed_ns=133887900, other_after_abort=0, writes_after_generation=0, abort_ms=133, after_resize=0, other_after_clear=0, after_generation=0, tt_writes=72335, reads_after_generation=0, search=507, helper=1, writes_after_clear=0, writes_after_resize=0, bestmove_ms=133, tt_other=1, event=exit, start_ms=0, completed_depth=13, submit_ms=0, after_abort=1, after_clear=0, reads_after_resize=0, helper_elapsed_ns=133848600, writes_after_abort=1, helper_nodes=73008, bestmove=b4f4, other_after_resize=0, exit_cause=helper-abort, tt_reads=120190, other_after_generation=0, exit_ms=133}"
"measured","5","14","2","509","1","helper-abort","13","a1c1","768069","2386712100","321810.494","1049240","763512","1","0","0","0","0","0","0","0","0","0","0","0","0","0","0","0","0","{exception=-, reads_after_abort=0, reads_after_clear=0, search_elapsed_ns=2386751900, other_after_abort=0, writes_after_generation=0, abort_ms=2386, after_resize=0, other_after_clear=0, after_generation=0, tt_writes=763512, reads_after_generation=0, search=509, helper=1, writes_after_clear=0, writes_after_resize=0, bestmove_ms=2386, tt_other=1, event=exit, start_ms=0, completed_depth=13, submit_ms=0, after_abort=0, after_clear=0, reads_after_resize=0, helper_elapsed_ns=2386712100, writes_after_abort=0, helper_nodes=768069, bestmove=a1c1, other_after_resize=0, exit_cause=helper-abort, tt_reads=1049240, other_after_generation=0, exit_ms=2386}"
"measured","5","14","4","510","1","helper-abort","13","d1d3","563761","1814846600","310638.376","773995","560180","1","0","0","0","0","0","0","0","0","0","0","0","0","0","0","0","0","{exception=-, reads_after_abort=0, reads_after_clear=0, search_elapsed_ns=1814878400, other_after_abort=0, writes_after_generation=0, abort_ms=1814, after_resize=0, other_after_clear=0, after_generation=0, tt_writes=560180, reads_after_generation=0, search=510, helper=1, writes_after_clear=0, writes_after_resize=0, bestmove_ms=1814, tt_other=1, event=exit, start_ms=0, completed_depth=13, submit_ms=0, after_abort=0, after_clear=0, reads_after_resize=0, helper_elapsed_ns=1814846600, writes_after_abort=0, helper_nodes=563761, bestmove=d1d3, other_after_resize=0, exit_cause=helper-abort, tt_reads=773995, other_after_generation=0, exit_ms=1814}"
"measured","5","14","4","510","3","helper-abort","12","d1d3","552625","1814834500","304504.350","764616","549198","1","1","0","0","0","0","1","0","0","0","0","0","0","0","0","0","0","{exception=-, reads_after_abort=0, reads_after_clear=0, search_elapsed_ns=1814880400, other_after_abort=0, writes_after_generation=0, abort_ms=1814, after_resize=0, other_after_clear=0, after_generation=0, tt_writes=549198, reads_after_generation=0, search=510, helper=3, writes_after_clear=0, writes_after_resize=0, bestmove_ms=1814, tt_other=1, event=exit, start_ms=0, completed_depth=12, submit_ms=0, after_abort=1, after_clear=0, reads_after_resize=0, helper_elapsed_ns=1814834500, writes_after_abort=1, helper_nodes=552625, bestmove=d1d3, other_after_resize=0, exit_cause=helper-abort, tt_reads=764616, other_after_generation=0, exit_ms=1814}"
"measured","5","14","4","510","2","helper-abort","12","a1c1","556117","1814846000","306426.551","769146","552475","1","0","0","0","0","0","0","0","0","0","0","0","0","0","0","0","0","{exception=-, reads_after_abort=0, reads_after_clear=0, search_elapsed_ns=1814880500, other_after_abort=0, writes_after_generation=0, abort_ms=1814, after_resize=0, other_after_clear=0, after_generation=0, tt_writes=552475, reads_after_generation=0, search=510, helper=2, writes_after_clear=0, writes_after_resize=0, bestmove_ms=1814, tt_other=1, event=exit, start_ms=0, completed_depth=12, submit_ms=0, after_abort=0, after_clear=0, reads_after_resize=0, helper_elapsed_ns=1814846000, writes_after_abort=0, helper_nodes=556117, bestmove=a1c1, other_after_resize=0, exit_cause=helper-abort, tt_reads=769146, other_after_generation=0, exit_ms=1814}"
"measured","5","15","2","511","1","helper-abort","13","c3d5","602700","1943583400","310097.318","955366","599988","1","1","0","0","0","0","1","0","0","0","0","0","0","0","0","0","0","{exception=-, reads_after_abort=0, reads_after_clear=0, search_elapsed_ns=1943610800, other_after_abort=0, writes_after_generation=0, abort_ms=1943, after_resize=0, other_after_clear=0, after_generation=0, tt_writes=599988, reads_after_generation=0, search=511, helper=1, writes_after_clear=0, writes_after_resize=0, bestmove_ms=1943, tt_other=1, event=exit, start_ms=0, completed_depth=13, submit_ms=0, after_abort=1, after_clear=0, reads_after_resize=0, helper_elapsed_ns=1943583400, writes_after_abort=1, helper_nodes=602700, bestmove=c3d5, other_after_resize=0, exit_cause=helper-abort, tt_reads=955366, other_after_generation=0, exit_ms=1943}"
"measured","5","15","4","512","3","helper-abort","12","c3d5","399076","1350948000","295404.412","691382","397315","1","0","0","0","0","0","0","0","0","0","0","0","0","0","0","0","0","{exception=-, reads_after_abort=0, reads_after_clear=0, search_elapsed_ns=1350988900, other_after_abort=0, writes_after_generation=0, abort_ms=1350, after_resize=0, other_after_clear=0, after_generation=0, tt_writes=397315, reads_after_generation=0, search=512, helper=3, writes_after_clear=0, writes_after_resize=0, bestmove_ms=1350, tt_other=1, event=exit, start_ms=0, completed_depth=12, submit_ms=0, after_abort=0, after_clear=0, reads_after_resize=0, helper_elapsed_ns=1350948000, writes_after_abort=0, helper_nodes=399076, bestmove=c3d5, other_after_resize=0, exit_cause=helper-abort, tt_reads=691382, other_after_generation=0, exit_ms=1350}"
"measured","5","15","4","512","1","helper-abort","13","c3d5","410273","1350956700","303690.710","682579","408285","1","1","0","0","0","0","1","0","0","0","0","0","0","0","0","0","0","{exception=-, reads_after_abort=0, reads_after_clear=0, search_elapsed_ns=1350987500, other_after_abort=0, writes_after_generation=0, abort_ms=1350, after_resize=0, other_after_clear=0, after_generation=0, tt_writes=408285, reads_after_generation=0, search=512, helper=1, writes_after_clear=0, writes_after_resize=0, bestmove_ms=1350, tt_other=1, event=exit, start_ms=0, completed_depth=13, submit_ms=0, after_abort=1, after_clear=0, reads_after_resize=0, helper_elapsed_ns=1350956700, writes_after_abort=1, helper_nodes=410273, bestmove=c3d5, other_after_resize=0, exit_cause=helper-abort, tt_reads=682579, other_after_generation=0, exit_ms=1350}"
"measured","5","15","4","512","2","helper-abort","13","c3d5","394059","1350954300","291689.364","678946","392086","1","1","0","0","0","0","1","0","0","0","0","0","0","0","0","0","0","{exception=-, reads_after_abort=0, reads_after_clear=0, search_elapsed_ns=1350987600, other_after_abort=0, writes_after_generation=0, abort_ms=1350, after_resize=0, other_after_clear=0, after_generation=0, tt_writes=392086, reads_after_generation=0, search=512, helper=2, writes_after_clear=0, writes_after_resize=0, bestmove_ms=1350, tt_other=1, event=exit, start_ms=0, completed_depth=13, submit_ms=0, after_abort=1, after_clear=0, reads_after_resize=0, helper_elapsed_ns=1350954300, writes_after_abort=1, helper_nodes=394059, bestmove=c3d5, other_after_resize=0, exit_cause=helper-abort, tt_reads=678946, other_after_generation=0, exit_ms=1350}"
"measured","5","16","4","514","2","helper-abort","13","d5e4","594537","1741291600","341434.485","874897","591468","1","0","0","0","0","0","0","0","0","0","0","0","0","0","0","0","0","{exception=-, reads_after_abort=0, reads_after_clear=0, search_elapsed_ns=1741342000, other_after_abort=0, writes_after_generation=0, abort_ms=1741, after_resize=0, other_after_clear=0, after_generation=0, tt_writes=591468, reads_after_generation=0, search=514, helper=2, writes_after_clear=0, writes_after_resize=0, bestmove_ms=1741, tt_other=1, event=exit, start_ms=0, completed_depth=13, submit_ms=0, after_abort=0, after_clear=0, reads_after_resize=0, helper_elapsed_ns=1741291600, writes_after_abort=0, helper_nodes=594537, bestmove=d5e4, other_after_resize=0, exit_cause=helper-abort, tt_reads=874897, other_after_generation=0, exit_ms=1741}"
"measured","5","16","4","514","3","helper-abort","13","d5e4","603545","1741292000","346607.576","908325","600082","1","0","0","0","0","0","0","0","0","0","0","0","0","0","0","0","0","{exception=-, reads_after_abort=0, reads_after_clear=0, search_elapsed_ns=1741342000, other_after_abort=0, writes_after_generation=0, abort_ms=1741, after_resize=0, other_after_clear=0, after_generation=0, tt_writes=600082, reads_after_generation=0, search=514, helper=3, writes_after_clear=0, writes_after_resize=0, bestmove_ms=1741, tt_other=1, event=exit, start_ms=0, completed_depth=13, submit_ms=0, after_abort=0, after_clear=0, reads_after_resize=0, helper_elapsed_ns=1741292000, writes_after_abort=0, helper_nodes=603545, bestmove=d5e4, other_after_resize=0, exit_cause=helper-abort, tt_reads=908325, other_after_generation=0, exit_ms=1741}"
"measured","5","16","4","514","1","helper-abort","12","f6e4","618207","1741301800","355025.763","877305","614911","1","0","0","0","0","0","0","0","0","0","0","0","0","0","0","0","0","{exception=-, reads_after_abort=0, reads_after_clear=0, search_elapsed_ns=1741344300, other_after_abort=0, writes_after_generation=0, abort_ms=1741, after_resize=0, other_after_clear=0, after_generation=0, tt_writes=614911, reads_after_generation=0, search=514, helper=1, writes_after_clear=0, writes_after_resize=0, bestmove_ms=1741, tt_other=1, event=exit, start_ms=0, completed_depth=12, submit_ms=0, after_abort=0, after_clear=0, reads_after_resize=0, helper_elapsed_ns=1741301800, writes_after_abort=0, helper_nodes=618207, bestmove=f6e4, other_after_resize=0, exit_cause=helper-abort, tt_reads=877305, other_after_generation=0, exit_ms=1741}"
"measured","5","16","2","516","1","helper-abort","12","d5e4","704389","1969502000","357648.279","906666","700824","1","0","0","0","0","0","0","0","0","0","0","0","0","0","0","0","0","{exception=-, reads_after_abort=0, reads_after_clear=0, search_elapsed_ns=1969537100, other_after_abort=0, writes_after_generation=0, abort_ms=1969, after_resize=0, other_after_clear=0, after_generation=0, tt_writes=700824, reads_after_generation=0, search=516, helper=1, writes_after_clear=0, writes_after_resize=0, bestmove_ms=1969, tt_other=1, event=exit, start_ms=0, completed_depth=12, submit_ms=0, after_abort=0, after_clear=0, reads_after_resize=0, helper_elapsed_ns=1969502000, writes_after_abort=0, helper_nodes=704389, bestmove=d5e4, other_after_resize=0, exit_cause=helper-abort, tt_reads=906666, other_after_generation=0, exit_ms=1969}"
"measured","5","17","2","518","1","helper-abort","13","a6a5","278289","758164100","367056.420","436781","276514","1","0","0","0","0","0","0","0","0","0","0","0","0","0","0","0","0","{exception=-, reads_after_abort=0, reads_after_clear=0, search_elapsed_ns=758201100, other_after_abort=0, writes_after_generation=0, abort_ms=758, after_resize=0, other_after_clear=0, after_generation=0, tt_writes=276514, reads_after_generation=0, search=518, helper=1, writes_after_clear=0, writes_after_resize=0, bestmove_ms=758, tt_other=1, event=exit, start_ms=0, completed_depth=13, submit_ms=0, after_abort=0, after_clear=0, reads_after_resize=0, helper_elapsed_ns=758164100, writes_after_abort=0, helper_nodes=278289, bestmove=a6a5, other_after_resize=0, exit_cause=helper-abort, tt_reads=436781, other_after_generation=0, exit_ms=758}"
"measured","5","17","4","519","1","helper-abort","13","a6a5","177030","519040300","341071.782","296923","175783","1","0","0","0","0","0","0","0","0","0","0","0","0","0","0","0","0","{exception=-, reads_after_abort=0, reads_after_clear=0, search_elapsed_ns=519073600, other_after_abort=0, writes_after_generation=0, abort_ms=519, after_resize=0, other_after_clear=0, after_generation=0, tt_writes=175783, reads_after_generation=0, search=519, helper=1, writes_after_clear=0, writes_after_resize=0, bestmove_ms=519, tt_other=1, event=exit, start_ms=0, completed_depth=13, submit_ms=0, after_abort=0, after_clear=0, reads_after_resize=0, helper_elapsed_ns=519040300, writes_after_abort=0, helper_nodes=177030, bestmove=a6a5, other_after_resize=0, exit_cause=helper-abort, tt_reads=296923, other_after_generation=0, exit_ms=519}"
"measured","5","17","4","519","3","helper-abort","13","a6a5","184986","519030900","356406.526","298388","183958","1","0","0","0","0","0","0","0","0","0","0","0","0","0","0","0","0","{exception=-, reads_after_abort=0, reads_after_clear=0, search_elapsed_ns=519073600, other_after_abort=0, writes_after_generation=0, abort_ms=519, after_resize=0, other_after_clear=0, after_generation=0, tt_writes=183958, reads_after_generation=0, search=519, helper=3, writes_after_clear=0, writes_after_resize=0, bestmove_ms=519, tt_other=1, event=exit, start_ms=0, completed_depth=13, submit_ms=0, after_abort=0, after_clear=0, reads_after_resize=0, helper_elapsed_ns=519030900, writes_after_abort=0, helper_nodes=184986, bestmove=a6a5, other_after_resize=0, exit_cause=helper-abort, tt_reads=298388, other_after_generation=0, exit_ms=519}"
"measured","5","17","4","519","2","helper-abort","13","a6a5","184804","519036900","356051.757","292241","183587","1","0","0","0","0","0","0","0","0","0","0","0","0","0","0","0","0","{exception=-, reads_after_abort=0, reads_after_clear=0, search_elapsed_ns=519073700, other_after_abort=0, writes_after_generation=0, abort_ms=519, after_resize=0, other_after_clear=0, after_generation=0, tt_writes=183587, reads_after_generation=0, search=519, helper=2, writes_after_clear=0, writes_after_resize=0, bestmove_ms=519, tt_other=1, event=exit, start_ms=0, completed_depth=13, submit_ms=0, after_abort=0, after_clear=0, reads_after_resize=0, helper_elapsed_ns=519036900, writes_after_abort=0, helper_nodes=184804, bestmove=a6a5, other_after_resize=0, exit_cause=helper-abort, tt_reads=292241, other_after_generation=0, exit_ms=519}"
"measured","5","18","2","520","1","helper-abort","13","e2e3","1210975","3244697900","373216.564","1680168","1206792","1","0","0","0","0","0","0","0","0","0","0","0","0","0","0","0","0","{exception=-, reads_after_abort=0, reads_after_clear=0, search_elapsed_ns=3244732700, other_after_abort=0, writes_after_generation=0, abort_ms=3244, after_resize=0, other_after_clear=0, after_generation=0, tt_writes=1206792, reads_after_generation=0, search=520, helper=1, writes_after_clear=0, writes_after_resize=0, bestmove_ms=3244, tt_other=1, event=exit, start_ms=0, completed_depth=13, submit_ms=0, after_abort=0, after_clear=0, reads_after_resize=0, helper_elapsed_ns=3244697900, writes_after_abort=0, helper_nodes=1210975, bestmove=e2e3, other_after_resize=0, exit_cause=helper-abort, tt_reads=1680168, other_after_generation=0, exit_ms=3244}"
"measured","5","18","4","521","1","helper-abort","13","e2e3","657884","1805492800","364379.188","960886","655552","1","1","0","0","0","0","1","0","0","0","0","0","0","0","0","0","0","{exception=-, reads_after_abort=0, reads_after_clear=0, search_elapsed_ns=1805547500, other_after_abort=0, writes_after_generation=0, abort_ms=1805, after_resize=0, other_after_clear=0, after_generation=0, tt_writes=655552, reads_after_generation=0, search=521, helper=1, writes_after_clear=0, writes_after_resize=0, bestmove_ms=1805, tt_other=1, event=exit, start_ms=0, completed_depth=13, submit_ms=0, after_abort=1, after_clear=0, reads_after_resize=0, helper_elapsed_ns=1805492800, writes_after_abort=1, helper_nodes=657884, bestmove=e2e3, other_after_resize=0, exit_cause=helper-abort, tt_reads=960886, other_after_generation=0, exit_ms=1805}"
"measured","5","18","4","521","2","helper-abort","13","e2e3","650588","1805483100","360340.122","938947","648545","1","1","0","0","0","0","1","0","0","0","0","0","0","0","0","0","0","{exception=-, reads_after_abort=0, reads_after_clear=0, search_elapsed_ns=1805547500, other_after_abort=0, writes_after_generation=0, abort_ms=1805, after_resize=0, other_after_clear=0, after_generation=0, tt_writes=648545, reads_after_generation=0, search=521, helper=2, writes_after_clear=0, writes_after_resize=0, bestmove_ms=1805, tt_other=1, event=exit, start_ms=0, completed_depth=13, submit_ms=0, after_abort=1, after_clear=0, reads_after_resize=0, helper_elapsed_ns=1805483100, writes_after_abort=1, helper_nodes=650588, bestmove=e2e3, other_after_resize=0, exit_cause=helper-abort, tt_reads=938947, other_after_generation=0, exit_ms=1805}"
"measured","5","18","4","521","3","helper-abort","13","e2e3","646559","1805476300","358109.935","956688","644286","1","0","0","0","0","0","0","0","0","0","0","0","0","0","0","0","0","{exception=-, reads_after_abort=0, reads_after_clear=0, search_elapsed_ns=1805547800, other_after_abort=0, writes_after_generation=0, abort_ms=1805, after_resize=0, other_after_clear=0, after_generation=0, tt_writes=644286, reads_after_generation=0, search=521, helper=3, writes_after_clear=0, writes_after_resize=0, bestmove_ms=1805, tt_other=1, event=exit, start_ms=0, completed_depth=13, submit_ms=0, after_abort=0, after_clear=0, reads_after_resize=0, helper_elapsed_ns=1805476300, writes_after_abort=0, helper_nodes=646559, bestmove=e2e3, other_after_resize=0, exit_cause=helper-abort, tt_reads=956688, other_after_generation=0, exit_ms=1805}"
"measured","5","19","4","523","2","helper-abort","13","a5c3","150459","389687800","386101.387","258516","148702","1","0","0","0","0","0","0","0","0","0","0","0","0","0","0","0","0","{exception=-, reads_after_abort=0, reads_after_clear=0, search_elapsed_ns=389734100, other_after_abort=0, writes_after_generation=0, abort_ms=389, after_resize=0, other_after_clear=0, after_generation=0, tt_writes=148702, reads_after_generation=0, search=523, helper=2, writes_after_clear=0, writes_after_resize=0, bestmove_ms=389, tt_other=1, event=exit, start_ms=0, completed_depth=13, submit_ms=0, after_abort=0, after_clear=0, reads_after_resize=0, helper_elapsed_ns=389687800, writes_after_abort=0, helper_nodes=150459, bestmove=a5c3, other_after_resize=0, exit_cause=helper-abort, tt_reads=258516, other_after_generation=0, exit_ms=389}"
"measured","5","19","4","523","3","helper-abort","13","a5c3","145839","389683700","374249.680","228549","144161","1","0","0","0","0","0","0","0","0","0","0","0","0","0","0","0","0","{exception=-, reads_after_abort=0, reads_after_clear=0, search_elapsed_ns=389734000, other_after_abort=0, writes_after_generation=0, abort_ms=389, after_resize=0, other_after_clear=0, after_generation=0, tt_writes=144161, reads_after_generation=0, search=523, helper=3, writes_after_clear=0, writes_after_resize=0, bestmove_ms=389, tt_other=1, event=exit, start_ms=0, completed_depth=13, submit_ms=0, after_abort=0, after_clear=0, reads_after_resize=0, helper_elapsed_ns=389683700, writes_after_abort=0, helper_nodes=145839, bestmove=a5c3, other_after_resize=0, exit_cause=helper-abort, tt_reads=228549, other_after_generation=0, exit_ms=389}"
"measured","5","19","4","523","1","helper-abort","13","a5c3","144428","389696600","370616.526","264161","142554","1","0","0","0","0","0","0","0","0","0","0","0","0","0","0","0","0","{exception=-, reads_after_abort=0, reads_after_clear=0, search_elapsed_ns=389735000, other_after_abort=0, writes_after_generation=0, abort_ms=389, after_resize=0, other_after_clear=0, after_generation=0, tt_writes=142554, reads_after_generation=0, search=523, helper=1, writes_after_clear=0, writes_after_resize=0, bestmove_ms=389, tt_other=1, event=exit, start_ms=0, completed_depth=13, submit_ms=0, after_abort=0, after_clear=0, reads_after_resize=0, helper_elapsed_ns=389696600, writes_after_abort=0, helper_nodes=144428, bestmove=a5c3, other_after_resize=0, exit_cause=helper-abort, tt_reads=264161, other_after_generation=0, exit_ms=389}"
"measured","5","19","2","525","1","helper-abort","13","a5c3","324139","824664500","393055.600","510785","320887","1","0","0","0","0","0","0","0","0","0","0","0","0","0","0","0","0","{exception=-, reads_after_abort=0, reads_after_clear=0, search_elapsed_ns=824713400, other_after_abort=0, writes_after_generation=0, abort_ms=824, after_resize=0, other_after_clear=0, after_generation=0, tt_writes=320887, reads_after_generation=0, search=525, helper=1, writes_after_clear=0, writes_after_resize=0, bestmove_ms=824, tt_other=1, event=exit, start_ms=0, completed_depth=13, submit_ms=0, after_abort=0, after_clear=0, reads_after_resize=0, helper_elapsed_ns=824664500, writes_after_abort=0, helper_nodes=324139, bestmove=a5c3, other_after_resize=0, exit_cause=helper-abort, tt_reads=510785, other_after_generation=0, exit_ms=824}"
"measured","5","20","2","527","1","helper-abort","13","d7d2","110366","242053700","455956.674","216179","108798","1","0","0","0","0","0","0","0","0","0","0","0","0","0","0","0","0","{exception=-, reads_after_abort=0, reads_after_clear=0, search_elapsed_ns=242342600, other_after_abort=0, writes_after_generation=0, abort_ms=242, after_resize=0, other_after_clear=0, after_generation=0, tt_writes=108798, reads_after_generation=0, search=527, helper=1, writes_after_clear=0, writes_after_resize=0, bestmove_ms=242, tt_other=1, event=exit, start_ms=0, completed_depth=13, submit_ms=0, after_abort=0, after_clear=0, reads_after_resize=0, helper_elapsed_ns=242053700, writes_after_abort=0, helper_nodes=110366, bestmove=d7d2, other_after_resize=0, exit_cause=helper-abort, tt_reads=216179, other_after_generation=0, exit_ms=242}"
"measured","5","20","4","528","1","helper-abort","13","d7d2","93947","221268800","424583.131","201337","92297","1","1","0","0","0","0","1","0","0","0","0","0","0","0","0","0","0","{exception=-, reads_after_abort=0, reads_after_clear=0, search_elapsed_ns=221301000, other_after_abort=0, writes_after_generation=0, abort_ms=221, after_resize=0, other_after_clear=0, after_generation=0, tt_writes=92297, reads_after_generation=0, search=528, helper=1, writes_after_clear=0, writes_after_resize=0, bestmove_ms=221, tt_other=1, event=exit, start_ms=0, completed_depth=13, submit_ms=0, after_abort=1, after_clear=0, reads_after_resize=0, helper_elapsed_ns=221268800, writes_after_abort=1, helper_nodes=93947, bestmove=d7d2, other_after_resize=0, exit_cause=helper-abort, tt_reads=201337, other_after_generation=0, exit_ms=221}"
"measured","5","20","4","528","3","helper-abort","13","d7d2","91023","221261100","411382.751","203845","89464","1","1","0","0","0","0","1","0","0","0","0","0","0","0","0","0","0","{exception=-, reads_after_abort=0, reads_after_clear=0, search_elapsed_ns=221301000, other_after_abort=0, writes_after_generation=0, abort_ms=221, after_resize=0, other_after_clear=0, after_generation=0, tt_writes=89464, reads_after_generation=0, search=528, helper=3, writes_after_clear=0, writes_after_resize=0, bestmove_ms=221, tt_other=1, event=exit, start_ms=0, completed_depth=13, submit_ms=0, after_abort=1, after_clear=0, reads_after_resize=0, helper_elapsed_ns=221261100, writes_after_abort=1, helper_nodes=91023, bestmove=d7d2, other_after_resize=0, exit_cause=helper-abort, tt_reads=203845, other_after_generation=0, exit_ms=221}"
"measured","5","20","4","528","2","helper-abort","13","d7d2","93003","221267600","420319.107","201557","91368","1","0","0","0","0","0","0","0","0","0","0","0","0","0","0","0","0","{exception=-, reads_after_abort=0, reads_after_clear=0, search_elapsed_ns=221301900, other_after_abort=0, writes_after_generation=0, abort_ms=221, after_resize=0, other_after_clear=0, after_generation=0, tt_writes=91368, reads_after_generation=0, search=528, helper=2, writes_after_clear=0, writes_after_resize=0, bestmove_ms=221, tt_other=1, event=exit, start_ms=0, completed_depth=13, submit_ms=0, after_abort=0, after_clear=0, reads_after_resize=0, helper_elapsed_ns=221267600, writes_after_abort=0, helper_nodes=93003, bestmove=d7d2, other_after_resize=0, exit_cause=helper-abort, tt_reads=201557, other_after_generation=0, exit_ms=221}"
"measured","5","21","2","529","1","helper-abort","13","c6a6","1409585","3881943300","363113.238","1953101","1401657","1","0","0","0","0","0","0","0","0","0","0","0","0","0","0","0","0","{exception=-, reads_after_abort=0, reads_after_clear=0, search_elapsed_ns=3881969700, other_after_abort=0, writes_after_generation=0, abort_ms=3881, after_resize=0, other_after_clear=0, after_generation=0, tt_writes=1401657, reads_after_generation=0, search=529, helper=1, writes_after_clear=0, writes_after_resize=0, bestmove_ms=3881, tt_other=1, event=exit, start_ms=0, completed_depth=13, submit_ms=0, after_abort=0, after_clear=0, reads_after_resize=0, helper_elapsed_ns=3881943300, writes_after_abort=0, helper_nodes=1409585, bestmove=c6a6, other_after_resize=0, exit_cause=helper-abort, tt_reads=1953101, other_after_generation=0, exit_ms=3881}"
"measured","5","21","4","530","1","helper-abort","13","g8h7","689868","2020073100","341506.453","1068193","686100","1","0","0","0","0","0","0","0","0","0","0","0","0","0","0","0","0","{exception=-, reads_after_abort=0, reads_after_clear=0, search_elapsed_ns=2020113700, other_after_abort=0, writes_after_generation=0, abort_ms=2020, after_resize=0, other_after_clear=0, after_generation=0, tt_writes=686100, reads_after_generation=0, search=530, helper=1, writes_after_clear=0, writes_after_resize=0, bestmove_ms=2020, tt_other=1, event=exit, start_ms=0, completed_depth=13, submit_ms=0, after_abort=0, after_clear=0, reads_after_resize=0, helper_elapsed_ns=2020073100, writes_after_abort=0, helper_nodes=689868, bestmove=g8h7, other_after_resize=0, exit_cause=helper-abort, tt_reads=1068193, other_after_generation=0, exit_ms=2020}"
"measured","5","21","4","530","3","helper-abort","13","g8h7","693635","2020063400","343372.886","1026949","689270","1","0","0","0","0","0","0","0","0","0","0","0","0","0","0","0","0","{exception=-, reads_after_abort=0, reads_after_clear=0, search_elapsed_ns=2020113700, other_after_abort=0, writes_after_generation=0, abort_ms=2020, after_resize=0, other_after_clear=0, after_generation=0, tt_writes=689270, reads_after_generation=0, search=530, helper=3, writes_after_clear=0, writes_after_resize=0, bestmove_ms=2020, tt_other=1, event=exit, start_ms=0, completed_depth=13, submit_ms=0, after_abort=0, after_clear=0, reads_after_resize=0, helper_elapsed_ns=2020063400, writes_after_abort=0, helper_nodes=693635, bestmove=g8h7, other_after_resize=0, exit_cause=helper-abort, tt_reads=1026949, other_after_generation=0, exit_ms=2020}"
"measured","5","21","4","530","2","helper-abort","13","g8h7","691357","2020070600","342243.979","1071474","686394","1","0","0","0","0","0","0","0","0","0","0","0","0","0","0","0","0","{exception=-, reads_after_abort=0, reads_after_clear=0, search_elapsed_ns=2020113700, other_after_abort=0, writes_after_generation=0, abort_ms=2020, after_resize=0, other_after_clear=0, after_generation=0, tt_writes=686394, reads_after_generation=0, search=530, helper=2, writes_after_clear=0, writes_after_resize=0, bestmove_ms=2020, tt_other=1, event=exit, start_ms=0, completed_depth=13, submit_ms=0, after_abort=0, after_clear=0, reads_after_resize=0, helper_elapsed_ns=2020070600, writes_after_abort=0, helper_nodes=691357, bestmove=g8h7, other_after_resize=0, exit_cause=helper-abort, tt_reads=1071474, other_after_generation=0, exit_ms=2020}"
"measured","5","22","4","532","2","helper-abort","13","d4e6","277473","866867600","320086.943","479863","275333","1","0","0","0","0","0","0","0","0","0","0","0","0","0","0","0","0","{exception=-, reads_after_abort=0, reads_after_clear=0, search_elapsed_ns=866905400, other_after_abort=0, writes_after_generation=0, abort_ms=866, after_resize=0, other_after_clear=0, after_generation=0, tt_writes=275333, reads_after_generation=0, search=532, helper=2, writes_after_clear=0, writes_after_resize=0, bestmove_ms=866, tt_other=1, event=exit, start_ms=0, completed_depth=13, submit_ms=0, after_abort=0, after_clear=0, reads_after_resize=0, helper_elapsed_ns=866867600, writes_after_abort=0, helper_nodes=277473, bestmove=d4e6, other_after_resize=0, exit_cause=helper-abort, tt_reads=479863, other_after_generation=0, exit_ms=866}"
"measured","5","22","4","532","1","helper-abort","12","d4b5","284522","866869200","328217.913","453373","282209","1","0","0","0","0","0","0","0","0","0","0","0","0","0","0","0","0","{exception=-, reads_after_abort=0, reads_after_clear=0, search_elapsed_ns=866906200, other_after_abort=0, writes_after_generation=0, abort_ms=866, after_resize=0, other_after_clear=0, after_generation=0, tt_writes=282209, reads_after_generation=0, search=532, helper=1, writes_after_clear=0, writes_after_resize=0, bestmove_ms=866, tt_other=1, event=exit, start_ms=0, completed_depth=12, submit_ms=0, after_abort=0, after_clear=0, reads_after_resize=0, helper_elapsed_ns=866869200, writes_after_abort=0, helper_nodes=284522, bestmove=d4b5, other_after_resize=0, exit_cause=helper-abort, tt_reads=453373, other_after_generation=0, exit_ms=866}"
"measured","5","22","4","532","3","helper-abort","13","d4e6","279419","866849300","322338.612","480574","277297","1","0","0","0","0","0","0","0","0","0","0","0","0","0","0","0","0","{exception=-, reads_after_abort=0, reads_after_clear=0, search_elapsed_ns=866905700, other_after_abort=0, writes_after_generation=0, abort_ms=866, after_resize=0, other_after_clear=0, after_generation=0, tt_writes=277297, reads_after_generation=0, search=532, helper=3, writes_after_clear=0, writes_after_resize=0, bestmove_ms=866, tt_other=1, event=exit, start_ms=0, completed_depth=13, submit_ms=0, after_abort=0, after_clear=0, reads_after_resize=0, helper_elapsed_ns=866849300, writes_after_abort=0, helper_nodes=279419, bestmove=d4e6, other_after_resize=0, exit_cause=helper-abort, tt_reads=480574, other_after_generation=0, exit_ms=866}"
"measured","5","22","2","534","1","helper-abort","13","d4b5","570623","1692892400","337069.857","832625","567230","1","0","0","0","0","0","0","0","0","0","0","0","0","0","0","0","0","{exception=-, reads_after_abort=0, reads_after_clear=0, search_elapsed_ns=1692938600, other_after_abort=0, writes_after_generation=0, abort_ms=1692, after_resize=0, other_after_clear=0, after_generation=0, tt_writes=567230, reads_after_generation=0, search=534, helper=1, writes_after_clear=0, writes_after_resize=0, bestmove_ms=1692, tt_other=1, event=exit, start_ms=0, completed_depth=13, submit_ms=0, after_abort=0, after_clear=0, reads_after_resize=0, helper_elapsed_ns=1692892400, writes_after_abort=0, helper_nodes=570623, bestmove=d4b5, other_after_resize=0, exit_cause=helper-abort, tt_reads=832625, other_after_generation=0, exit_ms=1692}"
"measured","5","23","2","536","1","helper-abort","13","g5d8","130240","233249700","558371.565","232509","129189","1","1","0","0","0","0","1","0","0","0","0","0","0","0","0","0","0","{exception=-, reads_after_abort=0, reads_after_clear=0, search_elapsed_ns=233295000, other_after_abort=0, writes_after_generation=0, abort_ms=233, after_resize=0, other_after_clear=0, after_generation=0, tt_writes=129189, reads_after_generation=0, search=536, helper=1, writes_after_clear=0, writes_after_resize=0, bestmove_ms=233, tt_other=1, event=exit, start_ms=0, completed_depth=13, submit_ms=0, after_abort=1, after_clear=0, reads_after_resize=0, helper_elapsed_ns=233249700, writes_after_abort=1, helper_nodes=130240, bestmove=g5d8, other_after_resize=0, exit_cause=helper-abort, tt_reads=232509, other_after_generation=0, exit_ms=233}"
"measured","5","23","4","537","3","helper-abort","13","g5d8","99580","178522200","557801.775","195309","98781","1","0","0","0","0","0","0","0","0","0","0","0","0","0","0","0","0","{exception=-, reads_after_abort=0, reads_after_clear=0, search_elapsed_ns=178592500, other_after_abort=0, writes_after_generation=0, abort_ms=178, after_resize=0, other_after_clear=0, after_generation=0, tt_writes=98781, reads_after_generation=0, search=537, helper=3, writes_after_clear=0, writes_after_resize=0, bestmove_ms=178, tt_other=1, event=exit, start_ms=0, completed_depth=13, submit_ms=0, after_abort=0, after_clear=0, reads_after_resize=0, helper_elapsed_ns=178522200, writes_after_abort=0, helper_nodes=99580, bestmove=g5d8, other_after_resize=0, exit_cause=helper-abort, tt_reads=195309, other_after_generation=0, exit_ms=178}"
"measured","5","23","4","537","2","helper-abort","13","g5d8","98342","178532700","550834.665","195931","97551","1","0","0","0","0","0","0","0","0","0","0","0","0","0","0","0","0","{exception=-, reads_after_abort=0, reads_after_clear=0, search_elapsed_ns=178593000, other_after_abort=0, writes_after_generation=0, abort_ms=178, after_resize=0, other_after_clear=0, after_generation=0, tt_writes=97551, reads_after_generation=0, search=537, helper=2, writes_after_clear=0, writes_after_resize=0, bestmove_ms=178, tt_other=1, event=exit, start_ms=0, completed_depth=13, submit_ms=0, after_abort=0, after_clear=0, reads_after_resize=0, helper_elapsed_ns=178532700, writes_after_abort=0, helper_nodes=98342, bestmove=g5d8, other_after_resize=0, exit_cause=helper-abort, tt_reads=195931, other_after_generation=0, exit_ms=178}"
"measured","5","23","4","537","1","helper-abort","13","g5d8","100410","178547800","562370.413","195026","99520","1","0","0","0","0","0","0","0","0","0","0","0","0","0","0","0","0","{exception=-, reads_after_abort=0, reads_after_clear=0, search_elapsed_ns=178593000, other_after_abort=0, writes_after_generation=0, abort_ms=178, after_resize=0, other_after_clear=0, after_generation=0, tt_writes=99520, reads_after_generation=0, search=537, helper=1, writes_after_clear=0, writes_after_resize=0, bestmove_ms=178, tt_other=1, event=exit, start_ms=0, completed_depth=13, submit_ms=0, after_abort=0, after_clear=0, reads_after_resize=0, helper_elapsed_ns=178547800, writes_after_abort=0, helper_nodes=100410, bestmove=g5d8, other_after_resize=0, exit_cause=helper-abort, tt_reads=195026, other_after_generation=0, exit_ms=178}"
"measured","5","24","2","538","1","helper-abort","13","d5e3","46954","72274500","649662.052","77225","45600","1","0","0","0","0","0","0","0","0","0","0","0","0","0","0","0","0","{exception=-, reads_after_abort=0, reads_after_clear=0, search_elapsed_ns=72303400, other_after_abort=0, writes_after_generation=0, abort_ms=72, after_resize=0, other_after_clear=0, after_generation=0, tt_writes=45600, reads_after_generation=0, search=538, helper=1, writes_after_clear=0, writes_after_resize=0, bestmove_ms=72, tt_other=1, event=exit, start_ms=0, completed_depth=13, submit_ms=0, after_abort=0, after_clear=0, reads_after_resize=0, helper_elapsed_ns=72274500, writes_after_abort=0, helper_nodes=46954, bestmove=d5e3, other_after_resize=0, exit_cause=helper-abort, tt_reads=77225, other_after_generation=0, exit_ms=72}"
"measured","5","24","4","539","3","helper-abort","13","d5e3","38692","63021800","613946.285","67677","37616","1","0","0","0","0","0","0","0","0","0","0","0","0","0","0","0","0","{exception=-, reads_after_abort=0, reads_after_clear=0, search_elapsed_ns=63075900, other_after_abort=0, writes_after_generation=0, abort_ms=63, after_resize=0, other_after_clear=0, after_generation=0, tt_writes=37616, reads_after_generation=0, search=539, helper=3, writes_after_clear=0, writes_after_resize=0, bestmove_ms=63, tt_other=1, event=exit, start_ms=0, completed_depth=13, submit_ms=0, after_abort=0, after_clear=0, reads_after_resize=0, helper_elapsed_ns=63021800, writes_after_abort=0, helper_nodes=38692, bestmove=d5e3, other_after_resize=0, exit_cause=helper-abort, tt_reads=67677, other_after_generation=0, exit_ms=63}"
"measured","5","24","4","539","2","helper-abort","13","d5e3","39208","63026300","622089.509","67693","38058","1","0","0","0","0","0","0","0","0","0","0","0","0","0","0","0","0","{exception=-, reads_after_abort=0, reads_after_clear=0, search_elapsed_ns=63075900, other_after_abort=0, writes_after_generation=0, abort_ms=63, after_resize=0, other_after_clear=0, after_generation=0, tt_writes=38058, reads_after_generation=0, search=539, helper=2, writes_after_clear=0, writes_after_resize=0, bestmove_ms=63, tt_other=1, event=exit, start_ms=0, completed_depth=13, submit_ms=0, after_abort=0, after_clear=0, reads_after_resize=0, helper_elapsed_ns=63026300, writes_after_abort=0, helper_nodes=39208, bestmove=d5e3, other_after_resize=0, exit_cause=helper-abort, tt_reads=67693, other_after_generation=0, exit_ms=63}"
"measured","5","24","4","539","1","helper-abort","13","d5e3","39412","62973300","625852.544","68204","38242","1","0","0","0","0","0","0","0","0","0","0","0","0","0","0","0","0","{exception=-, reads_after_abort=0, reads_after_clear=0, search_elapsed_ns=63075900, other_after_abort=0, writes_after_generation=0, abort_ms=63, after_resize=0, other_after_clear=0, after_generation=0, tt_writes=38242, reads_after_generation=0, search=539, helper=1, writes_after_clear=0, writes_after_resize=0, bestmove_ms=63, tt_other=1, event=exit, start_ms=0, completed_depth=13, submit_ms=0, after_abort=0, after_clear=0, reads_after_resize=0, helper_elapsed_ns=62973300, writes_after_abort=0, helper_nodes=39412, bestmove=d5e3, other_after_resize=0, exit_cause=helper-abort, tt_reads=68204, other_after_generation=0, exit_ms=63}"
"measured","5","25","4","541","2","helper-abort","13","h5e2","75855","202043400","375439.138","146528","75284","1","0","0","0","0","0","0","0","0","0","0","0","0","0","0","0","0","{exception=-, reads_after_abort=0, reads_after_clear=0, search_elapsed_ns=202080600, other_after_abort=0, writes_after_generation=0, abort_ms=202, after_resize=0, other_after_clear=0, after_generation=0, tt_writes=75284, reads_after_generation=0, search=541, helper=2, writes_after_clear=0, writes_after_resize=0, bestmove_ms=202, tt_other=1, event=exit, start_ms=0, completed_depth=13, submit_ms=0, after_abort=0, after_clear=0, reads_after_resize=0, helper_elapsed_ns=202043400, writes_after_abort=0, helper_nodes=75855, bestmove=h5e2, other_after_resize=0, exit_cause=helper-abort, tt_reads=146528, other_after_generation=0, exit_ms=202}"
"measured","5","25","4","541","1","helper-abort","13","h5e2","72031","202044900","356509.865","140090","71524","1","0","0","0","0","0","0","0","0","0","0","0","0","0","0","0","0","{exception=-, reads_after_abort=0, reads_after_clear=0, search_elapsed_ns=202080600, other_after_abort=0, writes_after_generation=0, abort_ms=202, after_resize=0, other_after_clear=0, after_generation=0, tt_writes=71524, reads_after_generation=0, search=541, helper=1, writes_after_clear=0, writes_after_resize=0, bestmove_ms=202, tt_other=1, event=exit, start_ms=0, completed_depth=13, submit_ms=0, after_abort=0, after_clear=0, reads_after_resize=0, helper_elapsed_ns=202044900, writes_after_abort=0, helper_nodes=72031, bestmove=h5e2, other_after_resize=0, exit_cause=helper-abort, tt_reads=140090, other_after_generation=0, exit_ms=202}"
"measured","5","25","4","541","3","helper-abort","13","h5e2","75641","202038600","374388.854","145750","75089","1","0","0","0","0","0","0","0","0","0","0","0","0","0","0","0","0","{exception=-, reads_after_abort=0, reads_after_clear=0, search_elapsed_ns=202080600, other_after_abort=0, writes_after_generation=0, abort_ms=202, after_resize=0, other_after_clear=0, after_generation=0, tt_writes=75089, reads_after_generation=0, search=541, helper=3, writes_after_clear=0, writes_after_resize=0, bestmove_ms=202, tt_other=1, event=exit, start_ms=0, completed_depth=13, submit_ms=0, after_abort=0, after_clear=0, reads_after_resize=0, helper_elapsed_ns=202038600, writes_after_abort=0, helper_nodes=75641, bestmove=h5e2, other_after_resize=0, exit_cause=helper-abort, tt_reads=145750, other_after_generation=0, exit_ms=202}"
"measured","5","25","2","543","1","helper-abort","12","h5e2","101752","262888300","387054.121","152426","100580","1","1","0","0","0","0","1","0","0","0","0","0","0","0","0","0","0","{exception=-, reads_after_abort=0, reads_after_clear=0, search_elapsed_ns=262925000, other_after_abort=0, writes_after_generation=0, abort_ms=262, after_resize=0, other_after_clear=0, after_generation=0, tt_writes=100580, reads_after_generation=0, search=543, helper=1, writes_after_clear=0, writes_after_resize=0, bestmove_ms=262, tt_other=1, event=exit, start_ms=0, completed_depth=12, submit_ms=0, after_abort=1, after_clear=0, reads_after_resize=0, helper_elapsed_ns=262888300, writes_after_abort=1, helper_nodes=101752, bestmove=h5e2, other_after_resize=0, exit_cause=helper-abort, tt_reads=152426, other_after_generation=0, exit_ms=262}"
"measured","5","26","2","545","1","helper-abort","13","a6a5","45442","59017200","769978.921","78613","44290","1","0","0","0","0","0","0","0","0","0","0","0","0","0","0","0","0","{exception=-, reads_after_abort=0, reads_after_clear=0, search_elapsed_ns=59050400, other_after_abort=0, writes_after_generation=0, abort_ms=59, after_resize=0, other_after_clear=0, after_generation=0, tt_writes=44290, reads_after_generation=0, search=545, helper=1, writes_after_clear=0, writes_after_resize=0, bestmove_ms=59, tt_other=1, event=exit, start_ms=0, completed_depth=13, submit_ms=0, after_abort=0, after_clear=0, reads_after_resize=0, helper_elapsed_ns=59017200, writes_after_abort=0, helper_nodes=45442, bestmove=a6a5, other_after_resize=0, exit_cause=helper-abort, tt_reads=78613, other_after_generation=0, exit_ms=59}"
"measured","5","26","4","546","2","helper-abort","13","a6a5","52231","72841500","717050.033","92377","51447","1","0","0","0","0","0","0","0","0","0","0","0","0","0","0","0","0","{exception=-, reads_after_abort=0, reads_after_clear=0, search_elapsed_ns=72877800, other_after_abort=0, writes_after_generation=0, abort_ms=72, after_resize=0, other_after_clear=0, after_generation=0, tt_writes=51447, reads_after_generation=0, search=546, helper=2, writes_after_clear=0, writes_after_resize=0, bestmove_ms=72, tt_other=1, event=exit, start_ms=0, completed_depth=13, submit_ms=0, after_abort=0, after_clear=0, reads_after_resize=0, helper_elapsed_ns=72841500, writes_after_abort=0, helper_nodes=52231, bestmove=a6a5, other_after_resize=0, exit_cause=helper-abort, tt_reads=92377, other_after_generation=0, exit_ms=72}"
"measured","5","26","4","546","3","helper-abort","13","a6a5","51805","72821500","711397.046","91527","51052","1","0","0","0","0","0","0","0","0","0","0","0","0","0","0","0","0","{exception=-, reads_after_abort=0, reads_after_clear=0, search_elapsed_ns=72877800, other_after_abort=0, writes_after_generation=0, abort_ms=72, after_resize=0, other_after_clear=0, after_generation=0, tt_writes=51052, reads_after_generation=0, search=546, helper=3, writes_after_clear=0, writes_after_resize=0, bestmove_ms=72, tt_other=1, event=exit, start_ms=0, completed_depth=13, submit_ms=0, after_abort=0, after_clear=0, reads_after_resize=0, helper_elapsed_ns=72821500, writes_after_abort=0, helper_nodes=51805, bestmove=a6a5, other_after_resize=0, exit_cause=helper-abort, tt_reads=91527, other_after_generation=0, exit_ms=72}"
"measured","5","26","4","546","1","helper-abort","13","a6a5","53069","72852100","728448.459","93451","52278","1","0","0","0","0","0","0","0","0","0","0","0","0","0","0","0","0","{exception=-, reads_after_abort=0, reads_after_clear=0, search_elapsed_ns=72877800, other_after_abort=0, writes_after_generation=0, abort_ms=72, after_resize=0, other_after_clear=0, after_generation=0, tt_writes=52278, reads_after_generation=0, search=546, helper=1, writes_after_clear=0, writes_after_resize=0, bestmove_ms=72, tt_other=1, event=exit, start_ms=0, completed_depth=13, submit_ms=0, after_abort=0, after_clear=0, reads_after_resize=0, helper_elapsed_ns=72852100, writes_after_abort=0, helper_nodes=53069, bestmove=a6a5, other_after_resize=0, exit_cause=helper-abort, tt_reads=93451, other_after_generation=0, exit_ms=72}"
"measured","5","27","2","547","1","helper-abort","13","a6a5","57087","90932900","627792.581","98538","55889","1","0","0","0","0","0","0","0","0","0","0","0","0","0","0","0","0","{exception=-, reads_after_abort=0, reads_after_clear=0, search_elapsed_ns=90959900, other_after_abort=0, writes_after_generation=0, abort_ms=90, after_resize=0, other_after_clear=0, after_generation=0, tt_writes=55889, reads_after_generation=0, search=547, helper=1, writes_after_clear=0, writes_after_resize=0, bestmove_ms=90, tt_other=1, event=exit, start_ms=0, completed_depth=13, submit_ms=0, after_abort=0, after_clear=0, reads_after_resize=0, helper_elapsed_ns=90932900, writes_after_abort=0, helper_nodes=57087, bestmove=a6a5, other_after_resize=0, exit_cause=helper-abort, tt_reads=98538, other_after_generation=0, exit_ms=90}"
"measured","5","27","4","548","2","helper-abort","13","a6a5","61919","93461600","662507.383","106941","60784","1","1","0","0","0","0","1","0","0","0","0","0","0","0","0","0","0","{exception=-, reads_after_abort=0, reads_after_clear=0, search_elapsed_ns=93491300, other_after_abort=0, writes_after_generation=0, abort_ms=93, after_resize=0, other_after_clear=0, after_generation=0, tt_writes=60784, reads_after_generation=0, search=548, helper=2, writes_after_clear=0, writes_after_resize=0, bestmove_ms=93, tt_other=1, event=exit, start_ms=0, completed_depth=13, submit_ms=0, after_abort=1, after_clear=0, reads_after_resize=0, helper_elapsed_ns=93461600, writes_after_abort=1, helper_nodes=61919, bestmove=a6a5, other_after_resize=0, exit_cause=helper-abort, tt_reads=106941, other_after_generation=0, exit_ms=93}"
"measured","5","27","4","548","1","helper-abort","13","a6a5","57847","93464500","618919.483","103334","56822","1","1","0","0","0","0","1","0","0","0","0","0","0","0","0","0","0","{exception=-, reads_after_abort=0, reads_after_clear=0, search_elapsed_ns=93491300, other_after_abort=0, writes_after_generation=0, abort_ms=93, after_resize=0, other_after_clear=0, after_generation=0, tt_writes=56822, reads_after_generation=0, search=548, helper=1, writes_after_clear=0, writes_after_resize=0, bestmove_ms=93, tt_other=1, event=exit, start_ms=0, completed_depth=13, submit_ms=0, after_abort=1, after_clear=0, reads_after_resize=0, helper_elapsed_ns=93464500, writes_after_abort=1, helper_nodes=57847, bestmove=a6a5, other_after_resize=0, exit_cause=helper-abort, tt_reads=103334, other_after_generation=0, exit_ms=93}"
"measured","5","27","4","548","3","helper-abort","13","a6a5","62165","93454700","665188.589","107059","61004","1","1","0","0","0","0","1","0","0","0","0","0","0","0","0","0","0","{exception=-, reads_after_abort=0, reads_after_clear=0, search_elapsed_ns=93491300, other_after_abort=0, writes_after_generation=0, abort_ms=93, after_resize=0, other_after_clear=0, after_generation=0, tt_writes=61004, reads_after_generation=0, search=548, helper=3, writes_after_clear=0, writes_after_resize=0, bestmove_ms=93, tt_other=1, event=exit, start_ms=0, completed_depth=13, submit_ms=0, after_abort=1, after_clear=0, reads_after_resize=0, helper_elapsed_ns=93454700, writes_after_abort=1, helper_nodes=62165, bestmove=a6a5, other_after_resize=0, exit_cause=helper-abort, tt_reads=107059, other_after_generation=0, exit_ms=93}"
"measured","5","28","4","550","3","helper-abort","13","d2b4","2275404","6332134200","359342.353","3140144","2252711","1","0","0","0","0","0","0","0","0","0","0","0","0","0","0","0","0","{exception=-, reads_after_abort=0, reads_after_clear=0, search_elapsed_ns=6332199200, other_after_abort=0, writes_after_generation=0, abort_ms=6332, after_resize=0, other_after_clear=0, after_generation=0, tt_writes=2252711, reads_after_generation=0, search=550, helper=3, writes_after_clear=0, writes_after_resize=0, bestmove_ms=6332, tt_other=1, event=exit, start_ms=0, completed_depth=13, submit_ms=0, after_abort=0, after_clear=0, reads_after_resize=0, helper_elapsed_ns=6332134200, writes_after_abort=0, helper_nodes=2275404, bestmove=d2b4, other_after_resize=0, exit_cause=helper-abort, tt_reads=3140144, other_after_generation=0, exit_ms=6332}"
"measured","5","28","4","550","2","helper-abort","12","a5a6","2260025","6332143600","356913.100","3003554","2237857","1","0","0","0","0","0","0","0","0","0","0","0","0","0","0","0","0","{exception=-, reads_after_abort=0, reads_after_clear=0, search_elapsed_ns=6332201500, other_after_abort=0, writes_after_generation=0, abort_ms=6332, after_resize=0, other_after_clear=0, after_generation=0, tt_writes=2237857, reads_after_generation=0, search=550, helper=2, writes_after_clear=0, writes_after_resize=0, bestmove_ms=6332, tt_other=1, event=exit, start_ms=0, completed_depth=12, submit_ms=0, after_abort=0, after_clear=0, reads_after_resize=0, helper_elapsed_ns=6332143600, writes_after_abort=0, helper_nodes=2260025, bestmove=a5a6, other_after_resize=0, exit_cause=helper-abort, tt_reads=3003554, other_after_generation=0, exit_ms=6332}"
"measured","5","28","4","550","1","helper-abort","13","d2b4","2252610","6332157000","355741.337","3131327","2229980","1","0","0","0","0","0","0","0","0","0","0","0","0","0","0","0","0","{exception=-, reads_after_abort=0, reads_after_clear=0, search_elapsed_ns=6332199200, other_after_abort=0, writes_after_generation=0, abort_ms=6332, after_resize=0, other_after_clear=0, after_generation=0, tt_writes=2229980, reads_after_generation=0, search=550, helper=1, writes_after_clear=0, writes_after_resize=0, bestmove_ms=6332, tt_other=1, event=exit, start_ms=0, completed_depth=13, submit_ms=0, after_abort=0, after_clear=0, reads_after_resize=0, helper_elapsed_ns=6332157000, writes_after_abort=0, helper_nodes=2252610, bestmove=d2b4, other_after_resize=0, exit_cause=helper-abort, tt_reads=3131327, other_after_generation=0, exit_ms=6332}"
"measured","5","28","2","552","1","helper-abort","12","a5a6","1423965","3948308800","360651.882","1943878","1410194","1","0","0","0","0","0","0","0","0","0","0","0","0","0","0","0","0","{exception=-, reads_after_abort=0, reads_after_clear=0, search_elapsed_ns=3948346000, other_after_abort=0, writes_after_generation=0, abort_ms=3948, after_resize=0, other_after_clear=0, after_generation=0, tt_writes=1410194, reads_after_generation=0, search=552, helper=1, writes_after_clear=0, writes_after_resize=0, bestmove_ms=3948, tt_other=1, event=exit, start_ms=0, completed_depth=12, submit_ms=0, after_abort=0, after_clear=0, reads_after_resize=0, helper_elapsed_ns=3948308800, writes_after_abort=0, helper_nodes=1423965, bestmove=a5a6, other_after_resize=0, exit_cause=helper-abort, tt_reads=1943878, other_after_generation=0, exit_ms=3948}"
"measured","5","29","2","554","1","helper-abort","13","c6d4","1648734","4573994400","360458.246","2485724","1637723","1","0","0","0","0","0","0","0","0","0","0","0","0","0","0","0","0","{exception=-, reads_after_abort=0, reads_after_clear=0, search_elapsed_ns=4574034800, other_after_abort=0, writes_after_generation=0, abort_ms=4574, after_resize=0, other_after_clear=0, after_generation=0, tt_writes=1637723, reads_after_generation=0, search=554, helper=1, writes_after_clear=0, writes_after_resize=0, bestmove_ms=4574, tt_other=1, event=exit, start_ms=0, completed_depth=13, submit_ms=0, after_abort=0, after_clear=0, reads_after_resize=0, helper_elapsed_ns=4573994400, writes_after_abort=0, helper_nodes=1648734, bestmove=c6d4, other_after_resize=0, exit_cause=helper-abort, tt_reads=2485724, other_after_generation=0, exit_ms=4574}"
"measured","5","29","4","555","3","helper-abort","13","c6d4","1171263","3447576700","339735.154","1903932","1163567","1","0","0","0","0","0","0","0","0","0","0","0","0","0","0","0","0","{exception=-, reads_after_abort=0, reads_after_clear=0, search_elapsed_ns=3447624700, other_after_abort=0, writes_after_generation=0, abort_ms=3447, after_resize=0, other_after_clear=0, after_generation=0, tt_writes=1163567, reads_after_generation=0, search=555, helper=3, writes_after_clear=0, writes_after_resize=0, bestmove_ms=3447, tt_other=1, event=exit, start_ms=0, completed_depth=13, submit_ms=0, after_abort=0, after_clear=0, reads_after_resize=0, helper_elapsed_ns=3447576700, writes_after_abort=0, helper_nodes=1171263, bestmove=c6d4, other_after_resize=0, exit_cause=helper-abort, tt_reads=1903932, other_after_generation=0, exit_ms=3447}"
"measured","5","29","4","555","1","helper-abort","13","c6d4","1186033","3447584800","344018.514","1965695","1177674","1","0","0","0","0","0","0","0","0","0","0","0","0","0","0","0","0","{exception=-, reads_after_abort=0, reads_after_clear=0, search_elapsed_ns=3447623200, other_after_abort=0, writes_after_generation=0, abort_ms=3447, after_resize=0, other_after_clear=0, after_generation=0, tt_writes=1177674, reads_after_generation=0, search=555, helper=1, writes_after_clear=0, writes_after_resize=0, bestmove_ms=3447, tt_other=1, event=exit, start_ms=0, completed_depth=13, submit_ms=0, after_abort=0, after_clear=0, reads_after_resize=0, helper_elapsed_ns=3447584800, writes_after_abort=0, helper_nodes=1186033, bestmove=c6d4, other_after_resize=0, exit_cause=helper-abort, tt_reads=1965695, other_after_generation=0, exit_ms=3447}"
"measured","5","29","4","555","2","helper-abort","13","c6d4","1189903","3447565500","345142.971","1989124","1181463","1","0","0","0","0","0","0","0","0","0","0","0","0","0","0","0","0","{exception=-, reads_after_abort=0, reads_after_clear=0, search_elapsed_ns=3447625000, other_after_abort=0, writes_after_generation=0, abort_ms=3447, after_resize=0, other_after_clear=0, after_generation=0, tt_writes=1181463, reads_after_generation=0, search=555, helper=2, writes_after_clear=0, writes_after_resize=0, bestmove_ms=3447, tt_other=1, event=exit, start_ms=0, completed_depth=13, submit_ms=0, after_abort=0, after_clear=0, reads_after_resize=0, helper_elapsed_ns=3447565500, writes_after_abort=0, helper_nodes=1189903, bestmove=c6d4, other_after_resize=0, exit_cause=helper-abort, tt_reads=1989124, other_after_generation=0, exit_ms=3447}"
"measured","5","30","2","556","1","helper-abort","13","h4h5","788661","1880475300","419394.501","1119897","775515","1","3","0","0","0","0","3","0","0","0","0","0","0","0","0","0","0","{exception=-, reads_after_abort=0, reads_after_clear=0, search_elapsed_ns=1880510100, other_after_abort=0, writes_after_generation=0, abort_ms=1880, after_resize=0, other_after_clear=0, after_generation=0, tt_writes=775515, reads_after_generation=0, search=556, helper=1, writes_after_clear=0, writes_after_resize=0, bestmove_ms=1880, tt_other=1, event=exit, start_ms=0, completed_depth=13, submit_ms=0, after_abort=3, after_clear=0, reads_after_resize=0, helper_elapsed_ns=1880475300, writes_after_abort=3, helper_nodes=788661, bestmove=h4h5, other_after_resize=0, exit_cause=helper-abort, tt_reads=1119897, other_after_generation=0, exit_ms=1880}"
"measured","5","30","4","557","2","helper-abort","13","h4h5","861009","2168008000","397142.907","1203406","846338","1","1","0","0","0","0","1","0","0","0","0","0","0","0","0","0","0","{exception=-, reads_after_abort=0, reads_after_clear=0, search_elapsed_ns=2168040500, other_after_abort=0, writes_after_generation=0, abort_ms=2168, after_resize=0, other_after_clear=0, after_generation=0, tt_writes=846338, reads_after_generation=0, search=557, helper=2, writes_after_clear=0, writes_after_resize=0, bestmove_ms=2168, tt_other=1, event=exit, start_ms=0, completed_depth=13, submit_ms=0, after_abort=1, after_clear=0, reads_after_resize=0, helper_elapsed_ns=2168008000, writes_after_abort=1, helper_nodes=861009, bestmove=h4h5, other_after_resize=0, exit_cause=helper-abort, tt_reads=1203406, other_after_generation=0, exit_ms=2168}"
"measured","5","30","4","557","3","helper-abort","13","h4h5","871340","2167993100","401910.873","1217086","856585","1","0","0","0","0","0","0","0","0","0","0","0","0","0","0","0","0","{exception=-, reads_after_abort=0, reads_after_clear=0, search_elapsed_ns=2168040600, other_after_abort=0, writes_after_generation=0, abort_ms=2168, after_resize=0, other_after_clear=0, after_generation=0, tt_writes=856585, reads_after_generation=0, search=557, helper=3, writes_after_clear=0, writes_after_resize=0, bestmove_ms=2168, tt_other=1, event=exit, start_ms=0, completed_depth=13, submit_ms=0, after_abort=0, after_clear=0, reads_after_resize=0, helper_elapsed_ns=2167993100, writes_after_abort=0, helper_nodes=871340, bestmove=h4h5, other_after_resize=0, exit_cause=helper-abort, tt_reads=1217086, other_after_generation=0, exit_ms=2168}"
"measured","5","30","4","557","1","helper-abort","13","f2f5","880522","2168012300","406142.530","1270552","865150","1","0","0","0","0","0","0","0","0","0","0","0","0","0","0","0","0","{exception=-, reads_after_abort=0, reads_after_clear=0, search_elapsed_ns=2168040600, other_after_abort=0, writes_after_generation=0, abort_ms=2168, after_resize=0, other_after_clear=0, after_generation=0, tt_writes=865150, reads_after_generation=0, search=557, helper=1, writes_after_clear=0, writes_after_resize=0, bestmove_ms=2168, tt_other=1, event=exit, start_ms=0, completed_depth=13, submit_ms=0, after_abort=0, after_clear=0, reads_after_resize=0, helper_elapsed_ns=2168012300, writes_after_abort=0, helper_nodes=880522, bestmove=f2f5, other_after_resize=0, exit_cause=helper-abort, tt_reads=1270552, other_after_generation=0, exit_ms=2168}"
"measured","6","0","4","559","3","helper-abort","12","e2e4","231614","593043100","390551.715","358216","230521","1","0","0","0","0","0","0","0","0","0","0","0","0","0","0","0","0","{exception=-, reads_after_abort=0, reads_after_clear=0, search_elapsed_ns=593103500, other_after_abort=0, writes_after_generation=0, abort_ms=593, after_resize=0, other_after_clear=0, after_generation=0, tt_writes=230521, reads_after_generation=0, search=559, helper=3, writes_after_clear=0, writes_after_resize=0, bestmove_ms=593, tt_other=1, event=exit, start_ms=0, completed_depth=12, submit_ms=0, after_abort=0, after_clear=0, reads_after_resize=0, helper_elapsed_ns=593043100, writes_after_abort=0, helper_nodes=231614, bestmove=e2e4, other_after_resize=0, exit_cause=helper-abort, tt_reads=358216, other_after_generation=0, exit_ms=593}"
"measured","6","0","4","559","2","helper-abort","13","e2e4","225801","593057700","380740.356","353235","224907","1","0","0","0","0","0","0","0","0","0","0","0","0","0","0","0","0","{exception=-, reads_after_abort=0, reads_after_clear=0, search_elapsed_ns=593101100, other_after_abort=0, writes_after_generation=0, abort_ms=593, after_resize=0, other_after_clear=0, after_generation=0, tt_writes=224907, reads_after_generation=0, search=559, helper=2, writes_after_clear=0, writes_after_resize=0, bestmove_ms=593, tt_other=1, event=exit, start_ms=0, completed_depth=13, submit_ms=0, after_abort=0, after_clear=0, reads_after_resize=0, helper_elapsed_ns=593057700, writes_after_abort=0, helper_nodes=225801, bestmove=e2e4, other_after_resize=0, exit_cause=helper-abort, tt_reads=353235, other_after_generation=0, exit_ms=593}"
"measured","6","0","4","559","1","helper-abort","13","e2e4","226489","593060700","381898.514","354430","225539","1","0","0","0","0","0","0","0","0","0","0","0","0","0","0","0","0","{exception=-, reads_after_abort=0, reads_after_clear=0, search_elapsed_ns=593101100, other_after_abort=0, writes_after_generation=0, abort_ms=593, after_resize=0, other_after_clear=0, after_generation=0, tt_writes=225539, reads_after_generation=0, search=559, helper=1, writes_after_clear=0, writes_after_resize=0, bestmove_ms=593, tt_other=1, event=exit, start_ms=0, completed_depth=13, submit_ms=0, after_abort=0, after_clear=0, reads_after_resize=0, helper_elapsed_ns=593060700, writes_after_abort=0, helper_nodes=226489, bestmove=e2e4, other_after_resize=0, exit_cause=helper-abort, tt_reads=354430, other_after_generation=0, exit_ms=593}"
"measured","6","0","2","561","1","helper-abort","13","e2e4","439622","1103285800","398466.109","597311","437778","1","0","0","0","0","0","0","0","0","0","0","0","0","0","0","0","0","{exception=-, reads_after_abort=0, reads_after_clear=0, search_elapsed_ns=1103320500, other_after_abort=0, writes_after_generation=0, abort_ms=1103, after_resize=0, other_after_clear=0, after_generation=0, tt_writes=437778, reads_after_generation=0, search=561, helper=1, writes_after_clear=0, writes_after_resize=0, bestmove_ms=1103, tt_other=1, event=exit, start_ms=0, completed_depth=13, submit_ms=0, after_abort=0, after_clear=0, reads_after_resize=0, helper_elapsed_ns=1103285800, writes_after_abort=0, helper_nodes=439622, bestmove=e2e4, other_after_resize=0, exit_cause=helper-abort, tt_reads=597311, other_after_generation=0, exit_ms=1103}"
"measured","6","1","2","563","1","helper-abort","13","e2a6","2450616","8478125700","289051.624","3400946","2441726","1","0","0","0","0","0","0","0","0","0","0","0","0","0","0","0","0","{exception=-, reads_after_abort=0, reads_after_clear=0, search_elapsed_ns=8478159400, other_after_abort=0, writes_after_generation=0, abort_ms=8478, after_resize=0, other_after_clear=0, after_generation=0, tt_writes=2441726, reads_after_generation=0, search=563, helper=1, writes_after_clear=0, writes_after_resize=0, bestmove_ms=8478, tt_other=1, event=exit, start_ms=0, completed_depth=13, submit_ms=0, after_abort=0, after_clear=0, reads_after_resize=0, helper_elapsed_ns=8478125700, writes_after_abort=0, helper_nodes=2450616, bestmove=e2a6, other_after_resize=0, exit_cause=helper-abort, tt_reads=3400946, other_after_generation=0, exit_ms=8478}"
"measured","6","1","4","564","1","helper-abort","13","e2a6","3722787","14136375600","263348.054","5803200","3706424","1","0","0","0","0","0","0","0","0","0","0","0","0","0","0","0","0","{exception=-, reads_after_abort=0, reads_after_clear=0, search_elapsed_ns=14136426000, other_after_abort=0, writes_after_generation=0, abort_ms=14136, after_resize=0, other_after_clear=0, after_generation=0, tt_writes=3706424, reads_after_generation=0, search=564, helper=1, writes_after_clear=0, writes_after_resize=0, bestmove_ms=14136, tt_other=1, event=exit, start_ms=0, completed_depth=13, submit_ms=0, after_abort=0, after_clear=0, reads_after_resize=0, helper_elapsed_ns=14136375600, writes_after_abort=0, helper_nodes=3722787, bestmove=e2a6, other_after_resize=0, exit_cause=helper-abort, tt_reads=5803200, other_after_generation=0, exit_ms=14136}"
"measured","6","1","4","564","2","helper-abort","13","e2a6","3730764","14136365400","263912.533","5765679","3715558","1","0","0","0","0","0","0","0","0","0","0","0","0","0","0","0","0","{exception=-, reads_after_abort=0, reads_after_clear=0, search_elapsed_ns=14136425900, other_after_abort=0, writes_after_generation=0, abort_ms=14136, after_resize=0, other_after_clear=0, after_generation=0, tt_writes=3715558, reads_after_generation=0, search=564, helper=2, writes_after_clear=0, writes_after_resize=0, bestmove_ms=14136, tt_other=1, event=exit, start_ms=0, completed_depth=13, submit_ms=0, after_abort=0, after_clear=0, reads_after_resize=0, helper_elapsed_ns=14136365400, writes_after_abort=0, helper_nodes=3730764, bestmove=e2a6, other_after_resize=0, exit_cause=helper-abort, tt_reads=5765679, other_after_generation=0, exit_ms=14136}"
"measured","6","1","4","564","3","helper-abort","13","e2a6","3811010","14136354100","269589.314","5768845","3794563","1","0","0","0","0","0","0","0","0","0","0","0","0","0","0","0","0","{exception=-, reads_after_abort=0, reads_after_clear=0, search_elapsed_ns=14136425900, other_after_abort=0, writes_after_generation=0, abort_ms=14136, after_resize=0, other_after_clear=0, after_generation=0, tt_writes=3794563, reads_after_generation=0, search=564, helper=3, writes_after_clear=0, writes_after_resize=0, bestmove_ms=14136, tt_other=1, event=exit, start_ms=0, completed_depth=13, submit_ms=0, after_abort=0, after_clear=0, reads_after_resize=0, helper_elapsed_ns=14136354100, writes_after_abort=0, helper_nodes=3811010, bestmove=e2a6, other_after_resize=0, exit_cause=helper-abort, tt_reads=5768845, other_after_generation=0, exit_ms=14136}"
"measured","6","2","2","565","1","helper-abort","13","e1d2","9077","9280900","978030.148","20006","9068","1","0","0","0","0","0","0","0","0","0","0","0","0","0","0","0","0","{exception=-, reads_after_abort=0, reads_after_clear=0, search_elapsed_ns=9312000, other_after_abort=0, writes_after_generation=0, abort_ms=9, after_resize=0, other_after_clear=0, after_generation=0, tt_writes=9068, reads_after_generation=0, search=565, helper=1, writes_after_clear=0, writes_after_resize=0, bestmove_ms=9, tt_other=1, event=exit, start_ms=0, completed_depth=13, submit_ms=0, after_abort=0, after_clear=0, reads_after_resize=0, helper_elapsed_ns=9280900, writes_after_abort=0, helper_nodes=9077, bestmove=e1d2, other_after_resize=0, exit_cause=helper-abort, tt_reads=20006, other_after_generation=0, exit_ms=9}"
"measured","6","2","4","566","1","helper-abort","13","e1d2","5561","6268200","887176.542","12865","5546","1","1","0","0","0","1","0","0","0","0","0","0","0","0","0","0","0","{exception=-, reads_after_abort=1, reads_after_clear=0, search_elapsed_ns=6295200, other_after_abort=0, writes_after_generation=0, abort_ms=6, after_resize=0, other_after_clear=0, after_generation=0, tt_writes=5546, reads_after_generation=0, search=566, helper=1, writes_after_clear=0, writes_after_resize=0, bestmove_ms=6, tt_other=1, event=exit, start_ms=0, completed_depth=13, submit_ms=0, after_abort=1, after_clear=0, reads_after_resize=0, helper_elapsed_ns=6268200, writes_after_abort=0, helper_nodes=5561, bestmove=e1d2, other_after_resize=0, exit_cause=helper-abort, tt_reads=12865, other_after_generation=0, exit_ms=6}"
"measured","6","2","4","566","3","helper-abort","13","e1d2","5469","6260300","873600.307","12909","5458","1","1","0","0","0","1","0","0","0","0","0","0","0","0","0","0","0","{exception=-, reads_after_abort=1, reads_after_clear=0, search_elapsed_ns=6295200, other_after_abort=0, writes_after_generation=0, abort_ms=6, after_resize=0, other_after_clear=0, after_generation=0, tt_writes=5458, reads_after_generation=0, search=566, helper=3, writes_after_clear=0, writes_after_resize=0, bestmove_ms=6, tt_other=1, event=exit, start_ms=0, completed_depth=13, submit_ms=0, after_abort=1, after_clear=0, reads_after_resize=0, helper_elapsed_ns=6260300, writes_after_abort=0, helper_nodes=5469, bestmove=e1d2, other_after_resize=0, exit_cause=helper-abort, tt_reads=12909, other_after_generation=0, exit_ms=6}"
"measured","6","2","4","566","2","helper-abort","13","e1d2","5493","6268000","876356.094","12715","5480","1","0","0","0","0","0","0","0","0","0","0","0","0","0","0","0","0","{exception=-, reads_after_abort=0, reads_after_clear=0, search_elapsed_ns=6295100, other_after_abort=0, writes_after_generation=0, abort_ms=6, after_resize=0, other_after_clear=0, after_generation=0, tt_writes=5480, reads_after_generation=0, search=566, helper=2, writes_after_clear=0, writes_after_resize=0, bestmove_ms=6, tt_other=1, event=exit, start_ms=0, completed_depth=13, submit_ms=0, after_abort=0, after_clear=0, reads_after_resize=0, helper_elapsed_ns=6268000, writes_after_abort=0, helper_nodes=5493, bestmove=e1d2, other_after_resize=0, exit_cause=helper-abort, tt_reads=12715, other_after_generation=0, exit_ms=6}"
"measured","6","3","4","568","3","helper-abort","13","c4c5","562052","2207227000","254641.684","1027723","556954","1","0","0","0","0","0","0","0","0","0","0","0","0","0","0","0","0","{exception=-, reads_after_abort=0, reads_after_clear=0, search_elapsed_ns=2207293000, other_after_abort=0, writes_after_generation=0, abort_ms=2207, after_resize=0, other_after_clear=0, after_generation=0, tt_writes=556954, reads_after_generation=0, search=568, helper=3, writes_after_clear=0, writes_after_resize=0, bestmove_ms=2207, tt_other=1, event=exit, start_ms=0, completed_depth=13, submit_ms=0, after_abort=0, after_clear=0, reads_after_resize=0, helper_elapsed_ns=2207227000, writes_after_abort=0, helper_nodes=562052, bestmove=c4c5, other_after_resize=0, exit_cause=helper-abort, tt_reads=1027723, other_after_generation=0, exit_ms=2207}"
"measured","6","3","4","568","1","helper-abort","13","c4c5","563414","2207266100","255254.226","1026719","558331","1","0","0","0","0","0","0","0","0","0","0","0","0","0","0","0","0","{exception=-, reads_after_abort=0, reads_after_clear=0, search_elapsed_ns=2207293000, other_after_abort=0, writes_after_generation=0, abort_ms=2207, after_resize=0, other_after_clear=0, after_generation=0, tt_writes=558331, reads_after_generation=0, search=568, helper=1, writes_after_clear=0, writes_after_resize=0, bestmove_ms=2207, tt_other=1, event=exit, start_ms=0, completed_depth=13, submit_ms=0, after_abort=0, after_clear=0, reads_after_resize=0, helper_elapsed_ns=2207266100, writes_after_abort=0, helper_nodes=563414, bestmove=c4c5, other_after_resize=0, exit_cause=helper-abort, tt_reads=1026719, other_after_generation=0, exit_ms=2207}"
"measured","6","3","4","568","2","helper-abort","13","c4c5","566061","2207261700","256453.958","1026219","561093","1","0","0","0","0","0","0","0","0","0","0","0","0","0","0","0","0","{exception=-, reads_after_abort=0, reads_after_clear=0, search_elapsed_ns=2207293000, other_after_abort=0, writes_after_generation=0, abort_ms=2207, after_resize=0, other_after_clear=0, after_generation=0, tt_writes=561093, reads_after_generation=0, search=568, helper=2, writes_after_clear=0, writes_after_resize=0, bestmove_ms=2207, tt_other=1, event=exit, start_ms=0, completed_depth=13, submit_ms=0, after_abort=0, after_clear=0, reads_after_resize=0, helper_elapsed_ns=2207261700, writes_after_abort=0, helper_nodes=566061, bestmove=c4c5, other_after_resize=0, exit_cause=helper-abort, tt_reads=1026219, other_after_generation=0, exit_ms=2207}"
"measured","6","3","2","570","1","helper-abort","13","c4c5","545167","1899502800","287005.105","883266","539156","1","0","0","0","0","0","0","0","0","0","0","0","0","0","0","0","0","{exception=-, reads_after_abort=0, reads_after_clear=0, search_elapsed_ns=1899556900, other_after_abort=0, writes_after_generation=0, abort_ms=1899, after_resize=0, other_after_clear=0, after_generation=0, tt_writes=539156, reads_after_generation=0, search=570, helper=1, writes_after_clear=0, writes_after_resize=0, bestmove_ms=1899, tt_other=1, event=exit, start_ms=0, completed_depth=13, submit_ms=0, after_abort=0, after_clear=0, reads_after_resize=0, helper_elapsed_ns=1899502800, writes_after_abort=0, helper_nodes=545167, bestmove=c4c5, other_after_resize=0, exit_cause=helper-abort, tt_reads=883266, other_after_generation=0, exit_ms=1899}"
"measured","6","4","2","572","1","helper-abort","12","b5c4","198349","562375600","352698.446","295167","197467","1","1","0","0","0","0","1","0","0","0","0","0","0","0","0","0","0","{exception=-, reads_after_abort=0, reads_after_clear=0, search_elapsed_ns=562427100, other_after_abort=0, writes_after_generation=0, abort_ms=562, after_resize=0, other_after_clear=0, after_generation=0, tt_writes=197467, reads_after_generation=0, search=572, helper=1, writes_after_clear=0, writes_after_resize=0, bestmove_ms=562, tt_other=1, event=exit, start_ms=0, completed_depth=12, submit_ms=0, after_abort=1, after_clear=0, reads_after_resize=0, helper_elapsed_ns=562375600, writes_after_abort=1, helper_nodes=198349, bestmove=b5c4, other_after_resize=0, exit_cause=helper-abort, tt_reads=295167, other_after_generation=0, exit_ms=562}"
"measured","6","4","4","573","2","helper-abort","12","b5c4","104481","308105400","339107.981","157195","103866","1","0","0","0","0","0","0","0","0","0","0","0","0","0","0","0","0","{exception=-, reads_after_abort=0, reads_after_clear=0, search_elapsed_ns=308142600, other_after_abort=0, writes_after_generation=0, abort_ms=308, after_resize=0, other_after_clear=0, after_generation=0, tt_writes=103866, reads_after_generation=0, search=573, helper=2, writes_after_clear=0, writes_after_resize=0, bestmove_ms=308, tt_other=1, event=exit, start_ms=0, completed_depth=12, submit_ms=0, after_abort=0, after_clear=0, reads_after_resize=0, helper_elapsed_ns=308105400, writes_after_abort=0, helper_nodes=104481, bestmove=b5c4, other_after_resize=0, exit_cause=helper-abort, tt_reads=157195, other_after_generation=0, exit_ms=308}"
"measured","6","4","4","573","3","helper-abort","13","b5c4","111011","308100100","360308.225","195274","110520","1","0","0","0","0","0","0","0","0","0","0","0","0","0","0","0","0","{exception=-, reads_after_abort=0, reads_after_clear=0, search_elapsed_ns=308141100, other_after_abort=0, writes_after_generation=0, abort_ms=308, after_resize=0, other_after_clear=0, after_generation=0, tt_writes=110520, reads_after_generation=0, search=573, helper=3, writes_after_clear=0, writes_after_resize=0, bestmove_ms=308, tt_other=1, event=exit, start_ms=0, completed_depth=13, submit_ms=0, after_abort=0, after_clear=0, reads_after_resize=0, helper_elapsed_ns=308100100, writes_after_abort=0, helper_nodes=111011, bestmove=b5c4, other_after_resize=0, exit_cause=helper-abort, tt_reads=195274, other_after_generation=0, exit_ms=308}"
"measured","6","4","4","573","1","helper-abort","13","b5c4","111154","308111900","360758.543","181022","110683","1","0","0","0","0","0","0","0","0","0","0","0","0","0","0","0","0","{exception=-, reads_after_abort=0, reads_after_clear=0, search_elapsed_ns=308141300, other_after_abort=0, writes_after_generation=0, abort_ms=308, after_resize=0, other_after_clear=0, after_generation=0, tt_writes=110683, reads_after_generation=0, search=573, helper=1, writes_after_clear=0, writes_after_resize=0, bestmove_ms=308, tt_other=1, event=exit, start_ms=0, completed_depth=13, submit_ms=0, after_abort=0, after_clear=0, reads_after_resize=0, helper_elapsed_ns=308111900, writes_after_abort=0, helper_nodes=111154, bestmove=b5c4, other_after_resize=0, exit_cause=helper-abort, tt_reads=181022, other_after_generation=0, exit_ms=308}"
"measured","6","5","2","574","1","helper-abort","13","d1d3","560092","1614779100","346853.635","784561","555310","1","0","0","0","0","0","0","0","0","0","0","0","0","0","0","0","0","{exception=-, reads_after_abort=0, reads_after_clear=0, search_elapsed_ns=1614808600, other_after_abort=0, writes_after_generation=0, abort_ms=1614, after_resize=0, other_after_clear=0, after_generation=0, tt_writes=555310, reads_after_generation=0, search=574, helper=1, writes_after_clear=0, writes_after_resize=0, bestmove_ms=1614, tt_other=1, event=exit, start_ms=0, completed_depth=13, submit_ms=0, after_abort=0, after_clear=0, reads_after_resize=0, helper_elapsed_ns=1614779100, writes_after_abort=0, helper_nodes=560092, bestmove=d1d3, other_after_resize=0, exit_cause=helper-abort, tt_reads=784561, other_after_generation=0, exit_ms=1614}"
"measured","6","5","4","575","3","helper-abort","13","d1d3","379169","1145945400","330878.766","561763","375437","1","0","0","0","0","0","0","0","0","0","0","0","0","0","0","0","0","{exception=-, reads_after_abort=0, reads_after_clear=0, search_elapsed_ns=1145985100, other_after_abort=0, writes_after_generation=0, abort_ms=1145, after_resize=0, other_after_clear=0, after_generation=0, tt_writes=375437, reads_after_generation=0, search=575, helper=3, writes_after_clear=0, writes_after_resize=0, bestmove_ms=1145, tt_other=1, event=exit, start_ms=0, completed_depth=13, submit_ms=0, after_abort=0, after_clear=0, reads_after_resize=0, helper_elapsed_ns=1145945400, writes_after_abort=0, helper_nodes=379169, bestmove=d1d3, other_after_resize=0, exit_cause=helper-abort, tt_reads=561763, other_after_generation=0, exit_ms=1145}"
"measured","6","5","4","575","2","helper-abort","12","d1d3","361590","1145949200","315537.547","523983","358157","1","1","0","0","0","0","1","0","0","0","0","0","0","0","0","0","0","{exception=-, reads_after_abort=0, reads_after_clear=0, search_elapsed_ns=1145987700, other_after_abort=0, writes_after_generation=0, abort_ms=1145, after_resize=0, other_after_clear=0, after_generation=0, tt_writes=358157, reads_after_generation=0, search=575, helper=2, writes_after_clear=0, writes_after_resize=0, bestmove_ms=1145, tt_other=1, event=exit, start_ms=0, completed_depth=12, submit_ms=0, after_abort=1, after_clear=0, reads_after_resize=0, helper_elapsed_ns=1145949200, writes_after_abort=1, helper_nodes=361590, bestmove=d1d3, other_after_resize=0, exit_cause=helper-abort, tt_reads=523983, other_after_generation=0, exit_ms=1145}"
"measured","6","5","4","575","1","helper-abort","12","g1h1","362343","1145959300","316191.858","510537","359188","1","0","0","0","0","0","0","0","0","0","0","0","0","0","0","0","0","{exception=-, reads_after_abort=0, reads_after_clear=0, search_elapsed_ns=1145987100, other_after_abort=0, writes_after_generation=0, abort_ms=1145, after_resize=0, other_after_clear=0, after_generation=0, tt_writes=359188, reads_after_generation=0, search=575, helper=1, writes_after_clear=0, writes_after_resize=0, bestmove_ms=1145, tt_other=1, event=exit, start_ms=0, completed_depth=12, submit_ms=0, after_abort=0, after_clear=0, reads_after_resize=0, helper_elapsed_ns=1145959300, writes_after_abort=0, helper_nodes=362343, bestmove=g1h1, other_after_resize=0, exit_cause=helper-abort, tt_reads=510537, other_after_generation=0, exit_ms=1145}"
"measured","6","6","4","577","2","helper-abort","13","b4b2","524197","1543869400","339534.549","911805","520671","1","0","0","0","0","0","0","0","0","0","0","0","0","0","0","0","0","{exception=-, reads_after_abort=0, reads_after_clear=0, search_elapsed_ns=1543905300, other_after_abort=0, writes_after_generation=0, abort_ms=1543, after_resize=0, other_after_clear=0, after_generation=0, tt_writes=520671, reads_after_generation=0, search=577, helper=2, writes_after_clear=0, writes_after_resize=0, bestmove_ms=1543, tt_other=1, event=exit, start_ms=0, completed_depth=13, submit_ms=0, after_abort=0, after_clear=0, reads_after_resize=0, helper_elapsed_ns=1543869400, writes_after_abort=0, helper_nodes=524197, bestmove=b4b2, other_after_resize=0, exit_cause=helper-abort, tt_reads=911805, other_after_generation=0, exit_ms=1543}"
"measured","6","6","4","577","1","helper-abort","13","b4b2","504224","1543869400","326597.574","857892","500946","1","0","0","0","0","0","0","0","0","0","0","0","0","0","0","0","0","{exception=-, reads_after_abort=0, reads_after_clear=0, search_elapsed_ns=1543905300, other_after_abort=0, writes_after_generation=0, abort_ms=1543, after_resize=0, other_after_clear=0, after_generation=0, tt_writes=500946, reads_after_generation=0, search=577, helper=1, writes_after_clear=0, writes_after_resize=0, bestmove_ms=1543, tt_other=1, event=exit, start_ms=0, completed_depth=13, submit_ms=0, after_abort=0, after_clear=0, reads_after_resize=0, helper_elapsed_ns=1543869400, writes_after_abort=0, helper_nodes=504224, bestmove=b4b2, other_after_resize=0, exit_cause=helper-abort, tt_reads=857892, other_after_generation=0, exit_ms=1543}"
"measured","6","6","4","577","3","helper-abort","13","b4b2","519291","1543866000","336357.560","909313","516009","1","0","0","0","0","0","0","0","0","0","0","0","0","0","0","0","0","{exception=-, reads_after_abort=0, reads_after_clear=0, search_elapsed_ns=1543905200, other_after_abort=0, writes_after_generation=0, abort_ms=1543, after_resize=0, other_after_clear=0, after_generation=0, tt_writes=516009, reads_after_generation=0, search=577, helper=3, writes_after_clear=0, writes_after_resize=0, bestmove_ms=1543, tt_other=1, event=exit, start_ms=0, completed_depth=13, submit_ms=0, after_abort=0, after_clear=0, reads_after_resize=0, helper_elapsed_ns=1543866000, writes_after_abort=0, helper_nodes=519291, bestmove=b4b2, other_after_resize=0, exit_cause=helper-abort, tt_reads=909313, other_after_generation=0, exit_ms=1543}"
"measured","6","6","2","579","1","helper-abort","12","b4b2","435153","1208312600","360132.800","702588","432259","1","0","0","0","0","0","0","0","0","0","0","0","0","0","0","0","0","{exception=-, reads_after_abort=0, reads_after_clear=0, search_elapsed_ns=1208353500, other_after_abort=0, writes_after_generation=0, abort_ms=1208, after_resize=0, other_after_clear=0, after_generation=0, tt_writes=432259, reads_after_generation=0, search=579, helper=1, writes_after_clear=0, writes_after_resize=0, bestmove_ms=1208, tt_other=1, event=exit, start_ms=0, completed_depth=12, submit_ms=0, after_abort=0, after_clear=0, reads_after_resize=0, helper_elapsed_ns=1208312600, writes_after_abort=0, helper_nodes=435153, bestmove=b4b2, other_after_resize=0, exit_cause=helper-abort, tt_reads=702588, other_after_generation=0, exit_ms=1208}"
"measured","6","7","2","581","1","helper-abort","12","f3d4","581271","1370629700","424090.475","786323","575712","1","0","0","0","0","0","0","0","0","0","0","0","0","0","0","0","0","{exception=-, reads_after_abort=0, reads_after_clear=0, search_elapsed_ns=1370668300, other_after_abort=0, writes_after_generation=0, abort_ms=1370, after_resize=0, other_after_clear=0, after_generation=0, tt_writes=575712, reads_after_generation=0, search=581, helper=1, writes_after_clear=0, writes_after_resize=0, bestmove_ms=1370, tt_other=1, event=exit, start_ms=0, completed_depth=12, submit_ms=0, after_abort=0, after_clear=0, reads_after_resize=0, helper_elapsed_ns=1370629700, writes_after_abort=0, helper_nodes=581271, bestmove=f3d4, other_after_resize=0, exit_cause=helper-abort, tt_reads=786323, other_after_generation=0, exit_ms=1370}"
"measured","6","7","4","582","1","helper-abort","12","f3d4","368435","928583400","396771.039","534960","364410","1","0","0","0","0","0","0","0","0","0","0","0","0","0","0","0","0","{exception=-, reads_after_abort=0, reads_after_clear=0, search_elapsed_ns=928627800, other_after_abort=0, writes_after_generation=0, abort_ms=928, after_resize=0, other_after_clear=0, after_generation=0, tt_writes=364410, reads_after_generation=0, search=582, helper=1, writes_after_clear=0, writes_after_resize=0, bestmove_ms=928, tt_other=1, event=exit, start_ms=0, completed_depth=12, submit_ms=0, after_abort=0, after_clear=0, reads_after_resize=0, helper_elapsed_ns=928583400, writes_after_abort=0, helper_nodes=368435, bestmove=f3d4, other_after_resize=0, exit_cause=helper-abort, tt_reads=534960, other_after_generation=0, exit_ms=928}"
"measured","6","7","4","582","3","helper-abort","13","f3d4","357619","928557500","385133.931","509392","353984","1","0","0","0","0","0","0","0","0","0","0","0","0","0","0","0","0","{exception=-, reads_after_abort=0, reads_after_clear=0, search_elapsed_ns=928626700, other_after_abort=0, writes_after_generation=0, abort_ms=928, after_resize=0, other_after_clear=0, after_generation=0, tt_writes=353984, reads_after_generation=0, search=582, helper=3, writes_after_clear=0, writes_after_resize=0, bestmove_ms=928, tt_other=1, event=exit, start_ms=0, completed_depth=13, submit_ms=0, after_abort=0, after_clear=0, reads_after_resize=0, helper_elapsed_ns=928557500, writes_after_abort=0, helper_nodes=357619, bestmove=f3d4, other_after_resize=0, exit_cause=helper-abort, tt_reads=509392, other_after_generation=0, exit_ms=928}"
"measured","6","7","4","582","2","helper-abort","13","f3d4","366070","928574800","394227.799","508398","362449","1","0","0","0","0","0","0","0","0","0","0","0","0","0","0","0","0","{exception=-, reads_after_abort=0, reads_after_clear=0, search_elapsed_ns=928626600, other_after_abort=0, writes_after_generation=0, abort_ms=928, after_resize=0, other_after_clear=0, after_generation=0, tt_writes=362449, reads_after_generation=0, search=582, helper=2, writes_after_clear=0, writes_after_resize=0, bestmove_ms=928, tt_other=1, event=exit, start_ms=0, completed_depth=13, submit_ms=0, after_abort=0, after_clear=0, reads_after_resize=0, helper_elapsed_ns=928574800, writes_after_abort=0, helper_nodes=366070, bestmove=f3d4, other_after_resize=0, exit_cause=helper-abort, tt_reads=508398, other_after_generation=0, exit_ms=928}"
"measured","6","8","2","583","1","helper-abort","13","b3c2","886694","2439636800","363453.281","1324077","882476","1","1","0","0","0","0","1","0","0","0","0","0","0","0","0","0","0","{exception=-, reads_after_abort=0, reads_after_clear=0, search_elapsed_ns=2439666900, other_after_abort=0, writes_after_generation=0, abort_ms=2439, after_resize=0, other_after_clear=0, after_generation=0, tt_writes=882476, reads_after_generation=0, search=583, helper=1, writes_after_clear=0, writes_after_resize=0, bestmove_ms=2439, tt_other=1, event=exit, start_ms=0, completed_depth=13, submit_ms=0, after_abort=1, after_clear=0, reads_after_resize=0, helper_elapsed_ns=2439636800, writes_after_abort=1, helper_nodes=886694, bestmove=b3c2, other_after_resize=0, exit_cause=helper-abort, tt_reads=1324077, other_after_generation=0, exit_ms=2439}"
"measured","6","8","4","584","3","helper-abort","13","b3c2","521357","1536851700","339237.026","888378","518936","1","0","0","0","0","0","0","0","0","0","0","0","0","0","0","0","0","{exception=-, reads_after_abort=0, reads_after_clear=0, search_elapsed_ns=1536893800, other_after_abort=0, writes_after_generation=0, abort_ms=1536, after_resize=0, other_after_clear=0, after_generation=0, tt_writes=518936, reads_after_generation=0, search=584, helper=3, writes_after_clear=0, writes_after_resize=0, bestmove_ms=1536, tt_other=1, event=exit, start_ms=0, completed_depth=13, submit_ms=0, after_abort=0, after_clear=0, reads_after_resize=0, helper_elapsed_ns=1536851700, writes_after_abort=0, helper_nodes=521357, bestmove=b3c2, other_after_resize=0, exit_cause=helper-abort, tt_reads=888378, other_after_generation=0, exit_ms=1536}"
"measured","6","8","4","584","1","helper-abort","13","b3c2","506839","1536860900","329788.467","822777","504360","1","0","0","0","0","0","0","0","0","0","0","0","0","0","0","0","0","{exception=-, reads_after_abort=0, reads_after_clear=0, search_elapsed_ns=1536893800, other_after_abort=0, writes_after_generation=0, abort_ms=1536, after_resize=0, other_after_clear=0, after_generation=0, tt_writes=504360, reads_after_generation=0, search=584, helper=1, writes_after_clear=0, writes_after_resize=0, bestmove_ms=1536, tt_other=1, event=exit, start_ms=0, completed_depth=13, submit_ms=0, after_abort=0, after_clear=0, reads_after_resize=0, helper_elapsed_ns=1536860900, writes_after_abort=0, helper_nodes=506839, bestmove=b3c2, other_after_resize=0, exit_cause=helper-abort, tt_reads=822777, other_after_generation=0, exit_ms=1536}"
"measured","6","8","4","584","2","helper-abort","13","b3c2","512859","1536857500","333706.281","888642","510412","1","0","0","0","0","0","0","0","0","0","0","0","0","0","0","0","0","{exception=-, reads_after_abort=0, reads_after_clear=0, search_elapsed_ns=1536893800, other_after_abort=0, writes_after_generation=0, abort_ms=1536, after_resize=0, other_after_clear=0, after_generation=0, tt_writes=510412, reads_after_generation=0, search=584, helper=2, writes_after_clear=0, writes_after_resize=0, bestmove_ms=1536, tt_other=1, event=exit, start_ms=0, completed_depth=13, submit_ms=0, after_abort=0, after_clear=0, reads_after_resize=0, helper_elapsed_ns=1536857500, writes_after_abort=0, helper_nodes=512859, bestmove=b3c2, other_after_resize=0, exit_cause=helper-abort, tt_reads=888642, other_after_generation=0, exit_ms=1536}"
"measured","6","9","4","586","2","helper-abort","12","c6g6","121316","252145300","481135.282","217302","120329","1","0","0","0","0","0","0","0","0","0","0","0","0","0","0","0","0","{exception=-, reads_after_abort=0, reads_after_clear=0, search_elapsed_ns=252182900, other_after_abort=0, writes_after_generation=0, abort_ms=252, after_resize=0, other_after_clear=0, after_generation=0, tt_writes=120329, reads_after_generation=0, search=586, helper=2, writes_after_clear=0, writes_after_resize=0, bestmove_ms=252, tt_other=1, event=exit, start_ms=0, completed_depth=12, submit_ms=0, after_abort=0, after_clear=0, reads_after_resize=0, helper_elapsed_ns=252145300, writes_after_abort=0, helper_nodes=121316, bestmove=c6g6, other_after_resize=0, exit_cause=helper-abort, tt_reads=217302, other_after_generation=0, exit_ms=252}"
"measured","6","9","4","586","1","helper-abort","13","c6g6","124228","252146600","492681.638","212210","123378","1","0","0","0","0","0","0","0","0","0","0","0","0","0","0","0","0","{exception=-, reads_after_abort=0, reads_after_clear=0, search_elapsed_ns=252181900, other_after_abort=0, writes_after_generation=0, abort_ms=252, after_resize=0, other_after_clear=0, after_generation=0, tt_writes=123378, reads_after_generation=0, search=586, helper=1, writes_after_clear=0, writes_after_resize=0, bestmove_ms=252, tt_other=1, event=exit, start_ms=0, completed_depth=13, submit_ms=0, after_abort=0, after_clear=0, reads_after_resize=0, helper_elapsed_ns=252146600, writes_after_abort=0, helper_nodes=124228, bestmove=c6g6, other_after_resize=0, exit_cause=helper-abort, tt_reads=212210, other_after_generation=0, exit_ms=252}"
"measured","6","9","4","586","3","helper-abort","13","c6g6","126713","252139700","502550.768","218093","125835","1","0","0","0","0","0","0","0","0","0","0","0","0","0","0","0","0","{exception=-, reads_after_abort=0, reads_after_clear=0, search_elapsed_ns=252181900, other_after_abort=0, writes_after_generation=0, abort_ms=252, after_resize=0, other_after_clear=0, after_generation=0, tt_writes=125835, reads_after_generation=0, search=586, helper=3, writes_after_clear=0, writes_after_resize=0, bestmove_ms=252, tt_other=1, event=exit, start_ms=0, completed_depth=13, submit_ms=0, after_abort=0, after_clear=0, reads_after_resize=0, helper_elapsed_ns=252139700, writes_after_abort=0, helper_nodes=126713, bestmove=c6g6, other_after_resize=0, exit_cause=helper-abort, tt_reads=218093, other_after_generation=0, exit_ms=252}"
"measured","6","9","2","588","1","helper-abort","13","c6g6","185411","358852300","516677.753","286286","184308","1","0","0","0","0","0","0","0","0","0","0","0","0","0","0","0","0","{exception=-, reads_after_abort=0, reads_after_clear=0, search_elapsed_ns=358903700, other_after_abort=0, writes_after_generation=0, abort_ms=358, after_resize=0, other_after_clear=0, after_generation=0, tt_writes=184308, reads_after_generation=0, search=588, helper=1, writes_after_clear=0, writes_after_resize=0, bestmove_ms=358, tt_other=1, event=exit, start_ms=0, completed_depth=13, submit_ms=0, after_abort=0, after_clear=0, reads_after_resize=0, helper_elapsed_ns=358852300, writes_after_abort=0, helper_nodes=185411, bestmove=c6g6, other_after_resize=0, exit_cause=helper-abort, tt_reads=286286, other_after_generation=0, exit_ms=358}"
"measured","6","10","2","590","1","helper-abort","13","c6d4","830661","2484702200","334310.084","1045907","826500","1","0","0","0","0","0","0","0","0","0","0","0","0","0","0","0","0","{exception=-, reads_after_abort=0, reads_after_clear=0, search_elapsed_ns=2484736400, other_after_abort=0, writes_after_generation=0, abort_ms=2484, after_resize=0, other_after_clear=0, after_generation=0, tt_writes=826500, reads_after_generation=0, search=590, helper=1, writes_after_clear=0, writes_after_resize=0, bestmove_ms=2484, tt_other=1, event=exit, start_ms=0, completed_depth=13, submit_ms=0, after_abort=0, after_clear=0, reads_after_resize=0, helper_elapsed_ns=2484702200, writes_after_abort=0, helper_nodes=830661, bestmove=c6d4, other_after_resize=0, exit_cause=helper-abort, tt_reads=1045907, other_after_generation=0, exit_ms=2484}"
"measured","6","10","4","591","3","helper-abort","13","a7a6","813221","2503344300","324853.837","1068525","809131","1","0","0","0","0","0","0","0","0","0","0","0","0","0","0","0","0","{exception=-, reads_after_abort=0, reads_after_clear=0, search_elapsed_ns=2503398200, other_after_abort=0, writes_after_generation=0, abort_ms=2503, after_resize=0, other_after_clear=0, after_generation=0, tt_writes=809131, reads_after_generation=0, search=591, helper=3, writes_after_clear=0, writes_after_resize=0, bestmove_ms=2503, tt_other=1, event=exit, start_ms=0, completed_depth=13, submit_ms=0, after_abort=0, after_clear=0, reads_after_resize=0, helper_elapsed_ns=2503344300, writes_after_abort=0, helper_nodes=813221, bestmove=a7a6, other_after_resize=0, exit_cause=helper-abort, tt_reads=1068525, other_after_generation=0, exit_ms=2503}"
"measured","6","10","4","591","1","helper-abort","13","a7a6","815136","2503358800","325616.927","1046259","810486","1","0","0","0","0","0","0","0","0","0","0","0","0","0","0","0","0","{exception=-, reads_after_abort=0, reads_after_clear=0, search_elapsed_ns=2503398000, other_after_abort=0, writes_after_generation=0, abort_ms=2503, after_resize=0, other_after_clear=0, after_generation=0, tt_writes=810486, reads_after_generation=0, search=591, helper=1, writes_after_clear=0, writes_after_resize=0, bestmove_ms=2503, tt_other=1, event=exit, start_ms=0, completed_depth=13, submit_ms=0, after_abort=0, after_clear=0, reads_after_resize=0, helper_elapsed_ns=2503358800, writes_after_abort=0, helper_nodes=815136, bestmove=a7a6, other_after_resize=0, exit_cause=helper-abort, tt_reads=1046259, other_after_generation=0, exit_ms=2503}"
"measured","6","10","4","591","2","helper-abort","13","a7a6","811182","2503358900","324037.436","1043826","807124","1","0","0","0","0","0","0","0","0","0","0","0","0","0","0","0","0","{exception=-, reads_after_abort=0, reads_after_clear=0, search_elapsed_ns=2503398100, other_after_abort=0, writes_after_generation=0, abort_ms=2503, after_resize=0, other_after_clear=0, after_generation=0, tt_writes=807124, reads_after_generation=0, search=591, helper=2, writes_after_clear=0, writes_after_resize=0, bestmove_ms=2503, tt_other=1, event=exit, start_ms=0, completed_depth=13, submit_ms=0, after_abort=0, after_clear=0, reads_after_resize=0, helper_elapsed_ns=2503358900, writes_after_abort=0, helper_nodes=811182, bestmove=a7a6, other_after_resize=0, exit_cause=helper-abort, tt_reads=1043826, other_after_generation=0, exit_ms=2503}"
"measured","6","11","2","592","1","helper-abort","13","e4f3","148442","201352000","737226.350","256928","144738","1","0","0","0","0","0","0","0","0","0","0","0","0","0","0","0","0","{exception=-, reads_after_abort=0, reads_after_clear=0, search_elapsed_ns=201380300, other_after_abort=0, writes_after_generation=0, abort_ms=201, after_resize=0, other_after_clear=0, after_generation=0, tt_writes=144738, reads_after_generation=0, search=592, helper=1, writes_after_clear=0, writes_after_resize=0, bestmove_ms=201, tt_other=1, event=exit, start_ms=0, completed_depth=13, submit_ms=0, after_abort=0, after_clear=0, reads_after_resize=0, helper_elapsed_ns=201352000, writes_after_abort=0, helper_nodes=148442, bestmove=e4f3, other_after_resize=0, exit_cause=helper-abort, tt_reads=256928, other_after_generation=0, exit_ms=201}"
"measured","6","11","4","593","2","helper-abort","13","e4f3","88754","126250300","703000.310","166503","86269","1","0","0","0","0","0","0","0","0","0","0","0","0","0","0","0","0","{exception=-, reads_after_abort=0, reads_after_clear=0, search_elapsed_ns=126283500, other_after_abort=0, writes_after_generation=0, abort_ms=126, after_resize=0, other_after_clear=0, after_generation=0, tt_writes=86269, reads_after_generation=0, search=593, helper=2, writes_after_clear=0, writes_after_resize=0, bestmove_ms=126, tt_other=1, event=exit, start_ms=0, completed_depth=13, submit_ms=0, after_abort=0, after_clear=0, reads_after_resize=0, helper_elapsed_ns=126250300, writes_after_abort=0, helper_nodes=88754, bestmove=e4f3, other_after_resize=0, exit_cause=helper-abort, tt_reads=166503, other_after_generation=0, exit_ms=126}"
"measured","6","11","4","593","1","helper-abort","13","e4f3","93481","126254000","740420.106","171184","90952","1","0","0","0","0","0","0","0","0","0","0","0","0","0","0","0","0","{exception=-, reads_after_abort=0, reads_after_clear=0, search_elapsed_ns=126283500, other_after_abort=0, writes_after_generation=0, abort_ms=126, after_resize=0, other_after_clear=0, after_generation=0, tt_writes=90952, reads_after_generation=0, search=593, helper=1, writes_after_clear=0, writes_after_resize=0, bestmove_ms=126, tt_other=1, event=exit, start_ms=0, completed_depth=13, submit_ms=0, after_abort=0, after_clear=0, reads_after_resize=0, helper_elapsed_ns=126254000, writes_after_abort=0, helper_nodes=93481, bestmove=e4f3, other_after_resize=0, exit_cause=helper-abort, tt_reads=171184, other_after_generation=0, exit_ms=126}"
"measured","6","11","4","593","3","helper-abort","13","e4f3","90530","126243300","717107.363","169049","88115","1","0","0","0","0","0","0","0","0","0","0","0","0","0","0","0","0","{exception=-, reads_after_abort=0, reads_after_clear=0, search_elapsed_ns=126283500, other_after_abort=0, writes_after_generation=0, abort_ms=126, after_resize=0, other_after_clear=0, after_generation=0, tt_writes=88115, reads_after_generation=0, search=593, helper=3, writes_after_clear=0, writes_after_resize=0, bestmove_ms=126, tt_other=1, event=exit, start_ms=0, completed_depth=13, submit_ms=0, after_abort=0, after_clear=0, reads_after_resize=0, helper_elapsed_ns=126243300, writes_after_abort=0, helper_nodes=90530, bestmove=e4f3, other_after_resize=0, exit_cause=helper-abort, tt_reads=169049, other_after_generation=0, exit_ms=126}"
"measured","6","12","4","595","1","helper-abort","13","g6f5","20083","22148000","906763.590","40742","19757","1","0","0","0","0","0","0","0","0","0","0","0","0","0","0","0","0","{exception=-, reads_after_abort=0, reads_after_clear=0, search_elapsed_ns=22192100, other_after_abort=0, writes_after_generation=0, abort_ms=22, after_resize=0, other_after_clear=0, after_generation=0, tt_writes=19757, reads_after_generation=0, search=595, helper=1, writes_after_clear=0, writes_after_resize=0, bestmove_ms=22, tt_other=1, event=exit, start_ms=0, completed_depth=13, submit_ms=0, after_abort=0, after_clear=0, reads_after_resize=0, helper_elapsed_ns=22148000, writes_after_abort=0, helper_nodes=20083, bestmove=g6f5, other_after_resize=0, exit_cause=helper-abort, tt_reads=40742, other_after_generation=0, exit_ms=22}"
"measured","6","12","4","595","3","helper-abort","13","g6f5","21389","22138300","966153.679","42177","21018","1","0","0","0","0","0","0","0","0","0","0","0","0","0","0","0","0","{exception=-, reads_after_abort=0, reads_after_clear=0, search_elapsed_ns=22192200, other_after_abort=0, writes_after_generation=0, abort_ms=22, after_resize=0, other_after_clear=0, after_generation=0, tt_writes=21018, reads_after_generation=0, search=595, helper=3, writes_after_clear=0, writes_after_resize=0, bestmove_ms=22, tt_other=1, event=exit, start_ms=0, completed_depth=13, submit_ms=0, after_abort=0, after_clear=0, reads_after_resize=0, helper_elapsed_ns=22138300, writes_after_abort=0, helper_nodes=21389, bestmove=g6f5, other_after_resize=0, exit_cause=helper-abort, tt_reads=42177, other_after_generation=0, exit_ms=22}"
"measured","6","12","4","595","2","helper-abort","13","g6f5","21083","22148100","951910.096","41342","20719","1","1","0","0","0","0","1","0","0","0","0","0","0","0","0","0","0","{exception=-, reads_after_abort=0, reads_after_clear=0, search_elapsed_ns=22192200, other_after_abort=0, writes_after_generation=0, abort_ms=22, after_resize=0, other_after_clear=0, after_generation=0, tt_writes=20719, reads_after_generation=0, search=595, helper=2, writes_after_clear=0, writes_after_resize=0, bestmove_ms=22, tt_other=1, event=exit, start_ms=0, completed_depth=13, submit_ms=0, after_abort=1, after_clear=0, reads_after_resize=0, helper_elapsed_ns=22148100, writes_after_abort=1, helper_nodes=21083, bestmove=g6f5, other_after_resize=0, exit_cause=helper-abort, tt_reads=41342, other_after_generation=0, exit_ms=22}"
"measured","6","12","2","597","1","helper-abort","13","g6f5","21824","22832600","955826.319","41833","21332","1","1","0","0","0","0","1","0","0","0","0","0","0","0","0","0","0","{exception=-, reads_after_abort=0, reads_after_clear=0, search_elapsed_ns=22862600, other_after_abort=0, writes_after_generation=0, abort_ms=22, after_resize=0, other_after_clear=0, after_generation=0, tt_writes=21332, reads_after_generation=0, search=597, helper=1, writes_after_clear=0, writes_after_resize=0, bestmove_ms=22, tt_other=1, event=exit, start_ms=0, completed_depth=13, submit_ms=0, after_abort=1, after_clear=0, reads_after_resize=0, helper_elapsed_ns=22832600, writes_after_abort=1, helper_nodes=21824, bestmove=g6f5, other_after_resize=0, exit_cause=helper-abort, tt_reads=41833, other_after_generation=0, exit_ms=22}"
"measured","6","13","2","599","1","helper-abort","13","b4f4","107059","189624500","564584.218","173272","106080","1","0","0","0","0","0","0","0","0","0","0","0","0","0","0","0","0","{exception=-, reads_after_abort=0, reads_after_clear=0, search_elapsed_ns=189658500, other_after_abort=0, writes_after_generation=0, abort_ms=189, after_resize=0, other_after_clear=0, after_generation=0, tt_writes=106080, reads_after_generation=0, search=599, helper=1, writes_after_clear=0, writes_after_resize=0, bestmove_ms=189, tt_other=1, event=exit, start_ms=0, completed_depth=13, submit_ms=0, after_abort=0, after_clear=0, reads_after_resize=0, helper_elapsed_ns=189624500, writes_after_abort=0, helper_nodes=107059, bestmove=b4f4, other_after_resize=0, exit_cause=helper-abort, tt_reads=173272, other_after_generation=0, exit_ms=189}"
"measured","6","13","4","600","3","helper-abort","13","b4f4","106093","195723200","542056.333","172999","105398","1","0","0","0","0","0","0","0","0","0","0","0","0","0","0","0","0","{exception=-, reads_after_abort=0, reads_after_clear=0, search_elapsed_ns=195759600, other_after_abort=0, writes_after_generation=0, abort_ms=195, after_resize=0, other_after_clear=0, after_generation=0, tt_writes=105398, reads_after_generation=0, search=600, helper=3, writes_after_clear=0, writes_after_resize=0, bestmove_ms=195, tt_other=1, event=exit, start_ms=0, completed_depth=13, submit_ms=0, after_abort=0, after_clear=0, reads_after_resize=0, helper_elapsed_ns=195723200, writes_after_abort=0, helper_nodes=106093, bestmove=b4f4, other_after_resize=0, exit_cause=helper-abort, tt_reads=172999, other_after_generation=0, exit_ms=195}"
"measured","6","13","4","600","2","helper-abort","13","b4f4","107105","195726200","547218.512","184558","106351","1","0","0","0","0","0","0","0","0","0","0","0","0","0","0","0","0","{exception=-, reads_after_abort=0, reads_after_clear=0, search_elapsed_ns=195759800, other_after_abort=0, writes_after_generation=0, abort_ms=195, after_resize=0, other_after_clear=0, after_generation=0, tt_writes=106351, reads_after_generation=0, search=600, helper=2, writes_after_clear=0, writes_after_resize=0, bestmove_ms=195, tt_other=1, event=exit, start_ms=0, completed_depth=13, submit_ms=0, after_abort=0, after_clear=0, reads_after_resize=0, helper_elapsed_ns=195726200, writes_after_abort=0, helper_nodes=107105, bestmove=b4f4, other_after_resize=0, exit_cause=helper-abort, tt_reads=184558, other_after_generation=0, exit_ms=195}"
"measured","6","13","4","600","1","helper-abort","13","b4f4","103533","195728400","528962.583","172590","102757","1","1","0","0","0","0","1","0","0","0","0","0","0","0","0","0","0","{exception=-, reads_after_abort=0, reads_after_clear=0, search_elapsed_ns=195759800, other_after_abort=0, writes_after_generation=0, abort_ms=195, after_resize=0, other_after_clear=0, after_generation=0, tt_writes=102757, reads_after_generation=0, search=600, helper=1, writes_after_clear=0, writes_after_resize=0, bestmove_ms=195, tt_other=1, event=exit, start_ms=0, completed_depth=13, submit_ms=0, after_abort=1, after_clear=0, reads_after_resize=0, helper_elapsed_ns=195728400, writes_after_abort=1, helper_nodes=103533, bestmove=b4f4, other_after_resize=0, exit_cause=helper-abort, tt_reads=172590, other_after_generation=0, exit_ms=195}"
"measured","6","14","2","601","1","helper-abort","13","a2a4","758638","2363198800","321021.659","1031976","754268","1","0","0","0","0","0","0","0","0","0","0","0","0","0","0","0","0","{exception=-, reads_after_abort=0, reads_after_clear=0, search_elapsed_ns=2363223300, other_after_abort=0, writes_after_generation=0, abort_ms=2363, after_resize=0, other_after_clear=0, after_generation=0, tt_writes=754268, reads_after_generation=0, search=601, helper=1, writes_after_clear=0, writes_after_resize=0, bestmove_ms=2363, tt_other=1, event=exit, start_ms=0, completed_depth=13, submit_ms=0, after_abort=0, after_clear=0, reads_after_resize=0, helper_elapsed_ns=2363198800, writes_after_abort=0, helper_nodes=758638, bestmove=a2a4, other_after_resize=0, exit_cause=helper-abort, tt_reads=1031976, other_after_generation=0, exit_ms=2363}"
"measured","6","14","4","602","2","helper-abort","13","f1e1","800328","2780389200","287847.471","1083791","795402","1","0","0","0","0","0","0","0","0","0","0","0","0","0","0","0","0","{exception=-, reads_after_abort=0, reads_after_clear=0, search_elapsed_ns=2780423300, other_after_abort=0, writes_after_generation=0, abort_ms=2780, after_resize=0, other_after_clear=0, after_generation=0, tt_writes=795402, reads_after_generation=0, search=602, helper=2, writes_after_clear=0, writes_after_resize=0, bestmove_ms=2780, tt_other=1, event=exit, start_ms=0, completed_depth=13, submit_ms=0, after_abort=0, after_clear=0, reads_after_resize=0, helper_elapsed_ns=2780389200, writes_after_abort=0, helper_nodes=800328, bestmove=f1e1, other_after_resize=0, exit_cause=helper-abort, tt_reads=1083791, other_after_generation=0, exit_ms=2780}"
"measured","6","14","4","602","1","helper-abort","13","f1e1","810041","2780390700","291340.710","1103829","804892","1","0","0","0","0","0","0","0","0","0","0","0","0","0","0","0","0","{exception=-, reads_after_abort=0, reads_after_clear=0, search_elapsed_ns=2780423400, other_after_abort=0, writes_after_generation=0, abort_ms=2780, after_resize=0, other_after_clear=0, after_generation=0, tt_writes=804892, reads_after_generation=0, search=602, helper=1, writes_after_clear=0, writes_after_resize=0, bestmove_ms=2780, tt_other=1, event=exit, start_ms=0, completed_depth=13, submit_ms=0, after_abort=0, after_clear=0, reads_after_resize=0, helper_elapsed_ns=2780390700, writes_after_abort=0, helper_nodes=810041, bestmove=f1e1, other_after_resize=0, exit_cause=helper-abort, tt_reads=1103829, other_after_generation=0, exit_ms=2780}"
"measured","6","14","4","602","3","helper-abort","13","f1e1","810538","2780383000","291520.269","1077306","805528","1","0","0","0","0","0","0","0","0","0","0","0","0","0","0","0","0","{exception=-, reads_after_abort=0, reads_after_clear=0, search_elapsed_ns=2780423400, other_after_abort=0, writes_after_generation=0, abort_ms=2780, after_resize=0, other_after_clear=0, after_generation=0, tt_writes=805528, reads_after_generation=0, search=602, helper=3, writes_after_clear=0, writes_after_resize=0, bestmove_ms=2780, tt_other=1, event=exit, start_ms=0, completed_depth=13, submit_ms=0, after_abort=0, after_clear=0, reads_after_resize=0, helper_elapsed_ns=2780383000, writes_after_abort=0, helper_nodes=810538, bestmove=f1e1, other_after_resize=0, exit_cause=helper-abort, tt_reads=1077306, other_after_generation=0, exit_ms=2780}"
"measured","6","15","4","604","2","helper-abort","13","c3d5","557719","1847446100","301886.480","939999","555059","1","0","0","0","0","0","0","0","0","0","0","0","0","0","0","0","0","{exception=-, reads_after_abort=0, reads_after_clear=0, search_elapsed_ns=1847482900, other_after_abort=0, writes_after_generation=0, abort_ms=1847, after_resize=0, other_after_clear=0, after_generation=0, tt_writes=555059, reads_after_generation=0, search=604, helper=2, writes_after_clear=0, writes_after_resize=0, bestmove_ms=1847, tt_other=1, event=exit, start_ms=0, completed_depth=13, submit_ms=0, after_abort=0, after_clear=0, reads_after_resize=0, helper_elapsed_ns=1847446100, writes_after_abort=0, helper_nodes=557719, bestmove=c3d5, other_after_resize=0, exit_cause=helper-abort, tt_reads=939999, other_after_generation=0, exit_ms=1847}"
"measured","6","15","4","604","3","helper-abort","13","c3d5","581114","1847442900","314550.452","930711","578319","1","0","0","0","0","0","0","0","0","0","0","0","0","0","0","0","0","{exception=-, reads_after_abort=0, reads_after_clear=0, search_elapsed_ns=1847482900, other_after_abort=0, writes_after_generation=0, abort_ms=1847, after_resize=0, other_after_clear=0, after_generation=0, tt_writes=578319, reads_after_generation=0, search=604, helper=3, writes_after_clear=0, writes_after_resize=0, bestmove_ms=1847, tt_other=1, event=exit, start_ms=0, completed_depth=13, submit_ms=0, after_abort=0, after_clear=0, reads_after_resize=0, helper_elapsed_ns=1847442900, writes_after_abort=0, helper_nodes=581114, bestmove=c3d5, other_after_resize=0, exit_cause=helper-abort, tt_reads=930711, other_after_generation=0, exit_ms=1847}"
"measured","6","15","4","604","1","helper-abort","12","c3d5","584108","1847446900","316170.386","849400","581173","1","0","0","0","0","0","0","0","0","0","0","0","0","0","0","0","0","{exception=-, reads_after_abort=0, reads_after_clear=0, search_elapsed_ns=1847483300, other_after_abort=0, writes_after_generation=0, abort_ms=1847, after_resize=0, other_after_clear=0, after_generation=0, tt_writes=581173, reads_after_generation=0, search=604, helper=1, writes_after_clear=0, writes_after_resize=0, bestmove_ms=1847, tt_other=1, event=exit, start_ms=0, completed_depth=12, submit_ms=0, after_abort=0, after_clear=0, reads_after_resize=0, helper_elapsed_ns=1847446900, writes_after_abort=0, helper_nodes=584108, bestmove=c3d5, other_after_resize=0, exit_cause=helper-abort, tt_reads=849400, other_after_generation=0, exit_ms=1847}"
"measured","6","15","2","606","1","helper-abort","13","c3d5","689165","2176602200","316624.232","1041068","685378","1","0","0","0","0","0","0","0","0","0","0","0","0","0","0","0","0","{exception=-, reads_after_abort=0, reads_after_clear=0, search_elapsed_ns=2176642300, other_after_abort=0, writes_after_generation=0, abort_ms=2176, after_resize=0, other_after_clear=0, after_generation=0, tt_writes=685378, reads_after_generation=0, search=606, helper=1, writes_after_clear=0, writes_after_resize=0, bestmove_ms=2176, tt_other=1, event=exit, start_ms=0, completed_depth=13, submit_ms=0, after_abort=0, after_clear=0, reads_after_resize=0, helper_elapsed_ns=2176602200, writes_after_abort=0, helper_nodes=689165, bestmove=c3d5, other_after_resize=0, exit_cause=helper-abort, tt_reads=1041068, other_after_generation=0, exit_ms=2176}"
"measured","6","16","2","608","1","helper-abort","13","d5e4","604484","1679416600","359936.897","823904","601301","1","0","0","0","0","0","0","0","0","0","0","0","0","0","0","0","0","{exception=-, reads_after_abort=0, reads_after_clear=0, search_elapsed_ns=1679460400, other_after_abort=0, writes_after_generation=0, abort_ms=1679, after_resize=0, other_after_clear=0, after_generation=0, tt_writes=601301, reads_after_generation=0, search=608, helper=1, writes_after_clear=0, writes_after_resize=0, bestmove_ms=1679, tt_other=1, event=exit, start_ms=0, completed_depth=13, submit_ms=0, after_abort=0, after_clear=0, reads_after_resize=0, helper_elapsed_ns=1679416600, writes_after_abort=0, helper_nodes=604484, bestmove=d5e4, other_after_resize=0, exit_cause=helper-abort, tt_reads=823904, other_after_generation=0, exit_ms=1679}"
"measured","6","16","4","609","1","helper-abort","13","d5e4","417712","1245422200","335397.908","660150","414914","1","2","0","0","0","0","2","0","0","0","0","0","0","0","0","0","0","{exception=-, reads_after_abort=0, reads_after_clear=0, search_elapsed_ns=1245454700, other_after_abort=0, writes_after_generation=0, abort_ms=1245, after_resize=0, other_after_clear=0, after_generation=0, tt_writes=414914, reads_after_generation=0, search=609, helper=1, writes_after_clear=0, writes_after_resize=0, bestmove_ms=1245, tt_other=1, event=exit, start_ms=0, completed_depth=13, submit_ms=0, after_abort=2, after_clear=0, reads_after_resize=0, helper_elapsed_ns=1245422200, writes_after_abort=2, helper_nodes=417712, bestmove=d5e4, other_after_resize=0, exit_cause=helper-abort, tt_reads=660150, other_after_generation=0, exit_ms=1245}"
"measured","6","16","4","609","2","helper-abort","13","d5e4","429017","1245418800","344476.091","649752","426457","1","0","0","0","0","0","0","0","0","0","0","0","0","0","0","0","0","{exception=-, reads_after_abort=0, reads_after_clear=0, search_elapsed_ns=1245454500, other_after_abort=0, writes_after_generation=0, abort_ms=1245, after_resize=0, other_after_clear=0, after_generation=0, tt_writes=426457, reads_after_generation=0, search=609, helper=2, writes_after_clear=0, writes_after_resize=0, bestmove_ms=1245, tt_other=1, event=exit, start_ms=0, completed_depth=13, submit_ms=0, after_abort=0, after_clear=0, reads_after_resize=0, helper_elapsed_ns=1245418800, writes_after_abort=0, helper_nodes=429017, bestmove=d5e4, other_after_resize=0, exit_cause=helper-abort, tt_reads=649752, other_after_generation=0, exit_ms=1245}"
"measured","6","16","4","609","3","helper-abort","13","d5e4","429406","1245416600","344789.045","669892","426806","1","0","0","0","0","0","0","0","0","0","0","0","0","0","0","0","0","{exception=-, reads_after_abort=0, reads_after_clear=0, search_elapsed_ns=1245454600, other_after_abort=0, writes_after_generation=0, abort_ms=1245, after_resize=0, other_after_clear=0, after_generation=0, tt_writes=426806, reads_after_generation=0, search=609, helper=3, writes_after_clear=0, writes_after_resize=0, bestmove_ms=1245, tt_other=1, event=exit, start_ms=0, completed_depth=13, submit_ms=0, after_abort=0, after_clear=0, reads_after_resize=0, helper_elapsed_ns=1245416600, writes_after_abort=0, helper_nodes=429406, bestmove=d5e4, other_after_resize=0, exit_cause=helper-abort, tt_reads=669892, other_after_generation=0, exit_ms=1245}"
"measured","6","17","2","610","1","helper-abort","13","a6a5","319422","846410500","377384.260","497988","317105","1","0","0","0","0","0","0","0","0","0","0","0","0","0","0","0","0","{exception=-, reads_after_abort=0, reads_after_clear=0, search_elapsed_ns=846436300, other_after_abort=0, writes_after_generation=0, abort_ms=846, after_resize=0, other_after_clear=0, after_generation=0, tt_writes=317105, reads_after_generation=0, search=610, helper=1, writes_after_clear=0, writes_after_resize=0, bestmove_ms=846, tt_other=1, event=exit, start_ms=0, completed_depth=13, submit_ms=0, after_abort=0, after_clear=0, reads_after_resize=0, helper_elapsed_ns=846410500, writes_after_abort=0, helper_nodes=319422, bestmove=a6a5, other_after_resize=0, exit_cause=helper-abort, tt_reads=497988, other_after_generation=0, exit_ms=846}"
"measured","6","17","4","611","1","helper-abort","13","a6a5","179557","542124400","331209.958","317210","178184","1","0","0","0","0","0","0","0","0","0","0","0","0","0","0","0","0","{exception=-, reads_after_abort=0, reads_after_clear=0, search_elapsed_ns=542154400, other_after_abort=0, writes_after_generation=0, abort_ms=542, after_resize=0, other_after_clear=0, after_generation=0, tt_writes=178184, reads_after_generation=0, search=611, helper=1, writes_after_clear=0, writes_after_resize=0, bestmove_ms=542, tt_other=1, event=exit, start_ms=0, completed_depth=13, submit_ms=0, after_abort=0, after_clear=0, reads_after_resize=0, helper_elapsed_ns=542124400, writes_after_abort=0, helper_nodes=179557, bestmove=a6a5, other_after_resize=0, exit_cause=helper-abort, tt_reads=317210, other_after_generation=0, exit_ms=542}"
"measured","6","17","4","611","3","helper-abort","13","a6a5","186736","542117900","344456.437","328140","185256","1","0","0","0","0","0","0","0","0","0","0","0","0","0","0","0","0","{exception=-, reads_after_abort=0, reads_after_clear=0, search_elapsed_ns=542154300, other_after_abort=0, writes_after_generation=0, abort_ms=542, after_resize=0, other_after_clear=0, after_generation=0, tt_writes=185256, reads_after_generation=0, search=611, helper=3, writes_after_clear=0, writes_after_resize=0, bestmove_ms=542, tt_other=1, event=exit, start_ms=0, completed_depth=13, submit_ms=0, after_abort=0, after_clear=0, reads_after_resize=0, helper_elapsed_ns=542117900, writes_after_abort=0, helper_nodes=186736, bestmove=a6a5, other_after_resize=0, exit_cause=helper-abort, tt_reads=328140, other_after_generation=0, exit_ms=542}"
"measured","6","17","4","611","2","helper-abort","13","a6a5","185448","542121100","342078.550","325600","183875","1","1","0","0","0","0","1","0","0","0","0","0","0","0","0","0","0","{exception=-, reads_after_abort=0, reads_after_clear=0, search_elapsed_ns=542154400, other_after_abort=0, writes_after_generation=0, abort_ms=542, after_resize=0, other_after_clear=0, after_generation=0, tt_writes=183875, reads_after_generation=0, search=611, helper=2, writes_after_clear=0, writes_after_resize=0, bestmove_ms=542, tt_other=1, event=exit, start_ms=0, completed_depth=13, submit_ms=0, after_abort=1, after_clear=0, reads_after_resize=0, helper_elapsed_ns=542121100, writes_after_abort=1, helper_nodes=185448, bestmove=a6a5, other_after_resize=0, exit_cause=helper-abort, tt_reads=325600, other_after_generation=0, exit_ms=542}"
"measured","6","18","4","613","2","helper-abort","13","g1f3","699075","1943105400","359772.043","979759","696687","1","0","0","0","0","0","0","0","0","0","0","0","0","0","0","0","0","{exception=-, reads_after_abort=0, reads_after_clear=0, search_elapsed_ns=1943137900, other_after_abort=0, writes_after_generation=0, abort_ms=1943, after_resize=0, other_after_clear=0, after_generation=0, tt_writes=696687, reads_after_generation=0, search=613, helper=2, writes_after_clear=0, writes_after_resize=0, bestmove_ms=1943, tt_other=1, event=exit, start_ms=0, completed_depth=13, submit_ms=0, after_abort=0, after_clear=0, reads_after_resize=0, helper_elapsed_ns=1943105400, writes_after_abort=0, helper_nodes=699075, bestmove=g1f3, other_after_resize=0, exit_cause=helper-abort, tt_reads=979759, other_after_generation=0, exit_ms=1943}"
"measured","6","18","4","613","1","helper-abort","13","g1f3","693800","1943106800","357057.059","951880","691488","1","0","0","0","0","0","0","0","0","0","0","0","0","0","0","0","0","{exception=-, reads_after_abort=0, reads_after_clear=0, search_elapsed_ns=1943137800, other_after_abort=0, writes_after_generation=0, abort_ms=1943, after_resize=0, other_after_clear=0, after_generation=0, tt_writes=691488, reads_after_generation=0, search=613, helper=1, writes_after_clear=0, writes_after_resize=0, bestmove_ms=1943, tt_other=1, event=exit, start_ms=0, completed_depth=13, submit_ms=0, after_abort=0, after_clear=0, reads_after_resize=0, helper_elapsed_ns=1943106800, writes_after_abort=0, helper_nodes=693800, bestmove=g1f3, other_after_resize=0, exit_cause=helper-abort, tt_reads=951880, other_after_generation=0, exit_ms=1943}"
"measured","6","18","4","613","3","helper-abort","13","e2e3","680747","1943085800","350343.253","981077","678480","1","0","0","0","0","0","0","0","0","0","0","0","0","0","0","0","0","{exception=-, reads_after_abort=0, reads_after_clear=0, search_elapsed_ns=1943138000, other_after_abort=0, writes_after_generation=0, abort_ms=1943, after_resize=0, other_after_clear=0, after_generation=0, tt_writes=678480, reads_after_generation=0, search=613, helper=3, writes_after_clear=0, writes_after_resize=0, bestmove_ms=1943, tt_other=1, event=exit, start_ms=0, completed_depth=13, submit_ms=0, after_abort=0, after_clear=0, reads_after_resize=0, helper_elapsed_ns=1943085800, writes_after_abort=0, helper_nodes=680747, bestmove=e2e3, other_after_resize=0, exit_cause=helper-abort, tt_reads=981077, other_after_generation=0, exit_ms=1943}"
"measured","6","18","2","615","1","helper-abort","13","e2e3","900191","2349998300","383060.277","1214056","897058","1","0","0","0","0","0","0","0","0","0","0","0","0","0","0","0","0","{exception=-, reads_after_abort=0, reads_after_clear=0, search_elapsed_ns=2350037200, other_after_abort=0, writes_after_generation=0, abort_ms=2350, after_resize=0, other_after_clear=0, after_generation=0, tt_writes=897058, reads_after_generation=0, search=615, helper=1, writes_after_clear=0, writes_after_resize=0, bestmove_ms=2350, tt_other=1, event=exit, start_ms=0, completed_depth=13, submit_ms=0, after_abort=0, after_clear=0, reads_after_resize=0, helper_elapsed_ns=2349998300, writes_after_abort=0, helper_nodes=900191, bestmove=e2e3, other_after_resize=0, exit_cause=helper-abort, tt_reads=1214056, other_after_generation=0, exit_ms=2350}"
"measured","6","19","2","617","1","helper-abort","13","a5c3","226280","582777400","388278.612","373839","223566","1","0","0","0","0","0","0","0","0","0","0","0","0","0","0","0","0","{exception=-, reads_after_abort=0, reads_after_clear=0, search_elapsed_ns=582810900, other_after_abort=0, writes_after_generation=0, abort_ms=582, after_resize=0, other_after_clear=0, after_generation=0, tt_writes=223566, reads_after_generation=0, search=617, helper=1, writes_after_clear=0, writes_after_resize=0, bestmove_ms=582, tt_other=1, event=exit, start_ms=0, completed_depth=13, submit_ms=0, after_abort=0, after_clear=0, reads_after_resize=0, helper_elapsed_ns=582777400, writes_after_abort=0, helper_nodes=226280, bestmove=a5c3, other_after_resize=0, exit_cause=helper-abort, tt_reads=373839, other_after_generation=0, exit_ms=582}"
"measured","6","19","4","618","2","helper-abort","12","a5b6","198364","519933000","381518.388","338519","195727","1","1","0","0","0","0","1","0","0","0","0","0","0","0","0","0","0","{exception=-, reads_after_abort=0, reads_after_clear=0, search_elapsed_ns=519964800, other_after_abort=0, writes_after_generation=0, abort_ms=519, after_resize=0, other_after_clear=0, after_generation=0, tt_writes=195727, reads_after_generation=0, search=618, helper=2, writes_after_clear=0, writes_after_resize=0, bestmove_ms=519, tt_other=1, event=exit, start_ms=0, completed_depth=12, submit_ms=0, after_abort=1, after_clear=0, reads_after_resize=0, helper_elapsed_ns=519933000, writes_after_abort=1, helper_nodes=198364, bestmove=a5b6, other_after_resize=0, exit_cause=helper-abort, tt_reads=338519, other_after_generation=0, exit_ms=519}"
"measured","6","19","4","618","3","helper-abort","12","a5b6","202261","519928600","389016.877","360464","199478","1","0","0","0","0","0","0","0","0","0","0","0","0","0","0","0","0","{exception=-, reads_after_abort=0, reads_after_clear=0, search_elapsed_ns=519964300, other_after_abort=0, writes_after_generation=0, abort_ms=519, after_resize=0, other_after_clear=0, after_generation=0, tt_writes=199478, reads_after_generation=0, search=618, helper=3, writes_after_clear=0, writes_after_resize=0, bestmove_ms=519, tt_other=1, event=exit, start_ms=0, completed_depth=12, submit_ms=0, after_abort=0, after_clear=0, reads_after_resize=0, helper_elapsed_ns=519928600, writes_after_abort=0, helper_nodes=202261, bestmove=a5b6, other_after_resize=0, exit_cause=helper-abort, tt_reads=360464, other_after_generation=0, exit_ms=519}"
"measured","6","19","4","618","1","helper-abort","13","a5b6","200365","519931800","385367.850","358886","197452","1","0","0","0","0","0","0","0","0","0","0","0","0","0","0","0","0","{exception=-, reads_after_abort=0, reads_after_clear=0, search_elapsed_ns=519962900, other_after_abort=0, writes_after_generation=0, abort_ms=519, after_resize=0, other_after_clear=0, after_generation=0, tt_writes=197452, reads_after_generation=0, search=618, helper=1, writes_after_clear=0, writes_after_resize=0, bestmove_ms=519, tt_other=1, event=exit, start_ms=0, completed_depth=13, submit_ms=0, after_abort=0, after_clear=0, reads_after_resize=0, helper_elapsed_ns=519931800, writes_after_abort=0, helper_nodes=200365, bestmove=a5b6, other_after_resize=0, exit_cause=helper-abort, tt_reads=358886, other_after_generation=0, exit_ms=519}"
"measured","6","20","2","619","1","helper-abort","13","d7d2","118634","253931400","467189.170","230024","117193","1","0","0","0","0","0","0","0","0","0","0","0","0","0","0","0","0","{exception=-, reads_after_abort=0, reads_after_clear=0, search_elapsed_ns=253958500, other_after_abort=0, writes_after_generation=0, abort_ms=253, after_resize=0, other_after_clear=0, after_generation=0, tt_writes=117193, reads_after_generation=0, search=619, helper=1, writes_after_clear=0, writes_after_resize=0, bestmove_ms=253, tt_other=1, event=exit, start_ms=0, completed_depth=13, submit_ms=0, after_abort=0, after_clear=0, reads_after_resize=0, helper_elapsed_ns=253931400, writes_after_abort=0, helper_nodes=118634, bestmove=d7d2, other_after_resize=0, exit_cause=helper-abort, tt_reads=230024, other_after_generation=0, exit_ms=253}"
"measured","6","20","4","620","1","helper-abort","13","d7d2","114300","266045900","429625.114","236686","112311","1","0","0","0","0","0","0","0","0","0","0","0","0","0","0","0","0","{exception=-, reads_after_abort=0, reads_after_clear=0, search_elapsed_ns=266076700, other_after_abort=0, writes_after_generation=0, abort_ms=266, after_resize=0, other_after_clear=0, after_generation=0, tt_writes=112311, reads_after_generation=0, search=620, helper=1, writes_after_clear=0, writes_after_resize=0, bestmove_ms=266, tt_other=1, event=exit, start_ms=0, completed_depth=13, submit_ms=0, after_abort=0, after_clear=0, reads_after_resize=0, helper_elapsed_ns=266045900, writes_after_abort=0, helper_nodes=114300, bestmove=d7d2, other_after_resize=0, exit_cause=helper-abort, tt_reads=236686, other_after_generation=0, exit_ms=266}"
"measured","6","20","4","620","3","helper-abort","13","d7d2","113552","266021100","426853.359","238824","111422","1","0","0","0","0","0","0","0","0","0","0","0","0","0","0","0","0","{exception=-, reads_after_abort=0, reads_after_clear=0, search_elapsed_ns=266076700, other_after_abort=0, writes_after_generation=0, abort_ms=266, after_resize=0, other_after_clear=0, after_generation=0, tt_writes=111422, reads_after_generation=0, search=620, helper=3, writes_after_clear=0, writes_after_resize=0, bestmove_ms=266, tt_other=1, event=exit, start_ms=0, completed_depth=13, submit_ms=0, after_abort=0, after_clear=0, reads_after_resize=0, helper_elapsed_ns=266021100, writes_after_abort=0, helper_nodes=113552, bestmove=d7d2, other_after_resize=0, exit_cause=helper-abort, tt_reads=238824, other_after_generation=0, exit_ms=266}"
"measured","6","20","4","620","2","helper-abort","13","d7d2","110226","266024400","414345.451","233595","108138","1","0","0","0","0","0","0","0","0","0","0","0","0","0","0","0","0","{exception=-, reads_after_abort=0, reads_after_clear=0, search_elapsed_ns=266076700, other_after_abort=0, writes_after_generation=0, abort_ms=266, after_resize=0, other_after_clear=0, after_generation=0, tt_writes=108138, reads_after_generation=0, search=620, helper=2, writes_after_clear=0, writes_after_resize=0, bestmove_ms=266, tt_other=1, event=exit, start_ms=0, completed_depth=13, submit_ms=0, after_abort=0, after_clear=0, reads_after_resize=0, helper_elapsed_ns=266024400, writes_after_abort=0, helper_nodes=110226, bestmove=d7d2, other_after_resize=0, exit_cause=helper-abort, tt_reads=233595, other_after_generation=0, exit_ms=266}"
"measured","6","21","4","622","2","helper-abort","13","c6a6","886391","2596016000","341442.811","1331061","880232","1","0","0","0","0","0","0","0","0","0","0","0","0","0","0","0","0","{exception=-, reads_after_abort=0, reads_after_clear=0, search_elapsed_ns=2596068100, other_after_abort=0, writes_after_generation=0, abort_ms=2596, after_resize=0, other_after_clear=0, after_generation=0, tt_writes=880232, reads_after_generation=0, search=622, helper=2, writes_after_clear=0, writes_after_resize=0, bestmove_ms=2596, tt_other=1, event=exit, start_ms=0, completed_depth=13, submit_ms=0, after_abort=0, after_clear=0, reads_after_resize=0, helper_elapsed_ns=2596016000, writes_after_abort=0, helper_nodes=886391, bestmove=c6a6, other_after_resize=0, exit_cause=helper-abort, tt_reads=1331061, other_after_generation=0, exit_ms=2596}"
"measured","6","21","4","622","3","helper-abort","12","g8h7","880777","2596013400","339280.606","1296553","874687","1","0","0","0","0","0","0","0","0","0","0","0","0","0","0","0","0","{exception=-, reads_after_abort=0, reads_after_clear=0, search_elapsed_ns=2596069100, other_after_abort=0, writes_after_generation=0, abort_ms=2596, after_resize=0, other_after_clear=0, after_generation=0, tt_writes=874687, reads_after_generation=0, search=622, helper=3, writes_after_clear=0, writes_after_resize=0, bestmove_ms=2596, tt_other=1, event=exit, start_ms=0, completed_depth=12, submit_ms=0, after_abort=0, after_clear=0, reads_after_resize=0, helper_elapsed_ns=2596013400, writes_after_abort=0, helper_nodes=880777, bestmove=g8h7, other_after_resize=0, exit_cause=helper-abort, tt_reads=1296553, other_after_generation=0, exit_ms=2596}"
"measured","6","21","4","622","1","helper-abort","13","c6a6","864131","2596015800","332868.159","1253282","859724","1","0","0","0","0","0","0","0","0","0","0","0","0","0","0","0","0","{exception=-, reads_after_abort=0, reads_after_clear=0, search_elapsed_ns=2596067900, other_after_abort=0, writes_after_generation=0, abort_ms=2596, after_resize=0, other_after_clear=0, after_generation=0, tt_writes=859724, reads_after_generation=0, search=622, helper=1, writes_after_clear=0, writes_after_resize=0, bestmove_ms=2596, tt_other=1, event=exit, start_ms=0, completed_depth=13, submit_ms=0, after_abort=0, after_clear=0, reads_after_resize=0, helper_elapsed_ns=2596015800, writes_after_abort=0, helper_nodes=864131, bestmove=c6a6, other_after_resize=0, exit_cause=helper-abort, tt_reads=1253282, other_after_generation=0, exit_ms=2596}"
"measured","6","21","2","624","1","helper-abort","13","g6g5","981203","2785022600","352314.197","1397819","975365","1","0","0","0","0","0","0","0","0","0","0","0","0","0","0","0","0","{exception=-, reads_after_abort=0, reads_after_clear=0, search_elapsed_ns=2785057400, other_after_abort=0, writes_after_generation=0, abort_ms=2785, after_resize=0, other_after_clear=0, after_generation=0, tt_writes=975365, reads_after_generation=0, search=624, helper=1, writes_after_clear=0, writes_after_resize=0, bestmove_ms=2785, tt_other=1, event=exit, start_ms=0, completed_depth=13, submit_ms=0, after_abort=0, after_clear=0, reads_after_resize=0, helper_elapsed_ns=2785022600, writes_after_abort=0, helper_nodes=981203, bestmove=g6g5, other_after_resize=0, exit_cause=helper-abort, tt_reads=1397819, other_after_generation=0, exit_ms=2785}"
"measured","6","22","2","626","1","helper-abort","13","d4b5","407310","1212508800","335923.335","658285","404438","1","0","0","0","0","0","0","0","0","0","0","0","0","0","0","0","0","{exception=-, reads_after_abort=0, reads_after_clear=0, search_elapsed_ns=1212544500, other_after_abort=0, writes_after_generation=0, abort_ms=1212, after_resize=0, other_after_clear=0, after_generation=0, tt_writes=404438, reads_after_generation=0, search=626, helper=1, writes_after_clear=0, writes_after_resize=0, bestmove_ms=1212, tt_other=1, event=exit, start_ms=0, completed_depth=13, submit_ms=0, after_abort=0, after_clear=0, reads_after_resize=0, helper_elapsed_ns=1212508800, writes_after_abort=0, helper_nodes=407310, bestmove=d4b5, other_after_resize=0, exit_cause=helper-abort, tt_reads=658285, other_after_generation=0, exit_ms=1212}"
"measured","6","22","4","627","2","helper-abort","13","d4b5","284566","855719100","332546.042","489652","282508","1","0","0","0","0","0","0","0","0","0","0","0","0","0","0","0","0","{exception=-, reads_after_abort=0, reads_after_clear=0, search_elapsed_ns=855754000, other_after_abort=0, writes_after_generation=0, abort_ms=855, after_resize=0, other_after_clear=0, after_generation=0, tt_writes=282508, reads_after_generation=0, search=627, helper=2, writes_after_clear=0, writes_after_resize=0, bestmove_ms=855, tt_other=1, event=exit, start_ms=0, completed_depth=13, submit_ms=0, after_abort=0, after_clear=0, reads_after_resize=0, helper_elapsed_ns=855719100, writes_after_abort=0, helper_nodes=284566, bestmove=d4b5, other_after_resize=0, exit_cause=helper-abort, tt_reads=489652, other_after_generation=0, exit_ms=855}"
"measured","6","22","4","627","3","helper-abort","12","d4e6","275864","855717600","322377.382","480074","273929","1","0","0","0","0","0","0","0","0","0","0","0","0","0","0","0","0","{exception=-, reads_after_abort=0, reads_after_clear=0, search_elapsed_ns=855757300, other_after_abort=0, writes_after_generation=0, abort_ms=855, after_resize=0, other_after_clear=0, after_generation=0, tt_writes=273929, reads_after_generation=0, search=627, helper=3, writes_after_clear=0, writes_after_resize=0, bestmove_ms=855, tt_other=1, event=exit, start_ms=0, completed_depth=12, submit_ms=0, after_abort=0, after_clear=0, reads_after_resize=0, helper_elapsed_ns=855717600, writes_after_abort=0, helper_nodes=275864, bestmove=d4e6, other_after_resize=0, exit_cause=helper-abort, tt_reads=480074, other_after_generation=0, exit_ms=855}"
"measured","6","22","4","627","1","helper-abort","13","d4b5","278645","855723300","325625.117","507909","276574","1","0","0","0","0","0","0","0","0","0","0","0","0","0","0","0","0","{exception=-, reads_after_abort=0, reads_after_clear=0, search_elapsed_ns=855754100, other_after_abort=0, writes_after_generation=0, abort_ms=855, after_resize=0, other_after_clear=0, after_generation=0, tt_writes=276574, reads_after_generation=0, search=627, helper=1, writes_after_clear=0, writes_after_resize=0, bestmove_ms=855, tt_other=1, event=exit, start_ms=0, completed_depth=13, submit_ms=0, after_abort=0, after_clear=0, reads_after_resize=0, helper_elapsed_ns=855723300, writes_after_abort=0, helper_nodes=278645, bestmove=d4b5, other_after_resize=0, exit_cause=helper-abort, tt_reads=507909, other_after_generation=0, exit_ms=855}"
"measured","6","23","2","628","1","helper-abort","13","g5d8","124739","220913900","564649.848","228421","123624","1","1","0","0","0","0","1","0","0","0","0","0","0","0","0","0","0","{exception=-, reads_after_abort=0, reads_after_clear=0, search_elapsed_ns=220942300, other_after_abort=0, writes_after_generation=0, abort_ms=220, after_resize=0, other_after_clear=0, after_generation=0, tt_writes=123624, reads_after_generation=0, search=628, helper=1, writes_after_clear=0, writes_after_resize=0, bestmove_ms=220, tt_other=1, event=exit, start_ms=0, completed_depth=13, submit_ms=0, after_abort=1, after_clear=0, reads_after_resize=0, helper_elapsed_ns=220913900, writes_after_abort=1, helper_nodes=124739, bestmove=g5d8, other_after_resize=0, exit_cause=helper-abort, tt_reads=228421, other_after_generation=0, exit_ms=220}"
"measured","6","23","4","629","1","helper-abort","13","g5d8","110418","195476200","564866.720","208918","109500","1","2","0","0","0","0","2","0","0","0","0","0","0","0","0","0","0","{exception=-, reads_after_abort=0, reads_after_clear=0, search_elapsed_ns=195506700, other_after_abort=0, writes_after_generation=0, abort_ms=195, after_resize=0, other_after_clear=0, after_generation=0, tt_writes=109500, reads_after_generation=0, search=629, helper=1, writes_after_clear=0, writes_after_resize=0, bestmove_ms=195, tt_other=1, event=exit, start_ms=0, completed_depth=13, submit_ms=0, after_abort=2, after_clear=0, reads_after_resize=0, helper_elapsed_ns=195476200, writes_after_abort=2, helper_nodes=110418, bestmove=g5d8, other_after_resize=0, exit_cause=helper-abort, tt_reads=208918, other_after_generation=0, exit_ms=195}"
"measured","6","23","4","629","2","helper-abort","13","g5d8","109603","195474600","560702.004","206811","108659","1","0","0","0","0","0","0","0","0","0","0","0","0","0","0","0","0","{exception=-, reads_after_abort=0, reads_after_clear=0, search_elapsed_ns=195506500, other_after_abort=0, writes_after_generation=0, abort_ms=195, after_resize=0, other_after_clear=0, after_generation=0, tt_writes=108659, reads_after_generation=0, search=629, helper=2, writes_after_clear=0, writes_after_resize=0, bestmove_ms=195, tt_other=1, event=exit, start_ms=0, completed_depth=13, submit_ms=0, after_abort=0, after_clear=0, reads_after_resize=0, helper_elapsed_ns=195474600, writes_after_abort=0, helper_nodes=109603, bestmove=g5d8, other_after_resize=0, exit_cause=helper-abort, tt_reads=206811, other_after_generation=0, exit_ms=195}"
"measured","6","23","4","629","3","helper-abort","13","g5d8","109802","195458500","561766.308","210120","108829","1","2","0","0","0","0","2","0","0","0","0","0","0","0","0","0","0","{exception=-, reads_after_abort=0, reads_after_clear=0, search_elapsed_ns=195506800, other_after_abort=0, writes_after_generation=0, abort_ms=195, after_resize=0, other_after_clear=0, after_generation=0, tt_writes=108829, reads_after_generation=0, search=629, helper=3, writes_after_clear=0, writes_after_resize=0, bestmove_ms=195, tt_other=1, event=exit, start_ms=0, completed_depth=13, submit_ms=0, after_abort=2, after_clear=0, reads_after_resize=0, helper_elapsed_ns=195458500, writes_after_abort=2, helper_nodes=109802, bestmove=g5d8, other_after_resize=0, exit_cause=helper-abort, tt_reads=210120, other_after_generation=0, exit_ms=195}"
"measured","6","24","4","631","2","helper-abort","13","d5e3","40214","62609800","642295.615","70870","39045","1","1","0","0","0","0","1","0","0","0","0","0","0","0","0","0","0","{exception=-, reads_after_abort=0, reads_after_clear=0, search_elapsed_ns=62659800, other_after_abort=0, writes_after_generation=0, abort_ms=62, after_resize=0, other_after_clear=0, after_generation=0, tt_writes=39045, reads_after_generation=0, search=631, helper=2, writes_after_clear=0, writes_after_resize=0, bestmove_ms=62, tt_other=1, event=exit, start_ms=0, completed_depth=13, submit_ms=0, after_abort=1, after_clear=0, reads_after_resize=0, helper_elapsed_ns=62609800, writes_after_abort=1, helper_nodes=40214, bestmove=d5e3, other_after_resize=0, exit_cause=helper-abort, tt_reads=70870, other_after_generation=0, exit_ms=62}"
"measured","6","24","4","631","1","helper-abort","13","d5e3","40291","62612700","643495.649","70983","39120","1","1","0","0","0","0","1","0","0","0","0","0","0","0","0","0","0","{exception=-, reads_after_abort=0, reads_after_clear=0, search_elapsed_ns=62659700, other_after_abort=0, writes_after_generation=0, abort_ms=62, after_resize=0, other_after_clear=0, after_generation=0, tt_writes=39120, reads_after_generation=0, search=631, helper=1, writes_after_clear=0, writes_after_resize=0, bestmove_ms=62, tt_other=1, event=exit, start_ms=0, completed_depth=13, submit_ms=0, after_abort=1, after_clear=0, reads_after_resize=0, helper_elapsed_ns=62612700, writes_after_abort=1, helper_nodes=40291, bestmove=d5e3, other_after_resize=0, exit_cause=helper-abort, tt_reads=70983, other_after_generation=0, exit_ms=62}"
"measured","6","24","4","631","3","helper-abort","13","d5e3","39756","62604000","635039.295","70416","38610","1","0","0","0","0","0","0","0","0","0","0","0","0","0","0","0","0","{exception=-, reads_after_abort=0, reads_after_clear=0, search_elapsed_ns=62659100, other_after_abort=0, writes_after_generation=0, abort_ms=62, after_resize=0, other_after_clear=0, after_generation=0, tt_writes=38610, reads_after_generation=0, search=631, helper=3, writes_after_clear=0, writes_after_resize=0, bestmove_ms=62, tt_other=1, event=exit, start_ms=0, completed_depth=13, submit_ms=0, after_abort=0, after_clear=0, reads_after_resize=0, helper_elapsed_ns=62604000, writes_after_abort=0, helper_nodes=39756, bestmove=d5e3, other_after_resize=0, exit_cause=helper-abort, tt_reads=70416, other_after_generation=0, exit_ms=62}"
"measured","6","24","2","633","1","helper-abort","13","d5e3","47291","72005900","656765.626","75462","46012","1","0","0","0","0","0","0","0","0","0","0","0","0","0","0","0","0","{exception=-, reads_after_abort=0, reads_after_clear=0, search_elapsed_ns=72042500, other_after_abort=0, writes_after_generation=0, abort_ms=72, after_resize=0, other_after_clear=0, after_generation=0, tt_writes=46012, reads_after_generation=0, search=633, helper=1, writes_after_clear=0, writes_after_resize=0, bestmove_ms=72, tt_other=1, event=exit, start_ms=0, completed_depth=13, submit_ms=0, after_abort=0, after_clear=0, reads_after_resize=0, helper_elapsed_ns=72005900, writes_after_abort=0, helper_nodes=47291, bestmove=d5e3, other_after_resize=0, exit_cause=helper-abort, tt_reads=75462, other_after_generation=0, exit_ms=72}"
"measured","6","25","2","635","1","helper-abort","12","h5e2","164180","426550800","384901.400","248167","162211","1","0","0","0","0","0","0","0","0","0","0","0","0","0","0","0","0","{exception=-, reads_after_abort=0, reads_after_clear=0, search_elapsed_ns=426586600, other_after_abort=0, writes_after_generation=0, abort_ms=426, after_resize=0, other_after_clear=0, after_generation=0, tt_writes=162211, reads_after_generation=0, search=635, helper=1, writes_after_clear=0, writes_after_resize=0, bestmove_ms=426, tt_other=1, event=exit, start_ms=0, completed_depth=12, submit_ms=0, after_abort=0, after_clear=0, reads_after_resize=0, helper_elapsed_ns=426550800, writes_after_abort=0, helper_nodes=164180, bestmove=h5e2, other_after_resize=0, exit_cause=helper-abort, tt_reads=248167, other_after_generation=0, exit_ms=426}"
"measured","6","25","4","636","3","helper-abort","13","h5e2","144702","376739900","384089.925","249774","143193","1","0","0","0","0","0","0","0","0","0","0","0","0","0","0","0","0","{exception=-, reads_after_abort=0, reads_after_clear=0, search_elapsed_ns=376786000, other_after_abort=0, writes_after_generation=0, abort_ms=376, after_resize=0, other_after_clear=0, after_generation=0, tt_writes=143193, reads_after_generation=0, search=636, helper=3, writes_after_clear=0, writes_after_resize=0, bestmove_ms=376, tt_other=1, event=exit, start_ms=0, completed_depth=13, submit_ms=0, after_abort=0, after_clear=0, reads_after_resize=0, helper_elapsed_ns=376739900, writes_after_abort=0, helper_nodes=144702, bestmove=h5e2, other_after_resize=0, exit_cause=helper-abort, tt_reads=249774, other_after_generation=0, exit_ms=376}"
"measured","6","25","4","636","2","helper-abort","13","h5e2","134102","376743200","355950.685","234183","132575","1","0","0","0","0","0","0","0","0","0","0","0","0","0","0","0","0","{exception=-, reads_after_abort=0, reads_after_clear=0, search_elapsed_ns=376785800, other_after_abort=0, writes_after_generation=0, abort_ms=376, after_resize=0, other_after_clear=0, after_generation=0, tt_writes=132575, reads_after_generation=0, search=636, helper=2, writes_after_clear=0, writes_after_resize=0, bestmove_ms=376, tt_other=1, event=exit, start_ms=0, completed_depth=13, submit_ms=0, after_abort=0, after_clear=0, reads_after_resize=0, helper_elapsed_ns=376743200, writes_after_abort=0, helper_nodes=134102, bestmove=h5e2, other_after_resize=0, exit_cause=helper-abort, tt_reads=234183, other_after_generation=0, exit_ms=376}"
"measured","6","25","4","636","1","helper-abort","13","h5e2","136730","376743200","362926.259","242989","135179","1","0","0","0","0","0","0","0","0","0","0","0","0","0","0","0","0","{exception=-, reads_after_abort=0, reads_after_clear=0, search_elapsed_ns=376785800, other_after_abort=0, writes_after_generation=0, abort_ms=376, after_resize=0, other_after_clear=0, after_generation=0, tt_writes=135179, reads_after_generation=0, search=636, helper=1, writes_after_clear=0, writes_after_resize=0, bestmove_ms=376, tt_other=1, event=exit, start_ms=0, completed_depth=13, submit_ms=0, after_abort=0, after_clear=0, reads_after_resize=0, helper_elapsed_ns=376743200, writes_after_abort=0, helper_nodes=136730, bestmove=h5e2, other_after_resize=0, exit_cause=helper-abort, tt_reads=242989, other_after_generation=0, exit_ms=376}"
"measured","6","26","2","637","1","helper-abort","13","a6a5","43409","72470600","598987.727","72590","42509","1","0","0","0","0","0","0","0","0","0","0","0","0","0","0","0","0","{exception=-, reads_after_abort=0, reads_after_clear=0, search_elapsed_ns=72497800, other_after_abort=0, writes_after_generation=0, abort_ms=72, after_resize=0, other_after_clear=0, after_generation=0, tt_writes=42509, reads_after_generation=0, search=637, helper=1, writes_after_clear=0, writes_after_resize=0, bestmove_ms=72, tt_other=1, event=exit, start_ms=0, completed_depth=13, submit_ms=0, after_abort=0, after_clear=0, reads_after_resize=0, helper_elapsed_ns=72470600, writes_after_abort=0, helper_nodes=43409, bestmove=a6a5, other_after_resize=0, exit_cause=helper-abort, tt_reads=72590, other_after_generation=0, exit_ms=72}"
"measured","6","26","4","638","1","helper-abort","13","a6a5","43485","55983100","776752.270","76353","42460","1","0","0","0","0","0","0","0","0","0","0","0","0","0","0","0","0","{exception=-, reads_after_abort=0, reads_after_clear=0, search_elapsed_ns=56014500, other_after_abort=0, writes_after_generation=0, abort_ms=56, after_resize=0, other_after_clear=0, after_generation=0, tt_writes=42460, reads_after_generation=0, search=638, helper=1, writes_after_clear=0, writes_after_resize=0, bestmove_ms=56, tt_other=1, event=exit, start_ms=0, completed_depth=13, submit_ms=0, after_abort=0, after_clear=0, reads_after_resize=0, helper_elapsed_ns=55983100, writes_after_abort=0, helper_nodes=43485, bestmove=a6a5, other_after_resize=0, exit_cause=helper-abort, tt_reads=76353, other_after_generation=0, exit_ms=56}"
"measured","6","26","4","638","3","helper-abort","13","a6a5","38658","55960800","690804.992","68790","37755","1","1","0","0","0","0","1","0","0","0","0","0","0","0","0","0","0","{exception=-, reads_after_abort=0, reads_after_clear=0, search_elapsed_ns=56014600, other_after_abort=0, writes_after_generation=0, abort_ms=56, after_resize=0, other_after_clear=0, after_generation=0, tt_writes=37755, reads_after_generation=0, search=638, helper=3, writes_after_clear=0, writes_after_resize=0, bestmove_ms=56, tt_other=1, event=exit, start_ms=0, completed_depth=13, submit_ms=0, after_abort=1, after_clear=0, reads_after_resize=0, helper_elapsed_ns=55960800, writes_after_abort=1, helper_nodes=38658, bestmove=a6a5, other_after_resize=0, exit_cause=helper-abort, tt_reads=68790, other_after_generation=0, exit_ms=56}"
"measured","6","26","4","638","2","helper-abort","13","a6a5","43214","55976600","772001.158","75889","42219","1","2","0","0","0","0","2","0","0","0","0","0","0","0","0","0","0","{exception=-, reads_after_abort=0, reads_after_clear=0, search_elapsed_ns=56014600, other_after_abort=0, writes_after_generation=0, abort_ms=56, after_resize=0, other_after_clear=0, after_generation=0, tt_writes=42219, reads_after_generation=0, search=638, helper=2, writes_after_clear=0, writes_after_resize=0, bestmove_ms=56, tt_other=1, event=exit, start_ms=0, completed_depth=13, submit_ms=0, after_abort=2, after_clear=0, reads_after_resize=0, helper_elapsed_ns=55976600, writes_after_abort=2, helper_nodes=43214, bestmove=a6a5, other_after_resize=0, exit_cause=helper-abort, tt_reads=75889, other_after_generation=0, exit_ms=56}"
"measured","6","27","4","640","2","helper-abort","13","a6a5","54648","86386300","632600.308","103907","53509","1","0","0","0","0","0","0","0","0","0","0","0","0","0","0","0","0","{exception=-, reads_after_abort=0, reads_after_clear=0, search_elapsed_ns=86440500, other_after_abort=0, writes_after_generation=0, abort_ms=86, after_resize=0, other_after_clear=0, after_generation=0, tt_writes=53509, reads_after_generation=0, search=640, helper=2, writes_after_clear=0, writes_after_resize=0, bestmove_ms=86, tt_other=1, event=exit, start_ms=0, completed_depth=13, submit_ms=0, after_abort=0, after_clear=0, reads_after_resize=0, helper_elapsed_ns=86386300, writes_after_abort=0, helper_nodes=54648, bestmove=a6a5, other_after_resize=0, exit_cause=helper-abort, tt_reads=103907, other_after_generation=0, exit_ms=86}"
"measured","6","27","4","640","3","helper-abort","13","a6a5","51629","86379700","597698.302","102929","50579","1","0","0","0","0","0","0","0","0","0","0","0","0","0","0","0","0","{exception=-, reads_after_abort=0, reads_after_clear=0, search_elapsed_ns=86440500, other_after_abort=0, writes_after_generation=0, abort_ms=86, after_resize=0, other_after_clear=0, after_generation=0, tt_writes=50579, reads_after_generation=0, search=640, helper=3, writes_after_clear=0, writes_after_resize=0, bestmove_ms=86, tt_other=1, event=exit, start_ms=0, completed_depth=13, submit_ms=0, after_abort=0, after_clear=0, reads_after_resize=0, helper_elapsed_ns=86379700, writes_after_abort=0, helper_nodes=51629, bestmove=a6a5, other_after_resize=0, exit_cause=helper-abort, tt_reads=102929, other_after_generation=0, exit_ms=86}"
"measured","6","27","4","640","1","helper-abort","13","a6a5","51860","86401700","600219.672","103158","50838","1","0","0","0","0","0","0","0","0","0","0","0","0","0","0","0","0","{exception=-, reads_after_abort=0, reads_after_clear=0, search_elapsed_ns=86440500, other_after_abort=0, writes_after_generation=0, abort_ms=86, after_resize=0, other_after_clear=0, after_generation=0, tt_writes=50838, reads_after_generation=0, search=640, helper=1, writes_after_clear=0, writes_after_resize=0, bestmove_ms=86, tt_other=1, event=exit, start_ms=0, completed_depth=13, submit_ms=0, after_abort=0, after_clear=0, reads_after_resize=0, helper_elapsed_ns=86401700, writes_after_abort=0, helper_nodes=51860, bestmove=a6a5, other_after_resize=0, exit_cause=helper-abort, tt_reads=103158, other_after_generation=0, exit_ms=86}"
"measured","6","27","2","642","1","helper-abort","13","a6a5","66902","99481200","672508.977","117399","65537","1","0","0","0","0","0","0","0","0","0","0","0","0","0","0","0","0","{exception=-, reads_after_abort=0, reads_after_clear=0, search_elapsed_ns=99532800, other_after_abort=0, writes_after_generation=0, abort_ms=99, after_resize=0, other_after_clear=0, after_generation=0, tt_writes=65537, reads_after_generation=0, search=642, helper=1, writes_after_clear=0, writes_after_resize=0, bestmove_ms=99, tt_other=1, event=exit, start_ms=0, completed_depth=13, submit_ms=0, after_abort=0, after_clear=0, reads_after_resize=0, helper_elapsed_ns=99481200, writes_after_abort=0, helper_nodes=66902, bestmove=a6a5, other_after_resize=0, exit_cause=helper-abort, tt_reads=117399, other_after_generation=0, exit_ms=99}"
"measured","6","28","2","644","1","helper-abort","13","d2b4","1970200","5137224500","383514.483","3071258","1944913","1","0","0","0","0","0","0","0","0","0","0","0","0","0","0","0","0","{exception=-, reads_after_abort=0, reads_after_clear=0, search_elapsed_ns=5137456500, other_after_abort=0, writes_after_generation=0, abort_ms=5137, after_resize=0, other_after_clear=0, after_generation=0, tt_writes=1944913, reads_after_generation=0, search=644, helper=1, writes_after_clear=0, writes_after_resize=0, bestmove_ms=5137, tt_other=1, event=exit, start_ms=0, completed_depth=13, submit_ms=0, after_abort=0, after_clear=0, reads_after_resize=0, helper_elapsed_ns=5137224500, writes_after_abort=0, helper_nodes=1970200, bestmove=d2b4, other_after_resize=0, exit_cause=helper-abort, tt_reads=3071258, other_after_generation=0, exit_ms=5137}"
"measured","6","28","4","645","1","helper-abort","15","d2b4","5897206","16295762100","361885.867","7859416","5835890","1","0","0","0","0","0","0","0","0","0","0","0","0","0","0","0","0","{exception=-, reads_after_abort=0, reads_after_clear=0, search_elapsed_ns=16295794500, other_after_abort=0, writes_after_generation=0, abort_ms=16295, after_resize=0, other_after_clear=0, after_generation=0, tt_writes=5835890, reads_after_generation=0, search=645, helper=1, writes_after_clear=0, writes_after_resize=0, bestmove_ms=16295, tt_other=1, event=exit, start_ms=0, completed_depth=15, submit_ms=0, after_abort=0, after_clear=0, reads_after_resize=0, helper_elapsed_ns=16295762100, writes_after_abort=0, helper_nodes=5897206, bestmove=d2b4, other_after_resize=0, exit_cause=helper-abort, tt_reads=7859416, other_after_generation=0, exit_ms=16295}"
"measured","6","28","4","645","2","helper-abort","16","d2b4","6180849","16295759500","379291.864","8738704","6107176","1","0","0","0","0","0","0","0","0","0","0","0","0","0","0","0","0","{exception=-, reads_after_abort=0, reads_after_clear=0, search_elapsed_ns=16295795300, other_after_abort=0, writes_after_generation=0, abort_ms=16295, after_resize=0, other_after_clear=0, after_generation=0, tt_writes=6107176, reads_after_generation=0, search=645, helper=2, writes_after_clear=0, writes_after_resize=0, bestmove_ms=16295, tt_other=1, event=exit, start_ms=0, completed_depth=16, submit_ms=0, after_abort=0, after_clear=0, reads_after_resize=0, helper_elapsed_ns=16295759500, writes_after_abort=0, helper_nodes=6180849, bestmove=d2b4, other_after_resize=0, exit_cause=helper-abort, tt_reads=8738704, other_after_generation=0, exit_ms=16295}"
"measured","6","28","4","645","3","helper-abort","16","d2b4","6202504","16295739000","380621.216","8794701","6125922","1","0","0","0","0","0","0","0","0","0","0","0","0","0","0","0","0","{exception=-, reads_after_abort=0, reads_after_clear=0, search_elapsed_ns=16295793600, other_after_abort=0, writes_after_generation=0, abort_ms=16295, after_resize=0, other_after_clear=0, after_generation=0, tt_writes=6125922, reads_after_generation=0, search=645, helper=3, writes_after_clear=0, writes_after_resize=0, bestmove_ms=16295, tt_other=1, event=exit, start_ms=0, completed_depth=16, submit_ms=0, after_abort=0, after_clear=0, reads_after_resize=0, helper_elapsed_ns=16295739000, writes_after_abort=0, helper_nodes=6202504, bestmove=d2b4, other_after_resize=0, exit_cause=helper-abort, tt_reads=8794701, other_after_generation=0, exit_ms=16295}"
"measured","6","29","2","646","1","helper-abort","13","c6d4","1817260","5027479300","361465.437","2683835","1807220","1","0","0","0","0","0","0","0","0","0","0","0","0","0","0","0","0","{exception=-, reads_after_abort=0, reads_after_clear=0, search_elapsed_ns=5027504300, other_after_abort=0, writes_after_generation=0, abort_ms=5027, after_resize=0, other_after_clear=0, after_generation=0, tt_writes=1807220, reads_after_generation=0, search=646, helper=1, writes_after_clear=0, writes_after_resize=0, bestmove_ms=5027, tt_other=1, event=exit, start_ms=0, completed_depth=13, submit_ms=0, after_abort=0, after_clear=0, reads_after_resize=0, helper_elapsed_ns=5027479300, writes_after_abort=0, helper_nodes=1817260, bestmove=c6d4, other_after_resize=0, exit_cause=helper-abort, tt_reads=2683835, other_after_generation=0, exit_ms=5027}"
"measured","6","29","4","647","2","helper-abort","13","c6d4","1367807","4089693800","334452.178","2094180","1359656","1","0","0","0","0","0","0","0","0","0","0","0","0","0","0","0","0","{exception=-, reads_after_abort=0, reads_after_clear=0, search_elapsed_ns=4089745800, other_after_abort=0, writes_after_generation=0, abort_ms=4089, after_resize=0, other_after_clear=0, after_generation=0, tt_writes=1359656, reads_after_generation=0, search=647, helper=2, writes_after_clear=0, writes_after_resize=0, bestmove_ms=4089, tt_other=1, event=exit, start_ms=0, completed_depth=13, submit_ms=0, after_abort=0, after_clear=0, reads_after_resize=0, helper_elapsed_ns=4089693800, writes_after_abort=0, helper_nodes=1367807, bestmove=c6d4, other_after_resize=0, exit_cause=helper-abort, tt_reads=2094180, other_after_generation=0, exit_ms=4089}"
"measured","6","29","4","647","3","helper-abort","13","c6d4","1394882","4089694500","341072.420","2255730","1385160","1","1","0","0","0","0","1","0","0","0","0","0","0","0","0","0","0","{exception=-, reads_after_abort=0, reads_after_clear=0, search_elapsed_ns=4089750900, other_after_abort=0, writes_after_generation=0, abort_ms=4089, after_resize=0, other_after_clear=0, after_generation=0, tt_writes=1385160, reads_after_generation=0, search=647, helper=3, writes_after_clear=0, writes_after_resize=0, bestmove_ms=4089, tt_other=1, event=exit, start_ms=0, completed_depth=13, submit_ms=0, after_abort=1, after_clear=0, reads_after_resize=0, helper_elapsed_ns=4089694500, writes_after_abort=1, helper_nodes=1394882, bestmove=c6d4, other_after_resize=0, exit_cause=helper-abort, tt_reads=2255730, other_after_generation=0, exit_ms=4089}"
"measured","6","29","4","647","1","helper-abort","13","c6d4","1406783","4089711600","343980.979","2282382","1396448","1","0","0","0","0","0","0","0","0","0","0","0","0","0","0","0","0","{exception=-, reads_after_abort=0, reads_after_clear=0, search_elapsed_ns=4089745800, other_after_abort=0, writes_after_generation=0, abort_ms=4089, after_resize=0, other_after_clear=0, after_generation=0, tt_writes=1396448, reads_after_generation=0, search=647, helper=1, writes_after_clear=0, writes_after_resize=0, bestmove_ms=4089, tt_other=1, event=exit, start_ms=0, completed_depth=13, submit_ms=0, after_abort=0, after_clear=0, reads_after_resize=0, helper_elapsed_ns=4089711600, writes_after_abort=0, helper_nodes=1406783, bestmove=c6d4, other_after_resize=0, exit_cause=helper-abort, tt_reads=2282382, other_after_generation=0, exit_ms=4089}"
"measured","6","30","4","649","3","helper-abort","13","h4h5","364585","944086800","386177.415","566320","359577","1","0","0","0","0","0","0","0","0","0","0","0","0","0","0","0","0","{exception=-, reads_after_abort=0, reads_after_clear=0, search_elapsed_ns=944137200, other_after_abort=0, writes_after_generation=0, abort_ms=944, after_resize=0, other_after_clear=0, after_generation=0, tt_writes=359577, reads_after_generation=0, search=649, helper=3, writes_after_clear=0, writes_after_resize=0, bestmove_ms=944, tt_other=1, event=exit, start_ms=0, completed_depth=13, submit_ms=0, after_abort=0, after_clear=0, reads_after_resize=0, helper_elapsed_ns=944086800, writes_after_abort=0, helper_nodes=364585, bestmove=h4h5, other_after_resize=0, exit_cause=helper-abort, tt_reads=566320, other_after_generation=0, exit_ms=944}"
"measured","6","30","4","649","2","helper-abort","13","h4h5","396204","944104500","419661.171","613024","389323","1","4","0","0","0","0","4","0","0","0","0","0","0","0","0","0","0","{exception=-, reads_after_abort=0, reads_after_clear=0, search_elapsed_ns=944138700, other_after_abort=0, writes_after_generation=0, abort_ms=944, after_resize=0, other_after_clear=0, after_generation=0, tt_writes=389323, reads_after_generation=0, search=649, helper=2, writes_after_clear=0, writes_after_resize=0, bestmove_ms=944, tt_other=1, event=exit, start_ms=0, completed_depth=13, submit_ms=0, after_abort=4, after_clear=0, reads_after_resize=0, helper_elapsed_ns=944104500, writes_after_abort=4, helper_nodes=396204, bestmove=h4h5, other_after_resize=0, exit_cause=helper-abort, tt_reads=613024, other_after_generation=0, exit_ms=944}"
"measured","6","30","4","649","1","helper-abort","13","h4h5","376311","944104100","398590.579","598430","369823","1","0","0","0","0","0","0","0","0","0","0","0","0","0","0","0","0","{exception=-, reads_after_abort=0, reads_after_clear=0, search_elapsed_ns=944137200, other_after_abort=0, writes_after_generation=0, abort_ms=944, after_resize=0, other_after_clear=0, after_generation=0, tt_writes=369823, reads_after_generation=0, search=649, helper=1, writes_after_clear=0, writes_after_resize=0, bestmove_ms=944, tt_other=1, event=exit, start_ms=0, completed_depth=13, submit_ms=0, after_abort=0, after_clear=0, reads_after_resize=0, helper_elapsed_ns=944104100, writes_after_abort=0, helper_nodes=376311, bestmove=h4h5, other_after_resize=0, exit_cause=helper-abort, tt_reads=598430, other_after_generation=0, exit_ms=944}"
"measured","6","30","2","651","1","helper-abort","13","g2g3","1200592","2893813100","414882.357","1662179","1181350","1","1","0","0","0","0","1","0","0","0","0","0","0","0","0","0","0","{exception=-, reads_after_abort=0, reads_after_clear=0, search_elapsed_ns=2893849800, other_after_abort=0, writes_after_generation=0, abort_ms=2893, after_resize=0, other_after_clear=0, after_generation=0, tt_writes=1181350, reads_after_generation=0, search=651, helper=1, writes_after_clear=0, writes_after_resize=0, bestmove_ms=2893, tt_other=1, event=exit, start_ms=0, completed_depth=13, submit_ms=0, after_abort=1, after_clear=0, reads_after_resize=0, helper_elapsed_ns=2893813100, writes_after_abort=1, helper_nodes=1200592, bestmove=g2g3, other_after_resize=0, exit_cause=helper-abort, tt_reads=1662179, other_after_generation=0, exit_ms=2893}"
"measured","7","0","2","653","1","helper-abort","13","e2e4","342302","836191300","409358.481","511384","340579","1","0","0","0","0","0","0","0","0","0","0","0","0","0","0","0","0","{exception=-, reads_after_abort=0, reads_after_clear=0, search_elapsed_ns=836244000, other_after_abort=0, writes_after_generation=0, abort_ms=836, after_resize=0, other_after_clear=0, after_generation=0, tt_writes=340579, reads_after_generation=0, search=653, helper=1, writes_after_clear=0, writes_after_resize=0, bestmove_ms=836, tt_other=1, event=exit, start_ms=0, completed_depth=13, submit_ms=0, after_abort=0, after_clear=0, reads_after_resize=0, helper_elapsed_ns=836191300, writes_after_abort=0, helper_nodes=342302, bestmove=e2e4, other_after_resize=0, exit_cause=helper-abort, tt_reads=511384, other_after_generation=0, exit_ms=836}"
"measured","7","0","4","654","1","helper-abort","13","e2e4","251987","675319900","373137.235","368662","250898","1","0","0","0","0","0","0","0","0","0","0","0","0","0","0","0","0","{exception=-, reads_after_abort=0, reads_after_clear=0, search_elapsed_ns=675354400, other_after_abort=0, writes_after_generation=0, abort_ms=675, after_resize=0, other_after_clear=0, after_generation=0, tt_writes=250898, reads_after_generation=0, search=654, helper=1, writes_after_clear=0, writes_after_resize=0, bestmove_ms=675, tt_other=1, event=exit, start_ms=0, completed_depth=13, submit_ms=0, after_abort=0, after_clear=0, reads_after_resize=0, helper_elapsed_ns=675319900, writes_after_abort=0, helper_nodes=251987, bestmove=e2e4, other_after_resize=0, exit_cause=helper-abort, tt_reads=368662, other_after_generation=0, exit_ms=675}"
"measured","7","0","4","654","2","helper-abort","12","e2e4","252811","675302100","374367.265","334867","252198","1","1","0","0","0","0","1","0","0","0","0","0","0","0","0","0","0","{exception=-, reads_after_abort=0, reads_after_clear=0, search_elapsed_ns=675357200, other_after_abort=0, writes_after_generation=0, abort_ms=675, after_resize=0, other_after_clear=0, after_generation=0, tt_writes=252198, reads_after_generation=0, search=654, helper=2, writes_after_clear=0, writes_after_resize=0, bestmove_ms=675, tt_other=1, event=exit, start_ms=0, completed_depth=12, submit_ms=0, after_abort=1, after_clear=0, reads_after_resize=0, helper_elapsed_ns=675302100, writes_after_abort=1, helper_nodes=252811, bestmove=e2e4, other_after_resize=0, exit_cause=helper-abort, tt_reads=334867, other_after_generation=0, exit_ms=675}"
"measured","7","0","4","654","3","helper-abort","12","e2e4","264420","675295800","391561.742","383196","263246","1","0","0","0","0","0","0","0","0","0","0","0","0","0","0","0","0","{exception=-, reads_after_abort=0, reads_after_clear=0, search_elapsed_ns=675357000, other_after_abort=0, writes_after_generation=0, abort_ms=675, after_resize=0, other_after_clear=0, after_generation=0, tt_writes=263246, reads_after_generation=0, search=654, helper=3, writes_after_clear=0, writes_after_resize=0, bestmove_ms=675, tt_other=1, event=exit, start_ms=0, completed_depth=12, submit_ms=0, after_abort=0, after_clear=0, reads_after_resize=0, helper_elapsed_ns=675295800, writes_after_abort=0, helper_nodes=264420, bestmove=e2e4, other_after_resize=0, exit_cause=helper-abort, tt_reads=383196, other_after_generation=0, exit_ms=675}"
"measured","7","1","2","655","1","helper-abort","13","e2a6","11253601","41729791400","269677.864","14762194","11204673","1","0","0","0","0","0","0","0","0","0","0","0","0","0","0","0","0","{exception=-, reads_after_abort=0, reads_after_clear=0, search_elapsed_ns=41729823200, other_after_abort=0, writes_after_generation=0, abort_ms=41729, after_resize=0, other_after_clear=0, after_generation=0, tt_writes=11204673, reads_after_generation=0, search=655, helper=1, writes_after_clear=0, writes_after_resize=0, bestmove_ms=41729, tt_other=1, event=exit, start_ms=0, completed_depth=13, submit_ms=0, after_abort=0, after_clear=0, reads_after_resize=0, helper_elapsed_ns=41729791400, writes_after_abort=0, helper_nodes=11253601, bestmove=e2a6, other_after_resize=0, exit_cause=helper-abort, tt_reads=14762194, other_after_generation=0, exit_ms=41729}"
"measured","7","1","4","656","2","helper-abort","12","e2a6","3101036","11843124000","261842.737","5009695","3086365","1","0","0","0","0","0","0","0","0","0","0","0","0","0","0","0","0","{exception=-, reads_after_abort=0, reads_after_clear=0, search_elapsed_ns=11843170000, other_after_abort=0, writes_after_generation=0, abort_ms=11843, after_resize=0, other_after_clear=0, after_generation=0, tt_writes=3086365, reads_after_generation=0, search=656, helper=2, writes_after_clear=0, writes_after_resize=0, bestmove_ms=11843, tt_other=1, event=exit, start_ms=0, completed_depth=12, submit_ms=0, after_abort=0, after_clear=0, reads_after_resize=0, helper_elapsed_ns=11843124000, writes_after_abort=0, helper_nodes=3101036, bestmove=e2a6, other_after_resize=0, exit_cause=helper-abort, tt_reads=5009695, other_after_generation=0, exit_ms=11843}"
"measured","7","1","4","656","1","helper-abort","13","e2a6","3163172","11843144600","267088.861","4984970","3151305","1","0","0","0","0","0","0","0","0","0","0","0","0","0","0","0","0","{exception=-, reads_after_abort=0, reads_after_clear=0, search_elapsed_ns=11843170200, other_after_abort=0, writes_after_generation=0, abort_ms=11843, after_resize=0, other_after_clear=0, after_generation=0, tt_writes=3151305, reads_after_generation=0, search=656, helper=1, writes_after_clear=0, writes_after_resize=0, bestmove_ms=11843, tt_other=1, event=exit, start_ms=0, completed_depth=13, submit_ms=0, after_abort=0, after_clear=0, reads_after_resize=0, helper_elapsed_ns=11843144600, writes_after_abort=0, helper_nodes=3163172, bestmove=e2a6, other_after_resize=0, exit_cause=helper-abort, tt_reads=4984970, other_after_generation=0, exit_ms=11843}"
"measured","7","1","4","656","3","helper-abort","12","e2a6","3132798","11843115100","264524.829","4838277","3119602","1","0","0","0","0","0","0","0","0","0","0","0","0","0","0","0","0","{exception=-, reads_after_abort=0, reads_after_clear=0, search_elapsed_ns=11843169900, other_after_abort=0, writes_after_generation=0, abort_ms=11843, after_resize=0, other_after_clear=0, after_generation=0, tt_writes=3119602, reads_after_generation=0, search=656, helper=3, writes_after_clear=0, writes_after_resize=0, bestmove_ms=11843, tt_other=1, event=exit, start_ms=0, completed_depth=12, submit_ms=0, after_abort=0, after_clear=0, reads_after_resize=0, helper_elapsed_ns=11843115100, writes_after_abort=0, helper_nodes=3132798, bestmove=e2a6, other_after_resize=0, exit_cause=helper-abort, tt_reads=4838277, other_after_generation=0, exit_ms=11843}"
"measured","7","2","4","658","2","helper-abort","13","e1f2","4654","5196800","895551.108","11039","4647","1","0","0","0","0","0","0","0","0","0","0","0","0","0","0","0","0","{exception=-, reads_after_abort=0, reads_after_clear=0, search_elapsed_ns=5234200, other_after_abort=0, writes_after_generation=0, abort_ms=5, after_resize=0, other_after_clear=0, after_generation=0, tt_writes=4647, reads_after_generation=0, search=658, helper=2, writes_after_clear=0, writes_after_resize=0, bestmove_ms=5, tt_other=1, event=exit, start_ms=0, completed_depth=13, submit_ms=0, after_abort=0, after_clear=0, reads_after_resize=0, helper_elapsed_ns=5196800, writes_after_abort=0, helper_nodes=4654, bestmove=e1f2, other_after_resize=0, exit_cause=helper-abort, tt_reads=11039, other_after_generation=0, exit_ms=5}"
"measured","7","2","4","658","1","helper-abort","13","e1d2","4507","5196800","867264.470","10286","4501","1","0","0","0","0","0","0","0","0","0","0","0","0","0","0","0","0","{exception=-, reads_after_abort=0, reads_after_clear=0, search_elapsed_ns=5234200, other_after_abort=0, writes_after_generation=0, abort_ms=5, after_resize=0, other_after_clear=0, after_generation=0, tt_writes=4501, reads_after_generation=0, search=658, helper=1, writes_after_clear=0, writes_after_resize=0, bestmove_ms=5, tt_other=1, event=exit, start_ms=0, completed_depth=13, submit_ms=0, after_abort=0, after_clear=0, reads_after_resize=0, helper_elapsed_ns=5196800, writes_after_abort=0, helper_nodes=4507, bestmove=e1d2, other_after_resize=0, exit_cause=helper-abort, tt_reads=10286, other_after_generation=0, exit_ms=5}"
"measured","7","2","4","658","3","helper-abort","13","e1f2","4453","5180100","859635.914","10221","4446","1","0","0","0","0","0","0","0","0","0","0","0","0","0","0","0","0","{exception=-, reads_after_abort=0, reads_after_clear=0, search_elapsed_ns=5234300, other_after_abort=0, writes_after_generation=0, abort_ms=5, after_resize=0, other_after_clear=0, after_generation=0, tt_writes=4446, reads_after_generation=0, search=658, helper=3, writes_after_clear=0, writes_after_resize=0, bestmove_ms=5, tt_other=1, event=exit, start_ms=0, completed_depth=13, submit_ms=0, after_abort=0, after_clear=0, reads_after_resize=0, helper_elapsed_ns=5180100, writes_after_abort=0, helper_nodes=4453, bestmove=e1f2, other_after_resize=0, exit_cause=helper-abort, tt_reads=10221, other_after_generation=0, exit_ms=5}"
"measured","7","2","2","660","1","helper-abort","13","e1d2","7163","7573300","945822.825","16322","7153","1","0","0","0","0","0","0","0","0","0","0","0","0","0","0","0","0","{exception=-, reads_after_abort=0, reads_after_clear=0, search_elapsed_ns=7629500, other_after_abort=0, writes_after_generation=0, abort_ms=7, after_resize=0, other_after_clear=0, after_generation=0, tt_writes=7153, reads_after_generation=0, search=660, helper=1, writes_after_clear=0, writes_after_resize=0, bestmove_ms=7, tt_other=1, event=exit, start_ms=0, completed_depth=13, submit_ms=0, after_abort=0, after_clear=0, reads_after_resize=0, helper_elapsed_ns=7573300, writes_after_abort=0, helper_nodes=7163, bestmove=e1d2, other_after_resize=0, exit_cause=helper-abort, tt_reads=16322, other_after_generation=0, exit_ms=7}"
"measured","7","3","2","662","1","helper-abort","13","c4c5","651283","2340576400","278257.527","1083699","644872","1","0","0","0","0","0","0","0","0","0","0","0","0","0","0","0","0","{exception=-, reads_after_abort=0, reads_after_clear=0, search_elapsed_ns=2340613400, other_after_abort=0, writes_after_generation=0, abort_ms=2340, after_resize=0, other_after_clear=0, after_generation=0, tt_writes=644872, reads_after_generation=0, search=662, helper=1, writes_after_clear=0, writes_after_resize=0, bestmove_ms=2340, tt_other=1, event=exit, start_ms=0, completed_depth=13, submit_ms=0, after_abort=0, after_clear=0, reads_after_resize=0, helper_elapsed_ns=2340576400, writes_after_abort=0, helper_nodes=651283, bestmove=c4c5, other_after_resize=0, exit_cause=helper-abort, tt_reads=1083699, other_after_generation=0, exit_ms=2340}"
"measured","7","3","4","663","2","helper-abort","13","c4c5","434406","1664969800","260909.237","807848","430007","1","0","0","0","0","0","0","0","0","0","0","0","0","0","0","0","0","{exception=-, reads_after_abort=0, reads_after_clear=0, search_elapsed_ns=1665003700, other_after_abort=0, writes_after_generation=0, abort_ms=1665, after_resize=0, other_after_clear=0, after_generation=0, tt_writes=430007, reads_after_generation=0, search=663, helper=2, writes_after_clear=0, writes_after_resize=0, bestmove_ms=1665, tt_other=1, event=exit, start_ms=0, completed_depth=13, submit_ms=0, after_abort=0, after_clear=0, reads_after_resize=0, helper_elapsed_ns=1664969800, writes_after_abort=0, helper_nodes=434406, bestmove=c4c5, other_after_resize=0, exit_cause=helper-abort, tt_reads=807848, other_after_generation=0, exit_ms=1665}"
"measured","7","3","4","663","1","helper-abort","13","c4c5","441827","1664971900","265366.040","813592","436864","1","0","0","0","0","0","0","0","0","0","0","0","0","0","0","0","0","{exception=-, reads_after_abort=0, reads_after_clear=0, search_elapsed_ns=1665003900, other_after_abort=0, writes_after_generation=0, abort_ms=1665, after_resize=0, other_after_clear=0, after_generation=0, tt_writes=436864, reads_after_generation=0, search=663, helper=1, writes_after_clear=0, writes_after_resize=0, bestmove_ms=1665, tt_other=1, event=exit, start_ms=0, completed_depth=13, submit_ms=0, after_abort=0, after_clear=0, reads_after_resize=0, helper_elapsed_ns=1664971900, writes_after_abort=0, helper_nodes=441827, bestmove=c4c5, other_after_resize=0, exit_cause=helper-abort, tt_reads=813592, other_after_generation=0, exit_ms=1665}"
"measured","7","3","4","663","3","helper-abort","13","c4c5","444159","1664966000","266767.610","810882","439511","1","1","0","0","0","0","1","0","0","0","0","0","0","0","0","0","0","{exception=-, reads_after_abort=0, reads_after_clear=0, search_elapsed_ns=1665003800, other_after_abort=0, writes_after_generation=0, abort_ms=1665, after_resize=0, other_after_clear=0, after_generation=0, tt_writes=439511, reads_after_generation=0, search=663, helper=3, writes_after_clear=0, writes_after_resize=0, bestmove_ms=1665, tt_other=1, event=exit, start_ms=0, completed_depth=13, submit_ms=0, after_abort=1, after_clear=0, reads_after_resize=0, helper_elapsed_ns=1664966000, writes_after_abort=1, helper_nodes=444159, bestmove=c4c5, other_after_resize=0, exit_cause=helper-abort, tt_reads=810882, other_after_generation=0, exit_ms=1665}"
"measured","7","4","2","664","1","helper-abort","13","b5c4","251727","952883600","264173.924","380120","250593","1","0","0","0","0","0","0","0","0","0","0","0","0","0","0","0","0","{exception=-, reads_after_abort=0, reads_after_clear=0, search_elapsed_ns=952910400, other_after_abort=0, writes_after_generation=0, abort_ms=952, after_resize=0, other_after_clear=0, after_generation=0, tt_writes=250593, reads_after_generation=0, search=664, helper=1, writes_after_clear=0, writes_after_resize=0, bestmove_ms=952, tt_other=1, event=exit, start_ms=0, completed_depth=13, submit_ms=0, after_abort=0, after_clear=0, reads_after_resize=0, helper_elapsed_ns=952883600, writes_after_abort=0, helper_nodes=251727, bestmove=b5c4, other_after_resize=0, exit_cause=helper-abort, tt_reads=380120, other_after_generation=0, exit_ms=952}"
"measured","7","4","4","665","3","helper-abort","13","b5c4","156901","645663800","243007.274","269585","156247","1","1","0","0","0","0","1","0","0","0","0","0","0","0","0","0","0","{exception=-, reads_after_abort=0, reads_after_clear=0, search_elapsed_ns=645711700, other_after_abort=0, writes_after_generation=0, abort_ms=645, after_resize=0, other_after_clear=0, after_generation=0, tt_writes=156247, reads_after_generation=0, search=665, helper=3, writes_after_clear=0, writes_after_resize=0, bestmove_ms=645, tt_other=1, event=exit, start_ms=0, completed_depth=13, submit_ms=0, after_abort=1, after_clear=0, reads_after_resize=0, helper_elapsed_ns=645663800, writes_after_abort=1, helper_nodes=156901, bestmove=b5c4, other_after_resize=0, exit_cause=helper-abort, tt_reads=269585, other_after_generation=0, exit_ms=645}"
"measured","7","4","4","665","2","helper-abort","12","b5c4","152947","645696300","236871.421","269571","152269","1","0","0","0","0","0","0","0","0","0","0","0","0","0","0","0","0","{exception=-, reads_after_abort=0, reads_after_clear=0, search_elapsed_ns=645736500, other_after_abort=0, writes_after_generation=0, abort_ms=645, after_resize=0, other_after_clear=0, after_generation=0, tt_writes=152269, reads_after_generation=0, search=665, helper=2, writes_after_clear=0, writes_after_resize=0, bestmove_ms=645, tt_other=1, event=exit, start_ms=0, completed_depth=12, submit_ms=0, after_abort=0, after_clear=0, reads_after_resize=0, helper_elapsed_ns=645696300, writes_after_abort=0, helper_nodes=152947, bestmove=b5c4, other_after_resize=0, exit_cause=helper-abort, tt_reads=269571, other_after_generation=0, exit_ms=645}"
"measured","7","4","4","665","1","helper-abort","12","b5c4","155572","645700100","240935.382","269547","154874","1","0","0","0","0","0","0","0","0","0","0","0","0","0","0","0","0","{exception=-, reads_after_abort=0, reads_after_clear=0, search_elapsed_ns=645737100, other_after_abort=0, writes_after_generation=0, abort_ms=645, after_resize=0, other_after_clear=0, after_generation=0, tt_writes=154874, reads_after_generation=0, search=665, helper=1, writes_after_clear=0, writes_after_resize=0, bestmove_ms=645, tt_other=1, event=exit, start_ms=0, completed_depth=12, submit_ms=0, after_abort=0, after_clear=0, reads_after_resize=0, helper_elapsed_ns=645700100, writes_after_abort=0, helper_nodes=155572, bestmove=b5c4, other_after_resize=0, exit_cause=helper-abort, tt_reads=269547, other_after_generation=0, exit_ms=645}"
"measured","7","5","4","667","2","helper-abort","13","g1h1","488648","1869668500","261355.422","680882","484568","1","0","0","0","0","0","0","0","0","0","0","0","0","0","0","0","0","{exception=-, reads_after_abort=0, reads_after_clear=0, search_elapsed_ns=1869706700, other_after_abort=0, writes_after_generation=0, abort_ms=1869, after_resize=0, other_after_clear=0, after_generation=0, tt_writes=484568, reads_after_generation=0, search=667, helper=2, writes_after_clear=0, writes_after_resize=0, bestmove_ms=1869, tt_other=1, event=exit, start_ms=0, completed_depth=13, submit_ms=0, after_abort=0, after_clear=0, reads_after_resize=0, helper_elapsed_ns=1869668500, writes_after_abort=0, helper_nodes=488648, bestmove=g1h1, other_after_resize=0, exit_cause=helper-abort, tt_reads=680882, other_after_generation=0, exit_ms=1869}"
"measured","7","5","4","667","1","helper-abort","13","g1h1","496059","1869668500","265319.226","689806","492120","1","1","0","0","0","0","1","0","0","0","0","0","0","0","0","0","0","{exception=-, reads_after_abort=0, reads_after_clear=0, search_elapsed_ns=1869706700, other_after_abort=0, writes_after_generation=0, abort_ms=1869, after_resize=0, other_after_clear=0, after_generation=0, tt_writes=492120, reads_after_generation=0, search=667, helper=1, writes_after_clear=0, writes_after_resize=0, bestmove_ms=1869, tt_other=1, event=exit, start_ms=0, completed_depth=13, submit_ms=0, after_abort=1, after_clear=0, reads_after_resize=0, helper_elapsed_ns=1869668500, writes_after_abort=1, helper_nodes=496059, bestmove=g1h1, other_after_resize=0, exit_cause=helper-abort, tt_reads=689806, other_after_generation=0, exit_ms=1869}"
"measured","7","5","4","667","3","helper-abort","13","g1h1","519800","1869650800","278019.831","713994","515450","1","0","0","0","0","0","0","0","0","0","0","0","0","0","0","0","0","{exception=-, reads_after_abort=0, reads_after_clear=0, search_elapsed_ns=1869707300, other_after_abort=0, writes_after_generation=0, abort_ms=1869, after_resize=0, other_after_clear=0, after_generation=0, tt_writes=515450, reads_after_generation=0, search=667, helper=3, writes_after_clear=0, writes_after_resize=0, bestmove_ms=1869, tt_other=1, event=exit, start_ms=0, completed_depth=13, submit_ms=0, after_abort=0, after_clear=0, reads_after_resize=0, helper_elapsed_ns=1869650800, writes_after_abort=0, helper_nodes=519800, bestmove=g1h1, other_after_resize=0, exit_cause=helper-abort, tt_reads=713994, other_after_generation=0, exit_ms=1869}"
"measured","7","5","2","669","1","helper-abort","13","d1d3","1250693","3776304700","331194.938","1641223","1239854","1","0","0","0","0","0","0","0","0","0","0","0","0","0","0","0","0","{exception=-, reads_after_abort=0, reads_after_clear=0, search_elapsed_ns=3776341300, other_after_abort=0, writes_after_generation=0, abort_ms=3776, after_resize=0, other_after_clear=0, after_generation=0, tt_writes=1239854, reads_after_generation=0, search=669, helper=1, writes_after_clear=0, writes_after_resize=0, bestmove_ms=3776, tt_other=1, event=exit, start_ms=0, completed_depth=13, submit_ms=0, after_abort=0, after_clear=0, reads_after_resize=0, helper_elapsed_ns=3776304700, writes_after_abort=0, helper_nodes=1250693, bestmove=d1d3, other_after_resize=0, exit_cause=helper-abort, tt_reads=1641223, other_after_generation=0, exit_ms=3776}"
"measured","7","6","2","671","1","helper-abort","13","b4b2","485676","1321747900","367449.799","813789","482464","1","0","0","0","0","0","0","0","0","0","0","0","0","0","0","0","0","{exception=-, reads_after_abort=0, reads_after_clear=0, search_elapsed_ns=1321788700, other_after_abort=0, writes_after_generation=0, abort_ms=1321, after_resize=0, other_after_clear=0, after_generation=0, tt_writes=482464, reads_after_generation=0, search=671, helper=1, writes_after_clear=0, writes_after_resize=0, bestmove_ms=1321, tt_other=1, event=exit, start_ms=0, completed_depth=13, submit_ms=0, after_abort=0, after_clear=0, reads_after_resize=0, helper_elapsed_ns=1321747900, writes_after_abort=0, helper_nodes=485676, bestmove=b4b2, other_after_resize=0, exit_cause=helper-abort, tt_reads=813789, other_after_generation=0, exit_ms=1321}"
"measured","7","6","4","672","2","helper-abort","13","b4b2","293948","861626600","341154.742","537118","291515","1","0","0","0","0","0","0","0","0","0","0","0","0","0","0","0","0","{exception=-, reads_after_abort=0, reads_after_clear=0, search_elapsed_ns=861655400, other_after_abort=0, writes_after_generation=0, abort_ms=861, after_resize=0, other_after_clear=0, after_generation=0, tt_writes=291515, reads_after_generation=0, search=672, helper=2, writes_after_clear=0, writes_after_resize=0, bestmove_ms=861, tt_other=1, event=exit, start_ms=0, completed_depth=13, submit_ms=0, after_abort=0, after_clear=0, reads_after_resize=0, helper_elapsed_ns=861626600, writes_after_abort=0, helper_nodes=293948, bestmove=b4b2, other_after_resize=0, exit_cause=helper-abort, tt_reads=537118, other_after_generation=0, exit_ms=861}"
"measured","7","6","4","672","3","helper-abort","12","b4b2","296771","861623500","344432.342","527201","294639","1","0","0","0","0","0","0","0","0","0","0","0","0","0","0","0","0","{exception=-, reads_after_abort=0, reads_after_clear=0, search_elapsed_ns=861658100, other_after_abort=0, writes_after_generation=0, abort_ms=861, after_resize=0, other_after_clear=0, after_generation=0, tt_writes=294639, reads_after_generation=0, search=672, helper=3, writes_after_clear=0, writes_after_resize=0, bestmove_ms=861, tt_other=1, event=exit, start_ms=0, completed_depth=12, submit_ms=0, after_abort=0, after_clear=0, reads_after_resize=0, helper_elapsed_ns=861623500, writes_after_abort=0, helper_nodes=296771, bestmove=b4b2, other_after_resize=0, exit_cause=helper-abort, tt_reads=527201, other_after_generation=0, exit_ms=861}"
"measured","7","6","4","672","1","helper-abort","12","b4b2","293481","861629700","340611.518","541996","290758","1","1","0","0","0","0","1","0","0","0","0","0","0","0","0","0","0","{exception=-, reads_after_abort=0, reads_after_clear=0, search_elapsed_ns=861656800, other_after_abort=0, writes_after_generation=0, abort_ms=861, after_resize=0, other_after_clear=0, after_generation=0, tt_writes=290758, reads_after_generation=0, search=672, helper=1, writes_after_clear=0, writes_after_resize=0, bestmove_ms=861, tt_other=1, event=exit, start_ms=0, completed_depth=12, submit_ms=0, after_abort=1, after_clear=0, reads_after_resize=0, helper_elapsed_ns=861629700, writes_after_abort=1, helper_nodes=293481, bestmove=b4b2, other_after_resize=0, exit_cause=helper-abort, tt_reads=541996, other_after_generation=0, exit_ms=861}"
"measured","7","7","2","673","1","helper-abort","13","h3f5","820435","1959059500","418790.241","1121607","813299","1","1","0","0","0","0","1","0","0","0","0","0","0","0","0","0","0","{exception=-, reads_after_abort=0, reads_after_clear=0, search_elapsed_ns=1959096300, other_after_abort=0, writes_after_generation=0, abort_ms=1959, after_resize=0, other_after_clear=0, after_generation=0, tt_writes=813299, reads_after_generation=0, search=673, helper=1, writes_after_clear=0, writes_after_resize=0, bestmove_ms=1959, tt_other=1, event=exit, start_ms=0, completed_depth=13, submit_ms=0, after_abort=1, after_clear=0, reads_after_resize=0, helper_elapsed_ns=1959059500, writes_after_abort=1, helper_nodes=820435, bestmove=h3f5, other_after_resize=0, exit_cause=helper-abort, tt_reads=1121607, other_after_generation=0, exit_ms=1959}"
"measured","7","7","4","674","2","helper-abort","13","h3f5","495403","1248808100","396700.662","648429","490844","1","0","0","0","0","0","0","0","0","0","0","0","0","0","0","0","0","{exception=-, reads_after_abort=0, reads_after_clear=0, search_elapsed_ns=1248877400, other_after_abort=0, writes_after_generation=0, abort_ms=1248, after_resize=0, other_after_clear=0, after_generation=0, tt_writes=490844, reads_after_generation=0, search=674, helper=2, writes_after_clear=0, writes_after_resize=0, bestmove_ms=1248, tt_other=1, event=exit, start_ms=0, completed_depth=13, submit_ms=0, after_abort=0, after_clear=0, reads_after_resize=0, helper_elapsed_ns=1248808100, writes_after_abort=0, helper_nodes=495403, bestmove=h3f5, other_after_resize=0, exit_cause=helper-abort, tt_reads=648429, other_after_generation=0, exit_ms=1248}"
"measured","7","7","4","674","3","helper-abort","13","h3f5","496051","1248814000","397217.680","644829","491753","1","0","0","0","0","0","0","0","0","0","0","0","0","0","0","0","0","{exception=-, reads_after_abort=0, reads_after_clear=0, search_elapsed_ns=1248878300, other_after_abort=0, writes_after_generation=0, abort_ms=1248, after_resize=0, other_after_clear=0, after_generation=0, tt_writes=491753, reads_after_generation=0, search=674, helper=3, writes_after_clear=0, writes_after_resize=0, bestmove_ms=1248, tt_other=1, event=exit, start_ms=0, completed_depth=13, submit_ms=0, after_abort=0, after_clear=0, reads_after_resize=0, helper_elapsed_ns=1248814000, writes_after_abort=0, helper_nodes=496051, bestmove=h3f5, other_after_resize=0, exit_cause=helper-abort, tt_reads=644829, other_after_generation=0, exit_ms=1248}"
"measured","7","7","4","674","1","helper-abort","13","h3f5","511666","1248822500","409718.755","705079","506782","1","0","0","0","0","0","0","0","0","0","0","0","0","0","0","0","0","{exception=-, reads_after_abort=0, reads_after_clear=0, search_elapsed_ns=1248877400, other_after_abort=0, writes_after_generation=0, abort_ms=1248, after_resize=0, other_after_clear=0, after_generation=0, tt_writes=506782, reads_after_generation=0, search=674, helper=1, writes_after_clear=0, writes_after_resize=0, bestmove_ms=1248, tt_other=1, event=exit, start_ms=0, completed_depth=13, submit_ms=0, after_abort=0, after_clear=0, reads_after_resize=0, helper_elapsed_ns=1248822500, writes_after_abort=0, helper_nodes=511666, bestmove=h3f5, other_after_resize=0, exit_cause=helper-abort, tt_reads=705079, other_after_generation=0, exit_ms=1248}"
"measured","7","8","4","676","2","helper-abort","13","b3c2","476113","1361062800","349809.722","762781","473628","1","0","0","0","0","0","0","0","0","0","0","0","0","0","0","0","0","{exception=-, reads_after_abort=0, reads_after_clear=0, search_elapsed_ns=1361101900, other_after_abort=0, writes_after_generation=0, abort_ms=1361, after_resize=0, other_after_clear=0, after_generation=0, tt_writes=473628, reads_after_generation=0, search=676, helper=2, writes_after_clear=0, writes_after_resize=0, bestmove_ms=1361, tt_other=1, event=exit, start_ms=0, completed_depth=13, submit_ms=0, after_abort=0, after_clear=0, reads_after_resize=0, helper_elapsed_ns=1361062800, writes_after_abort=0, helper_nodes=476113, bestmove=b3c2, other_after_resize=0, exit_cause=helper-abort, tt_reads=762781, other_after_generation=0, exit_ms=1361}"
"measured","7","8","4","676","1","helper-abort","13","b3c2","482239","1361062900","354310.591","784153","479870","1","0","0","0","0","0","0","0","0","0","0","0","0","0","0","0","0","{exception=-, reads_after_abort=0, reads_after_clear=0, search_elapsed_ns=1361102000, other_after_abort=0, writes_after_generation=0, abort_ms=1361, after_resize=0, other_after_clear=0, after_generation=0, tt_writes=479870, reads_after_generation=0, search=676, helper=1, writes_after_clear=0, writes_after_resize=0, bestmove_ms=1361, tt_other=1, event=exit, start_ms=0, completed_depth=13, submit_ms=0, after_abort=0, after_clear=0, reads_after_resize=0, helper_elapsed_ns=1361062900, writes_after_abort=0, helper_nodes=482239, bestmove=b3c2, other_after_resize=0, exit_cause=helper-abort, tt_reads=784153, other_after_generation=0, exit_ms=1361}"
"measured","7","8","4","676","3","helper-abort","13","b3c2","498729","1361047800","366430.187","781223","496301","1","0","0","0","0","0","0","0","0","0","0","0","0","0","0","0","0","{exception=-, reads_after_abort=0, reads_after_clear=0, search_elapsed_ns=1361102100, other_after_abort=0, writes_after_generation=0, abort_ms=1361, after_resize=0, other_after_clear=0, after_generation=0, tt_writes=496301, reads_after_generation=0, search=676, helper=3, writes_after_clear=0, writes_after_resize=0, bestmove_ms=1361, tt_other=1, event=exit, start_ms=0, completed_depth=13, submit_ms=0, after_abort=0, after_clear=0, reads_after_resize=0, helper_elapsed_ns=1361047800, writes_after_abort=0, helper_nodes=498729, bestmove=b3c2, other_after_resize=0, exit_cause=helper-abort, tt_reads=781223, other_after_generation=0, exit_ms=1361}"
"measured","7","8","2","678","1","helper-abort","13","b3c2","812065","2192304900","370416.086","1215986","807904","1","0","0","0","0","0","0","0","0","0","0","0","0","0","0","0","0","{exception=-, reads_after_abort=0, reads_after_clear=0, search_elapsed_ns=2192344000, other_after_abort=0, writes_after_generation=0, abort_ms=2192, after_resize=0, other_after_clear=0, after_generation=0, tt_writes=807904, reads_after_generation=0, search=678, helper=1, writes_after_clear=0, writes_after_resize=0, bestmove_ms=2192, tt_other=1, event=exit, start_ms=0, completed_depth=13, submit_ms=0, after_abort=0, after_clear=0, reads_after_resize=0, helper_elapsed_ns=2192304900, writes_after_abort=0, helper_nodes=812065, bestmove=b3c2, other_after_resize=0, exit_cause=helper-abort, tt_reads=1215986, other_after_generation=0, exit_ms=2192}"
"measured","7","9","2","680","1","helper-abort","13","c6g6","180800","349570600","517205.966","271961","179621","1","0","0","0","0","0","0","0","0","0","0","0","0","0","0","0","0","{exception=-, reads_after_abort=0, reads_after_clear=0, search_elapsed_ns=349605800, other_after_abort=0, writes_after_generation=0, abort_ms=349, after_resize=0, other_after_clear=0, after_generation=0, tt_writes=179621, reads_after_generation=0, search=680, helper=1, writes_after_clear=0, writes_after_resize=0, bestmove_ms=349, tt_other=1, event=exit, start_ms=0, completed_depth=13, submit_ms=0, after_abort=0, after_clear=0, reads_after_resize=0, helper_elapsed_ns=349570600, writes_after_abort=0, helper_nodes=180800, bestmove=c6g6, other_after_resize=0, exit_cause=helper-abort, tt_reads=271961, other_after_generation=0, exit_ms=349}"
"measured","7","9","4","681","2","helper-abort","13","c6g6","120613","234733300","513829.951","205086","119438","1","0","0","0","0","0","0","0","0","0","0","0","0","0","0","0","0","{exception=-, reads_after_abort=0, reads_after_clear=0, search_elapsed_ns=234772300, other_after_abort=0, writes_after_generation=0, abort_ms=234, after_resize=0, other_after_clear=0, after_generation=0, tt_writes=119438, reads_after_generation=0, search=681, helper=2, writes_after_clear=0, writes_after_resize=0, bestmove_ms=234, tt_other=1, event=exit, start_ms=0, completed_depth=13, submit_ms=0, after_abort=0, after_clear=0, reads_after_resize=0, helper_elapsed_ns=234733300, writes_after_abort=0, helper_nodes=120613, bestmove=c6g6, other_after_resize=0, exit_cause=helper-abort, tt_reads=205086, other_after_generation=0, exit_ms=234}"
"measured","7","9","4","681","1","helper-abort","13","c6g6","119580","234740500","509413.586","205270","118511","1","0","0","0","0","0","0","0","0","0","0","0","0","0","0","0","0","{exception=-, reads_after_abort=0, reads_after_clear=0, search_elapsed_ns=234772300, other_after_abort=0, writes_after_generation=0, abort_ms=234, after_resize=0, other_after_clear=0, after_generation=0, tt_writes=118511, reads_after_generation=0, search=681, helper=1, writes_after_clear=0, writes_after_resize=0, bestmove_ms=234, tt_other=1, event=exit, start_ms=0, completed_depth=13, submit_ms=0, after_abort=0, after_clear=0, reads_after_resize=0, helper_elapsed_ns=234740500, writes_after_abort=0, helper_nodes=119580, bestmove=c6g6, other_after_resize=0, exit_cause=helper-abort, tt_reads=205270, other_after_generation=0, exit_ms=234}"
"measured","7","9","4","681","3","helper-abort","13","c6g6","120061","234726600","511492.945","209309","118983","1","0","0","0","0","0","0","0","0","0","0","0","0","0","0","0","0","{exception=-, reads_after_abort=0, reads_after_clear=0, search_elapsed_ns=234772300, other_after_abort=0, writes_after_generation=0, abort_ms=234, after_resize=0, other_after_clear=0, after_generation=0, tt_writes=118983, reads_after_generation=0, search=681, helper=3, writes_after_clear=0, writes_after_resize=0, bestmove_ms=234, tt_other=1, event=exit, start_ms=0, completed_depth=13, submit_ms=0, after_abort=0, after_clear=0, reads_after_resize=0, helper_elapsed_ns=234726600, writes_after_abort=0, helper_nodes=120061, bestmove=c6g6, other_after_resize=0, exit_cause=helper-abort, tt_reads=209309, other_after_generation=0, exit_ms=234}"
"measured","7","10","2","682","1","helper-abort","13","a7a6","646917","1915668000","337697.868","817541","643574","1","0","0","0","0","0","0","0","0","0","0","0","0","0","0","0","0","{exception=-, reads_after_abort=0, reads_after_clear=0, search_elapsed_ns=1915717800, other_after_abort=0, writes_after_generation=0, abort_ms=1915, after_resize=0, other_after_clear=0, after_generation=0, tt_writes=643574, reads_after_generation=0, search=682, helper=1, writes_after_clear=0, writes_after_resize=0, bestmove_ms=1915, tt_other=1, event=exit, start_ms=0, completed_depth=13, submit_ms=0, after_abort=0, after_clear=0, reads_after_resize=0, helper_elapsed_ns=1915668000, writes_after_abort=0, helper_nodes=646917, bestmove=a7a6, other_after_resize=0, exit_cause=helper-abort, tt_reads=817541, other_after_generation=0, exit_ms=1915}"
"measured","7","10","4","683","3","helper-abort","13","c8d7","597703","1807003600","330770.232","789531","594663","1","0","0","0","0","0","0","0","0","0","0","0","0","0","0","0","0","{exception=-, reads_after_abort=0, reads_after_clear=0, search_elapsed_ns=1807046200, other_after_abort=0, writes_after_generation=0, abort_ms=1807, after_resize=0, other_after_clear=0, after_generation=0, tt_writes=594663, reads_after_generation=0, search=683, helper=3, writes_after_clear=0, writes_after_resize=0, bestmove_ms=1807, tt_other=1, event=exit, start_ms=0, completed_depth=13, submit_ms=0, after_abort=0, after_clear=0, reads_after_resize=0, helper_elapsed_ns=1807003600, writes_after_abort=0, helper_nodes=597703, bestmove=c8d7, other_after_resize=0, exit_cause=helper-abort, tt_reads=789531, other_after_generation=0, exit_ms=1807}"
"measured","7","10","4","683","1","helper-abort","13","c8d7","598331","1807012200","331116.193","774935","595037","1","0","0","0","0","0","0","0","0","0","0","0","0","0","0","0","0","{exception=-, reads_after_abort=0, reads_after_clear=0, search_elapsed_ns=1807046200, other_after_abort=0, writes_after_generation=0, abort_ms=1807, after_resize=0, other_after_clear=0, after_generation=0, tt_writes=595037, reads_after_generation=0, search=683, helper=1, writes_after_clear=0, writes_after_resize=0, bestmove_ms=1807, tt_other=1, event=exit, start_ms=0, completed_depth=13, submit_ms=0, after_abort=0, after_clear=0, reads_after_resize=0, helper_elapsed_ns=1807012200, writes_after_abort=0, helper_nodes=598331, bestmove=c8d7, other_after_resize=0, exit_cause=helper-abort, tt_reads=774935, other_after_generation=0, exit_ms=1807}"
"measured","7","10","4","683","2","helper-abort","12","c8d7","577382","1807010200","319523.376","755258","574169","1","0","0","0","0","0","0","0","0","0","0","0","0","0","0","0","0","{exception=-, reads_after_abort=0, reads_after_clear=0, search_elapsed_ns=1807048500, other_after_abort=0, writes_after_generation=0, abort_ms=1807, after_resize=0, other_after_clear=0, after_generation=0, tt_writes=574169, reads_after_generation=0, search=683, helper=2, writes_after_clear=0, writes_after_resize=0, bestmove_ms=1807, tt_other=1, event=exit, start_ms=0, completed_depth=12, submit_ms=0, after_abort=0, after_clear=0, reads_after_resize=0, helper_elapsed_ns=1807010200, writes_after_abort=0, helper_nodes=577382, bestmove=c8d7, other_after_resize=0, exit_cause=helper-abort, tt_reads=755258, other_after_generation=0, exit_ms=1807}"
"measured","7","11","4","685","3","helper-abort","13","e4f3","117804","162536300","724785.786","208678","114793","1","0","0","0","0","0","0","0","0","0","0","0","0","0","0","0","0","{exception=-, reads_after_abort=0, reads_after_clear=0, search_elapsed_ns=162591400, other_after_abort=0, writes_after_generation=0, abort_ms=162, after_resize=0, other_after_clear=0, after_generation=0, tt_writes=114793, reads_after_generation=0, search=685, helper=3, writes_after_clear=0, writes_after_resize=0, bestmove_ms=162, tt_other=1, event=exit, start_ms=0, completed_depth=13, submit_ms=0, after_abort=0, after_clear=0, reads_after_resize=0, helper_elapsed_ns=162536300, writes_after_abort=0, helper_nodes=117804, bestmove=e4f3, other_after_resize=0, exit_cause=helper-abort, tt_reads=208678, other_after_generation=0, exit_ms=162}"
"measured","7","11","4","685","2","helper-abort","13","e4f3","113907","162549700","700751.832","206024","111244","1","0","0","0","0","0","0","0","0","0","0","0","0","0","0","0","0","{exception=-, reads_after_abort=0, reads_after_clear=0, search_elapsed_ns=162591500, other_after_abort=0, writes_after_generation=0, abort_ms=162, after_resize=0, other_after_clear=0, after_generation=0, tt_writes=111244, reads_after_generation=0, search=685, helper=2, writes_after_clear=0, writes_after_resize=0, bestmove_ms=162, tt_other=1, event=exit, start_ms=0, completed_depth=13, submit_ms=0, after_abort=0, after_clear=0, reads_after_resize=0, helper_elapsed_ns=162549700, writes_after_abort=0, helper_nodes=113907, bestmove=e4f3, other_after_resize=0, exit_cause=helper-abort, tt_reads=206024, other_after_generation=0, exit_ms=162}"
"measured","7","11","4","685","1","helper-abort","13","e4f3","113421","162549700","697761.977","205717","110762","1","0","0","0","0","0","0","0","0","0","0","0","0","0","0","0","0","{exception=-, reads_after_abort=0, reads_after_clear=0, search_elapsed_ns=162591500, other_after_abort=0, writes_after_generation=0, abort_ms=162, after_resize=0, other_after_clear=0, after_generation=0, tt_writes=110762, reads_after_generation=0, search=685, helper=1, writes_after_clear=0, writes_after_resize=0, bestmove_ms=162, tt_other=1, event=exit, start_ms=0, completed_depth=13, submit_ms=0, after_abort=0, after_clear=0, reads_after_resize=0, helper_elapsed_ns=162549700, writes_after_abort=0, helper_nodes=113421, bestmove=e4f3, other_after_resize=0, exit_cause=helper-abort, tt_reads=205717, other_after_generation=0, exit_ms=162}"
"measured","7","11","2","687","1","helper-abort","13","e4f3","87203","114396100","762289.973","159375","84453","1","0","0","0","0","0","0","0","0","0","0","0","0","0","0","0","0","{exception=-, reads_after_abort=0, reads_after_clear=0, search_elapsed_ns=114456200, other_after_abort=0, writes_after_generation=0, abort_ms=114, after_resize=0, other_after_clear=0, after_generation=0, tt_writes=84453, reads_after_generation=0, search=687, helper=1, writes_after_clear=0, writes_after_resize=0, bestmove_ms=114, tt_other=1, event=exit, start_ms=0, completed_depth=13, submit_ms=0, after_abort=0, after_clear=0, reads_after_resize=0, helper_elapsed_ns=114396100, writes_after_abort=0, helper_nodes=87203, bestmove=e4f3, other_after_resize=0, exit_cause=helper-abort, tt_reads=159375, other_after_generation=0, exit_ms=114}"
"measured","7","12","2","689","1","helper-abort","13","g6f5","18181","19286400","942685.001","35743","17908","1","0","0","0","0","0","0","0","0","0","0","0","0","0","0","0","0","{exception=-, reads_after_abort=0, reads_after_clear=0, search_elapsed_ns=19315800, other_after_abort=0, writes_after_generation=0, abort_ms=19, after_resize=0, other_after_clear=0, after_generation=0, tt_writes=17908, reads_after_generation=0, search=689, helper=1, writes_after_clear=0, writes_after_resize=0, bestmove_ms=19, tt_other=1, event=exit, start_ms=0, completed_depth=13, submit_ms=0, after_abort=0, after_clear=0, reads_after_resize=0, helper_elapsed_ns=19286400, writes_after_abort=0, helper_nodes=18181, bestmove=g6f5, other_after_resize=0, exit_cause=helper-abort, tt_reads=35743, other_after_generation=0, exit_ms=19}"
"measured","7","12","4","690","2","helper-abort","13","g6f5","16149","19154000","843113.710","30970","15757","1","2","0","0","0","0","2","0","0","0","0","0","0","0","0","0","0","{exception=-, reads_after_abort=0, reads_after_clear=0, search_elapsed_ns=19181300, other_after_abort=0, writes_after_generation=0, abort_ms=19, after_resize=0, other_after_clear=0, after_generation=0, tt_writes=15757, reads_after_generation=0, search=690, helper=2, writes_after_clear=0, writes_after_resize=0, bestmove_ms=19, tt_other=1, event=exit, start_ms=0, completed_depth=13, submit_ms=0, after_abort=2, after_clear=0, reads_after_resize=0, helper_elapsed_ns=19154000, writes_after_abort=2, helper_nodes=16149, bestmove=g6f5, other_after_resize=0, exit_cause=helper-abort, tt_reads=30970, other_after_generation=0, exit_ms=19}"
"measured","7","12","4","690","1","helper-abort","13","g6f5","18116","19155000","945758.288","34439","17740","1","0","0","0","0","0","0","0","0","0","0","0","0","0","0","0","0","{exception=-, reads_after_abort=0, reads_after_clear=0, search_elapsed_ns=19181300, other_after_abort=0, writes_after_generation=0, abort_ms=19, after_resize=0, other_after_clear=0, after_generation=0, tt_writes=17740, reads_after_generation=0, search=690, helper=1, writes_after_clear=0, writes_after_resize=0, bestmove_ms=19, tt_other=1, event=exit, start_ms=0, completed_depth=13, submit_ms=0, after_abort=0, after_clear=0, reads_after_resize=0, helper_elapsed_ns=19155000, writes_after_abort=0, helper_nodes=18116, bestmove=g6f5, other_after_resize=0, exit_cause=helper-abort, tt_reads=34439, other_after_generation=0, exit_ms=19}"
"measured","7","12","4","690","3","helper-abort","13","g6f5","18513","19147900","966842.317","35165","18121","1","0","0","0","0","0","0","0","0","0","0","0","0","0","0","0","0","{exception=-, reads_after_abort=0, reads_after_clear=0, search_elapsed_ns=19181300, other_after_abort=0, writes_after_generation=0, abort_ms=19, after_resize=0, other_after_clear=0, after_generation=0, tt_writes=18121, reads_after_generation=0, search=690, helper=3, writes_after_clear=0, writes_after_resize=0, bestmove_ms=19, tt_other=1, event=exit, start_ms=0, completed_depth=13, submit_ms=0, after_abort=0, after_clear=0, reads_after_resize=0, helper_elapsed_ns=19147900, writes_after_abort=0, helper_nodes=18513, bestmove=g6f5, other_after_resize=0, exit_cause=helper-abort, tt_reads=35165, other_after_generation=0, exit_ms=19}"
"measured","7","13","2","691","1","helper-abort","13","b4f4","93205","163715100","569312.177","148801","92188","1","0","0","0","0","0","0","0","0","0","0","0","0","0","0","0","0","{exception=-, reads_after_abort=0, reads_after_clear=0, search_elapsed_ns=163745400, other_after_abort=0, writes_after_generation=0, abort_ms=163, after_resize=0, other_after_clear=0, after_generation=0, tt_writes=92188, reads_after_generation=0, search=691, helper=1, writes_after_clear=0, writes_after_resize=0, bestmove_ms=163, tt_other=1, event=exit, start_ms=0, completed_depth=13, submit_ms=0, after_abort=0, after_clear=0, reads_after_resize=0, helper_elapsed_ns=163715100, writes_after_abort=0, helper_nodes=93205, bestmove=b4f4, other_after_resize=0, exit_cause=helper-abort, tt_reads=148801, other_after_generation=0, exit_ms=163}"
"measured","7","13","4","692","3","helper-abort","13","b4f4","71311","127788600","558038.823","125942","70719","1","0","0","0","0","0","0","0","0","0","0","0","0","0","0","0","0","{exception=-, reads_after_abort=0, reads_after_clear=0, search_elapsed_ns=127822200, other_after_abort=0, writes_after_generation=0, abort_ms=127, after_resize=0, other_after_clear=0, after_generation=0, tt_writes=70719, reads_after_generation=0, search=692, helper=3, writes_after_clear=0, writes_after_resize=0, bestmove_ms=127, tt_other=1, event=exit, start_ms=0, completed_depth=13, submit_ms=0, after_abort=0, after_clear=0, reads_after_resize=0, helper_elapsed_ns=127788600, writes_after_abort=0, helper_nodes=71311, bestmove=b4f4, other_after_resize=0, exit_cause=helper-abort, tt_reads=125942, other_after_generation=0, exit_ms=127}"
"measured","7","13","4","692","2","helper-abort","12","b4f4","71506","127793700","559542.450","127850","70914","1","0","0","0","0","0","0","0","0","0","0","0","0","0","0","0","0","{exception=-, reads_after_abort=0, reads_after_clear=0, search_elapsed_ns=127824200, other_after_abort=0, writes_after_generation=0, abort_ms=127, after_resize=0, other_after_clear=0, after_generation=0, tt_writes=70914, reads_after_generation=0, search=692, helper=2, writes_after_clear=0, writes_after_resize=0, bestmove_ms=127, tt_other=1, event=exit, start_ms=0, completed_depth=12, submit_ms=0, after_abort=0, after_clear=0, reads_after_resize=0, helper_elapsed_ns=127793700, writes_after_abort=0, helper_nodes=71506, bestmove=b4f4, other_after_resize=0, exit_cause=helper-abort, tt_reads=127850, other_after_generation=0, exit_ms=127}"
"measured","7","13","4","692","1","helper-abort","12","b4f4","73141","127794300","572333.821","116714","72352","1","0","0","0","0","0","0","0","0","0","0","0","0","0","0","0","0","{exception=-, reads_after_abort=0, reads_after_clear=0, search_elapsed_ns=127822500, other_after_abort=0, writes_after_generation=0, abort_ms=127, after_resize=0, other_after_clear=0, after_generation=0, tt_writes=72352, reads_after_generation=0, search=692, helper=1, writes_after_clear=0, writes_after_resize=0, bestmove_ms=127, tt_other=1, event=exit, start_ms=0, completed_depth=12, submit_ms=0, after_abort=0, after_clear=0, reads_after_resize=0, helper_elapsed_ns=127794300, writes_after_abort=0, helper_nodes=73141, bestmove=b4f4, other_after_resize=0, exit_cause=helper-abort, tt_reads=116714, other_after_generation=0, exit_ms=127}"
"measured","7","14","4","694","3","helper-abort","13","a2a4","887869","3210293200","276569.442","1213795","882965","1","0","0","0","0","0","0","0","0","0","0","0","0","0","0","0","0","{exception=-, reads_after_abort=0, reads_after_clear=0, search_elapsed_ns=3210344400, other_after_abort=0, writes_after_generation=0, abort_ms=3210, after_resize=0, other_after_clear=0, after_generation=0, tt_writes=882965, reads_after_generation=0, search=694, helper=3, writes_after_clear=0, writes_after_resize=0, bestmove_ms=3210, tt_other=1, event=exit, start_ms=0, completed_depth=13, submit_ms=0, after_abort=0, after_clear=0, reads_after_resize=0, helper_elapsed_ns=3210293200, writes_after_abort=0, helper_nodes=887869, bestmove=a2a4, other_after_resize=0, exit_cause=helper-abort, tt_reads=1213795, other_after_generation=0, exit_ms=3210}"
"measured","7","14","4","694","2","helper-abort","13","a2a4","867060","3210308400","270086.201","1161353","861878","1","0","0","0","0","0","0","0","0","0","0","0","0","0","0","0","0","{exception=-, reads_after_abort=0, reads_after_clear=0, search_elapsed_ns=3210344400, other_after_abort=0, writes_after_generation=0, abort_ms=3210, after_resize=0, other_after_clear=0, after_generation=0, tt_writes=861878, reads_after_generation=0, search=694, helper=2, writes_after_clear=0, writes_after_resize=0, bestmove_ms=3210, tt_other=1, event=exit, start_ms=0, completed_depth=13, submit_ms=0, after_abort=0, after_clear=0, reads_after_resize=0, helper_elapsed_ns=3210308400, writes_after_abort=0, helper_nodes=867060, bestmove=a2a4, other_after_resize=0, exit_cause=helper-abort, tt_reads=1161353, other_after_generation=0, exit_ms=3210}"
"measured","7","14","4","694","1","helper-abort","12","a1c1","865769","3210363200","269679.456","1200683","860490","1","0","0","0","0","0","0","0","0","0","0","0","0","0","0","0","0","{exception=-, reads_after_abort=0, reads_after_clear=0, search_elapsed_ns=3210397600, other_after_abort=0, writes_after_generation=0, abort_ms=3210, after_resize=0, other_after_clear=0, after_generation=0, tt_writes=860490, reads_after_generation=0, search=694, helper=1, writes_after_clear=0, writes_after_resize=0, bestmove_ms=3210, tt_other=1, event=exit, start_ms=0, completed_depth=12, submit_ms=0, after_abort=0, after_clear=0, reads_after_resize=0, helper_elapsed_ns=3210363200, writes_after_abort=0, helper_nodes=865769, bestmove=a1c1, other_after_resize=0, exit_cause=helper-abort, tt_reads=1200683, other_after_generation=0, exit_ms=3210}"
"measured","7","14","2","696","1","helper-abort","13","a2a4","983789","3711936000","265033.934","1276192","978161","1","0","0","0","0","0","0","0","0","0","0","0","0","0","0","0","0","{exception=-, reads_after_abort=0, reads_after_clear=0, search_elapsed_ns=3711990500, other_after_abort=0, writes_after_generation=0, abort_ms=3711, after_resize=0, other_after_clear=0, after_generation=0, tt_writes=978161, reads_after_generation=0, search=696, helper=1, writes_after_clear=0, writes_after_resize=0, bestmove_ms=3711, tt_other=1, event=exit, start_ms=0, completed_depth=13, submit_ms=0, after_abort=0, after_clear=0, reads_after_resize=0, helper_elapsed_ns=3711936000, writes_after_abort=0, helper_nodes=983789, bestmove=a2a4, other_after_resize=0, exit_cause=helper-abort, tt_reads=1276192, other_after_generation=0, exit_ms=3711}"
"measured","7","15","2","698","1","helper-abort","13","c3d5","769310","2895350100","265705.346","1136980","766198","1","0","0","0","0","0","0","0","0","0","0","0","0","0","0","0","0","{exception=-, reads_after_abort=0, reads_after_clear=0, search_elapsed_ns=2895389800, other_after_abort=0, writes_after_generation=0, abort_ms=2895, after_resize=0, other_after_clear=0, after_generation=0, tt_writes=766198, reads_after_generation=0, search=698, helper=1, writes_after_clear=0, writes_after_resize=0, bestmove_ms=2895, tt_other=1, event=exit, start_ms=0, completed_depth=13, submit_ms=0, after_abort=0, after_clear=0, reads_after_resize=0, helper_elapsed_ns=2895350100, writes_after_abort=0, helper_nodes=769310, bestmove=c3d5, other_after_resize=0, exit_cause=helper-abort, tt_reads=1136980, other_after_generation=0, exit_ms=2895}"
"measured","7","15","4","699","3","helper-abort","12","c3d5","409356","1369057500","299005.703","697284","407230","1","0","0","0","0","0","0","0","0","0","0","0","0","0","0","0","0","{exception=-, reads_after_abort=0, reads_after_clear=0, search_elapsed_ns=1369116900, other_after_abort=0, writes_after_generation=0, abort_ms=1369, after_resize=0, other_after_clear=0, after_generation=0, tt_writes=407230, reads_after_generation=0, search=699, helper=3, writes_after_clear=0, writes_after_resize=0, bestmove_ms=1369, tt_other=1, event=exit, start_ms=0, completed_depth=12, submit_ms=0, after_abort=0, after_clear=0, reads_after_resize=0, helper_elapsed_ns=1369057500, writes_after_abort=0, helper_nodes=409356, bestmove=c3d5, other_after_resize=0, exit_cause=helper-abort, tt_reads=697284, other_after_generation=0, exit_ms=1369}"
"measured","7","15","4","699","2","helper-abort","13","c3d5","393639","1369065800","287523.799","717333","391216","1","0","0","0","0","0","0","0","0","0","0","0","0","0","0","0","0","{exception=-, reads_after_abort=0, reads_after_clear=0, search_elapsed_ns=1369115600, other_after_abort=0, writes_after_generation=0, abort_ms=1369, after_resize=0, other_after_clear=0, after_generation=0, tt_writes=391216, reads_after_generation=0, search=699, helper=2, writes_after_clear=0, writes_after_resize=0, bestmove_ms=1369, tt_other=1, event=exit, start_ms=0, completed_depth=13, submit_ms=0, after_abort=0, after_clear=0, reads_after_resize=0, helper_elapsed_ns=1369065800, writes_after_abort=0, helper_nodes=393639, bestmove=c3d5, other_after_resize=0, exit_cause=helper-abort, tt_reads=717333, other_after_generation=0, exit_ms=1369}"
"measured","7","15","4","699","1","helper-abort","13","c3d5","385495","1369072000","281573.942","706579","383136","1","0","0","0","0","0","0","0","0","0","0","0","0","0","0","0","0","{exception=-, reads_after_abort=0, reads_after_clear=0, search_elapsed_ns=1369115100, other_after_abort=0, writes_after_generation=0, abort_ms=1369, after_resize=0, other_after_clear=0, after_generation=0, tt_writes=383136, reads_after_generation=0, search=699, helper=1, writes_after_clear=0, writes_after_resize=0, bestmove_ms=1369, tt_other=1, event=exit, start_ms=0, completed_depth=13, submit_ms=0, after_abort=0, after_clear=0, reads_after_resize=0, helper_elapsed_ns=1369072000, writes_after_abort=0, helper_nodes=385495, bestmove=c3d5, other_after_resize=0, exit_cause=helper-abort, tt_reads=706579, other_after_generation=0, exit_ms=1369}"
"measured","7","16","2","700","1","helper-abort","13","f6e4","743994","2178642100","341494.365","1006276","740211","1","0","0","0","0","0","0","0","0","0","0","0","0","0","0","0","0","{exception=-, reads_after_abort=0, reads_after_clear=0, search_elapsed_ns=2178678000, other_after_abort=0, writes_after_generation=0, abort_ms=2178, after_resize=0, other_after_clear=0, after_generation=0, tt_writes=740211, reads_after_generation=0, search=700, helper=1, writes_after_clear=0, writes_after_resize=0, bestmove_ms=2178, tt_other=1, event=exit, start_ms=0, completed_depth=13, submit_ms=0, after_abort=0, after_clear=0, reads_after_resize=0, helper_elapsed_ns=2178642100, writes_after_abort=0, helper_nodes=743994, bestmove=f6e4, other_after_resize=0, exit_cause=helper-abort, tt_reads=1006276, other_after_generation=0, exit_ms=2178}"
"measured","7","16","4","701","1","helper-abort","13","f6e4","554006","1867820800","296605.542","750349","550834","1","0","0","0","0","0","0","0","0","0","0","0","0","0","0","0","0","{exception=-, reads_after_abort=0, reads_after_clear=0, search_elapsed_ns=1867854900, other_after_abort=0, writes_after_generation=0, abort_ms=1867, after_resize=0, other_after_clear=0, after_generation=0, tt_writes=550834, reads_after_generation=0, search=701, helper=1, writes_after_clear=0, writes_after_resize=0, bestmove_ms=1867, tt_other=1, event=exit, start_ms=0, completed_depth=13, submit_ms=0, after_abort=0, after_clear=0, reads_after_resize=0, helper_elapsed_ns=1867820800, writes_after_abort=0, helper_nodes=554006, bestmove=f6e4, other_after_resize=0, exit_cause=helper-abort, tt_reads=750349, other_after_generation=0, exit_ms=1867}"
"measured","7","16","4","701","2","helper-abort","13","f6e4","574786","1867818400","307731.201","757543","572193","1","0","0","0","0","0","0","0","0","0","0","0","0","0","0","0","0","{exception=-, reads_after_abort=0, reads_after_clear=0, search_elapsed_ns=1867855000, other_after_abort=0, writes_after_generation=0, abort_ms=1867, after_resize=0, other_after_clear=0, after_generation=0, tt_writes=572193, reads_after_generation=0, search=701, helper=2, writes_after_clear=0, writes_after_resize=0, bestmove_ms=1867, tt_other=1, event=exit, start_ms=0, completed_depth=13, submit_ms=0, after_abort=0, after_clear=0, reads_after_resize=0, helper_elapsed_ns=1867818400, writes_after_abort=0, helper_nodes=574786, bestmove=f6e4, other_after_resize=0, exit_cause=helper-abort, tt_reads=757543, other_after_generation=0, exit_ms=1867}"
"measured","7","16","4","701","3","helper-abort","13","f6e4","546598","1867814500","292640.409","756137","543746","1","0","0","0","0","0","0","0","0","0","0","0","0","0","0","0","0","{exception=-, reads_after_abort=0, reads_after_clear=0, search_elapsed_ns=1867854900, other_after_abort=0, writes_after_generation=0, abort_ms=1867, after_resize=0, other_after_clear=0, after_generation=0, tt_writes=543746, reads_after_generation=0, search=701, helper=3, writes_after_clear=0, writes_after_resize=0, bestmove_ms=1867, tt_other=1, event=exit, start_ms=0, completed_depth=13, submit_ms=0, after_abort=0, after_clear=0, reads_after_resize=0, helper_elapsed_ns=1867814500, writes_after_abort=0, helper_nodes=546598, bestmove=f6e4, other_after_resize=0, exit_cause=helper-abort, tt_reads=756137, other_after_generation=0, exit_ms=1867}"
"measured","7","17","4","703","1","helper-abort","12","a6a5","475876","1614384200","294772.459","707506","472647","1","1","0","0","0","0","1","0","0","0","0","0","0","0","0","0","0","{exception=-, reads_after_abort=0, reads_after_clear=0, search_elapsed_ns=1614429500, other_after_abort=0, writes_after_generation=0, abort_ms=1614, after_resize=0, other_after_clear=0, after_generation=0, tt_writes=472647, reads_after_generation=0, search=703, helper=1, writes_after_clear=0, writes_after_resize=0, bestmove_ms=1614, tt_other=1, event=exit, start_ms=0, completed_depth=12, submit_ms=0, after_abort=1, after_clear=0, reads_after_resize=0, helper_elapsed_ns=1614384200, writes_after_abort=1, helper_nodes=475876, bestmove=a6a5, other_after_resize=0, exit_cause=helper-abort, tt_reads=707506, other_after_generation=0, exit_ms=1614}"
"measured","7","17","4","703","2","helper-abort","13","a6a5","479062","1614384100","296745.985","700463","475560","1","0","0","0","0","0","0","0","0","0","0","0","0","0","0","0","0","{exception=-, reads_after_abort=0, reads_after_clear=0, search_elapsed_ns=1614429400, other_after_abort=0, writes_after_generation=0, abort_ms=1614, after_resize=0, other_after_clear=0, after_generation=0, tt_writes=475560, reads_after_generation=0, search=703, helper=2, writes_after_clear=0, writes_after_resize=0, bestmove_ms=1614, tt_other=1, event=exit, start_ms=0, completed_depth=13, submit_ms=0, after_abort=0, after_clear=0, reads_after_resize=0, helper_elapsed_ns=1614384100, writes_after_abort=0, helper_nodes=479062, bestmove=a6a5, other_after_resize=0, exit_cause=helper-abort, tt_reads=700463, other_after_generation=0, exit_ms=1614}"
"measured","7","17","4","703","3","helper-abort","12","a6a5","504100","1614375900","312256.891","689851","501244","1","0","0","0","0","0","0","0","0","0","0","0","0","0","0","0","0","{exception=-, reads_after_abort=0, reads_after_clear=0, search_elapsed_ns=1614429800, other_after_abort=0, writes_after_generation=0, abort_ms=1614, after_resize=0, other_after_clear=0, after_generation=0, tt_writes=501244, reads_after_generation=0, search=703, helper=3, writes_after_clear=0, writes_after_resize=0, bestmove_ms=1614, tt_other=1, event=exit, start_ms=0, completed_depth=12, submit_ms=0, after_abort=0, after_clear=0, reads_after_resize=0, helper_elapsed_ns=1614375900, writes_after_abort=0, helper_nodes=504100, bestmove=a6a5, other_after_resize=0, exit_cause=helper-abort, tt_reads=689851, other_after_generation=0, exit_ms=1614}"
"measured","7","17","2","705","1","helper-abort","13","a6a5","325751","993843700","327768.843","500390","323439","1","0","0","0","0","0","0","0","0","0","0","0","0","0","0","0","0","{exception=-, reads_after_abort=0, reads_after_clear=0, search_elapsed_ns=993879400, other_after_abort=0, writes_after_generation=0, abort_ms=993, after_resize=0, other_after_clear=0, after_generation=0, tt_writes=323439, reads_after_generation=0, search=705, helper=1, writes_after_clear=0, writes_after_resize=0, bestmove_ms=993, tt_other=1, event=exit, start_ms=0, completed_depth=13, submit_ms=0, after_abort=0, after_clear=0, reads_after_resize=0, helper_elapsed_ns=993843700, writes_after_abort=0, helper_nodes=325751, bestmove=a6a5, other_after_resize=0, exit_cause=helper-abort, tt_reads=500390, other_after_generation=0, exit_ms=993}"
"measured","7","18","2","707","1","helper-abort","13","g1f3","911754","2984873600","305458.161","1226348","908911","1","0","0","0","0","0","0","0","0","0","0","0","0","0","0","0","0","{exception=-, reads_after_abort=0, reads_after_clear=0, search_elapsed_ns=2984920100, other_after_abort=0, writes_after_generation=0, abort_ms=2984, after_resize=0, other_after_clear=0, after_generation=0, tt_writes=908911, reads_after_generation=0, search=707, helper=1, writes_after_clear=0, writes_after_resize=0, bestmove_ms=2984, tt_other=1, event=exit, start_ms=0, completed_depth=13, submit_ms=0, after_abort=0, after_clear=0, reads_after_resize=0, helper_elapsed_ns=2984873600, writes_after_abort=0, helper_nodes=911754, bestmove=g1f3, other_after_resize=0, exit_cause=helper-abort, tt_reads=1226348, other_after_generation=0, exit_ms=2984}"
"measured","7","18","4","708","1","helper-abort","13","e2e3","482338","1475895800","326810.334","718307","480578","1","0","0","0","0","0","0","0","0","0","0","0","0","0","0","0","0","{exception=-, reads_after_abort=0, reads_after_clear=0, search_elapsed_ns=1475935800, other_after_abort=0, writes_after_generation=0, abort_ms=1475, after_resize=0, other_after_clear=0, after_generation=0, tt_writes=480578, reads_after_generation=0, search=708, helper=1, writes_after_clear=0, writes_after_resize=0, bestmove_ms=1475, tt_other=1, event=exit, start_ms=0, completed_depth=13, submit_ms=0, after_abort=0, after_clear=0, reads_after_resize=0, helper_elapsed_ns=1475895800, writes_after_abort=0, helper_nodes=482338, bestmove=e2e3, other_after_resize=0, exit_cause=helper-abort, tt_reads=718307, other_after_generation=0, exit_ms=1475}"
"measured","7","18","4","708","3","helper-abort","13","e2e3","462544","1475887400","313400.602","725145","460579","1","0","0","0","0","0","0","0","0","0","0","0","0","0","0","0","0","{exception=-, reads_after_abort=0, reads_after_clear=0, search_elapsed_ns=1475935800, other_after_abort=0, writes_after_generation=0, abort_ms=1475, after_resize=0, other_after_clear=0, after_generation=0, tt_writes=460579, reads_after_generation=0, search=708, helper=3, writes_after_clear=0, writes_after_resize=0, bestmove_ms=1475, tt_other=1, event=exit, start_ms=0, completed_depth=13, submit_ms=0, after_abort=0, after_clear=0, reads_after_resize=0, helper_elapsed_ns=1475887400, writes_after_abort=0, helper_nodes=462544, bestmove=e2e3, other_after_resize=0, exit_cause=helper-abort, tt_reads=725145, other_after_generation=0, exit_ms=1475}"
"measured","7","18","4","708","2","helper-abort","13","e2e3","480264","1475895700","325405.108","728355","478421","1","0","0","0","0","0","0","0","0","0","0","0","0","0","0","0","0","{exception=-, reads_after_abort=0, reads_after_clear=0, search_elapsed_ns=1475935800, other_after_abort=0, writes_after_generation=0, abort_ms=1475, after_resize=0, other_after_clear=0, after_generation=0, tt_writes=478421, reads_after_generation=0, search=708, helper=2, writes_after_clear=0, writes_after_resize=0, bestmove_ms=1475, tt_other=1, event=exit, start_ms=0, completed_depth=13, submit_ms=0, after_abort=0, after_clear=0, reads_after_resize=0, helper_elapsed_ns=1475895700, writes_after_abort=0, helper_nodes=480264, bestmove=e2e3, other_after_resize=0, exit_cause=helper-abort, tt_reads=728355, other_after_generation=0, exit_ms=1475}"
"measured","7","19","2","709","1","helper-abort","13","a5c3","263565","646343000","407778.842","423750","260454","1","1","0","0","0","0","1","0","0","0","0","0","0","0","0","0","0","{exception=-, reads_after_abort=0, reads_after_clear=0, search_elapsed_ns=646369000, other_after_abort=0, writes_after_generation=0, abort_ms=646, after_resize=0, other_after_clear=0, after_generation=0, tt_writes=260454, reads_after_generation=0, search=709, helper=1, writes_after_clear=0, writes_after_resize=0, bestmove_ms=646, tt_other=1, event=exit, start_ms=0, completed_depth=13, submit_ms=0, after_abort=1, after_clear=0, reads_after_resize=0, helper_elapsed_ns=646343000, writes_after_abort=1, helper_nodes=263565, bestmove=a5c3, other_after_resize=0, exit_cause=helper-abort, tt_reads=423750, other_after_generation=0, exit_ms=646}"
"measured","7","19","4","710","3","helper-abort","12","a5c3","170068","541876100","313850.343","268899","168295","1","0","0","0","0","0","0","0","0","0","0","0","0","0","0","0","0","{exception=-, reads_after_abort=0, reads_after_clear=0, search_elapsed_ns=541929800, other_after_abort=0, writes_after_generation=0, abort_ms=541, after_resize=0, other_after_clear=0, after_generation=0, tt_writes=168295, reads_after_generation=0, search=710, helper=3, writes_after_clear=0, writes_after_resize=0, bestmove_ms=541, tt_other=1, event=exit, start_ms=0, completed_depth=12, submit_ms=0, after_abort=0, after_clear=0, reads_after_resize=0, helper_elapsed_ns=541876100, writes_after_abort=0, helper_nodes=170068, bestmove=a5c3, other_after_resize=0, exit_cause=helper-abort, tt_reads=268899, other_after_generation=0, exit_ms=541}"
"measured","7","19","4","710","2","helper-abort","12","a5c3","186734","541896300","344593.606","321784","184179","1","1","0","0","0","0","1","0","0","0","0","0","0","0","0","0","0","{exception=-, reads_after_abort=0, reads_after_clear=0, search_elapsed_ns=541929400, other_after_abort=0, writes_after_generation=0, abort_ms=541, after_resize=0, other_after_clear=0, after_generation=0, tt_writes=184179, reads_after_generation=0, search=710, helper=2, writes_after_clear=0, writes_after_resize=0, bestmove_ms=541, tt_other=1, event=exit, start_ms=0, completed_depth=12, submit_ms=0, after_abort=1, after_clear=0, reads_after_resize=0, helper_elapsed_ns=541896300, writes_after_abort=1, helper_nodes=186734, bestmove=a5c3, other_after_resize=0, exit_cause=helper-abort, tt_reads=321784, other_after_generation=0, exit_ms=541}"
"measured","7","19","4","710","1","helper-abort","12","a5c3","190008","541897600","350634.511","334745","187697","1","0","0","0","0","0","0","0","0","0","0","0","0","0","0","0","0","{exception=-, reads_after_abort=0, reads_after_clear=0, search_elapsed_ns=541929400, other_after_abort=0, writes_after_generation=0, abort_ms=541, after_resize=0, other_after_clear=0, after_generation=0, tt_writes=187697, reads_after_generation=0, search=710, helper=1, writes_after_clear=0, writes_after_resize=0, bestmove_ms=541, tt_other=1, event=exit, start_ms=0, completed_depth=12, submit_ms=0, after_abort=0, after_clear=0, reads_after_resize=0, helper_elapsed_ns=541897600, writes_after_abort=0, helper_nodes=190008, bestmove=a5c3, other_after_resize=0, exit_cause=helper-abort, tt_reads=334745, other_after_generation=0, exit_ms=541}"
"measured","7","20","4","712","2","helper-abort","13","d7d2","104552","254488100","410832.569","221806","103083","1","0","0","0","0","0","0","0","0","0","0","0","0","0","0","0","0","{exception=-, reads_after_abort=0, reads_after_clear=0, search_elapsed_ns=254523800, other_after_abort=0, writes_after_generation=0, abort_ms=254, after_resize=0, other_after_clear=0, after_generation=0, tt_writes=103083, reads_after_generation=0, search=712, helper=2, writes_after_clear=0, writes_after_resize=0, bestmove_ms=254, tt_other=1, event=exit, start_ms=0, completed_depth=13, submit_ms=0, after_abort=0, after_clear=0, reads_after_resize=0, helper_elapsed_ns=254488100, writes_after_abort=0, helper_nodes=104552, bestmove=d7d2, other_after_resize=0, exit_cause=helper-abort, tt_reads=221806, other_after_generation=0, exit_ms=254}"
"measured","7","20","4","712","3","helper-abort","13","d7d2","96202","254484800","378026.507","212935","94755","1","0","0","0","0","0","0","0","0","0","0","0","0","0","0","0","0","{exception=-, reads_after_abort=0, reads_after_clear=0, search_elapsed_ns=254523800, other_after_abort=0, writes_after_generation=0, abort_ms=254, after_resize=0, other_after_clear=0, after_generation=0, tt_writes=94755, reads_after_generation=0, search=712, helper=3, writes_after_clear=0, writes_after_resize=0, bestmove_ms=254, tt_other=1, event=exit, start_ms=0, completed_depth=13, submit_ms=0, after_abort=0, after_clear=0, reads_after_resize=0, helper_elapsed_ns=254484800, writes_after_abort=0, helper_nodes=96202, bestmove=d7d2, other_after_resize=0, exit_cause=helper-abort, tt_reads=212935, other_after_generation=0, exit_ms=254}"
"measured","7","20","4","712","1","helper-abort","13","d7d2","98417","254488300","386725.048","215171","97116","1","0","0","0","0","0","0","0","0","0","0","0","0","0","0","0","0","{exception=-, reads_after_abort=0, reads_after_clear=0, search_elapsed_ns=254523800, other_after_abort=0, writes_after_generation=0, abort_ms=254, after_resize=0, other_after_clear=0, after_generation=0, tt_writes=97116, reads_after_generation=0, search=712, helper=1, writes_after_clear=0, writes_after_resize=0, bestmove_ms=254, tt_other=1, event=exit, start_ms=0, completed_depth=13, submit_ms=0, after_abort=0, after_clear=0, reads_after_resize=0, helper_elapsed_ns=254488300, writes_after_abort=0, helper_nodes=98417, bestmove=d7d2, other_after_resize=0, exit_cause=helper-abort, tt_reads=215171, other_after_generation=0, exit_ms=254}"
"measured","7","20","2","714","1","helper-abort","13","d7d2","142229","339384200","419079.615","270133","140098","1","0","0","0","0","0","0","0","0","0","0","0","0","0","0","0","0","{exception=-, reads_after_abort=0, reads_after_clear=0, search_elapsed_ns=339423800, other_after_abort=0, writes_after_generation=0, abort_ms=339, after_resize=0, other_after_clear=0, after_generation=0, tt_writes=140098, reads_after_generation=0, search=714, helper=1, writes_after_clear=0, writes_after_resize=0, bestmove_ms=339, tt_other=1, event=exit, start_ms=0, completed_depth=13, submit_ms=0, after_abort=0, after_clear=0, reads_after_resize=0, helper_elapsed_ns=339384200, writes_after_abort=0, helper_nodes=142229, bestmove=d7d2, other_after_resize=0, exit_cause=helper-abort, tt_reads=270133, other_after_generation=0, exit_ms=339}"
"measured","7","21","2","716","1","helper-abort","12","c8e8","1193746","3481554700","342877.278","1689473","1186309","1","1","0","0","0","0","1","0","0","0","0","0","0","0","0","0","0","{exception=-, reads_after_abort=0, reads_after_clear=0, search_elapsed_ns=3481599800, other_after_abort=0, writes_after_generation=0, abort_ms=3481, after_resize=0, other_after_clear=0, after_generation=0, tt_writes=1186309, reads_after_generation=0, search=716, helper=1, writes_after_clear=0, writes_after_resize=0, bestmove_ms=3481, tt_other=1, event=exit, start_ms=0, completed_depth=12, submit_ms=0, after_abort=1, after_clear=0, reads_after_resize=0, helper_elapsed_ns=3481554700, writes_after_abort=1, helper_nodes=1193746, bestmove=c8e8, other_after_resize=0, exit_cause=helper-abort, tt_reads=1689473, other_after_generation=0, exit_ms=3481}"
"measured","7","21","4","717","2","helper-abort","13","g8h7","660850","2224518000","297075.591","1036048","657283","1","0","0","0","0","0","0","0","0","0","0","0","0","0","0","0","0","{exception=-, reads_after_abort=0, reads_after_clear=0, search_elapsed_ns=2224554200, other_after_abort=0, writes_after_generation=0, abort_ms=2224, after_resize=0, other_after_clear=0, after_generation=0, tt_writes=657283, reads_after_generation=0, search=717, helper=2, writes_after_clear=0, writes_after_resize=0, bestmove_ms=2224, tt_other=1, event=exit, start_ms=0, completed_depth=13, submit_ms=0, after_abort=0, after_clear=0, reads_after_resize=0, helper_elapsed_ns=2224518000, writes_after_abort=0, helper_nodes=660850, bestmove=g8h7, other_after_resize=0, exit_cause=helper-abort, tt_reads=1036048, other_after_generation=0, exit_ms=2224}"
"measured","7","21","4","717","1","helper-abort","12","g8h7","653482","2224523600","293762.674","953496","650108","1","0","0","0","0","0","0","0","0","0","0","0","0","0","0","0","0","{exception=-, reads_after_abort=0, reads_after_clear=0, search_elapsed_ns=2224556600, other_after_abort=0, writes_after_generation=0, abort_ms=2224, after_resize=0, other_after_clear=0, after_generation=0, tt_writes=650108, reads_after_generation=0, search=717, helper=1, writes_after_clear=0, writes_after_resize=0, bestmove_ms=2224, tt_other=1, event=exit, start_ms=0, completed_depth=12, submit_ms=0, after_abort=0, after_clear=0, reads_after_resize=0, helper_elapsed_ns=2224523600, writes_after_abort=0, helper_nodes=653482, bestmove=g8h7, other_after_resize=0, exit_cause=helper-abort, tt_reads=953496, other_after_generation=0, exit_ms=2224}"
"measured","7","21","4","717","3","helper-abort","13","g8h7","668248","2224517000","300401.391","1007437","664146","1","0","0","0","0","0","0","0","0","0","0","0","0","0","0","0","0","{exception=-, reads_after_abort=0, reads_after_clear=0, search_elapsed_ns=2224554700, other_after_abort=0, writes_after_generation=0, abort_ms=2224, after_resize=0, other_after_clear=0, after_generation=0, tt_writes=664146, reads_after_generation=0, search=717, helper=3, writes_after_clear=0, writes_after_resize=0, bestmove_ms=2224, tt_other=1, event=exit, start_ms=0, completed_depth=13, submit_ms=0, after_abort=0, after_clear=0, reads_after_resize=0, helper_elapsed_ns=2224517000, writes_after_abort=0, helper_nodes=668248, bestmove=g8h7, other_after_resize=0, exit_cause=helper-abort, tt_reads=1007437, other_after_generation=0, exit_ms=2224}"
"measured","7","22","2","718","1","helper-abort","13","d4b5","439229","1354848600","324190.467","666230","436362","1","0","0","0","0","0","0","0","0","0","0","0","0","0","0","0","0","{exception=-, reads_after_abort=0, reads_after_clear=0, search_elapsed_ns=1354875800, other_after_abort=0, writes_after_generation=0, abort_ms=1354, after_resize=0, other_after_clear=0, after_generation=0, tt_writes=436362, reads_after_generation=0, search=718, helper=1, writes_after_clear=0, writes_after_resize=0, bestmove_ms=1354, tt_other=1, event=exit, start_ms=0, completed_depth=13, submit_ms=0, after_abort=0, after_clear=0, reads_after_resize=0, helper_elapsed_ns=1354848600, writes_after_abort=0, helper_nodes=439229, bestmove=d4b5, other_after_resize=0, exit_cause=helper-abort, tt_reads=666230, other_after_generation=0, exit_ms=1354}"
"measured","7","22","4","719","2","helper-abort","13","d4e6","293724","983937200","298519.052","549429","291214","1","0","0","0","0","0","0","0","0","0","0","0","0","0","0","0","0","{exception=-, reads_after_abort=0, reads_after_clear=0, search_elapsed_ns=983973900, other_after_abort=0, writes_after_generation=0, abort_ms=983, after_resize=0, other_after_clear=0, after_generation=0, tt_writes=291214, reads_after_generation=0, search=719, helper=2, writes_after_clear=0, writes_after_resize=0, bestmove_ms=983, tt_other=1, event=exit, start_ms=0, completed_depth=13, submit_ms=0, after_abort=0, after_clear=0, reads_after_resize=0, helper_elapsed_ns=983937200, writes_after_abort=0, helper_nodes=293724, bestmove=d4e6, other_after_resize=0, exit_cause=helper-abort, tt_reads=549429, other_after_generation=0, exit_ms=983}"
"measured","7","22","4","719","1","helper-abort","12","d4e6","290188","983939600","294924.607","533408","287954","1","0","0","0","0","0","0","0","0","0","0","0","0","0","0","0","0","{exception=-, reads_after_abort=0, reads_after_clear=0, search_elapsed_ns=983976300, other_after_abort=0, writes_after_generation=0, abort_ms=983, after_resize=0, other_after_clear=0, after_generation=0, tt_writes=287954, reads_after_generation=0, search=719, helper=1, writes_after_clear=0, writes_after_resize=0, bestmove_ms=983, tt_other=1, event=exit, start_ms=0, completed_depth=12, submit_ms=0, after_abort=0, after_clear=0, reads_after_resize=0, helper_elapsed_ns=983939600, writes_after_abort=0, helper_nodes=290188, bestmove=d4e6, other_after_resize=0, exit_cause=helper-abort, tt_reads=533408, other_after_generation=0, exit_ms=983}"
"measured","7","22","4","719","3","helper-abort","13","d4e6","294125","983933100","298927.844","546184","291739","1","0","0","0","0","0","0","0","0","0","0","0","0","0","0","0","0","{exception=-, reads_after_abort=0, reads_after_clear=0, search_elapsed_ns=983973800, other_after_abort=0, writes_after_generation=0, abort_ms=983, after_resize=0, other_after_clear=0, after_generation=0, tt_writes=291739, reads_after_generation=0, search=719, helper=3, writes_after_clear=0, writes_after_resize=0, bestmove_ms=983, tt_other=1, event=exit, start_ms=0, completed_depth=13, submit_ms=0, after_abort=0, after_clear=0, reads_after_resize=0, helper_elapsed_ns=983933100, writes_after_abort=0, helper_nodes=294125, bestmove=d4e6, other_after_resize=0, exit_cause=helper-abort, tt_reads=546184, other_after_generation=0, exit_ms=983}"
"measured","7","23","4","721","3","helper-abort","13","g5d8","109178","210861500","517771.144","222743","108241","1","0","0","0","0","0","0","0","0","0","0","0","0","0","0","0","0","{exception=-, reads_after_abort=0, reads_after_clear=0, search_elapsed_ns=210913500, other_after_abort=0, writes_after_generation=0, abort_ms=210, after_resize=0, other_after_clear=0, after_generation=0, tt_writes=108241, reads_after_generation=0, search=721, helper=3, writes_after_clear=0, writes_after_resize=0, bestmove_ms=210, tt_other=1, event=exit, start_ms=0, completed_depth=13, submit_ms=0, after_abort=0, after_clear=0, reads_after_resize=0, helper_elapsed_ns=210861500, writes_after_abort=0, helper_nodes=109178, bestmove=g5d8, other_after_resize=0, exit_cause=helper-abort, tt_reads=222743, other_after_generation=0, exit_ms=210}"
"measured","7","23","4","721","1","helper-abort","13","g5d8","115186","210880900","546213.526","229846","114200","1","0","0","0","0","0","0","0","0","0","0","0","0","0","0","0","0","{exception=-, reads_after_abort=0, reads_after_clear=0, search_elapsed_ns=210913500, other_after_abort=0, writes_after_generation=0, abort_ms=210, after_resize=0, other_after_clear=0, after_generation=0, tt_writes=114200, reads_after_generation=0, search=721, helper=1, writes_after_clear=0, writes_after_resize=0, bestmove_ms=210, tt_other=1, event=exit, start_ms=0, completed_depth=13, submit_ms=0, after_abort=0, after_clear=0, reads_after_resize=0, helper_elapsed_ns=210880900, writes_after_abort=0, helper_nodes=115186, bestmove=g5d8, other_after_resize=0, exit_cause=helper-abort, tt_reads=229846, other_after_generation=0, exit_ms=210}"
"measured","7","23","4","721","2","helper-abort","13","g5d8","110376","210880100","523406.429","231122","109352","1","1","0","0","0","0","1","0","0","0","0","0","0","0","0","0","0","{exception=-, reads_after_abort=0, reads_after_clear=0, search_elapsed_ns=210913500, other_after_abort=0, writes_after_generation=0, abort_ms=210, after_resize=0, other_after_clear=0, after_generation=0, tt_writes=109352, reads_after_generation=0, search=721, helper=2, writes_after_clear=0, writes_after_resize=0, bestmove_ms=210, tt_other=1, event=exit, start_ms=0, completed_depth=13, submit_ms=0, after_abort=1, after_clear=0, reads_after_resize=0, helper_elapsed_ns=210880100, writes_after_abort=1, helper_nodes=110376, bestmove=g5d8, other_after_resize=0, exit_cause=helper-abort, tt_reads=231122, other_after_generation=0, exit_ms=210}"
"measured","7","23","2","723","1","helper-abort","13","g5d8","131255","235354100","557691.580","238491","130043","1","1","0","0","0","1","0","0","0","0","0","0","0","0","0","0","0","{exception=-, reads_after_abort=1, reads_after_clear=0, search_elapsed_ns=235391500, other_after_abort=0, writes_after_generation=0, abort_ms=235, after_resize=0, other_after_clear=0, after_generation=0, tt_writes=130043, reads_after_generation=0, search=723, helper=1, writes_after_clear=0, writes_after_resize=0, bestmove_ms=235, tt_other=1, event=exit, start_ms=0, completed_depth=13, submit_ms=0, after_abort=1, after_clear=0, reads_after_resize=0, helper_elapsed_ns=235354100, writes_after_abort=0, helper_nodes=131255, bestmove=g5d8, other_after_resize=0, exit_cause=helper-abort, tt_reads=238491, other_after_generation=0, exit_ms=235}"
"measured","7","24","2","725","1","helper-abort","13","d5e3","44116","68664000","642490.971","72713","42871","1","0","0","0","0","0","0","0","0","0","0","0","0","0","0","0","0","{exception=-, reads_after_abort=0, reads_after_clear=0, search_elapsed_ns=68700600, other_after_abort=0, writes_after_generation=0, abort_ms=68, after_resize=0, other_after_clear=0, after_generation=0, tt_writes=42871, reads_after_generation=0, search=725, helper=1, writes_after_clear=0, writes_after_resize=0, bestmove_ms=68, tt_other=1, event=exit, start_ms=0, completed_depth=13, submit_ms=0, after_abort=0, after_clear=0, reads_after_resize=0, helper_elapsed_ns=68664000, writes_after_abort=0, helper_nodes=44116, bestmove=d5e3, other_after_resize=0, exit_cause=helper-abort, tt_reads=72713, other_after_generation=0, exit_ms=68}"
"measured","7","24","4","726","3","helper-abort","13","d5e3","42296","67343100","628067.315","72731","41205","1","0","0","0","0","0","0","0","0","0","0","0","0","0","0","0","0","{exception=-, reads_after_abort=0, reads_after_clear=0, search_elapsed_ns=67385200, other_after_abort=0, writes_after_generation=0, abort_ms=67, after_resize=0, other_after_clear=0, after_generation=0, tt_writes=41205, reads_after_generation=0, search=726, helper=3, writes_after_clear=0, writes_after_resize=0, bestmove_ms=67, tt_other=1, event=exit, start_ms=0, completed_depth=13, submit_ms=0, after_abort=0, after_clear=0, reads_after_resize=0, helper_elapsed_ns=67343100, writes_after_abort=0, helper_nodes=42296, bestmove=d5e3, other_after_resize=0, exit_cause=helper-abort, tt_reads=72731, other_after_generation=0, exit_ms=67}"
"measured","7","24","4","726","2","helper-abort","13","d5e3","41878","67350600","621791.046","71708","40779","1","0","0","0","0","0","0","0","0","0","0","0","0","0","0","0","0","{exception=-, reads_after_abort=0, reads_after_clear=0, search_elapsed_ns=67385200, other_after_abort=0, writes_after_generation=0, abort_ms=67, after_resize=0, other_after_clear=0, after_generation=0, tt_writes=40779, reads_after_generation=0, search=726, helper=2, writes_after_clear=0, writes_after_resize=0, bestmove_ms=67, tt_other=1, event=exit, start_ms=0, completed_depth=13, submit_ms=0, after_abort=0, after_clear=0, reads_after_resize=0, helper_elapsed_ns=67350600, writes_after_abort=0, helper_nodes=41878, bestmove=d5e3, other_after_resize=0, exit_cause=helper-abort, tt_reads=71708, other_after_generation=0, exit_ms=67}"
"measured","7","24","4","726","1","helper-abort","13","d5e3","41952","67352600","622871.277","72589","40863","1","0","0","0","0","0","0","0","0","0","0","0","0","0","0","0","0","{exception=-, reads_after_abort=0, reads_after_clear=0, search_elapsed_ns=67385200, other_after_abort=0, writes_after_generation=0, abort_ms=67, after_resize=0, other_after_clear=0, after_generation=0, tt_writes=40863, reads_after_generation=0, search=726, helper=1, writes_after_clear=0, writes_after_resize=0, bestmove_ms=67, tt_other=1, event=exit, start_ms=0, completed_depth=13, submit_ms=0, after_abort=0, after_clear=0, reads_after_resize=0, helper_elapsed_ns=67352600, writes_after_abort=0, helper_nodes=41952, bestmove=d5e3, other_after_resize=0, exit_cause=helper-abort, tt_reads=72589, other_after_generation=0, exit_ms=67}"
"measured","7","25","2","727","1","helper-abort","12","h5e2","133714","340141300","393113.097","184351","132460","1","0","0","0","0","0","0","0","0","0","0","0","0","0","0","0","0","{exception=-, reads_after_abort=0, reads_after_clear=0, search_elapsed_ns=340188600, other_after_abort=0, writes_after_generation=0, abort_ms=340, after_resize=0, other_after_clear=0, after_generation=0, tt_writes=132460, reads_after_generation=0, search=727, helper=1, writes_after_clear=0, writes_after_resize=0, bestmove_ms=340, tt_other=1, event=exit, start_ms=0, completed_depth=12, submit_ms=0, after_abort=0, after_clear=0, reads_after_resize=0, helper_elapsed_ns=340141300, writes_after_abort=0, helper_nodes=133714, bestmove=h5e2, other_after_resize=0, exit_cause=helper-abort, tt_reads=184351, other_after_generation=0, exit_ms=340}"
"measured","7","25","4","728","3","helper-abort","13","h5e2","122261","407106800","300316.772","205599","120938","1","0","0","0","0","0","0","0","0","0","0","0","0","0","0","0","0","{exception=-, reads_after_abort=0, reads_after_clear=0, search_elapsed_ns=407142900, other_after_abort=0, writes_after_generation=0, abort_ms=407, after_resize=0, other_after_clear=0, after_generation=0, tt_writes=120938, reads_after_generation=0, search=728, helper=3, writes_after_clear=0, writes_after_resize=0, bestmove_ms=407, tt_other=1, event=exit, start_ms=0, completed_depth=13, submit_ms=0, after_abort=0, after_clear=0, reads_after_resize=0, helper_elapsed_ns=407106800, writes_after_abort=0, helper_nodes=122261, bestmove=h5e2, other_after_resize=0, exit_cause=helper-abort, tt_reads=205599, other_after_generation=0, exit_ms=407}"
"measured","7","25","4","728","1","helper-abort","13","h5e2","121691","407109700","298914.519","205602","120374","1","0","0","0","0","0","0","0","0","0","0","0","0","0","0","0","0","{exception=-, reads_after_abort=0, reads_after_clear=0, search_elapsed_ns=407142900, other_after_abort=0, writes_after_generation=0, abort_ms=407, after_resize=0, other_after_clear=0, after_generation=0, tt_writes=120374, reads_after_generation=0, search=728, helper=1, writes_after_clear=0, writes_after_resize=0, bestmove_ms=407, tt_other=1, event=exit, start_ms=0, completed_depth=13, submit_ms=0, after_abort=0, after_clear=0, reads_after_resize=0, helper_elapsed_ns=407109700, writes_after_abort=0, helper_nodes=121691, bestmove=h5e2, other_after_resize=0, exit_cause=helper-abort, tt_reads=205602, other_after_generation=0, exit_ms=407}"
"measured","7","25","4","728","2","helper-abort","13","h5e2","121935","407108500","299514.749","204853","120897","1","0","0","0","0","0","0","0","0","0","0","0","0","0","0","0","0","{exception=-, reads_after_abort=0, reads_after_clear=0, search_elapsed_ns=407142900, other_after_abort=0, writes_after_generation=0, abort_ms=407, after_resize=0, other_after_clear=0, after_generation=0, tt_writes=120897, reads_after_generation=0, search=728, helper=2, writes_after_clear=0, writes_after_resize=0, bestmove_ms=407, tt_other=1, event=exit, start_ms=0, completed_depth=13, submit_ms=0, after_abort=0, after_clear=0, reads_after_resize=0, helper_elapsed_ns=407108500, writes_after_abort=0, helper_nodes=121935, bestmove=h5e2, other_after_resize=0, exit_cause=helper-abort, tt_reads=204853, other_after_generation=0, exit_ms=407}"
"measured","7","26","4","730","1","helper-abort","13","a6a5","33970","60108200","565147.517","65155","33330","1","0","0","0","0","0","0","0","0","0","0","0","0","0","0","0","0","{exception=-, reads_after_abort=0, reads_after_clear=0, search_elapsed_ns=60150100, other_after_abort=0, writes_after_generation=0, abort_ms=60, after_resize=0, other_after_clear=0, after_generation=0, tt_writes=33330, reads_after_generation=0, search=730, helper=1, writes_after_clear=0, writes_after_resize=0, bestmove_ms=60, tt_other=1, event=exit, start_ms=0, completed_depth=13, submit_ms=0, after_abort=0, after_clear=0, reads_after_resize=0, helper_elapsed_ns=60108200, writes_after_abort=0, helper_nodes=33970, bestmove=a6a5, other_after_resize=0, exit_cause=helper-abort, tt_reads=65155, other_after_generation=0, exit_ms=60}"
"measured","7","26","4","730","3","helper-abort","13","a6a5","40294","60088600","670576.449","74356","39514","1","1","0","0","0","0","1","0","0","0","0","0","0","0","0","0","0","{exception=-, reads_after_abort=0, reads_after_clear=0, search_elapsed_ns=60150200, other_after_abort=0, writes_after_generation=0, abort_ms=60, after_resize=0, other_after_clear=0, after_generation=0, tt_writes=39514, reads_after_generation=0, search=730, helper=3, writes_after_clear=0, writes_after_resize=0, bestmove_ms=60, tt_other=1, event=exit, start_ms=0, completed_depth=13, submit_ms=0, after_abort=1, after_clear=0, reads_after_resize=0, helper_elapsed_ns=60088600, writes_after_abort=1, helper_nodes=40294, bestmove=a6a5, other_after_resize=0, exit_cause=helper-abort, tt_reads=74356, other_after_generation=0, exit_ms=60}"
"measured","7","26","4","730","2","helper-abort","13","a6a5","32782","60092100","545529.279","63117","32160","1","0","0","0","0","0","0","0","0","0","0","0","0","0","0","0","0","{exception=-, reads_after_abort=0, reads_after_clear=0, search_elapsed_ns=60150200, other_after_abort=0, writes_after_generation=0, abort_ms=60, after_resize=0, other_after_clear=0, after_generation=0, tt_writes=32160, reads_after_generation=0, search=730, helper=2, writes_after_clear=0, writes_after_resize=0, bestmove_ms=60, tt_other=1, event=exit, start_ms=0, completed_depth=13, submit_ms=0, after_abort=0, after_clear=0, reads_after_resize=0, helper_elapsed_ns=60092100, writes_after_abort=0, helper_nodes=32782, bestmove=a6a5, other_after_resize=0, exit_cause=helper-abort, tt_reads=63117, other_after_generation=0, exit_ms=60}"
"measured","7","26","2","732","1","helper-abort","13","a6a5","49045","63987300","766480.223","83984","47822","1","0","0","0","0","0","0","0","0","0","0","0","0","0","0","0","0","{exception=-, reads_after_abort=0, reads_after_clear=0, search_elapsed_ns=64028000, other_after_abort=0, writes_after_generation=0, abort_ms=64, after_resize=0, other_after_clear=0, after_generation=0, tt_writes=47822, reads_after_generation=0, search=732, helper=1, writes_after_clear=0, writes_after_resize=0, bestmove_ms=64, tt_other=1, event=exit, start_ms=0, completed_depth=13, submit_ms=0, after_abort=0, after_clear=0, reads_after_resize=0, helper_elapsed_ns=63987300, writes_after_abort=0, helper_nodes=49045, bestmove=a6a5, other_after_resize=0, exit_cause=helper-abort, tt_reads=83984, other_after_generation=0, exit_ms=64}"
"measured","7","27","2","734","1","helper-abort","13","a6a5","51282","82809800","619274.530","90434","50359","1","0","0","0","0","0","0","0","0","0","0","0","0","0","0","0","0","{exception=-, reads_after_abort=0, reads_after_clear=0, search_elapsed_ns=82846000, other_after_abort=0, writes_after_generation=0, abort_ms=82, after_resize=0, other_after_clear=0, after_generation=0, tt_writes=50359, reads_after_generation=0, search=734, helper=1, writes_after_clear=0, writes_after_resize=0, bestmove_ms=82, tt_other=1, event=exit, start_ms=0, completed_depth=13, submit_ms=0, after_abort=0, after_clear=0, reads_after_resize=0, helper_elapsed_ns=82809800, writes_after_abort=0, helper_nodes=51282, bestmove=a6a5, other_after_resize=0, exit_cause=helper-abort, tt_reads=90434, other_after_generation=0, exit_ms=82}"
"measured","7","27","4","735","2","helper-abort","13","a6a5","45470","70996300","640455.911","87497","44596","1","0","0","0","0","0","0","0","0","0","0","0","0","0","0","0","0","{exception=-, reads_after_abort=0, reads_after_clear=0, search_elapsed_ns=71041500, other_after_abort=0, writes_after_generation=0, abort_ms=71, after_resize=0, other_after_clear=0, after_generation=0, tt_writes=44596, reads_after_generation=0, search=735, helper=2, writes_after_clear=0, writes_after_resize=0, bestmove_ms=71, tt_other=1, event=exit, start_ms=0, completed_depth=13, submit_ms=0, after_abort=0, after_clear=0, reads_after_resize=0, helper_elapsed_ns=70996300, writes_after_abort=0, helper_nodes=45470, bestmove=a6a5, other_after_resize=0, exit_cause=helper-abort, tt_reads=87497, other_after_generation=0, exit_ms=71}"
"measured","7","27","4","735","1","helper-abort","13","a6a5","42001","71010300","591477.574","80572","41219","1","0","0","0","0","0","0","0","0","0","0","0","0","0","0","0","0","{exception=-, reads_after_abort=0, reads_after_clear=0, search_elapsed_ns=71041500, other_after_abort=0, writes_after_generation=0, abort_ms=71, after_resize=0, other_after_clear=0, after_generation=0, tt_writes=41219, reads_after_generation=0, search=735, helper=1, writes_after_clear=0, writes_after_resize=0, bestmove_ms=71, tt_other=1, event=exit, start_ms=0, completed_depth=13, submit_ms=0, after_abort=0, after_clear=0, reads_after_resize=0, helper_elapsed_ns=71010300, writes_after_abort=0, helper_nodes=42001, bestmove=a6a5, other_after_resize=0, exit_cause=helper-abort, tt_reads=80572, other_after_generation=0, exit_ms=71}"
"measured","7","27","4","735","3","helper-abort","13","a6a5","42828","70991800","603280.942","85877","42003","1","1","0","0","0","0","1","0","0","0","0","0","0","0","0","0","0","{exception=-, reads_after_abort=0, reads_after_clear=0, search_elapsed_ns=71041600, other_after_abort=0, writes_after_generation=0, abort_ms=71, after_resize=0, other_after_clear=0, after_generation=0, tt_writes=42003, reads_after_generation=0, search=735, helper=3, writes_after_clear=0, writes_after_resize=0, bestmove_ms=71, tt_other=1, event=exit, start_ms=0, completed_depth=13, submit_ms=0, after_abort=1, after_clear=0, reads_after_resize=0, helper_elapsed_ns=70991800, writes_after_abort=1, helper_nodes=42828, bestmove=a6a5, other_after_resize=0, exit_cause=helper-abort, tt_reads=85877, other_after_generation=0, exit_ms=71}"
"measured","7","28","2","736","1","helper-abort","13","d2b4","2007671","5375506900","373484.964","2855828","1985293","1","0","0","0","0","0","0","0","0","0","0","0","0","0","0","0","0","{exception=-, reads_after_abort=0, reads_after_clear=0, search_elapsed_ns=5375534000, other_after_abort=0, writes_after_generation=0, abort_ms=5375, after_resize=0, other_after_clear=0, after_generation=0, tt_writes=1985293, reads_after_generation=0, search=736, helper=1, writes_after_clear=0, writes_after_resize=0, bestmove_ms=5375, tt_other=1, event=exit, start_ms=0, completed_depth=13, submit_ms=0, after_abort=0, after_clear=0, reads_after_resize=0, helper_elapsed_ns=5375506900, writes_after_abort=0, helper_nodes=2007671, bestmove=d2b4, other_after_resize=0, exit_cause=helper-abort, tt_reads=2855828, other_after_generation=0, exit_ms=5375}"
"measured","7","28","4","737","3","helper-abort","13","d2b4","1206899","3663630100","329427.089","1816500","1191125","1","0","0","0","0","0","0","0","0","0","0","0","0","0","0","0","0","{exception=-, reads_after_abort=0, reads_after_clear=0, search_elapsed_ns=3663666700, other_after_abort=0, writes_after_generation=0, abort_ms=3663, after_resize=0, other_after_clear=0, after_generation=0, tt_writes=1191125, reads_after_generation=0, search=737, helper=3, writes_after_clear=0, writes_after_resize=0, bestmove_ms=3663, tt_other=1, event=exit, start_ms=0, completed_depth=13, submit_ms=0, after_abort=0, after_clear=0, reads_after_resize=0, helper_elapsed_ns=3663630100, writes_after_abort=0, helper_nodes=1206899, bestmove=d2b4, other_after_resize=0, exit_cause=helper-abort, tt_reads=1816500, other_after_generation=0, exit_ms=3663}"
"measured","7","28","4","737","1","helper-abort","13","d2b4","1224544","3663635600","334242.849","1758301","1210057","1","0","0","0","0","0","0","0","0","0","0","0","0","0","0","0","0","{exception=-, reads_after_abort=0, reads_after_clear=0, search_elapsed_ns=3663666800, other_after_abort=0, writes_after_generation=0, abort_ms=3663, after_resize=0, other_after_clear=0, after_generation=0, tt_writes=1210057, reads_after_generation=0, search=737, helper=1, writes_after_clear=0, writes_after_resize=0, bestmove_ms=3663, tt_other=1, event=exit, start_ms=0, completed_depth=13, submit_ms=0, after_abort=0, after_clear=0, reads_after_resize=0, helper_elapsed_ns=3663635600, writes_after_abort=0, helper_nodes=1224544, bestmove=d2b4, other_after_resize=0, exit_cause=helper-abort, tt_reads=1758301, other_after_generation=0, exit_ms=3663}"
"measured","7","28","4","737","2","helper-abort","11","a5a6","1115293","3663634000","304422.603","1564030","1102859","1","0","0","0","0","0","0","0","0","0","0","0","0","0","0","0","0","{exception=-, reads_after_abort=0, reads_after_clear=0, search_elapsed_ns=3663667500, other_after_abort=0, writes_after_generation=0, abort_ms=3663, after_resize=0, other_after_clear=0, after_generation=0, tt_writes=1102859, reads_after_generation=0, search=737, helper=2, writes_after_clear=0, writes_after_resize=0, bestmove_ms=3663, tt_other=1, event=exit, start_ms=0, completed_depth=11, submit_ms=0, after_abort=0, after_clear=0, reads_after_resize=0, helper_elapsed_ns=3663634000, writes_after_abort=0, helper_nodes=1115293, bestmove=a5a6, other_after_resize=0, exit_cause=helper-abort, tt_reads=1564030, other_after_generation=0, exit_ms=3663}"
"measured","7","29","4","739","3","helper-abort","13","c6d4","1191817","3448003900","345654.191","1986645","1184103","1","0","0","0","0","0","0","0","0","0","0","0","0","0","0","0","0","{exception=-, reads_after_abort=0, reads_after_clear=0, search_elapsed_ns=3448060300, other_after_abort=0, writes_after_generation=0, abort_ms=3448, after_resize=0, other_after_clear=0, after_generation=0, tt_writes=1184103, reads_after_generation=0, search=739, helper=3, writes_after_clear=0, writes_after_resize=0, bestmove_ms=3448, tt_other=1, event=exit, start_ms=0, completed_depth=13, submit_ms=0, after_abort=0, after_clear=0, reads_after_resize=0, helper_elapsed_ns=3448003900, writes_after_abort=0, helper_nodes=1191817, bestmove=c6d4, other_after_resize=0, exit_cause=helper-abort, tt_reads=1986645, other_after_generation=0, exit_ms=3448}"
"measured","7","29","4","739","2","helper-abort","13","c6d4","1155702","3448008800","335179.539","1940055","1148257","1","0","0","0","0","0","0","0","0","0","0","0","0","0","0","0","0","{exception=-, reads_after_abort=0, reads_after_clear=0, search_elapsed_ns=3448060300, other_after_abort=0, writes_after_generation=0, abort_ms=3448, after_resize=0, other_after_clear=0, after_generation=0, tt_writes=1148257, reads_after_generation=0, search=739, helper=2, writes_after_clear=0, writes_after_resize=0, bestmove_ms=3448, tt_other=1, event=exit, start_ms=0, completed_depth=13, submit_ms=0, after_abort=0, after_clear=0, reads_after_resize=0, helper_elapsed_ns=3448008800, writes_after_abort=0, helper_nodes=1155702, bestmove=c6d4, other_after_resize=0, exit_cause=helper-abort, tt_reads=1940055, other_after_generation=0, exit_ms=3448}"
"measured","7","29","4","739","1","helper-abort","13","c6d4","1196405","3448015600","346983.639","1863310","1188638","1","0","0","0","0","0","0","0","0","0","0","0","0","0","0","0","0","{exception=-, reads_after_abort=0, reads_after_clear=0, search_elapsed_ns=3448060300, other_after_abort=0, writes_after_generation=0, abort_ms=3448, after_resize=0, other_after_clear=0, after_generation=0, tt_writes=1188638, reads_after_generation=0, search=739, helper=1, writes_after_clear=0, writes_after_resize=0, bestmove_ms=3448, tt_other=1, event=exit, start_ms=0, completed_depth=13, submit_ms=0, after_abort=0, after_clear=0, reads_after_resize=0, helper_elapsed_ns=3448015600, writes_after_abort=0, helper_nodes=1196405, bestmove=c6d4, other_after_resize=0, exit_cause=helper-abort, tt_reads=1863310, other_after_generation=0, exit_ms=3448}"
"measured","7","29","2","741","1","helper-abort","13","c6d4","1365774","3759622100","363274.277","2118071","1357932","1","0","0","0","0","0","0","0","0","0","0","0","0","0","0","0","0","{exception=-, reads_after_abort=0, reads_after_clear=0, search_elapsed_ns=3759680200, other_after_abort=0, writes_after_generation=0, abort_ms=3759, after_resize=0, other_after_clear=0, after_generation=0, tt_writes=1357932, reads_after_generation=0, search=741, helper=1, writes_after_clear=0, writes_after_resize=0, bestmove_ms=3759, tt_other=1, event=exit, start_ms=0, completed_depth=13, submit_ms=0, after_abort=0, after_clear=0, reads_after_resize=0, helper_elapsed_ns=3759622100, writes_after_abort=0, helper_nodes=1365774, bestmove=c6d4, other_after_resize=0, exit_cause=helper-abort, tt_reads=2118071, other_after_generation=0, exit_ms=3759}"
"measured","7","30","2","743","1","helper-abort","13","f2f3","1065863","2582004800","412804.422","1456046","1051524","1","1","0","0","0","1","0","0","0","0","0","0","0","0","0","0","0","{exception=-, reads_after_abort=1, reads_after_clear=0, search_elapsed_ns=2582042100, other_after_abort=0, writes_after_generation=0, abort_ms=2582, after_resize=0, other_after_clear=0, after_generation=0, tt_writes=1051524, reads_after_generation=0, search=743, helper=1, writes_after_clear=0, writes_after_resize=0, bestmove_ms=2582, tt_other=1, event=exit, start_ms=0, completed_depth=13, submit_ms=0, after_abort=1, after_clear=0, reads_after_resize=0, helper_elapsed_ns=2582004800, writes_after_abort=0, helper_nodes=1065863, bestmove=f2f3, other_after_resize=0, exit_cause=helper-abort, tt_reads=1456046, other_after_generation=0, exit_ms=2582}"
"measured","7","30","4","744","1","helper-abort","13","h4h5","460393","1158685700","397340.711","729763","453752","1","3","0","0","0","0","3","0","0","0","0","0","0","0","0","0","0","{exception=-, reads_after_abort=0, reads_after_clear=0, search_elapsed_ns=1158716500, other_after_abort=0, writes_after_generation=0, abort_ms=1158, after_resize=0, other_after_clear=0, after_generation=0, tt_writes=453752, reads_after_generation=0, search=744, helper=1, writes_after_clear=0, writes_after_resize=0, bestmove_ms=1158, tt_other=1, event=exit, start_ms=0, completed_depth=13, submit_ms=0, after_abort=3, after_clear=0, reads_after_resize=0, helper_elapsed_ns=1158685700, writes_after_abort=3, helper_nodes=460393, bestmove=h4h5, other_after_resize=0, exit_cause=helper-abort, tt_reads=729763, other_after_generation=0, exit_ms=1158}"
"measured","7","30","4","744","2","helper-abort","12","h4h5","471562","1158680300","406981.978","732859","463397","1","1","0","0","0","0","1","0","0","0","0","0","0","0","0","0","0","{exception=-, reads_after_abort=0, reads_after_clear=0, search_elapsed_ns=1158718400, other_after_abort=0, writes_after_generation=0, abort_ms=1158, after_resize=0, other_after_clear=0, after_generation=0, tt_writes=463397, reads_after_generation=0, search=744, helper=2, writes_after_clear=0, writes_after_resize=0, bestmove_ms=1158, tt_other=1, event=exit, start_ms=0, completed_depth=12, submit_ms=0, after_abort=1, after_clear=0, reads_after_resize=0, helper_elapsed_ns=1158680300, writes_after_abort=1, helper_nodes=471562, bestmove=h4h5, other_after_resize=0, exit_cause=helper-abort, tt_reads=732859, other_after_generation=0, exit_ms=1158}"
"measured","7","30","4","744","3","helper-abort","13","h4h5","465063","1158661600","401379.488","698394","457277","1","0","0","0","0","0","0","0","0","0","0","0","0","0","0","0","0","{exception=-, reads_after_abort=0, reads_after_clear=0, search_elapsed_ns=1158716500, other_after_abort=0, writes_after_generation=0, abort_ms=1158, after_resize=0, other_after_clear=0, after_generation=0, tt_writes=457277, reads_after_generation=0, search=744, helper=3, writes_after_clear=0, writes_after_resize=0, bestmove_ms=1158, tt_other=1, event=exit, start_ms=0, completed_depth=13, submit_ms=0, after_abort=0, after_clear=0, reads_after_resize=0, helper_elapsed_ns=1158661600, writes_after_abort=0, helper_nodes=465063, bestmove=h4h5, other_after_resize=0, exit_cause=helper-abort, tt_reads=698394, other_after_generation=0, exit_ms=1158}"
