"run_type","pass","position","fen","threads","search","main_depth","main_nodes","main_qnodes","main_tt_hits","main_ttd_ms","main_nps_uci","hashfull_depth13","final_hashfull","main_move","bestmove","bestmove_source","legal","total_nodes","total_nps","drain_elapsed_ns","helpers_submitted","helpers_started","helpers_exited","helper_exceptions","info_line","bestmove_diagnostic"
"measured","1","0","rnbqkbnr/pppppppp/8/8/8/8/PPPPPPPP/RNBQKBNR w KQkq - 0 1","1","94","13","528398","1218768","145603","1261","419030","372","372","e2e4","e2e4","main-result","true","528398","418753.209","1261836300","0","0","0","0","info depth 13 seldepth 23 score cp 29 nodes 528398 nps 419030 time 1261 hashfull 372 pv e2e4 e7e5 g1f3 g8f6 b1c3 b8c6 d2d4 e5d4 f3d4 c6d4 d1d4 c7c6 f1e2","{move=e2e4, main_pv=e2e4,e7e5,g1f3,g8f6,b1c3,b8c6,d2d4,e5d4,f3d4,c6d4,d1d4,c7c6,f1e2, helper_submitted=0, aborted=false, helper_exited=0, helper_exceptions=0, search_elapsed_ns=1261713000, helper_started=0, main_score_cp=29, main_qnodes=1218768, source=main-result, main_tt_hits=145603, abort_ms=1261, main_move=e2e4, main_nodes=528398, search=94, main_depth=13, legal=true, helper_pending=0, bestmove_ms=1261, event=bestmove, latest_move=e2e4}"
"measured","1","0","rnbqkbnr/pppppppp/8/8/8/8/PPPPPPPP/RNBQKBNR w KQkq - 0 1","2","95","13","348281","832521","139104","880","395773","387","387","e2e4","e2e4","main-result","true","697028","790514.390","881739800","1","1","1","0","info depth 13 seldepth 23 score cp 29 nodes 348281 nps 395773 time 880 hashfull 387 pv e2e4 e7e5 g1f3 g8f6 b1c3 b8c6 d2d4 e5d4 f3d4 c6d4 d1d4 c7c6 f1e2","{move=e2e4, main_pv=e2e4,e7e5,g1f3,g8f6,b1c3,b8c6,d2d4,e5d4,f3d4,c6d4,d1d4,c7c6,f1e2, helper_submitted=1, aborted=false, helper_exited=1, helper_exceptions=0, search_elapsed_ns=881539600, helper_started=1, main_score_cp=29, main_qnodes=832521, source=main-result, main_tt_hits=139104, abort_ms=881, main_move=e2e4, main_nodes=348281, search=95, main_depth=13, legal=true, helper_pending=0, bestmove_ms=881, event=bestmove, latest_move=e2e4}"
"measured","1","0","rnbqkbnr/pppppppp/8/8/8/8/PPPPPPPP/RNBQKBNR w KQkq - 0 1","4","96","13","268492","618582","113511","695","386319","542","542","e2e4","e2e4","main-result","true","1070376","1537200.615","696315100","3","3","3","0","info depth 13 seldepth 22 score cp 29 nodes 268492 nps 386319 time 695 hashfull 542 pv e2e4 e7e5 g1f3 b8c6","{move=e2e4, main_pv=e2e4,e7e5,g1f3,b8c6, helper_submitted=3, aborted=false, helper_exited=3, helper_exceptions=0, search_elapsed_ns=696166500, helper_started=3, main_score_cp=29, main_qnodes=618582, source=main-result, main_tt_hits=113511, abort_ms=696, main_move=e2e4, main_nodes=268492, search=96, main_depth=13, legal=true, helper_pending=0, bestmove_ms=696, event=bestmove, latest_move=e2e4}"
"measured","1","1","r3k2r/p1ppqpb1/bn2pnp1/3PN3/1p2P3/2N2Q1p/PPPBBPPP/R3K2R w KQkq - 0 1","2","97","13","4903901","11215848","1006808","16994","288566","999","999","e2a6","e2a6","main-result","true","9671238","569057.888","16995174300","1","1","1","0","info depth 13 seldepth 28 score cp -145 nodes 4903901 nps 288566 time 16994 hashfull 999 pv e2a6 e6d5 c3d5 b6d5 e1c1 h3g2 e4d5 g2h1q d1h1 g7h6 d2h6 e7e5 h6g7 e5g5 c1b1","{move=e2a6, main_pv=e2a6,e6d5,c3d5,b6d5,e1c1,h3g2,e4d5,g2h1q,d1h1,g7h6,d2h6,e7e5,h6g7,e5g5,c1b1, helper_submitted=1, aborted=false, helper_exited=1, helper_exceptions=0, search_elapsed_ns=16995056600, helper_started=1, main_score_cp=-145, main_qnodes=11215848, source=main-result, main_tt_hits=1006808, abort_ms=16995, main_move=e2a6, main_nodes=4903901, search=97, main_depth=13, legal=true, helper_pending=0, bestmove_ms=16995, event=bestmove, latest_move=e2a6}"
"measured","1","1","r3k2r/p1ppqpb1/bn2pnp1/3PN3/1p2P3/2N2Q1p/PPPBBPPP/R3K2R w KQkq - 0 1","4","98","13","3161535","7568833","1302181","11830","267247","998","998","e2a6","e2a6","main-result","true","12406712","1048616.979","11831500200","3","3","3","0","info depth 13 seldepth 28 score cp -145 nodes 3161535 nps 267247 time 11830 hashfull 998 pv e2a6 e6d5 c3d5 b6d5","{move=e2a6, main_pv=e2a6,e6d5,c3d5,b6d5, helper_submitted=3, aborted=false, helper_exited=3, helper_exceptions=0, search_elapsed_ns=11831319800, helper_started=3, main_score_cp=-145, main_qnodes=7568833, source=main-result, main_tt_hits=1302181, abort_ms=11831, main_move=e2a6, main_nodes=3161535, search=98, main_depth=13, legal=true, helper_pending=0, bestmove_ms=11831, event=bestmove, latest_move=e2a6}"
"measured","1","1","r3k2r/p1ppqpb1/bn2pnp1/3PN3/1p2P3/2N2Q1p/PPPBBPPP/R3K2R w KQkq - 0 1","1","99","13","3475078","7660190","475283","11704","296913","925","925","e2a6","e2a6","main-result","true","3475078","296894.641","11704751500","0","0","0","0","info depth 13 seldepth 28 score cp -90 nodes 3475078 nps 296913 time 11704 hashfull 925 pv e2a6 b4c3 d2c3 e6d5 e5g4 h3g2 f3g2 e8f8 c3f6 g7f6 e1c1 f6g5 c1b1 d5e4 h2h4 h8h4","{move=e2a6, main_pv=e2a6,b4c3,d2c3,e6d5,e5g4,h3g2,f3g2,e8f8,c3f6,g7f6,e1c1,f6g5,c1b1,d5e4,h2h4,h8h4, helper_submitted=0, aborted=false, helper_exited=0, helper_exceptions=0, search_elapsed_ns=11704593500, helper_started=0, main_score_cp=-90, main_qnodes=7660190, source=main-result, main_tt_hits=475283, abort_ms=11704, main_move=e2a6, main_nodes=3475078, search=99, main_depth=13, legal=true, helper_pending=0, bestmove_ms=11704, event=bestmove, latest_move=e2a6}"
"measured","1","2","4k3/8/8/8/8/8/4P3/4K3 w - - 5 39","4","100","13","6677","7118","8140","6","1112833","2","2","e1d2","e1d2","main-result","true","26706","3619336.740","7378700","3","3","3","0","info depth 13 seldepth 17 score cp 177 nodes 6677 nps 1112833 time 6 hashfull 2 pv e1d2 e8d7 d2e3 d7d6 e3f4 d6e6 e2e4 e6f6 e4e5 f6g6 f4g4 g6g7 g4f5 g7f7","{move=e1d2, main_pv=e1d2,e8d7,d2e3,d7d6,e3f4,d6e6,e2e4,e6f6,e4e5,f6g6,f4g4,g6g7,g4f5,g7f7, helper_submitted=3, aborted=false, helper_exited=3, helper_exceptions=0, search_elapsed_ns=7255600, helper_started=3, main_score_cp=177, main_qnodes=7118, source=main-result, main_tt_hits=8140, abort_ms=7, main_move=e1d2, main_nodes=6677, search=100, main_depth=13, legal=true, helper_pending=0, bestmove_ms=7, event=bestmove, latest_move=e1d2}"
"measured","1","2","4k3/8/8/8/8/8/4P3/4K3 w - - 5 39","1","101","13","7568","7523","8952","7","1081142","2","2","e1d2","e1d2","main-result","true","7568","944830.772","8009900","0","0","0","0","info depth 13 seldepth 17 score cp 160 nodes 7568 nps 1081142 time 7 hashfull 2 pv e1d2 e8d7 d2e3 d7d6 e3f4 d6e6 e2e4 e6f6 e4e5 f6e7 f4e3 e7d7 e3e4 d7e6","{move=e1d2, main_pv=e1d2,e8d7,d2e3,d7d6,e3f4,d6e6,e2e4,e6f6,e4e5,f6e7,f4e3,e7d7,e3e4,d7e6, helper_submitted=0, aborted=false, helper_exited=0, helper_exceptions=0, search_elapsed_ns=7913200, helper_started=0, main_score_cp=160, main_qnodes=7523, source=main-result, main_tt_hits=8952, abort_ms=7, main_move=e1d2, main_nodes=7568, search=101, main_depth=13, legal=true, helper_pending=0, bestmove_ms=7, event=bestmove, latest_move=e1d2}"
"measured","1","2","4k3/8/8/8/8/8/4P3/4K3 w - - 5 39","2","102","13","6532","6826","8124","6","1088666","3","3","e1d2","e1d2","main-result","true","12582","1819364.914","6915600","1","1","1","0","info depth 13 seldepth 16 score cp 159 nodes 6532 nps 1088666 time 6 hashfull 3 pv e1d2 e8d7 d2e3 d7e6 e3f4 e6e7 e2e4 e7f6 e4e5 f6e7 f4f5 e7d7 f5f6 d7c6","{move=e1d2, main_pv=e1d2,e8d7,d2e3,d7e6,e3f4,e6e7,e2e4,e7f6,e4e5,f6e7,f4f5,e7d7,f5f6,d7c6, helper_submitted=1, aborted=false, helper_exited=1, helper_exceptions=0, search_elapsed_ns=6826100, helper_started=1, main_score_cp=159, main_qnodes=6826, source=main-result, main_tt_hits=8124, abort_ms=6, main_move=e1d2, main_nodes=6532, search=102, main_depth=13, legal=true, helper_pending=0, bestmove_ms=6, event=bestmove, latest_move=e1d2}"
"measured","1","3","r3k2r/Pppp1ppp/1b3nbN/nP6/BBP1P3/q4N2/Pp1P2PP/R2Q1RK1 w kq - 0 1","1","103","13","605659","1501526","198351","2013","300873","375","375","c4c5","c4c5","main-result","true","605659","300672.894","2014345200","0","0","0","0","info depth 13 seldepth 27 score cp -590 nodes 605659 nps 300873 time 2013 hashfull 375 pv c4c5 b6c5 b4c5 a3c5 g1h1 b2a1r d1a1 a8a7 e4e5 f6h5 g2g4 g7h6 g4h5 g6h5 d2d4 c5c4 b5b6","{move=c4c5, main_pv=c4c5,b6c5,b4c5,a3c5,g1h1,b2a1r,d1a1,a8a7,e4e5,f6h5,g2g4,g7h6,g4h5,g6h5,d2d4,c5c4,b5b6, helper_submitted=0, aborted=false, helper_exited=0, helper_exceptions=0, search_elapsed_ns=2014218800, helper_started=0, main_score_cp=-590, main_qnodes=1501526, source=main-result, main_tt_hits=198351, abort_ms=2014, main_move=c4c5, main_nodes=605659, search=103, main_depth=13, legal=true, helper_pending=0, bestmove_ms=2014, event=bestmove, latest_move=c4c5}"
"measured","1","3","r3k2r/Pppp1ppp/1b3nbN/nP6/BBP1P3/q4N2/Pp1P2PP/R2Q1RK1 w kq - 0 1","2","104","13","550636","1396650","229135","1866","295088","395","395","c4c5","c4c5","main-result","true","1101108","589460.295","1867993500","1","1","1","0","info depth 13 seldepth 27 score cp -590 nodes 550636 nps 295088 time 1866 hashfull 395 pv c4c5 b6c5 b4c5 a3c5 g1h1 b2a1r d1a1 a8a7 e4e5 f6h5 g2g4 g7h6 g4h5 g6h5 d2d4 c5c4 b5b6","{move=c4c5, main_pv=c4c5,b6c5,b4c5,a3c5,g1h1,b2a1r,d1a1,a8a7,e4e5,f6h5,g2g4,g7h6,g4h5,g6h5,d2d4,c5c4,b5b6, helper_submitted=1, aborted=false, helper_exited=1, helper_exceptions=0, search_elapsed_ns=1867756200, helper_started=1, main_score_cp=-590, main_qnodes=1396650, source=main-result, main_tt_hits=229135, abort_ms=1867, main_move=c4c5, main_nodes=550636, search=104, main_depth=13, legal=true, helper_pending=0, bestmove_ms=1867, event=bestmove, latest_move=c4c5}"
"measured","1","3","r3k2r/Pppp1ppp/1b3nbN/nP6/BBP1P3/q4N2/Pp1P2PP/R2Q1RK1 w kq - 0 1","4","105","13","398017","1041498","265964","1462","272241","419","419","c4c5","c4c5","main-result","true","1595875","1089975.585","1464138300","3","3","3","0","info depth 13 seldepth 26 score cp -590 nodes 398017 nps 272241 time 1462 hashfull 419 pv c4c5 b6c5 b4c5 a3c5 g1h1 b2a1q d1a1 a8a7 e4e5 f6h5 g2g4 g7h6 g4h5 g6h5 d2d4 c5c4 b5b6","{move=c4c5, main_pv=c4c5,b6c5,b4c5,a3c5,g1h1,b2a1q,d1a1,a8a7,e4e5,f6h5,g2g4,g7h6,g4h5,g6h5,d2d4,c5c4,b5b6, helper_submitted=3, aborted=false, helper_exited=3, helper_exceptions=0, search_elapsed_ns=1463915100, helper_started=3, main_score_cp=-590, main_qnodes=1041498, source=main-result, main_tt_hits=265964, abort_ms=1463, main_move=c4c5, main_nodes=398017, search=105, main_depth=13, legal=true, helper_pending=0, bestmove_ms=1463, event=bestmove, latest_move=c4c5}"
"measured","1","4","rnbqkbnr/p1pppppp/8/1p6/2PP4/8/PP2PPPP/RNBQKBNR b KQkq c3 0 2","2","106","13","288501","735375","102706","782","368927","372","372","b5c4","b5c4","main-result","true","567935","725067.495","783285700","1","1","1","0","info depth 13 seldepth 24 score cp -45 nodes 288501 nps 368927 time 782 hashfull 372 pv b5c4 e2e4 c7c6 f1c4 d7d5 e4d5 c6d5 c4d3 b8c6 g1f3 g8f6 e1g1 a8b8","{move=b5c4, main_pv=b5c4,e2e4,c7c6,f1c4,d7d5,e4d5,c6d5,c4d3,b8c6,g1f3,g8f6,e1g1,a8b8, helper_submitted=1, aborted=false, helper_exited=1, helper_exceptions=0, search_elapsed_ns=783168200, helper_started=1, main_score_cp=-45, main_qnodes=735375, source=main-result, main_tt_hits=102706, abort_ms=783, main_move=b5c4, main_nodes=288501, search=106, main_depth=13, legal=true, helper_pending=0, bestmove_ms=783, event=bestmove, latest_move=b5c4}"
"measured","1","4","rnbqkbnr/p1pppppp/8/1p6/2PP4/8/PP2PPPP/RNBQKBNR b KQkq c3 0 2","4","107","13","142878","373462","103587","397","359894","275","275","b5c4","b5c4","main-result","true","571580","1435143.722","398273700","3","3","3","0","info depth 13 seldepth 23 score cp -31 nodes 142878 nps 359894 time 397 hashfull 275 pv b5c4 e2e4 c8a6 b1c3 e7e6 d1a4 c7c6 f1c4 a6c4 a4c4 d7d5 c4e2 d5e4","{move=b5c4, main_pv=b5c4,e2e4,c8a6,b1c3,e7e6,d1a4,c7c6,f1c4,a6c4,a4c4,d7d5,c4e2,d5e4, helper_submitted=3, aborted=false, helper_exited=3, helper_exceptions=0, search_elapsed_ns=398096700, helper_started=3, main_score_cp=-31, main_qnodes=373462, source=main-result, main_tt_hits=103587, abort_ms=398, main_move=b5c4, main_nodes=142878, search=107, main_depth=13, legal=true, helper_pending=0, bestmove_ms=398, event=bestmove, latest_move=b5c4}"
"measured","1","4","rnbqkbnr/p1pppppp/8/1p6/2PP4/8/PP2PPPP/RNBQKBNR b KQkq c3 0 2","1","108","13","444366","1180659","97281","1192","372790","324","324","b5c4","b5c4","main-result","true","444366","372289.583","1193603100","0","0","0","0","info depth 13 seldepth 23 score cp -45 nodes 444366 nps 372790 time 1192 hashfull 324 pv b5c4 e2e4 c7c6 f1c4 d7d5 e4d5 c6d5 c4d3 b8c6 g1f3 g8f6 e1g1 a8b8","{move=b5c4, main_pv=b5c4,e2e4,c7c6,f1c4,d7d5,e4d5,c6d5,c4d3,b8c6,g1f3,g8f6,e1g1,a8b8, helper_submitted=0, aborted=false, helper_exited=0, helper_exceptions=0, search_elapsed_ns=1193464000, helper_started=0, main_score_cp=-45, main_qnodes=1180659, source=main-result, main_tt_hits=97281, abort_ms=1193, main_move=b5c4, main_nodes=444366, search=108, main_depth=13, legal=true, helper_pending=0, bestmove_ms=1193, event=bestmove, latest_move=b5c4}"
"measured","1","5","r1bq1r1k/1pp1n1pp/1p1p4/4p2b/2B1P3/P1N1NP2/1PP3PP/R1BQ1RK1 w - - 2 14","4","109","13","384038","942825","116818","1183","324630","707","707","d1d3","d1d3","main-result","true","1574674","1329829.850","1184116900","3","3","3","0","info depth 13 seldepth 22 score cp 410 nodes 384038 nps 324630 time 1183 hashfull 707 pv d1d3 h5f7","{move=d1d3, main_pv=d1d3,h5f7, helper_submitted=3, aborted=false, helper_exited=3, helper_exceptions=0, search_elapsed_ns=1183956700, helper_started=3, main_score_cp=410, main_qnodes=942825, source=main-result, main_tt_hits=116818, abort_ms=1183, main_move=d1d3, main_nodes=384038, search=109, main_depth=13, legal=true, helper_pending=0, bestmove_ms=1183, event=bestmove, latest_move=d1d3}"
"measured","1","5","r1bq1r1k/1pp1n1pp/1p1p4/4p2b/2B1P3/P1N1NP2/1PP3PP/R1BQ1RK1 w - - 2 14","1","110","13","1549645","3889617","292659","4484","345594","720","720","d1d3","d1d3","main-result","true","1549645","345531.363","4484817200","0","0","0","0","info depth 13 seldepth 25 score cp 416 nodes 1549645 nps 345594 time 4484 hashfull 720 pv d1d3 h7h6 c1d2 h5f7 c4f7","{move=d1d3, main_pv=d1d3,h7h6,c1d2,h5f7,c4f7, helper_submitted=0, aborted=false, helper_exited=0, helper_exceptions=0, search_elapsed_ns=4484693200, helper_started=0, main_score_cp=416, main_qnodes=3889617, source=main-result, main_tt_hits=292659, abort_ms=4484, main_move=d1d3, main_nodes=1549645, search=110, main_depth=13, legal=true, helper_pending=0, bestmove_ms=4484, event=bestmove, latest_move=d1d3}"
"measured","1","5","r1bq1r1k/1pp1n1pp/1p1p4/4p2b/2B1P3/P1N1NP2/1PP3PP/R1BQ1RK1 w - - 2 14","2","111","13","564632","1317819","169800","1588","355561","563","563","d1d3","d1d3","main-result","true","1122573","706507.178","1588905300","1","1","1","0","info depth 13 seldepth 21 score cp 419 nodes 564632 nps 355561 time 1588 hashfull 563 pv d1d3 c7c6 c1d2 b6b5 c4b3 h5f7 b3f7 f8f7 a3a4 b5a4 e3c4 f7f6 c3a4","{move=d1d3, main_pv=d1d3,c7c6,c1d2,b6b5,c4b3,h5f7,b3f7,f8f7,a3a4,b5a4,e3c4,f7f6,c3a4, helper_submitted=1, aborted=false, helper_exited=1, helper_exceptions=0, search_elapsed_ns=1588708600, helper_started=1, main_score_cp=419, main_qnodes=1317819, source=main-result, main_tt_hits=169800, abort_ms=1588, main_move=d1d3, main_nodes=564632, search=111, main_depth=13, legal=true, helper_pending=0, bestmove_ms=1588, event=bestmove, latest_move=d1d3}"
"measured","1","6","r3r1k1/2p2ppp/p1p1bn2/8/1q2P3/2NPQN2/PPP3PP/R4RK1 b - - 2 24","1","112","13","634214","1300189","229620","1738","364910","408","408","b4b2","b4b2","main-result","true","634214","364657.520","1739204500","0","0","0","0","info depth 13 seldepth 23 score cp -43 nodes 634214 nps 364910 time 1738 hashfull 408 pv b4b2 e3d2 b2b6 g1h1 a8b8 d3d4 c6c5 a1b1 b6a5 d4d5 b8b1 f1b1","{move=b4b2, main_pv=b4b2,e3d2,b2b6,g1h1,a8b8,d3d4,c6c5,a1b1,b6a5,d4d5,b8b1,f1b1, helper_submitted=0, aborted=false, helper_exited=0, helper_exceptions=0, search_elapsed_ns=1738967100, helper_started=0, main_score_cp=-43, main_qnodes=1300189, source=main-result, main_tt_hits=229620, abort_ms=1738, main_move=b4b2, main_nodes=634214, search=112, main_depth=13, legal=true, helper_pending=0, bestmove_ms=1738, event=bestmove, latest_move=b4b2}"
"measured","1","6","r3r1k1/2p2ppp/p1p1bn2/8/1q2P3/2NPQN2/PPP3PP/R4RK1 b - - 2 24","2","113","13","411338","879489","193477","1132","363372","423","423","b4b2","b4b2","main-result","true","825546","728114.713","1133813100","1","1","1","0","info depth 13 seldepth 24 score cp -46 nodes 411338 nps 363372 time 1132 hashfull 423 pv b4b2 e3d2 b2b6 g1h1 a8b8 d3d4 e8d8 a1b1 b6a7 b1b8 a7b8 f1b1 b8a7 d2g5","{move=b4b2, main_pv=b4b2,e3d2,b2b6,g1h1,a8b8,d3d4,e8d8,a1b1,b6a7,b1b8,a7b8,f1b1,b8a7,d2g5, helper_submitted=1, aborted=false, helper_exited=1, helper_exceptions=0, search_elapsed_ns=1133637100, helper_started=1, main_score_cp=-46, main_qnodes=879489, source=main-result, main_tt_hits=193477, abort_ms=1133, main_move=b4b2, main_nodes=411338, search=113, main_depth=13, legal=true, helper_pending=0, bestmove_ms=1133, event=bestmove, latest_move=b4b2}"
"measured","1","6","r3r1k1/2p2ppp/p1p1bn2/8/1q2P3/2NPQN2/PPP3PP/R4RK1 b - - 2 24","4","114","13","458980","1005895","233012","1348","340489","670","670","b4b2","b4b2","main-result","true","1835034","1359739.000","1349548700","3","3","3","0","info depth 13 seldepth 23 score cp -63 nodes 458980 nps 340489 time 1348 hashfull 670 pv b4b2 d3d4 b2a3 e3d3 a8b8 a1b1 b8b1 f1b1 e8d8 h2h3","{move=b4b2, main_pv=b4b2,d3d4,b2a3,e3d3,a8b8,a1b1,b8b1,f1b1,e8d8,h2h3, helper_submitted=3, aborted=false, helper_exited=3, helper_exceptions=0, search_elapsed_ns=1349390700, helper_started=3, main_score_cp=-63, main_qnodes=1005895, source=main-result, main_tt_hits=233012, abort_ms=1349, main_move=b4b2, main_nodes=458980, search=114, main_depth=13, legal=true, helper_pending=0, bestmove_ms=1349, event=bestmove, latest_move=b4b2}"
"measured","1","7","r1bb4/3n1k2/p3p3/1p1pPp2/1Pp5/2P2N1B/P4PPP/4RK2 w - - 2 21","2","115","13","605471","1495822","180254","1444","419301","584","584","h3f5","h3f5","main-result","true","1199821","829948.655","1445656900","1","1","1","0","info depth 13 seldepth 26 score cp -295 nodes 605471 nps 419301 time 1444 hashfull 584 pv h3f5 a6a5 a2a3 e6f5 e5e6 f7f6 e6d7 c8d7 f3e5 d7e6 e5c6","{move=h3f5, main_pv=h3f5,a6a5,a2a3,e6f5,e5e6,f7f6,e6d7,c8d7,f3e5,d7e6,e5c6, helper_submitted=1, aborted=false, helper_exited=1, helper_exceptions=0, search_elapsed_ns=1445500900, helper_started=1, main_score_cp=-295, main_qnodes=1495822, source=main-result, main_tt_hits=180254, abort_ms=1445, main_move=h3f5, main_nodes=605471, search=115, main_depth=13, legal=true, helper_pending=0, bestmove_ms=1445, event=bestmove, latest_move=h3f5}"
"measured","1","7","r1bb4/3n1k2/p3p3/1p1pPp2/1Pp5/2P2N1B/P4PPP/4RK2 w - - 2 21","4","116","13","591499","1511531","201255","1463","404305","784","784","h3f5","h3f5","main-result","true","2330249","1591464.678","1464216600","3","3","3","0","info depth 13 seldepth 26 score cp -302 nodes 591499 nps 404305 time 1463 hashfull 784 pv h3f5 a6a5 a2a3 e6f5 e5e6 f7f6 e6d7 c8d7 e1d1 a5b4 a3b4 f6e6 f3d4 e6d6 f1e2 a8a3","{move=h3f5, main_pv=h3f5,a6a5,a2a3,e6f5,e5e6,f7f6,e6d7,c8d7,e1d1,a5b4,a3b4,f6e6,f3d4,e6d6,f1e2,a8a3, helper_submitted=3, aborted=false, helper_exited=3, helper_exceptions=0, search_elapsed_ns=1464064800, helper_started=3, main_score_cp=-302, main_qnodes=1511531, source=main-result, main_tt_hits=201255, abort_ms=1464, main_move=h3f5, main_nodes=591499, search=116, main_depth=13, legal=true, helper_pending=0, bestmove_ms=1464, event=bestmove, latest_move=h3f5}"
"measured","1","7","r1bb4/3n1k2/p3p3/1p1pPp2/1Pp5/2P2N1B/P4PPP/4RK2 w - - 2 21","1","117","13","994398","2473757","160864","2318","428989","574","574","h3f5","h3f5","main-result","true","994398","428724.606","2319433000","0","0","0","0","info depth 13 seldepth 26 score cp -295 nodes 994398 nps 428989 time 2318 hashfull 574 pv h3f5 a6a5 a2a3 e6f5 e5e6 f7f6 e6d7 c8d7 f3e5 d7e6 e5c6 d8c7 c6d4 e6d7 h2h4","{move=h3f5, main_pv=h3f5,a6a5,a2a3,e6f5,e5e6,f7f6,e6d7,c8d7,f3e5,d7e6,e5c6,d8c7,c6d4,e6d7,h2h4, helper_submitted=0, aborted=false, helper_exited=0, helper_exceptions=0, search_elapsed_ns=2319305200, helper_started=0, main_score_cp=-295, main_qnodes=2473757, source=main-result, main_tt_hits=160864, abort_ms=2319, main_move=h3f5, main_nodes=994398, search=117, main_depth=13, legal=true, helper_pending=0, bestmove_ms=2319, event=bestmove, latest_move=h3f5}"
"measured","1","8","r1bq1rk1/ppp1nppp/4n3/3p3Q/3P4/1BP1B3/PP1N2PP/R4RK1 w - - 1 16","4","118","13","601665","1189967","247873","1713","351234","812","812","b3c2","b3c2","main-result","true","2378438","1386848.762","1714994500","3","3","3","0","info depth 13 seldepth 25 score cp 6 nodes 601665 nps 351234 time 1713 hashfull 812 pv b3c2 e7g6 d2f3 f7f5 c2f5 e6f4 e3f4 c8f5 f3g5 g6f4 f1f4 d8e7 a1f1 g7g6","{move=b3c2, main_pv=b3c2,e7g6,d2f3,f7f5,c2f5,e6f4,e3f4,c8f5,f3g5,g6f4,f1f4,d8e7,a1f1,g7g6, helper_submitted=3, aborted=false, helper_exited=3, helper_exceptions=0, search_elapsed_ns=1714845900, helper_started=3, main_score_cp=6, main_qnodes=1189967, source=main-result, main_tt_hits=247873, abort_ms=1714, main_move=b3c2, main_nodes=601665, search=118, main_depth=13, legal=true, helper_pending=0, bestmove_ms=1714, event=bestmove, latest_move=b3c2}"
"measured","1","8","r1bq1rk1/ppp1nppp/4n3/3p3Q/3P4/1BP1B3/PP1N2PP/R4RK1 w - - 1 16","1","119","13","944419","1841645","307182","2460","383910","560","560","b3c2","b3c2","main-result","true","944419","383713.689","2461259600","0","0","0","0","info depth 13 seldepth 22 score cp 16 nodes 944419 nps 383910 time 2460 hashfull 560 pv b3c2 e7g6 d2f3 c7c6 f3e5 c8d7 a1e1 a7a6","{move=b3c2, main_pv=b3c2,e7g6,d2f3,c7c6,f3e5,c8d7,a1e1,a7a6, helper_submitted=0, aborted=false, helper_exited=0, helper_exceptions=0, search_elapsed_ns=2461133700, helper_started=0, main_score_cp=16, main_qnodes=1841645, source=main-result, main_tt_hits=307182, abort_ms=2461, main_move=b3c2, main_nodes=944419, search=119, main_depth=13, legal=true, helper_pending=0, bestmove_ms=2461, event=bestmove, latest_move=b3c2}"
"measured","1","8","r1bq1rk1/ppp1nppp/4n3/3p3Q/3P4/1BP1B3/PP1N2PP/R4RK1 w - - 1 16","2","120","13","657563","1346864","278830","1794","366534","618","618","b3c2","b3c2","main-result","true","1339451","746169.648","1795102500","1","1","1","0","info depth 13 seldepth 22 score cp 17 nodes 657563 nps 366534 time 1794 hashfull 618 pv b3c2 e7g6 d2f3 c7c6 f3e5 c8d7 a1e1 d8c7 e3d2 a8e8 h5h3 c6c5 e5d7","{move=b3c2, main_pv=b3c2,e7g6,d2f3,c7c6,f3e5,c8d7,a1e1,d8c7,e3d2,a8e8,h5h3,c6c5,e5d7, helper_submitted=1, aborted=false, helper_exited=1, helper_exceptions=0, search_elapsed_ns=1794864300, helper_started=1, main_score_cp=17, main_qnodes=1346864, source=main-result, main_tt_hits=278830, abort_ms=1794, main_move=b3c2, main_nodes=657563, search=120, main_depth=13, legal=true, helper_pending=0, bestmove_ms=1794, event=bestmove, latest_move=b3c2}"
"measured","1","9","6k1/3r4/2R5/P5pp/3b4/6P1/5PK1/8 w - - 1 45","1","121","13","258683","591758","78893","482","536686","175","175","c6g6","c6g6","main-result","true","258683","534788.224","483711100","0","0","0","0","info depth 13 seldepth 25 score cp -110 nodes 258683 nps 536686 time 482 hashfull 175 pv c6g6 d7g7 g6d6 d4a7 d6d5 g8f7 d5d6 f7e7 d6c6 g7f7 c6c7 e7f6 c7f7 f6f7 a5a6 a7c5","{move=c6g6, main_pv=c6g6,d7g7,g6d6,d4a7,d6d5,g8f7,d5d6,f7e7,d6c6,g7f7,c6c7,e7f6,c7f7,f6f7,a5a6,a7c5, helper_submitted=0, aborted=false, helper_exited=0, helper_exceptions=0, search_elapsed_ns=483563400, helper_started=0, main_score_cp=-110, main_qnodes=591758, source=main-result, main_tt_hits=78893, abort_ms=483, main_move=c6g6, main_nodes=258683, search=121, main_depth=13, legal=true, helper_pending=0, bestmove_ms=483, event=bestmove, latest_move=c6g6}"
"measured","1","9","6k1/3r4/2R5/P5pp/3b4/6P1/5PK1/8 w - - 1 45","2","122","13","218615","515039","82191","420","520511","266","266","c6g6","c6g6","main-result","true","439473","1042750.658","421455500","1","1","1","0","info depth 13 seldepth 25 score cp -119 nodes 218615 nps 520511 time 420 hashfull 266 pv c6g6 d7g7 g6d6 d4a7 d6d5 g8f7 a5a6 f7e6 d5b5 g7f7 f2f3 a7e3 b5b7 e3c5","{move=c6g6, main_pv=c6g6,d7g7,g6d6,d4a7,d6d5,g8f7,a5a6,f7e6,d5b5,g7f7,f2f3,a7e3,b5b7,e3c5, helper_submitted=1, aborted=false, helper_exited=1, helper_exceptions=0, search_elapsed_ns=421269400, helper_started=1, main_score_cp=-119, main_qnodes=515039, source=main-result, main_tt_hits=82191, abort_ms=421, main_move=c6g6, main_nodes=218615, search=122, main_depth=13, legal=true, helper_pending=0, bestmove_ms=421, event=bestmove, latest_move=c6g6}"
"measured","1","9","6k1/3r4/2R5/P5pp/3b4/6P1/5PK1/8 w - - 1 45","4","123","13","142717","327100","76007","274","520864","238","238","c6g6","c6g6","main-result","true","548306","1988017.639","275805400","3","3","3","0","info depth 13 seldepth 24 score cp -119 nodes 142717 nps 520864 time 274 hashfull 238 pv c6g6 d7g7 g6d6 d4a7 d6d5 g8f7 a5a6","{move=c6g6, main_pv=c6g6,d7g7,g6d6,d4a7,d6d5,g8f7,a5a6, helper_submitted=3, aborted=false, helper_exited=3, helper_exceptions=0, search_elapsed_ns=275660400, helper_started=3, main_score_cp=-119, main_qnodes=327100, source=main-result, main_tt_hits=76007, abort_ms=275, main_move=c6g6, main_nodes=142717, search=123, main_depth=13, legal=true, helper_pending=0, bestmove_ms=275, event=bestmove, latest_move=c6g6}"
"measured","1","10","r1bq1rk1/pp2ppbp/2np1np1/8/3NP3/2N1BP2/PPPQ2PP/R4RK1 b - - 0 10","2","124","13","1307626","3708125","266962","3824","341952","872","872","a7a6","a7a6","main-result","true","2626939","686715.603","3825366700","1","1","1","0","info depth 13 seldepth 23 score cp 427 nodes 1307626 nps 341952 time 3824 hashfull 872 pv a7a6 d4c6 b7c6 a2a3 a8b8 a1b1 d8c7 e3h6 c8e6 h6g7 g8g7 d2f2 h7h6 f2e2","{move=a7a6, main_pv=a7a6,d4c6,b7c6,a2a3,a8b8,a1b1,d8c7,e3h6,c8e6,h6g7,g8g7,d2f2,h7h6,f2e2, helper_submitted=1, aborted=false, helper_exited=1, helper_exceptions=0, search_elapsed_ns=3825161600, helper_started=1, main_score_cp=427, main_qnodes=3708125, source=main-result, main_tt_hits=266962, abort_ms=3825, main_move=a7a6, main_nodes=1307626, search=124, main_depth=13, legal=true, helper_pending=0, bestmove_ms=3825, event=bestmove, latest_move=a7a6}"
"measured","1","10","r1bq1rk1/pp2ppbp/2np1np1/8/3NP3/2N1BP2/PPPQ2PP/R4RK1 b - - 0 10","4","125","13","919293","2612679","184988","2882","318977","943","943","a7a6","a7a6","main-result","true","3651561","1266396.201","2883427000","3","3","3","0","info depth 13 seldepth 23 score cp 427 nodes 919293 nps 318977 time 2882 hashfull 943 pv a7a6 d4c6 b7c6 a2a3 a8b8 a1b1 c8e6 e3h6 d8c7 h6g7 g8g7 d2f2 h7h6","{move=a7a6, main_pv=a7a6,d4c6,b7c6,a2a3,a8b8,a1b1,c8e6,e3h6,d8c7,h6g7,g8g7,d2f2,h7h6, helper_submitted=3, aborted=false, helper_exited=3, helper_exceptions=0, search_elapsed_ns=2883275300, helper_started=3, main_score_cp=427, main_qnodes=2612679, source=main-result, main_tt_hits=184988, abort_ms=2883, main_move=a7a6, main_nodes=919293, search=125, main_depth=13, legal=true, helper_pending=0, bestmove_ms=2883, event=bestmove, latest_move=a7a6}"
"measured","1","10","r1bq1rk1/pp2ppbp/2np1np1/8/3NP3/2N1BP2/PPPQ2PP/R4RK1 b - - 0 10","1","126","13","1463870","4049839","212661","4160","351891","697","697","c6d4","c6d4","main-result","true","1463870","351786.925","4161240500","0","0","0","0","info depth 13 seldepth 22 score cp 432 nodes 1463870 nps 351891 time 4160 hashfull 697 pv c6d4 e3d4 d8a5 a2a3 c8e6 b2b4 a5c7 a3a4 a7a6 a4a5 a8c8 h2h3 c7d7","{move=c6d4, main_pv=c6d4,e3d4,d8a5,a2a3,c8e6,b2b4,a5c7,a3a4,a7a6,a4a5,a8c8,h2h3,c7d7, helper_submitted=0, aborted=false, helper_exited=0, helper_exceptions=0, search_elapsed_ns=4161091300, helper_started=0, main_score_cp=432, main_qnodes=4049839, source=main-result, main_tt_hits=212661, abort_ms=4161, main_move=c6d4, main_nodes=1463870, search=126, main_depth=13, legal=true, helper_pending=0, bestmove_ms=4161, event=bestmove, latest_move=c6d4}"
"measured","1","11","8/p7/1p2k1p1/2p5/2P1b3/1P3P2/P2K4/8 b - - 0 38","4","127","13","101724","124674","66095","149","682711","99","99","e4f3","e4f3","main-result","true","415187","2765807.632","150114200","3","3","3","0","info depth 13 seldepth 25 score cp 602 nodes 101724 nps 682711 time 149 hashfull 99 pv e4f3","{move=e4f3, main_pv=e4f3, helper_submitted=3, aborted=false, helper_exited=3, helper_exceptions=0, search_elapsed_ns=149952900, helper_started=3, main_score_cp=602, main_qnodes=124674, source=main-result, main_tt_hits=66095, abort_ms=149, main_move=e4f3, main_nodes=101724, search=127, main_depth=13, legal=true, helper_pending=0, bestmove_ms=149, event=bestmove, latest_move=e4f3}"
"measured","1","11","8/p7/1p2k1p1/2p5/2P1b3/1P3P2/P2K4/8 b - - 0 38","1","128","13","106151","123121","65708","133","798127","54","54","e4f3","e4f3","main-result","true","106151","792176.962","133999100","0","0","0","0","info depth 13 seldepth 22 score cp 583 nodes 106151 nps 798127 time 133 hashfull 54 pv e4f3 d2e3 f3c6 e3f4 e6f6 f4g3 g6g5 g3g4 c6d7 g4f3 f6e5 a2a3 g5g4 f3g3 a7a5 a3a4 d7f5","{move=e4f3, main_pv=e4f3,d2e3,f3c6,e3f4,e6f6,f4g3,g6g5,g3g4,c6d7,g4f3,f6e5,a2a3,g5g4,f3g3,a7a5,a3a4,d7f5, helper_submitted=0, aborted=false, helper_exited=0, helper_exceptions=0, search_elapsed_ns=133856800, helper_started=0, main_score_cp=583, main_qnodes=123121, source=main-result, main_tt_hits=65708, abort_ms=133, main_move=e4f3, main_nodes=106151, search=128, main_depth=13, legal=true, helper_pending=0, bestmove_ms=133, event=bestmove, latest_move=e4f3}"
"measured","1","11","8/p7/1p2k1p1/2p5/2P1b3/1P3P2/P2K4/8 b - - 0 38","2","129","13","92182","115105","57409","118","781203","80","80","e4f3","e4f3","main-result","true","182301","1529476.021","119191800","1","1","1","0","info depth 13 seldepth 22 score cp 580 nodes 92182 nps 781203 time 118 hashfull 80 pv e4f3 d2e3 f3c6 e3f4 e6f6 f4g3 g6g5 g3g4 c6e4 g4h3 e4f5 h3g3 f6e5 g3f2 g5g4 f2e3","{move=e4f3, main_pv=e4f3,d2e3,f3c6,e3f4,e6f6,f4g3,g6g5,g3g4,c6e4,g4h3,e4f5,h3g3,f6e5,g3f2,g5g4,f2e3, helper_submitted=1, aborted=false, helper_exited=1, helper_exceptions=0, search_elapsed_ns=119031000, helper_started=1, main_score_cp=580, main_qnodes=115105, source=main-result, main_tt_hits=57409, abort_ms=119, main_move=e4f3, main_nodes=92182, search=129, main_depth=13, legal=true, helper_pending=0, bestmove_ms=119, event=bestmove, latest_move=e4f3}"
"measured","1","12","8/8/6k1/8/5P2/4K1P1/8/8 b - - 0 65","1","130","13","19151","23591","14566","19","1007947","15","15","g6f5","g6f5","main-result","true","19151","944832.554","20269200","0","0","0","0","info depth 13 seldepth 20 score cp -399 nodes 19151 nps 1007947 time 19 hashfull 15 pv g6f5 e3d4 f5e6 g3g4","{move=g6f5, main_pv=g6f5,e3d4,f5e6,g3g4, helper_submitted=0, aborted=false, helper_exited=0, helper_exceptions=0, search_elapsed_ns=20125300, helper_started=0, main_score_cp=-399, main_qnodes=23591, source=main-result, main_tt_hits=14566, abort_ms=20, main_move=g6f5, main_nodes=19151, search=130, main_depth=13, legal=true, helper_pending=0, bestmove_ms=20, event=bestmove, latest_move=g6f5}"
"measured","1","12","8/8/6k1/8/5P2/4K1P1/8/8 b - - 0 65","2","131","13","26428","34236","21645","26","1016461","13","13","g6f5","g6f5","main-result","true","52421","1912847.066","27404700","1","1","1","0","info depth 13 seldepth 20 score cp -416 nodes 26428 nps 1016461 time 26 hashfull 13 pv g6f5 e3d4 f5e6 g3g4 e6f6 g4g5 f6f5 d4d5 f5g6 d5e5 g6g7 f4f5 g7f7 g5g6 f7e7","{move=g6f5, main_pv=g6f5,e3d4,f5e6,g3g4,e6f6,g4g5,f6f5,d4d5,f5g6,d5e5,g6g7,f4f5,g7f7,g5g6,f7e7, helper_submitted=1, aborted=false, helper_exited=1, helper_exceptions=0, search_elapsed_ns=27300500, helper_started=1, main_score_cp=-416, main_qnodes=34236, source=main-result, main_tt_hits=21645, abort_ms=27, main_move=g6f5, main_nodes=26428, search=131, main_depth=13, legal=true, helper_pending=0, bestmove_ms=27, event=bestmove, latest_move=g6f5}"
"measured","1","12","8/8/6k1/8/5P2/4K1P1/8/8 b - - 0 65","4","132","13","22930","24787","19841","22","1042272","16","16","g6f5","g6f5","main-result","true","91916","3862877.027","23794700","3","3","3","0","info depth 13 seldepth 21 score cp -434 nodes 22930 nps 1042272 time 22 hashfull 16 pv g6f5 e3d3 f5e6 g3g4 e6f6 g4g5 f6f5 d3d4 f5e6 g5g6 e6f6 f4f5 f6g7 d4e4","{move=g6f5, main_pv=g6f5,e3d3,f5e6,g3g4,e6f6,g4g5,f6f5,d3d4,f5e6,g5g6,e6f6,f4f5,f6g7,d4e4, helper_submitted=3, aborted=false, helper_exited=3, helper_exceptions=0, search_elapsed_ns=23689300, helper_started=3, main_score_cp=-434, main_qnodes=24787, source=main-result, main_tt_hits=19841, abort_ms=23, main_move=g6f5, main_nodes=22930, search=132, main_depth=13, legal=true, helper_pending=0, bestmove_ms=23, event=bestmove, latest_move=g6f5}"
"measured","1","13","8/2p5/3p4/KP5r/1R3p1k/8/4P1P1/8 w - - 0 1","2","133","13","107681","249783","49895","202","533074","145","145","b4f4","b4f4","main-result","true","217457","1072019.972","202847900","1","1","1","0","info depth 13 seldepth 27 score cp 19 nodes 107681 nps 533074 time 202 hashfull 145 pv b4f4 h4g3 f4c4 h5c5 c4c5 d6c5 e2e3 g3g2","{move=b4f4, main_pv=b4f4,h4g3,f4c4,h5c5,c4c5,d6c5,e2e3,g3g2, helper_submitted=1, aborted=false, helper_exited=1, helper_exceptions=0, search_elapsed_ns=202731000, helper_started=1, main_score_cp=19, main_qnodes=249783, source=main-result, main_tt_hits=49895, abort_ms=202, main_move=b4f4, main_nodes=107681, search=133, main_depth=13, legal=true, helper_pending=0, bestmove_ms=202, event=bestmove, latest_move=b4f4}"
"measured","1","13","8/2p5/3p4/KP5r/1R3p1k/8/4P1P1/8 w - - 0 1","4","134","13","229596","813341","73038","515","445817","498","498","b4f4","b4f4","main-result","true","1048300","2028336.733","516827400","3","3","3","0","info depth 13 seldepth 27 score cp 90 nodes 229596 nps 445817 time 515 hashfull 498 pv b4f4 h4g3","{move=b4f4, main_pv=b4f4,h4g3, helper_submitted=3, aborted=false, helper_exited=3, helper_exceptions=0, search_elapsed_ns=516699100, helper_started=3, main_score_cp=90, main_qnodes=813341, source=main-result, main_tt_hits=73038, abort_ms=516, main_move=b4f4, main_nodes=229596, search=134, main_depth=13, legal=true, helper_pending=0, bestmove_ms=516, event=bestmove, latest_move=b4f4}"
"measured","1","13","8/2p5/3p4/KP5r/1R3p1k/8/4P1P1/8 w - - 0 1","1","135","13","134731","298233","52919","236","570894","97","97","b4f4","b4f4","main-result","true","134731","567104.798","237576900","0","0","0","0","info depth 13 seldepth 28 score cp 19 nodes 134731 nps 570894 time 236 hashfull 97 pv b4f4 h4g3 f4f3 g3g2 f3c3 h5c5 c3c5 d6c5 e2e4 c5c4 a5b4 g2f3 e4e5 f3f4","{move=b4f4, main_pv=b4f4,h4g3,f4f3,g3g2,f3c3,h5c5,c3c5,d6c5,e2e4,c5c4,a5b4,g2f3,e4e5,f3f4, helper_submitted=0, aborted=false, helper_exited=0, helper_exceptions=0, search_elapsed_ns=237404900, helper_started=0, main_score_cp=19, main_qnodes=298233, source=main-result, main_tt_hits=52919, abort_ms=237, main_move=b4f4, main_nodes=134731, search=135, main_depth=13, legal=true, helper_pending=0, bestmove_ms=237, event=bestmove, latest_move=b4f4}"
"measured","1","14","r1bq1r1k/b1p1npp1/p2p3p/1p6/3PP3/1B2NN2/PP3PPP/R2Q1RK1 w - - 1 16","4","136","13","849394","2276252","173122","2661","319201","933","933","a2a4","a2a4","main-result","true","3395664","1275434.592","2662358400","3","3","3","0","info depth 13 seldepth 25 score cp 65 nodes 849394 nps 319201 time 2661 hashfull 933 pv a2a4 c8b7 d1c2","{move=a2a4, main_pv=a2a4,c8b7,d1c2, helper_submitted=3, aborted=false, helper_exited=3, helper_exceptions=0, search_elapsed_ns=2662223300, helper_started=3, main_score_cp=65, main_qnodes=2276252, source=main-result, main_tt_hits=173122, abort_ms=2662, main_move=a2a4, main_nodes=849394, search=136, main_depth=13, legal=true, helper_pending=0, bestmove_ms=2662, event=bestmove, latest_move=a2a4}"
"measured","1","14","r1bq1r1k/b1p1npp1/p2p3p/1p6/3PP3/1B2NN2/PP3PPP/R2Q1RK1 w - - 1 16","1","137","13","1523227","3915325","261327","4483","339778","771","771","a2a4","a2a4","main-result","true","1523227","339666.050","4484484100","0","0","0","0","info depth 13 seldepth 25 score cp 59 nodes 1523227 nps 339778 time 4483 hashfull 771 pv a2a4 c8b7 d1d3 c7c6 f1c1 h8g8 h2h3 e7g6 e3f5 f8e8 a4b5 a6b5 d3e2","{move=a2a4, main_pv=a2a4,c8b7,d1d3,c7c6,f1c1,h8g8,h2h3,e7g6,e3f5,f8e8,a4b5,a6b5,d3e2, helper_submitted=0, aborted=false, helper_exited=0, helper_exceptions=0, search_elapsed_ns=4484362600, helper_started=0, main_score_cp=59, main_qnodes=3915325, source=main-result, main_tt_hits=261327, abort_ms=4484, main_move=a2a4, main_nodes=1523227, search=137, main_depth=13, legal=true, helper_pending=0, bestmove_ms=4484, event=bestmove, latest_move=a2a4}"
"measured","1","14","r1bq1r1k/b1p1npp1/p2p3p/1p6/3PP3/1B2NN2/PP3PPP/R2Q1RK1 w - - 1 16","2","138","13","1062677","2891435","216181","3230","329002","834","834","a2a4","a2a4","main-result","true","2068960","640275.441","3231359300","1","1","1","0","info depth 13 seldepth 25 score cp 60 nodes 1062677 nps 329002 time 3230 hashfull 834 pv a2a4 c8b7 d1c2 c7c6 h2h3","{move=a2a4, main_pv=a2a4,c8b7,d1c2,c7c6,h2h3, helper_submitted=1, aborted=false, helper_exited=1, helper_exceptions=0, search_elapsed_ns=3231249800, helper_started=1, main_score_cp=60, main_qnodes=2891435, source=main-result, main_tt_hits=216181, abort_ms=3231, main_move=a2a4, main_nodes=1062677, search=138, main_depth=13, legal=true, helper_pending=0, bestmove_ms=3231, event=bestmove, latest_move=a2a4}"
"measured","1","15","r4rk1/1pp1qppp/p1np1n2/2b1p1B1/2B1P1b1/P1NP1N2/1PP1QPPP/R4RK1 w - - 0 10","1","139","13","939472","2736571","234416","3312","283657","555","555","c3d5","c3d5","main-result","true","939472","283595.448","3312718900","0","0","0","0","info depth 13 seldepth 25 score cp 146 nodes 939472 nps 283657 time 3312 hashfull 555 pv c3d5 e7d8 c2c3 g4e6 b2b4 c5b6 g5f6 g7f6 h2h3 e6d5","{move=c3d5, main_pv=c3d5,e7d8,c2c3,g4e6,b2b4,c5b6,g5f6,g7f6,h2h3,e6d5, helper_submitted=0, aborted=false, helper_exited=0, helper_exceptions=0, search_elapsed_ns=3312581900, helper_started=0, main_score_cp=146, main_qnodes=2736571, source=main-result, main_tt_hits=234416, abort_ms=3312, main_move=c3d5, main_nodes=939472, search=139, main_depth=13, legal=true, helper_pending=0, bestmove_ms=3312, event=bestmove, latest_move=c3d5}"
"measured","1","15","r4rk1/1pp1qppp/p1np1n2/2b1p1B1/2B1P1b1/P1NP1N2/1PP1QPPP/R4RK1 w - - 0 10","2","140","13","649853","1534826","250442","2198","295656","448","448","c3d5","c3d5","main-result","true","1295567","589209.586","2198822000","1","1","1","0","info depth 13 seldepth 25 score cp 148 nodes 649853 nps 295656 time 2198 hashfull 448 pv c3d5 e7d8 g5f6 g7f6 c2c3 b7b5 c4a2 g4e6 b2b4 c5b6 d3d4 e5d4 d5b6 c7b6 c3d4 e6a2","{move=c3d5, main_pv=c3d5,e7d8,g5f6,g7f6,c2c3,b7b5,c4a2,g4e6,b2b4,c5b6,d3d4,e5d4,d5b6,c7b6,c3d4,e6a2, helper_submitted=1, aborted=false, helper_exited=1, helper_exceptions=0, search_elapsed_ns=2198704400, helper_started=1, main_score_cp=148, main_qnodes=1534826, source=main-result, main_tt_hits=250442, abort_ms=2198, main_move=c3d5, main_nodes=649853, search=140, main_depth=13, legal=true, helper_pending=0, bestmove_ms=2198, event=bestmove, latest_move=c3d5}"
"measured","1","15","r4rk1/1pp1qppp/p1np1n2/2b1p1B1/2B1P1b1/P1NP1N2/1PP1QPPP/R4RK1 w - - 0 10","4","141","13","513621","1172723","243197","1687","304458","714","714","c3d5","c3d5","main-result","true","2028653","1201603.992","1688287500","3","3","3","0","info depth 13 seldepth 26 score cp 154 nodes 513621 nps 304458 time 1687 hashfull 714 pv c3d5 e7d8 g5f6 g7f6 c2c3 g4e6 b2b4 c5b6 h2h3 e6d5 c4d5 d8c8 d5c6 b7c6 d3d4 c8e6","{move=c3d5, main_pv=c3d5,e7d8,g5f6,g7f6,c2c3,g4e6,b2b4,c5b6,h2h3,e6d5,c4d5,d8c8,d5c6,b7c6,d3d4,c8e6, helper_submitted=3, aborted=false, helper_exited=3, helper_exceptions=0, search_elapsed_ns=1688167100, helper_started=3, main_score_cp=154, main_qnodes=1172723, source=main-result, main_tt_hits=243197, abort_ms=1688, main_move=c3d5, main_nodes=513621, search=141, main_depth=13, legal=true, helper_pending=0, bestmove_ms=1688, event=bestmove, latest_move=c3d5}"
"measured","1","16","r3k2r/pb3p2/5npp/n2p4/1p1PPB2/6P1/P2N1PBP/R3K2R b KQkq - 0 13","2","142","13","732746","1955295","172235","2005","365459","689","689","d5e4","d5e4","main-result","true","1442644","718902.641","2006730700","1","1","1","0","info depth 13 seldepth 24 score cp -47 nodes 732746 nps 365459 time 2005 hashfull 689 pv d5e4 e1g1 a8c8 f1b1 e4e3 g2b7 a5b7 f4e3 f6d5 b1e1 e8f8 a2a3 c8c2","{move=d5e4, main_pv=d5e4,e1g1,a8c8,f1b1,e4e3,g2b7,a5b7,f4e3,f6d5,b1e1,e8f8,a2a3,c8c2, helper_submitted=1, aborted=false, helper_exited=1, helper_exceptions=0, search_elapsed_ns=2006615800, helper_started=1, main_score_cp=-47, main_qnodes=1955295, source=main-result, main_tt_hits=172235, abort_ms=2006, main_move=d5e4, main_nodes=732746, search=142, main_depth=13, legal=true, helper_pending=0, bestmove_ms=2006, event=bestmove, latest_move=d5e4}"
"measured","1","16","r3k2r/pb3p2/5npp/n2p4/1p1PPB2/6P1/P2N1PBP/R3K2R b KQkq - 0 13","4","143","13","497785","1323933","179120","1456","341885","739","739","d5e4","d5e4","main-result","true","1953810","1340436.462","1457592400","3","3","3","0","info depth 13 seldepth 25 score cp -47 nodes 497785 nps 341885 time 1456 hashfull 739 pv d5e4 e1g1 a8c8 f1b1 e4e3 g2b7 a5b7 f4e3 f6d5 b1e1 e8f8 a2a3 c8c2","{move=d5e4, main_pv=d5e4,e1g1,a8c8,f1b1,e4e3,g2b7,a5b7,f4e3,f6d5,b1e1,e8f8,a2a3,c8c2, helper_submitted=3, aborted=false, helper_exited=3, helper_exceptions=0, search_elapsed_ns=1457441100, helper_started=3, main_score_cp=-47, main_qnodes=1323933, source=main-result, main_tt_hits=179120, abort_ms=1457, main_move=d5e4, main_nodes=497785, search=143, main_depth=13, legal=true, helper_pending=0, bestmove_ms=1457, event=bestmove, latest_move=d5e4}"
"measured","1","16","r3k2r/pb3p2/5npp/n2p4/1p1PPB2/6P1/P2N1PBP/R3K2R b KQkq - 0 13","1","144","13","815181","2129931","142547","2182","373593","526","526","d5e4","d5e4","main-result","true","815181","373323.098","2183580400","0","0","0","0","info depth 13 seldepth 25 score cp -51 nodes 815181 nps 373593 time 2182 hashfull 526 pv d5e4 e1g1 a8c8 f1b1 c8c2 b1b4 f6d5 b4b7 a5b7 g2e4 d5f4 e4c2 f4e2 g1g2","{move=d5e4, main_pv=d5e4,e1g1,a8c8,f1b1,c8c2,b1b4,f6d5,b4b7,a5b7,g2e4,d5f4,e4c2,f4e2,g1g2, helper_submitted=0, aborted=false, helper_exited=0, helper_exceptions=0, search_elapsed_ns=2183458400, helper_started=0, main_score_cp=-51, main_qnodes=2129931, source=main-result, main_tt_hits=142547, abort_ms=2183, main_move=d5e4, main_nodes=815181, search=144, main_depth=13, legal=true, helper_pending=0, bestmove_ms=2183, event=bestmove, latest_move=d5e4}"
"measured","1","17","rr6/2pq2pk/p2p1pnp/8/2QBPP2/1P6/P5PP/4RRK1 b - - 2 25","4","145","13","229389","556807","105370","633","362383","487","487","a6a5","a6a5","main-result","true","913243","1438481.959","634865800","3","3","3","0","info depth 13 seldepth 25 score cp -49 nodes 229389 nps 362383 time 633 hashfull 487 pv a6a5 f4f5 g6e5 d4e5 f6e5","{move=a6a5, main_pv=a6a5,f4f5,g6e5,d4e5,f6e5, helper_submitted=3, aborted=false, helper_exited=3, helper_exceptions=0, search_elapsed_ns=634749700, helper_started=3, main_score_cp=-49, main_qnodes=556807, source=main-result, main_tt_hits=105370, abort_ms=634, main_move=a6a5, main_nodes=229389, search=145, main_depth=13, legal=true, helper_pending=0, bestmove_ms=634, event=bestmove, latest_move=a6a5}"
"measured","1","17","rr6/2pq2pk/p2p1pnp/8/2QBPP2/1P6/P5PP/4RRK1 b - - 2 25","1","146","13","467210","1084544","118962","1228","380464","327","327","a6a5","a6a5","main-result","true","467210","380003.894","1229487400","0","0","0","0","info depth 13 seldepth 23 score cp -48 nodes 467210 nps 380464 time 1228 hashfull 327 pv a6a5 f4f5 g6e5 d4e5 f6e5 f5f6 a5a4 b3b4 g7f6 f1f6 b8f8 e1f1 f8f6","{move=a6a5, main_pv=a6a5,f4f5,g6e5,d4e5,f6e5,f5f6,a5a4,b3b4,g7f6,f1f6,b8f8,e1f1,f8f6, helper_submitted=0, aborted=false, helper_exited=0, helper_exceptions=0, search_elapsed_ns=1229368400, helper_started=0, main_score_cp=-48, main_qnodes=1084544, source=main-result, main_tt_hits=118962, abort_ms=1229, main_move=a6a5, main_nodes=467210, search=146, main_depth=13, legal=true, helper_pending=0, bestmove_ms=1229, event=bestmove, latest_move=a6a5}"
"measured","1","17","rr6/2pq2pk/p2p1pnp/8/2QBPP2/1P6/P5PP/4RRK1 b - - 2 25","2","147","13","378856","850796","144341","1110","341311","456","456","a6a5","a6a5","main-result","true","791747","712563.393","1111125000","1","1","1","0","info depth 13 seldepth 23 score cp -52 nodes 378856 nps 341311 time 1110 hashfull 456 pv a6a5 a2a4 c7c5 d4c3 b8e8 e1d1 d7e7 f4f5 g6e5 c4e2 a8b8 d1b1 e7c7","{move=a6a5, main_pv=a6a5,a2a4,c7c5,d4c3,b8e8,e1d1,d7e7,f4f5,g6e5,c4e2,a8b8,d1b1,e7c7, helper_submitted=1, aborted=false, helper_exited=1, helper_exceptions=0, search_elapsed_ns=1111006100, helper_started=1, main_score_cp=-52, main_qnodes=850796, source=main-result, main_tt_hits=144341, abort_ms=1111, main_move=a6a5, main_nodes=378856, search=147, main_depth=13, legal=true, helper_pending=0, bestmove_ms=1111, event=bestmove, latest_move=a6a5}"
"measured","1","18","r1bqkb1r/ppp2ppp/4pn2/3p4/2PP4/8/PP2PPPP/RNBQKBNR w KQkq d6 0 5","1","148","13","1369277","3362585","278464","3483","393131","644","644","e2e3","e2e3","main-result","true","1369277","392956.036","3484555200","0","0","0","0","info depth 13 seldepth 24 score cp 386 nodes 1369277 nps 393131 time 3483 hashfull 644 pv e2e3 c7c5 g1f3 c5d4 e3d4 f8b4 c1d2 b4e7 f1e2 d5c4 e1g1 c8d7 f3e5 e8g8","{move=e2e3, main_pv=e2e3,c7c5,g1f3,c5d4,e3d4,f8b4,c1d2,b4e7,f1e2,d5c4,e1g1,c8d7,f3e5,e8g8, helper_submitted=0, aborted=false, helper_exited=0, helper_exceptions=0, search_elapsed_ns=3484435900, helper_started=0, main_score_cp=386, main_qnodes=3362585, source=main-result, main_tt_hits=278464, abort_ms=3484, main_move=e2e3, main_nodes=1369277, search=148, main_depth=13, legal=true, helper_pending=0, bestmove_ms=3484, event=bestmove, latest_move=e2e3}"
"measured","1","18","r1bqkb1r/ppp2ppp/4pn2/3p4/2PP4/8/PP2PPPP/RNBQKBNR w KQkq d6 0 5","2","149","13","1164262","2887089","247847","3032","383991","834","834","e2e3","e2e3","main-result","true","2327967","767362.262","3033726200","1","1","1","0","info depth 13 seldepth 25 score cp 389 nodes 1164262 nps 383991 time 3032 hashfull 834 pv e2e3 f8e7 c4d5 e6d5 f1d3 c7c6 g1f3 c8d7","{move=e2e3, main_pv=e2e3,f8e7,c4d5,e6d5,f1d3,c7c6,g1f3,c8d7, helper_submitted=1, aborted=false, helper_exited=1, helper_exceptions=0, search_elapsed_ns=3033613500, helper_started=1, main_score_cp=389, main_qnodes=2887089, source=main-result, main_tt_hits=247847, abort_ms=3033, main_move=e2e3, main_nodes=1164262, search=149, main_depth=13, legal=true, helper_pending=0, bestmove_ms=3033, event=bestmove, latest_move=e2e3}"
"measured","1","18","r1bqkb1r/ppp2ppp/4pn2/3p4/2PP4/8/PP2PPPP/RNBQKBNR w KQkq d6 0 5","4","150","13","819676","2062805","184539","2198","372919","894","894","g1f3","g1f3","main-result","true","3223647","1465606.665","2199530800","3","3","3","0","info depth 13 seldepth 27 score cp 388 nodes 819676 nps 372919 time 2198 hashfull 894 pv g1f3","{move=g1f3, main_pv=g1f3, helper_submitted=3, aborted=false, helper_exited=3, helper_exceptions=0, search_elapsed_ns=2199395900, helper_started=3, main_score_cp=388, main_qnodes=2062805, source=main-result, main_tt_hits=184539, abort_ms=2199, main_move=g1f3, main_nodes=819676, search=150, main_depth=13, legal=true, helper_pending=0, bestmove_ms=2199, event=bestmove, latest_move=g1f3}"
"measured","1","19","2r3k1/4qpp1/3p3p/B1pP4/P1P1p1b1/1P4Pp/3Q1P1P/R3R1K1 w - - 0 28","2","151","13","378538","904914","159234","940","402700","387","387","a5c3","a5c3","main-result","true","746275","792840.252","941267800","1","1","1","0","info depth 13 seldepth 24 score cp 643 nodes 378538 nps 402700 time 940 hashfull 387 pv a5c3 c8b8 a4a5 g4c8 a5a6 b8a8 d2f4 f7f5 b3b4 a8a6 a1a6 c8a6 f4f5","{move=a5c3, main_pv=a5c3,c8b8,a4a5,g4c8,a5a6,b8a8,d2f4,f7f5,b3b4,a8a6,a1a6,c8a6,f4f5, helper_submitted=1, aborted=false, helper_exited=1, helper_exceptions=0, search_elapsed_ns=941115700, helper_started=1, main_score_cp=643, main_qnodes=904914, source=main-result, main_tt_hits=159234, abort_ms=941, main_move=a5c3, main_nodes=378538, search=151, main_depth=13, legal=true, helper_pending=0, bestmove_ms=941, event=bestmove, latest_move=a5c3}"
"measured","1","19","2r3k1/4qpp1/3p3p/B1pP4/P1P1p1b1/1P4Pp/3Q1P1P/R3R1K1 w - - 0 28","4","152","13","245439","566060","101914","620","395869","530","530","a5c3","a5c3","main-result","true","956196","1538224.442","621623200","3","3","3","0","info depth 13 seldepth 22 score cp 644 nodes 245439 nps 395869 time 620 hashfull 530 pv a5c3 c8a8 a4a5 g4f3 a5a6","{move=a5c3, main_pv=a5c3,c8a8,a4a5,g4f3,a5a6, helper_submitted=3, aborted=false, helper_exited=3, helper_exceptions=0, search_elapsed_ns=621485300, helper_started=3, main_score_cp=644, main_qnodes=566060, source=main-result, main_tt_hits=101914, abort_ms=621, main_move=a5c3, main_nodes=245439, search=152, main_depth=13, legal=true, helper_pending=0, bestmove_ms=621, event=bestmove, latest_move=a5c3}"
"measured","1","19","2r3k1/4qpp1/3p3p/B1pP4/P1P1p1b1/1P4Pp/3Q1P1P/R3R1K1 w - - 0 28","1","153","13","437737","1039288","140745","1067","410250","301","301","a5c3","a5c3","main-result","true","437737","409587.984","1068725200","0","0","0","0","info depth 13 seldepth 22 score cp 640 nodes 437737 nps 410250 time 1067 hashfull 301 pv a5c3 c8b8 a4a5 g4f3 a5a6 e7a7 d2c2 f7f5 c2b2 b8b6 b2a2 b6b8 a2c2","{move=a5c3, main_pv=a5c3,c8b8,a4a5,g4f3,a5a6,e7a7,d2c2,f7f5,c2b2,b8b6,b2a2,b6b8,a2c2, helper_submitted=0, aborted=false, helper_exited=0, helper_exceptions=0, search_elapsed_ns=1068523800, helper_started=0, main_score_cp=640, main_qnodes=1039288, source=main-result, main_tt_hits=140745, abort_ms=1068, main_move=a5c3, main_nodes=437737, search=153, main_depth=13, legal=true, helper_pending=0, bestmove_ms=1068, event=bestmove, latest_move=a5c3}"
"measured","1","20","r4rk1/3qppbp/6p1/2p1n3/2B1P3/2P5/P2Q1PPP/R4RK1 b - - 0 20","4","154","13","112749","187443","86225","257","438712","149","149","d7d2","d7d2","main-result","true","452790","1752107.664","258425900","3","3","3","0","info depth 13 seldepth 22 score cp 1594 nodes 112749 nps 438712 time 257 hashfull 149 pv d7d2 c4d5 a8b8 f1d1 d2c3 a1c1 c3a5 h2h3 e7e6 d5b3 a5b4 d1d6 b8d8","{move=d7d2, main_pv=d7d2,c4d5,a8b8,f1d1,d2c3,a1c1,c3a5,h2h3,e7e6,d5b3,a5b4,d1d6,b8d8, helper_submitted=3, aborted=false, helper_exited=3, helper_exceptions=0, search_elapsed_ns=258298200, helper_started=3, main_score_cp=1594, main_qnodes=187443, source=main-result, main_tt_hits=86225, abort_ms=258, main_move=d7d2, main_nodes=112749, search=154, main_depth=13, legal=true, helper_pending=0, bestmove_ms=258, event=bestmove, latest_move=d7d2}"
"measured","1","20","r4rk1/3qppbp/6p1/2p1n3/2B1P3/2P5/P2Q1PPP/R4RK1 b - - 0 20","1","155","13","150814","238508","80953","319","472771","126","126","d7d2","d7d2","main-result","true","150814","470785.302","320345600","0","0","0","0","info depth 13 seldepth 21 score cp 1583 nodes 150814 nps 472771 time 319 hashfull 126 pv d7d2 f1d1 d2c3 a1c1 c3a5 c4b3 g7h6 c1b1 e7e6 a2a4 c5c4 b3c2 a5c3","{move=d7d2, main_pv=d7d2,f1d1,d2c3,a1c1,c3a5,c4b3,g7h6,c1b1,e7e6,a2a4,c5c4,b3c2,a5c3, helper_submitted=0, aborted=false, helper_exited=0, helper_exceptions=0, search_elapsed_ns=320229100, helper_started=0, main_score_cp=1583, main_qnodes=238508, source=main-result, main_tt_hits=80953, abort_ms=320, main_move=d7d2, main_nodes=150814, search=155, main_depth=13, legal=true, helper_pending=0, bestmove_ms=320, event=bestmove, latest_move=d7d2}"
"measured","1","20","r4rk1/3qppbp/6p1/2p1n3/2B1P3/2P5/P2Q1PPP/R4RK1 b - - 0 20","2","156","13","143239","240585","83204","327","438039","113","113","d7d2","d7d2","main-result","true","284778","866333.674","328716300","1","1","1","0","info depth 13 seldepth 20 score cp 1594 nodes 143239 nps 438039 time 327 hashfull 113 pv d7d2 c4d5 a8b8 f1d1 d2c3 a1c1 c3a5 h2h3","{move=d7d2, main_pv=d7d2,c4d5,a8b8,f1d1,d2c3,a1c1,c3a5,h2h3, helper_submitted=1, aborted=false, helper_exited=1, helper_exceptions=0, search_elapsed_ns=328607700, helper_started=1, main_score_cp=1594, main_qnodes=240585, source=main-result, main_tt_hits=83204, abort_ms=328, main_move=d7d2, main_nodes=143239, search=156, main_depth=13, legal=true, helper_pending=0, bestmove_ms=328, event=bestmove, latest_move=d7d2}"
"measured","1","21","1rr3k1/4ppb1/2q1bnpp/3p4/2pP4/2P1BNNP/PP3PPK/2QRR3 b - - 6 26","1","157","13","2172114","4644866","454851","5984","362986","817","817","c6a6","c6a6","main-result","true","2172114","362913.540","5985210700","0","0","0","0","info depth 13 seldepth 23 score cp -37 nodes 2172114 nps 362986 time 5984 hashfull 817 pv c6a6 e3h6 g7h6 c1h6 b8b2 h2g1 a6d6","{move=c6a6, main_pv=c6a6,e3h6,g7h6,c1h6,b8b2,h2g1,a6d6, helper_submitted=0, aborted=false, helper_exited=0, helper_exceptions=0, search_elapsed_ns=5985092300, helper_started=0, main_score_cp=-37, main_qnodes=4644866, source=main-result, main_tt_hits=454851, abort_ms=5985, main_move=c6a6, main_nodes=2172114, search=157, main_depth=13, legal=true, helper_pending=0, bestmove_ms=5985, event=bestmove, latest_move=c6a6}"
"measured","1","21","1rr3k1/4ppb1/2q1bnpp/3p4/2pP4/2P1BNNP/PP3PPK/2QRR3 b - - 6 26","2","158","13","1072886","2398432","303327","3076","348792","799","799","g8h7","g8h7","main-result","true","2164769","703459.316","3077319400","1","1","1","0","info depth 13 seldepth 24 score cp -37 nodes 1072886 nps 348792 time 3076 hashfull 799 pv g8h7 a2a3 b8a8 h2g1 c8e8","{move=g8h7, main_pv=g8h7,a2a3,b8a8,h2g1,c8e8, helper_submitted=1, aborted=false, helper_exited=1, helper_exceptions=0, search_elapsed_ns=3077202100, helper_started=1, main_score_cp=-37, main_qnodes=2398432, source=main-result, main_tt_hits=303327, abort_ms=3077, main_move=g8h7, main_nodes=1072886, search=158, main_depth=13, legal=true, helper_pending=0, bestmove_ms=3077, event=bestmove, latest_move=g8h7}"
"measured","1","21","1rr3k1/4ppb1/2q1bnpp/3p4/2pP4/2P1BNNP/PP3PPK/2QRR3 b - - 6 26","4","159","13","899230","2004557","285857","2661","337929","925","925","g6g5","g6g5","main-result","true","3617381","1358711.838","2662360700","3","3","3","0","info depth 13 seldepth 22 score cp -35 nodes 899230 nps 337929 time 2661 hashfull 925 pv g6g5 f3e5 c6b6 e1e2 b8a8","{move=g6g5, main_pv=g6g5,f3e5,c6b6,e1e2,b8a8, helper_submitted=3, aborted=false, helper_exited=3, helper_exceptions=0, search_elapsed_ns=2662202200, helper_started=3, main_score_cp=-35, main_qnodes=2004557, source=main-result, main_tt_hits=285857, abort_ms=2662, main_move=g6g5, main_nodes=899230, search=159, main_depth=13, legal=true, helper_pending=0, bestmove_ms=2662, event=bestmove, latest_move=g6g5}"
"measured","1","22","r3r1k1/6pp/bq2p3/p1pn4/Pn1N4/1B3P2/1PP2QBP/3RR1K1 w - - 0 24","2","160","13","398366","979215","189286","1211","328956","369","369","d4e6","d4e6","main-result","true","800640","660294.312","1212550200","1","1","1","0","info depth 13 seldepth 26 score cp 46 nodes 398366 nps 328956 time 1211 hashfull 369 pv d4e6 c5c4 f2b6 d5b6 c2c3 b4d3 d1d3 c4d3 e6c7 g8f8","{move=d4e6, main_pv=d4e6,c5c4,f2b6,d5b6,c2c3,b4d3,d1d3,c4d3,e6c7,g8f8, helper_submitted=1, aborted=false, helper_exited=1, helper_exceptions=0, search_elapsed_ns=1212433900, helper_started=1, main_score_cp=46, main_qnodes=979215, source=main-result, main_tt_hits=189286, abort_ms=1212, main_move=d4e6, main_nodes=398366, search=160, main_depth=13, legal=true, helper_pending=0, bestmove_ms=1212, event=bestmove, latest_move=d4e6}"
"measured","1","22","r3r1k1/6pp/bq2p3/p1pn4/Pn1N4/1B3P2/1PP2QBP/3RR1K1 w - - 0 24","4","161","13","239705","583322","135668","766","312930","404","404","d4b5","d4b5","main-result","true","958786","1248668.354","767846800","3","3","3","0","info depth 13 seldepth 26 score cp 46 nodes 239705 nps 312930 time 766 hashfull 404 pv d4b5","{move=d4b5, main_pv=d4b5, helper_submitted=3, aborted=false, helper_exited=3, helper_exceptions=0, search_elapsed_ns=767710500, helper_started=3, main_score_cp=46, main_qnodes=583322, source=main-result, main_tt_hits=135668, abort_ms=767, main_move=d4b5, main_nodes=239705, search=161, main_depth=13, legal=true, helper_pending=0, bestmove_ms=767, event=bestmove, latest_move=d4b5}"
"measured","1","22","r3r1k1/6pp/bq2p3/p1pn4/Pn1N4/1B3P2/1PP2QBP/3RR1K1 w - - 0 24","1","162","13","581587","1343701","174350","1655","351412","365","365","d4b5","d4b5","main-result","true","581587","351238.630","1655817300","0","0","0","0","info depth 13 seldepth 26 score cp 24 nodes 581587 nps 351412 time 1655 hashfull 365 pv d4b5 a6b5 a4b5 d5f4 b3c4 a8d8 d1d8 e8d8 h2h4 b4d5 c2c3 b6c7 g1h2","{move=d4b5, main_pv=d4b5,a6b5,a4b5,d5f4,b3c4,a8d8,d1d8,e8d8,h2h4,b4d5,c2c3,b6c7,g1h2, helper_submitted=0, aborted=false, helper_exited=0, helper_exceptions=0, search_elapsed_ns=1655694700, helper_started=0, main_score_cp=24, main_qnodes=1343701, source=main-result, main_tt_hits=174350, abort_ms=1655, main_move=d4b5, main_nodes=581587, search=162, main_depth=13, legal=true, helper_pending=0, bestmove_ms=1655, event=bestmove, latest_move=d4b5}"
"measured","1","23","r2r4/8/k2N4/6B1/p7/P5P1/4K2P/1R6 w - - 4 46","4","163","13","108085","233412","82662","197","548654","137","137","g5d8","g5d8","main-result","true","429478","2165222.775","198352800","3","3","3","0","info depth 13 seldepth 24 score cp 688 nodes 108085 nps 548654 time 197 hashfull 137 pv g5d8 a8d8 d6c4 d8e8 e2f3 e8f8 f3g2 f8e8 h2h4 e8e2 g2f3 e2c2 b1b6 a6a7 b6b4 c2c3 f3f4 a7a6 b4b6","{move=g5d8, main_pv=g5d8,a8d8,d6c4,d8e8,e2f3,e8f8,f3g2,f8e8,h2h4,e8e2,g2f3,e2c2,b1b6,a6a7,b6b4,c2c3,f3f4,a7a6,b4b6, helper_submitted=3, aborted=false, helper_exited=3, helper_exceptions=0, search_elapsed_ns=198233200, helper_started=3, main_score_cp=688, main_qnodes=233412, source=main-result, main_tt_hits=82662, abort_ms=198, main_move=g5d8, main_nodes=108085, search=163, main_depth=13, legal=true, helper_pending=0, bestmove_ms=198, event=bestmove, latest_move=g5d8}"
"measured","1","23","r2r4/8/k2N4/6B1/p7/P5P1/4K2P/1R6 w - - 4 46","1","164","13","176857","395806","91055","308","574211","115","115","g5d8","g5d8","main-result","true","176857","571974.766","309204200","0","0","0","0","info depth 13 seldepth 23 score cp 682 nodes 176857 nps 574211 time 308 hashfull 115 pv g5d8 a8d8 d6c4 d8g8 b1b6 a6a7 b6b4 a7a6 e2d3 g8d8 d3c2 d8g8 c4d6 a6a5 d6b7 a5a6 b7c5 a6a5","{move=g5d8, main_pv=g5d8,a8d8,d6c4,d8g8,b1b6,a6a7,b6b4,a7a6,e2d3,g8d8,d3c2,d8g8,c4d6,a6a5,d6b7,a5a6,b7c5,a6a5, helper_submitted=0, aborted=false, helper_exited=0, helper_exceptions=0, search_elapsed_ns=309083300, helper_started=0, main_score_cp=682, main_qnodes=395806, source=main-result, main_tt_hits=91055, abort_ms=309, main_move=g5d8, main_nodes=176857, search=164, main_depth=13, legal=true, helper_pending=0, bestmove_ms=309, event=bestmove, latest_move=g5d8}"
"measured","1","23","r2r4/8/k2N4/6B1/p7/P5P1/4K2P/1R6 w - - 4 46","2","165","13","114734","259392","75364","201","570815","131","131","g5d8","g5d8","main-result","true","232106","1144619.785","202780000","1","1","1","0","info depth 13 seldepth 24 score cp 683 nodes 114734 nps 570815 time 201 hashfull 131 pv g5d8 a8d8 d6c4 d8e8 e2f3 e8f8 f3g2 f8d8 b1b6 a6a7 b6b4 a7a6 h2h4 d8d4 g2f3 d4d3 f3f4 d3d1","{move=g5d8, main_pv=g5d8,a8d8,d6c4,d8e8,e2f3,e8f8,f3g2,f8d8,b1b6,a6a7,b6b4,a7a6,h2h4,d8d4,g2f3,d4d3,f3f4,d3d1, helper_submitted=1, aborted=false, helper_exited=1, helper_exceptions=0, search_elapsed_ns=202666900, helper_started=1, main_score_cp=683, main_qnodes=259392, source=main-result, main_tt_hits=75364, abort_ms=202, main_move=g5d8, main_nodes=114734, search=165, main_depth=13, legal=true, helper_pending=0, bestmove_ms=202, event=bestmove, latest_move=g5d8}"
"measured","1","24","8/3b2kp/4p1p1/1p1n4/1P6/3NB3/6PP/6K1 b - - 0 34","1","166","13","57130","103865","23770","85","672117","38","38","d5e3","d5e3","main-result","true","57130","659758.431","86592300","0","0","0","0","info depth 13 seldepth 21 score cp 509 nodes 57130 nps 672117 time 85 hashfull 38 pv d5e3 g1f2 e3d5 d3c5 d7c8 c5d3 g7f6 f2f3 e6e5 f3e4 d5c3 e4e3 e5e4 d3c5","{move=d5e3, main_pv=d5e3,g1f2,e3d5,d3c5,d7c8,c5d3,g7f6,f2f3,e6e5,f3e4,d5c3,e4e3,e5e4,d3c5, helper_submitted=0, aborted=false, helper_exited=0, helper_exceptions=0, search_elapsed_ns=86477700, helper_started=0, main_score_cp=509, main_qnodes=103865, source=main-result, main_tt_hits=23770, abort_ms=86, main_move=d5e3, main_nodes=57130, search=166, main_depth=13, legal=true, helper_pending=0, bestmove_ms=86, event=bestmove, latest_move=d5e3}"
"measured","1","24","8/3b2kp/4p1p1/1p1n4/1P6/3NB3/6PP/6K1 b - - 0 34","2","167","13","45867","87787","22205","70","655242","34","34","d5e3","d5e3","main-result","true","91630","1285367.599","71287000","1","1","1","0","info depth 13 seldepth 21 score cp 509 nodes 45867 nps 655242 time 70 hashfull 34 pv d5e3 g1f2 e3d5 d3c5 d7c8 c5d3 g7f6 f2f3 e6e5 f3e4 d5c3 e4e3 e5e4 d3c5","{move=d5e3, main_pv=d5e3,g1f2,e3d5,d3c5,d7c8,c5d3,g7f6,f2f3,e6e5,f3e4,d5c3,e4e3,e5e4,d3c5, helper_submitted=1, aborted=false, helper_exited=1, helper_exceptions=0, search_elapsed_ns=71179400, helper_started=1, main_score_cp=509, main_qnodes=87787, source=main-result, main_tt_hits=22205, abort_ms=71, main_move=d5e3, main_nodes=45867, search=167, main_depth=13, legal=true, helper_pending=0, bestmove_ms=71, event=bestmove, latest_move=d5e3}"
"measured","1","24","8/3b2kp/4p1p1/1p1n4/1P6/3NB3/6PP/6K1 b - - 0 34","4","168","13","53852","99596","28506","83","648819","58","58","d5e3","d5e3","main-result","true","213542","2531870.394","84341600","3","3","3","0","info depth 13 seldepth 21 score cp 509 nodes 53852 nps 648819 time 83 hashfull 58 pv d5e3 g1f2 e3d5 d3c5 d7c8 c5d3 g7f6 f2f3 e6e5 f3e4 d5c3 e4e3 e5e4 d3c5","{move=d5e3, main_pv=d5e3,g1f2,e3d5,d3c5,d7c8,c5d3,g7f6,f2f3,e6e5,f3e4,d5c3,e4e3,e5e4,d3c5, helper_submitted=3, aborted=false, helper_exited=3, helper_exceptions=0, search_elapsed_ns=84149300, helper_started=3, main_score_cp=509, main_qnodes=99596, source=main-result, main_tt_hits=28506, abort_ms=84, main_move=d5e3, main_nodes=53852, search=168, main_depth=13, legal=true, helper_pending=0, bestmove_ms=84, event=bestmove, latest_move=d5e3}"
"measured","1","25","r3k2r/4npp1/1pq1p2p/p6b/PpP1PP1P/7N/2P1QP2/R1B2RK1 b kq - 0 18","2","169","13","126734","389042","51861","331","382882","167","167","h5e2","h5e2","main-result","true","256900","772810.778","332422900","1","1","1","0","info depth 13 seldepth 26 score cp 1580 nodes 126734 nps 382882 time 331 hashfull 167 pv h5e2 f1e1 c6e4 c1e3 e4c4 e3b6 e7f5 g1h2 f5h4 e1c1 e8g8 h2g3 c4c6","{move=h5e2, main_pv=h5e2,f1e1,c6e4,c1e3,e4c4,e3b6,e7f5,g1h2,f5h4,e1c1,e8g8,h2g3,c4c6, helper_submitted=1, aborted=false, helper_exited=1, helper_exceptions=0, search_elapsed_ns=332307600, helper_started=1, main_score_cp=1580, main_qnodes=389042, source=main-result, main_tt_hits=51861, abort_ms=332, main_move=h5e2, main_nodes=126734, search=169, main_depth=13, legal=true, helper_pending=0, bestmove_ms=332, event=bestmove, latest_move=h5e2}"
"measured","1","25","r3k2r/4npp1/1pq1p2p/p6b/PpP1PP1P/7N/2P1QP2/R1B2RK1 b kq - 0 18","4","170","13","70118","150598","53647","178","393921","76","76","h5e2","h5e2","main-result","true","274999","1536579.383","178968300","3","3","3","0","info depth 13 seldepth 21 score cp 1553 nodes 70118 nps 393921 time 178 hashfull 76 pv h5e2 f1e1 c6e4 c1e3 e4c4 e3b6 e7f5 g1h2 f5h4","{move=h5e2, main_pv=h5e2,f1e1,c6e4,c1e3,e4c4,e3b6,e7f5,g1h2,f5h4, helper_submitted=3, aborted=false, helper_exited=3, helper_exceptions=0, search_elapsed_ns=178827000, helper_started=3, main_score_cp=1553, main_qnodes=150598, source=main-result, main_tt_hits=53647, abort_ms=178, main_move=h5e2, main_nodes=70118, search=170, main_depth=13, legal=true, helper_pending=0, bestmove_ms=178, event=bestmove, latest_move=h5e2}"
"measured","1","25","r3k2r/4npp1/1pq1p2p/p6b/PpP1PP1P/7N/2P1QP2/R1B2RK1 b kq - 0 18","1","171","13","145819","320245","48975","344","423892","105","105","h5e2","h5e2","main-result","true","145819","421842.093","345672000","0","0","0","0","info depth 13 seldepth 24 score cp 1578 nodes 145819 nps 423892 time 344 hashfull 105 pv h5e2 f1e1 c6e4 c1e3 e4c4 g1h2 e8g8 e3b6 e7f5 a1c1 f5h4 h2g3 h4f3 e1h1","{move=h5e2, main_pv=h5e2,f1e1,c6e4,c1e3,e4c4,g1h2,e8g8,e3b6,e7f5,a1c1,f5h4,h2g3,h4f3,e1h1, helper_submitted=0, aborted=false, helper_exited=0, helper_exceptions=0, search_elapsed_ns=345550800, helper_started=0, main_score_cp=1578, main_qnodes=320245, source=main-result, main_tt_hits=48975, abort_ms=345, main_move=h5e2, main_nodes=145819, search=171, main_depth=13, legal=true, helper_pending=0, bestmove_ms=345, event=bestmove, latest_move=h5e2}"
"measured","1","26","8/8/k7/1p6/2p5/2P1K3/8/8 b - - 0 67","4","172","13","47309","119426","32731","61","775557","20","20","a6a5","a6a5","main-result","true","187310","3011734.364","62193400","3","3","3","0","info depth 13 seldepth 21 score cp 346 nodes 47309 nps 775557 time 61 hashfull 20 pv a6a5 e3d4 a5a4 d4c5 a4b3 c5b5 b3c3 b5c5 c3d3 c5b4 c4c3 b4b3 c3c2 b3b2","{move=a6a5, main_pv=a6a5,e3d4,a5a4,d4c5,a4b3,c5b5,b3c3,b5c5,c3d3,c5b4,c4c3,b4b3,c3c2,b3b2, helper_submitted=3, aborted=false, helper_exited=3, helper_exceptions=0, search_elapsed_ns=62076500, helper_started=3, main_score_cp=346, main_qnodes=119426, source=main-result, main_tt_hits=32731, abort_ms=62, main_move=a6a5, main_nodes=47309, search=172, main_depth=13, legal=true, helper_pending=0, bestmove_ms=62, event=bestmove, latest_move=a6a5}"
"measured","1","26","8/8/k7/1p6/2p5/2P1K3/8/8 b - - 0 67","1","173","13","47736","108493","31594","61","782557","16","16","a6a5","a6a5","main-result","true","47736","760493.103","62769800","0","0","0","0","info depth 13 seldepth 21 score cp 422 nodes 47736 nps 782557 time 61 hashfull 16 pv a6a5 e3d2 a5a4 d2c2 a4a3 c2d2 a3b2 d2d1 b2c3 d1c1 c3d3 c1d1 c4c3","{move=a6a5, main_pv=a6a5,e3d2,a5a4,d2c2,a4a3,c2d2,a3b2,d2d1,b2c3,d1c1,c3d3,c1d1,c4c3, helper_submitted=0, aborted=false, helper_exited=0, helper_exceptions=0, search_elapsed_ns=62655400, helper_started=0, main_score_cp=422, main_qnodes=108493, source=main-result, main_tt_hits=31594, abort_ms=62, main_move=a6a5, main_nodes=47736, search=173, main_depth=13, legal=true, helper_pending=0, bestmove_ms=62, event=bestmove, latest_move=a6a5}"
"measured","1","26","8/8/k7/1p6/2p5/2P1K3/8/8 b - - 0 67","2","174","13","47640","120684","31514","64","744375","16","16","a6a5","a6a5","main-result","true","94673","1448791.207","65346200","1","1","1","0","info depth 13 seldepth 21 score cp 363 nodes 47640 nps 744375 time 64 hashfull 16 pv a6a5 e3d2 a5a4 d2c2 a4a3 c2c1 a3b3 c1d2 b3b2 d2e2 b2c3 e2e3 b5b4 e3e4 b4b3","{move=a6a5, main_pv=a6a5,e3d2,a5a4,d2c2,a4a3,c2c1,a3b3,c1d2,b3b2,d2e2,b2c3,e2e3,b5b4,e3e4,b4b3, helper_submitted=1, aborted=false, helper_exited=1, helper_exceptions=0, search_elapsed_ns=65235000, helper_started=1, main_score_cp=363, main_qnodes=120684, source=main-result, main_tt_hits=31514, abort_ms=65, main_move=a6a5, main_nodes=47640, search=174, main_depth=13, legal=true, helper_pending=0, bestmove_ms=65, event=bestmove, latest_move=a6a5}"
"measured","1","27","8/6b1/p1p4p/2P5/P1B2P1k/8/2K3P1/8 b - - 0 58","1","175","13","72278","177061","37879","109","663100","53","53","a6a5","a6a5","main-result","true","72278","652979.142","110689600","0","0","0","0","info depth 13 seldepth 22 score cp -118 nodes 72278 nps 663100 time 109 hashfull 53 pv a6a5 c4d5 g7d4 d5c6 d4c5 f4f5 h4g5 c6d7 h6h5 c2d3 h5h4 d3c4 c5d6","{move=a6a5, main_pv=a6a5,c4d5,g7d4,d5c6,d4c5,f4f5,h4g5,c6d7,h6h5,c2d3,h5h4,d3c4,c5d6, helper_submitted=0, aborted=false, helper_exited=0, helper_exceptions=0, search_elapsed_ns=110553500, helper_started=0, main_score_cp=-118, main_qnodes=177061, source=main-result, main_tt_hits=37879, abort_ms=110, main_move=a6a5, main_nodes=72278, search=175, main_depth=13, legal=true, helper_pending=0, bestmove_ms=110, event=bestmove, latest_move=a6a5}"
"measured","1","27","8/6b1/p1p4p/2P5/P1B2P1k/8/2K3P1/8 b - - 0 58","2","176","13","53226","141741","30813","83","641277","75","75","a6a5","a6a5","main-result","true","109144","1299024.042","84020000","1","1","1","0","info depth 13 seldepth 21 score cp -122 nodes 53226 nps 641277 time 83 hashfull 75 pv a6a5 c4d5 g7d4 d5c6 d4c5 c6f3 c5d6 f4f5 h4g5 f3e4 h6h5 c2d3 g5g4","{move=a6a5, main_pv=a6a5,c4d5,g7d4,d5c6,d4c5,c6f3,c5d6,f4f5,h4g5,f3e4,h6h5,c2d3,g5g4, helper_submitted=1, aborted=false, helper_exited=1, helper_exceptions=0, search_elapsed_ns=83894900, helper_started=1, main_score_cp=-122, main_qnodes=141741, source=main-result, main_tt_hits=30813, abort_ms=83, main_move=a6a5, main_nodes=53226, search=176, main_depth=13, legal=true, helper_pending=0, bestmove_ms=83, event=bestmove, latest_move=a6a5}"
"measured","1","27","8/6b1/p1p4p/2P5/P1B2P1k/8/2K3P1/8 b - - 0 58","4","177","13","52140","117985","42361","83","628192","83","83","a6a5","a6a5","main-result","true","205267","2425750.414","84620000","3","3","3","0","info depth 13 seldepth 23 score cp -114 nodes 52140 nps 628192 time 83 hashfull 83 pv a6a5 c4b5 g7f8 b5c6 f8c5 c6f3 c5d6 f4f5 h4g5 g2g4 g5f4 f3e2 d6e5 c2d2","{move=a6a5, main_pv=a6a5,c4b5,g7f8,b5c6,f8c5,c6f3,c5d6,f4f5,h4g5,g2g4,g5f4,f3e2,d6e5,c2d2, helper_submitted=3, aborted=false, helper_exited=3, helper_exceptions=0, search_elapsed_ns=84492100, helper_started=3, main_score_cp=-114, main_qnodes=117985, source=main-result, main_tt_hits=42361, abort_ms=84, main_move=a6a5, main_nodes=52140, search=177, main_depth=13, legal=true, helper_pending=0, bestmove_ms=84, event=bestmove, latest_move=a6a5}"
"measured","1","28","6k1/4pp1p/3p2p1/P1pPb3/R7/1r2P1PP/3B1P2/6K1 w - - 0 40","2","178","13","1460136","5916727","469811","3794","384853","889","889","d2b4","d2b4","main-result","true","2894482","762675.009","3795170900","1","1","1","0","info depth 13 seldepth 26 score cp 250 nodes 1460136 nps 384853 time 3794 hashfull 889 pv d2b4 c5b4 a5a6 b3c3 a6a7 c3c8 a4b4 g8g7","{move=d2b4, main_pv=d2b4,c5b4,a5a6,b3c3,a6a7,c3c8,a4b4,g8g7, helper_submitted=1, aborted=false, helper_exited=1, helper_exceptions=0, search_elapsed_ns=3794997600, helper_started=1, main_score_cp=250, main_qnodes=5916727, source=main-result, main_tt_hits=469811, abort_ms=3794, main_move=d2b4, main_nodes=1460136, search=178, main_depth=13, legal=true, helper_pending=0, bestmove_ms=3794, event=bestmove, latest_move=d2b4}"
"measured","1","28","6k1/4pp1p/3p2p1/P1pPb3/R7/1r2P1PP/3B1P2/6K1 w - - 0 40","4","179","13","1749621","7464055","463700","4946","353744","995","995","d2b4","d2b4","main-result","true","6985455","1411972.627","4947302000","3","3","3","0","info depth 13 seldepth 28 score cp 250 nodes 1749621 nps 353744 time 4946 hashfull 995 pv d2b4 c5b4 a5a6 b3c3","{move=d2b4, main_pv=d2b4,c5b4,a5a6,b3c3, helper_submitted=3, aborted=false, helper_exited=3, helper_exceptions=0, search_elapsed_ns=4947139800, helper_started=3, main_score_cp=250, main_qnodes=7464055, source=main-result, main_tt_hits=463700, abort_ms=4947, main_move=d2b4, main_nodes=1749621, search=179, main_depth=13, legal=true, helper_pending=0, bestmove_ms=4947, event=bestmove, latest_move=d2b4}"
"measured","1","28","6k1/4pp1p/3p2p1/P1pPb3/R7/1r2P1PP/3B1P2/6K1 w - - 0 40","1","180","13","1825906","7116080","655054","4546","401651","747","747","d2b4","d2b4","main-result","true","1825906","401549.754","4547147600","0","0","0","0","info depth 13 seldepth 28 score cp 267 nodes 1825906 nps 401651 time 4546 hashfull 747 pv d2b4 c5b4 a5a6 b3c3 a6a7 c3c8 a4b4 g8g7 b4b8 c8c1 g1g2 c1a1 a7a8q a1a8 b8a8 g7f6 g2f3 f6f5","{move=d2b4, main_pv=d2b4,c5b4,a5a6,b3c3,a6a7,c3c8,a4b4,g8g7,b4b8,c8c1,g1g2,c1a1,a7a8q,a1a8,b8a8,g7f6,g2f3,f6f5, helper_submitted=0, aborted=false, helper_exited=0, helper_exceptions=0, search_elapsed_ns=4547017500, helper_started=0, main_score_cp=267, main_qnodes=7116080, source=main-result, main_tt_hits=655054, abort_ms=4547, main_move=d2b4, main_nodes=1825906, search=180, main_depth=13, legal=true, helper_pending=0, bestmove_ms=4547, event=bestmove, latest_move=d2b4}"
"measured","1","29","r4k2/pb2bp1r/2n1p2p/1pq3p1/3B1N2/2NQP1PP/PPP2PK1/R4R2 b - - 1 25","4","181","13","1257993","2450768","640446","3551","354264","875","875","c6d4","c6d4","main-result","true","4902291","1379851.264","3552767700","3","3","3","0","info depth 13 seldepth 26 score cp 553 nodes 1257993 nps 354264 time 3551 hashfull 875 pv c6d4 f2f3 d4f5 f4e2","{move=c6d4, main_pv=c6d4,f2f3,d4f5,f4e2, helper_submitted=3, aborted=false, helper_exited=3, helper_exceptions=0, search_elapsed_ns=3552646200, helper_started=3, main_score_cp=553, main_qnodes=2450768, source=main-result, main_tt_hits=640446, abort_ms=3552, main_move=c6d4, main_nodes=1257993, search=181, main_depth=13, legal=true, helper_pending=0, bestmove_ms=3552, event=bestmove, latest_move=c6d4}"
"measured","1","29","r4k2/pb2bp1r/2n1p2p/1pq3p1/3B1N2/2NQP1PP/PPP2PK1/R4R2 b - - 1 25","1","182","13","2053406","3893576","411984","5463","375875","784","784","c6d4","c6d4","main-result","true","2053406","375789.003","5464252500","0","0","0","0","info depth 13 seldepth 28 score cp 558 nodes 2053406 nps 375875 time 5463 hashfull 784 pv c6d4 f2f3 d4f5 f4e2 f5e3 g2h2 f8g7 d3b5 c5b5 c3b5 e3f1 a1f1 a8c8 b5d4 h7h8 e2c3 h8d8 f1d1 c8c4","{move=c6d4, main_pv=c6d4,f2f3,d4f5,f4e2,f5e3,g2h2,f8g7,d3b5,c5b5,c3b5,e3f1,a1f1,a8c8,b5d4,h7h8,e2c3,h8d8,f1d1,c8c4, helper_submitted=0, aborted=false, helper_exited=0, helper_exceptions=0, search_elapsed_ns=5464124900, helper_started=0, main_score_cp=558, main_qnodes=3893576, source=main-result, main_tt_hits=411984, abort_ms=5464, main_move=c6d4, main_nodes=2053406, search=182, main_depth=13, legal=true, helper_pending=0, bestmove_ms=5464, event=bestmove, latest_move=c6d4}"
"measured","1","29","r4k2/pb2bp1r/2n1p2p/1pq3p1/3B1N2/2NQP1PP/PPP2PK1/R4R2 b - - 1 25","2","183","13","1816423","3493278","586074","4992","363866","862","862","c6d4","c6d4","main-result","true","3621615","725236.217","4993704000","1","1","1","0","info depth 13 seldepth 27 score cp 562 nodes 1816423 nps 363866 time 4992 hashfull 862 pv c6d4 f2f3 d4f5 f4e2 f5e3","{move=c6d4, main_pv=c6d4,f2f3,d4f5,f4e2,f5e3, helper_submitted=1, aborted=false, helper_exited=1, helper_exceptions=0, search_elapsed_ns=4993584200, helper_started=1, main_score_cp=562, main_qnodes=3493278, source=main-result, main_tt_hits=586074, abort_ms=4993, main_move=c6d4, main_nodes=1816423, search=183, main_depth=13, legal=true, helper_pending=0, bestmove_ms=4993, event=bestmove, latest_move=c6d4}"
"measured","1","30","3r2k1/1p3ppp/2pq4/p1n5/P6P/1P6/1PB2QP1/1K2R3 w - - 0 28","1","184","13","777967","1300972","199111","1742","446594","449","449","f2f5","f2f5","main-result","true","777967","446278.624","1743231600","0","0","0","0","info depth 13 seldepth 25 score cp -99 nodes 777967 nps 446594 time 1742 hashfull 449 pv f2f5 g7g6 f5g5 h7h6 g5e3 b7b6 e1d1 d6f6 d1d8 f6d8 h4h5 g8g7 h5g6 f7g6 e3f3","{move=f2f5, main_pv=f2f5,g7g6,f5g5,h7h6,g5e3,b7b6,e1d1,d6f6,d1d8,f6d8,h4h5,g8g7,h5g6,f7g6,e3f3, helper_submitted=0, aborted=false, helper_exited=0, helper_exceptions=0, search_elapsed_ns=1743085800, helper_started=0, main_score_cp=-99, main_qnodes=1300972, source=main-result, main_tt_hits=199111, abort_ms=1743, main_move=f2f5, main_nodes=777967, search=184, main_depth=13, legal=true, helper_pending=0, bestmove_ms=1743, event=bestmove, latest_move=f2f5}"
"measured","1","30","3r2k1/1p3ppp/2pq4/p1n5/P6P/1P6/1PB2QP1/1K2R3 w - - 0 28","2","185","13","1195807","2168753","265700","2822","423744","835","835","f2f3","f2f3","main-result","true","2380382","843053.903","2823522900","1","1","1","0","info depth 13 seldepth 28 score cp -119 nodes 1195807 nps 423744 time 2822 hashfull 835 pv f2f3 h7h6 e1d1 d6e7 d1d8 e7d8 f3g4 b7b6 b1a2 d8c7","{move=f2f3, main_pv=f2f3,h7h6,e1d1,d6e7,d1d8,e7d8,f3g4,b7b6,b1a2,d8c7, helper_submitted=1, aborted=false, helper_exited=1, helper_exceptions=0, search_elapsed_ns=2823397700, helper_started=1, main_score_cp=-119, main_qnodes=2168753, source=main-result, main_tt_hits=265700, abort_ms=2823, main_move=f2f3, main_nodes=1195807, search=185, main_depth=13, legal=true, helper_pending=0, bestmove_ms=2823, event=bestmove, latest_move=f2f3}"
"measured","1","30","3r2k1/1p3ppp/2pq4/p1n5/P6P/1P6/1PB2QP1/1K2R3 w - - 0 28","4","186","13","544829","1016193","164298","1362","400021","800","800","h4h5","h4h5","main-result","true","2186222","1603241.181","1363626400","3","3","3","0","info depth 13 seldepth 24 score cp -117 nodes 544829 nps 400021 time 1362 hashfull 800 pv h4h5 c5d3","{move=h4h5, main_pv=h4h5,c5d3, helper_submitted=3, aborted=false, helper_exited=3, helper_exceptions=0, search_elapsed_ns=1363485100, helper_started=3, main_score_cp=-117, main_qnodes=1016193, source=main-result, main_tt_hits=164298, abort_ms=1363, main_move=h4h5, main_nodes=544829, search=186, main_depth=13, legal=true, helper_pending=0, bestmove_ms=1363, event=bestmove, latest_move=h4h5}"
"measured","2","0","rnbqkbnr/pppppppp/8/8/8/8/PPPPPPPP/RNBQKBNR w KQkq - 0 1","2","187","13","471173","1080534","195519","1167","403747","482","482","e2e4","e2e4","main-result","true","939905","804224.866","1168709200","1","1","1","0","info depth 13 seldepth 24 score cp 24 nodes 471173 nps 403747 time 1167 hashfull 482 pv e2e4 e7e5 g1f3 b8c6 c2c3 g8f6 d2d4 f6e4 d4d5 c6e7 f3e5 d7d6 e5f3","{move=e2e4, main_pv=e2e4,e7e5,g1f3,b8c6,c2c3,g8f6,d2d4,f6e4,d4d5,c6e7,f3e5,d7d6,e5f3, helper_submitted=1, aborted=false, helper_exited=1, helper_exceptions=0, search_elapsed_ns=1168563400, helper_started=1, main_score_cp=24, main_qnodes=1080534, source=main-result, main_tt_hits=195519, abort_ms=1168, main_move=e2e4, main_nodes=471173, search=187, main_depth=13, legal=true, helper_pending=0, bestmove_ms=1168, event=bestmove, latest_move=e2e4}"
"measured","2","0","rnbqkbnr/pppppppp/8/8/8/8/PPPPPPPP/RNBQKBNR w KQkq - 0 1","4","188","13","246169","576590","119545","629","391365","516","517","e2e4","e2e4","main-result","true","989310","1570232.888","630040300","3","3","3","0","info depth 13 seldepth 25 score cp 29 nodes 246169 nps 391365 time 629 hashfull 516 pv e2e4 e7e5 g1f3 b8c6 d2d4 e5d4","{move=e2e4, main_pv=e2e4,e7e5,g1f3,b8c6,d2d4,e5d4, helper_submitted=3, aborted=false, helper_exited=3, helper_exceptions=0, search_elapsed_ns=629926300, helper_started=3, main_score_cp=29, main_qnodes=576590, source=main-result, main_tt_hits=119545, abort_ms=629, main_move=e2e4, main_nodes=246169, search=188, main_depth=13, legal=true, helper_pending=0, bestmove_ms=629, event=bestmove, latest_move=e2e4}"
"measured","2","0","rnbqkbnr/pppppppp/8/8/8/8/PPPPPPPP/RNBQKBNR w KQkq - 0 1","1","189","13","528398","1218768","145603","1273","415080","372","372","e2e4","e2e4","main-result","true","528398","414798.828","1273865700","0","0","0","0","info depth 13 seldepth 23 score cp 29 nodes 528398 nps 415080 time 1273 hashfull 372 pv e2e4 e7e5 g1f3 g8f6 b1c3 b8c6 d2d4 e5d4 f3d4 c6d4 d1d4 c7c6 f1e2","{move=e2e4, main_pv=e2e4,e7e5,g1f3,g8f6,b1c3,b8c6,d2d4,e5d4,f3d4,c6d4,d1d4,c7c6,f1e2, helper_submitted=0, aborted=false, helper_exited=0, helper_exceptions=0, search_elapsed_ns=1273738100, helper_started=0, main_score_cp=29, main_qnodes=1218768, source=main-result, main_tt_hits=145603, abort_ms=1273, main_move=e2e4, main_nodes=528398, search=189, main_depth=13, legal=true, helper_pending=0, bestmove_ms=1273, event=bestmove, latest_move=e2e4}"
"measured","2","1","r3k2r/p1ppqpb1/bn2pnp1/3PN3/1p2P3/2N2Q1p/PPPBBPPP/R3K2R w KQkq - 0 1","4","190","13","2665100","6202098","957344","9925","268523","995","995","e2a6","e2a6","main-result","true","10674770","1075398.710","9926337000","3","3","3","0","info depth 13 seldepth 28 score cp -145 nodes 2665100 nps 268523 time 9925 hashfull 995 pv e2a6","{move=e2a6, main_pv=e2a6, helper_submitted=3, aborted=false, helper_exited=3, helper_exceptions=0, search_elapsed_ns=9926190500, helper_started=3, main_score_cp=-145, main_qnodes=6202098, source=main-result, main_tt_hits=957344, abort_ms=9926, main_move=e2a6, main_nodes=2665100, search=190, main_depth=13, legal=true, helper_pending=0, bestmove_ms=9926, event=bestmove, latest_move=e2a6}"
"measured","2","1","r3k2r/p1ppqpb1/bn2pnp1/3PN3/1p2P3/2N2Q1p/PPPBBPPP/R3K2R w KQkq - 0 1","1","191","13","3475078","7660190","475283","11751","295726","925","925","e2a6","e2a6","main-result","true","3475078","295688.228","11752507100","0","0","0","0","info depth 13 seldepth 28 score cp -90 nodes 3475078 nps 295726 time 11751 hashfull 925 pv e2a6 b4c3 d2c3 e6d5 e5g4 h3g2 f3g2 e8f8 c3f6 g7f6 e1c1 f6g5 c1b1 d5e4 h2h4 h8h4","{move=e2a6, main_pv=e2a6,b4c3,d2c3,e6d5,e5g4,h3g2,f3g2,e8f8,c3f6,g7f6,e1c1,f6g5,c1b1,d5e4,h2h4,h8h4, helper_submitted=0, aborted=false, helper_exited=0, helper_exceptions=0, search_elapsed_ns=11752371400, helper_started=0, main_score_cp=-90, main_qnodes=7660190, source=main-result, main_tt_hits=475283, abort_ms=11752, main_move=e2a6, main_nodes=3475078, search=191, main_depth=13, legal=true, helper_pending=0, bestmove_ms=11752, event=bestmove, latest_move=e2a6}"
"measured","2","1","r3k2r/p1ppqpb1/bn2pnp1/3PN3/1p2P3/2N2Q1p/PPPBBPPP/R3K2R w KQkq - 0 1","2","192","13","9642829","30097486","1973675","35546","271277","1000","1000","e2a6","e2a6","main-result","true","19260744","541832.830","35547392000","1","1","1","0","info depth 13 seldepth 28 score cp -129 nodes 9642829 nps 271277 time 35546 hashfull 1000 pv e2a6 b4c3 d2c3 h3g2","{move=e2a6, main_pv=e2a6,b4c3,d2c3,h3g2, helper_submitted=1, aborted=false, helper_exited=1, helper_exceptions=0, search_elapsed_ns=35547264500, helper_started=1, main_score_cp=-129, main_qnodes=30097486, source=main-result, main_tt_hits=1973675, abort_ms=35547, main_move=e2a6, main_nodes=9642829, search=192, main_depth=13, legal=true, helper_pending=0, bestmove_ms=35547, event=bestmove, latest_move=e2a6}"
"measured","2","2","4k3/8/8/8/8/8/4P3/4K3 w - - 5 39","1","193","13","7568","7523","8952","7","1081142","2","2","e1d2","e1d2","main-result","true","7568","930072.508","8137000","0","0","0","0","info depth 13 seldepth 17 score cp 160 nodes 7568 nps 1081142 time 7 hashfull 2 pv e1d2 e8d7 d2e3 d7d6 e3f4 d6e6 e2e4 e6f6 e4e5 f6e7 f4e3 e7d7 e3e4 d7e6","{move=e1d2, main_pv=e1d2,e8d7,d2e3,d7d6,e3f4,d6e6,e2e4,e6f6,e4e5,f6e7,f4e3,e7d7,e3e4,d7e6, helper_submitted=0, aborted=false, helper_exited=0, helper_exceptions=0, search_elapsed_ns=8049200, helper_started=0, main_score_cp=160, main_qnodes=7523, source=main-result, main_tt_hits=8952, abort_ms=8, main_move=e1d2, main_nodes=7568, search=193, main_depth=13, legal=true, helper_pending=0, bestmove_ms=8, event=bestmove, latest_move=e1d2}"
"measured","2","2","4k3/8/8/8/8/8/4P3/4K3 w - - 5 39","2","194","13","6666","6783","8483","6","1111000","3","3","e1f2","e1f2","main-result","true","13036","1850653.038","7044000","1","1","1","0","info depth 13 seldepth 16 score cp 159 nodes 6666 nps 1111000 time 6 hashfull 3 pv e1f2 e8d7 f2f3 d7e7 f3f4 e7d6 f4f5","{move=e1f2, main_pv=e1f2,e8d7,f2f3,d7e7,f3f4,e7d6,f4f5, helper_submitted=1, aborted=false, helper_exited=1, helper_exceptions=0, search_elapsed_ns=6953100, helper_started=1, main_score_cp=159, main_qnodes=6783, source=main-result, main_tt_hits=8483, abort_ms=6, main_move=e1f2, main_nodes=6666, search=194, main_depth=13, legal=true, helper_pending=0, bestmove_ms=6, event=bestmove, latest_move=e1f2}"
"measured","2","2","4k3/8/8/8/8/8/4P3/4K3 w - - 5 39","4","195","13","5177","5669","6594","5","1035400","3","3","e1f2","e1f2","main-result","true","20540","3379067.548","6078600","3","3","3","0","info depth 13 seldepth 17 score cp 174 nodes 5177 nps 1035400 time 5 hashfull 3 pv e1f2 e8d7 f2e3 d7d6 e3f4 d6e6 e2e4 e6f6 e4e5 f6g6 f4e4 g6g5 e5e6 g5f6","{move=e1f2, main_pv=e1f2,e8d7,f2e3,d7d6,e3f4,d6e6,e2e4,e6f6,e4e5,f6g6,f4e4,g6g5,e5e6,g5f6, helper_submitted=3, aborted=false, helper_exited=3, helper_exceptions=0, search_elapsed_ns=5980700, helper_started=3, main_score_cp=174, main_qnodes=5669, source=main-result, main_tt_hits=6594, abort_ms=5, main_move=e1f2, main_nodes=5177, search=195, main_depth=13, legal=true, helper_pending=0, bestmove_ms=5, event=bestmove, latest_move=e1f2}"
"measured","2","3","r3k2r/Pppp1ppp/1b3nbN/nP6/BBP1P3/q4N2/Pp1P2PP/R2Q1RK1 w kq - 0 1","2","196","13","648275","1709848","298425","2264","286340","507","507","c4c5","c4c5","main-result","true","1295484","571826.588","2265519000","1","1","1","0","info depth 13 seldepth 28 score cp -576 nodes 648275 nps 286340 time 2264 hashfull 507 pv c4c5 b6c5 b4c5 a3c5 d2d4 b2a1q d4c5 a1d1 f1d1 f6e4 f3e5 g7h6 d1e1 e8d8 e5g6 h7g6 e1e4 f7f5 e4e3","{move=c4c5, main_pv=c4c5,b6c5,b4c5,a3c5,d2d4,b2a1q,d4c5,a1d1,f1d1,f6e4,f3e5,g7h6,d1e1,e8d8,e5g6,h7g6,e1e4,f7f5,e4e3, helper_submitted=1, aborted=false, helper_exited=1, helper_exceptions=0, search_elapsed_ns=2265107900, helper_started=1, main_score_cp=-576, main_qnodes=1709848, source=main-result, main_tt_hits=298425, abort_ms=2265, main_move=c4c5, main_nodes=648275, search=196, main_depth=13, legal=true, helper_pending=0, bestmove_ms=2265, event=bestmove, latest_move=c4c5}"
"measured","2","3","r3k2r/Pppp1ppp/1b3nbN/nP6/BBP1P3/q4N2/Pp1P2PP/R2Q1RK1 w kq - 0 1","4","197","13","431377","1152525","246828","1583","272506","495","495","c4c5","c4c5","main-result","true","1705109","1075833.732","1584918700","3","3","3","0","info depth 13 seldepth 26 score cp -603 nodes 431377 nps 272506 time 1583 hashfull 495 pv c4c5 b6c5 b4c5 a3c5 g1h1 b2a1q d1a1 a8a7 d2d3 a5c4 d3c4 a7a4 f3e5","{move=c4c5, main_pv=c4c5,b6c5,b4c5,a3c5,g1h1,b2a1q,d1a1,a8a7,d2d3,a5c4,d3c4,a7a4,f3e5, helper_submitted=3, aborted=false, helper_exited=3, helper_exceptions=0, search_elapsed_ns=1584790500, helper_started=3, main_score_cp=-603, main_qnodes=1152525, source=main-result, main_tt_hits=246828, abort_ms=1584, main_move=c4c5, main_nodes=431377, search=197, main_depth=13, legal=true, helper_pending=0, bestmove_ms=1584, event=bestmove, latest_move=c4c5}"
"measured","2","3","r3k2r/Pppp1ppp/1b3nbN/nP6/BBP1P3/q4N2/Pp1P2PP/R2Q1RK1 w kq - 0 1","1","198","13","605659","1501526","198351","2032","298060","375","375","c4c5","c4c5","main-result","true","605659","297841.753","2033492600","0","0","0","0","info depth 13 seldepth 27 score cp -590 nodes 605659 nps 298060 time 2032 hashfull 375 pv c4c5 b6c5 b4c5 a3c5 g1h1 b2a1r d1a1 a8a7 e4e5 f6h5 g2g4 g7h6 g4h5 g6h5 d2d4 c5c4 b5b6","{move=c4c5, main_pv=c4c5,b6c5,b4c5,a3c5,g1h1,b2a1r,d1a1,a8a7,e4e5,f6h5,g2g4,g7h6,g4h5,g6h5,d2d4,c5c4,b5b6, helper_submitted=0, aborted=false, helper_exited=0, helper_exceptions=0, search_elapsed_ns=2033373500, helper_started=0, main_score_cp=-590, main_qnodes=1501526, source=main-result, main_tt_hits=198351, abort_ms=2033, main_move=c4c5, main_nodes=605659, search=198, main_depth=13, legal=true, helper_pending=0, bestmove_ms=2033, event=bestmove, latest_move=c4c5}"
"measured","2","4","rnbqkbnr/p1pppppp/8/1p6/2PP4/8/PP2PPPP/RNBQKBNR b KQkq c3 0 2","4","199","13","135995","360607","79356","405","335790","289","289","b5c4","b5c4","main-result","true","551809","1359720.550","405825300","3","3","3","0","info depth 13 seldepth 24 score cp -32 nodes 135995 nps 335790 time 405 hashfull 289 pv b5c4 e2e4 c8a6 f1e2 c7c6 b1c3 e7e6 g1f3 d7d5 e1g1 h7h6","{move=b5c4, main_pv=b5c4,e2e4,c8a6,f1e2,c7c6,b1c3,e7e6,g1f3,d7d5,e1g1,h7h6, helper_submitted=3, aborted=false, helper_exited=3, helper_exceptions=0, search_elapsed_ns=405691700, helper_started=3, main_score_cp=-32, main_qnodes=360607, source=main-result, main_tt_hits=79356, abort_ms=405, main_move=b5c4, main_nodes=135995, search=199, main_depth=13, legal=true, helper_pending=0, bestmove_ms=405, event=bestmove, latest_move=b5c4}"
"measured","2","4","rnbqkbnr/p1pppppp/8/1p6/2PP4/8/PP2PPPP/RNBQKBNR b KQkq c3 0 2","1","200","13","444366","1180659","97281","1192","372790","324","324","b5c4","b5c4","main-result","true","444366","372407.395","1193225500","0","0","0","0","info depth 13 seldepth 23 score cp -45 nodes 444366 nps 372790 time 1192 hashfull 324 pv b5c4 e2e4 c7c6 f1c4 d7d5 e4d5 c6d5 c4d3 b8c6 g1f3 g8f6 e1g1 a8b8","{move=b5c4, main_pv=b5c4,e2e4,c7c6,f1c4,d7d5,e4d5,c6d5,c4d3,b8c6,g1f3,g8f6,e1g1,a8b8, helper_submitted=0, aborted=false, helper_exited=0, helper_exceptions=0, search_elapsed_ns=1193098300, helper_started=0, main_score_cp=-45, main_qnodes=1180659, source=main-result, main_tt_hits=97281, abort_ms=1193, main_move=b5c4, main_nodes=444366, search=200, main_depth=13, legal=true, helper_pending=0, bestmove_ms=1193, event=bestmove, latest_move=b5c4}"
"measured","2","4","rnbqkbnr/p1pppppp/8/1p6/2PP4/8/PP2PPPP/RNBQKBNR b KQkq c3 0 2","2","201","13","164693","413887","73115","428","384796","225","225","b5c4","b5c4","main-result","true","328089","763961.687","429457400","1","1","1","0","info depth 13 seldepth 23 score cp -31 nodes 164693 nps 384796 time 428 hashfull 225 pv b5c4 e2e4 c8a6 g1f3 e7e6 d1a4 c7c6 f1c4 a6c4 a4c4 d7d5 c4d3","{move=b5c4, main_pv=b5c4,e2e4,c8a6,g1f3,e7e6,d1a4,c7c6,f1c4,a6c4,a4c4,d7d5,c4d3, helper_submitted=1, aborted=false, helper_exited=1, helper_exceptions=0, search_elapsed_ns=429326900, helper_started=1, main_score_cp=-31, main_qnodes=413887, source=main-result, main_tt_hits=73115, abort_ms=429, main_move=b5c4, main_nodes=164693, search=201, main_depth=13, legal=true, helper_pending=0, bestmove_ms=429, event=bestmove, latest_move=b5c4}"
"measured","2","5","r1bq1r1k/1pp1n1pp/1p1p4/4p2b/2B1P3/P1N1NP2/1PP3PP/R1BQ1RK1 w - - 2 14","1","202","13","1549645","3889617","292659","4497","344595","720","720","d1d3","d1d3","main-result","true","1549645","344467.840","4498663800","0","0","0","0","info depth 13 seldepth 25 score cp 416 nodes 1549645 nps 344595 time 4497 hashfull 720 pv d1d3 h7h6 c1d2 h5f7 c4f7","{move=d1d3, main_pv=d1d3,h7h6,c1d2,h5f7,c4f7, helper_submitted=0, aborted=false, helper_exited=0, helper_exceptions=0, search_elapsed_ns=4498538400, helper_started=0, main_score_cp=416, main_qnodes=3889617, source=main-result, main_tt_hits=292659, abort_ms=4498, main_move=d1d3, main_nodes=1549645, search=202, main_depth=13, legal=true, helper_pending=0, bestmove_ms=4498, event=bestmove, latest_move=d1d3}"
"measured","2","5","r1bq1r1k/1pp1n1pp/1p1p4/4p2b/2B1P3/P1N1NP2/1PP3PP/R1BQ1RK1 w - - 2 14","2","203","13","580922","1376707","181486","1625","357490","615","615","d1d3","d1d3","main-result","true","1157753","711762.879","1626599300","1","1","1","0","info depth 13 seldepth 21 score cp 419 nodes 580922 nps 357490 time 1625 hashfull 615 pv d1d3 h5f7 c4f7 f8f7 b2b3 c8e6 c1b2 f7f8 g1h1","{move=d1d3, main_pv=d1d3,h5f7,c4f7,f8f7,b2b3,c8e6,c1b2,f7f8,g1h1, helper_submitted=1, aborted=false, helper_exited=1, helper_exceptions=0, search_elapsed_ns=1626477300, helper_started=1, main_score_cp=419, main_qnodes=1376707, source=main-result, main_tt_hits=181486, abort_ms=1626, main_move=d1d3, main_nodes=580922, search=203, main_depth=13, legal=true, helper_pending=0, bestmove_ms=1626, event=bestmove, latest_move=d1d3}"
"measured","2","5","r1bq1r1k/1pp1n1pp/1p1p4/4p2b/2B1P3/P1N1NP2/1PP3PP/R1BQ1RK1 w - - 2 14","4","204","13","348265","819926","118074","1063","327624","651","651","d1d3","d1d3","main-result","true","1390055","1305991.832","1064367300","3","3","3","0","info depth 13 seldepth 21 score cp 419 nodes 348265 nps 327624 time 1063 hashfull 651 pv d1d3 c7c6 c1d2 b6b5 c4b3 h5f7 b3f7 f8f7 a3a4 b5a4 e3c4 f7f6 c3a4","{move=d1d3, main_pv=d1d3,c7c6,c1d2,b6b5,c4b3,h5f7,b3f7,f8f7,a3a4,b5a4,e3c4,f7f6,c3a4, helper_submitted=3, aborted=false, helper_exited=3, helper_exceptions=0, search_elapsed_ns=1064237100, helper_started=3, main_score_cp=419, main_qnodes=819926, source=main-result, main_tt_hits=118074, abort_ms=1064, main_move=d1d3, main_nodes=348265, search=204, main_depth=13, legal=true, helper_pending=0, bestmove_ms=1064, event=bestmove, latest_move=d1d3}"
"measured","2","6","r3r1k1/2p2ppp/p1p1bn2/8/1q2P3/2NPQN2/PPP3PP/R4RK1 b - - 2 24","2","205","13","385208","841537","201684","1132","340289","370","370","b4b2","b4b2","main-result","true","776416","684723.692","1133911400","1","1","1","0","info depth 13 seldepth 22 score cp -33 nodes 385208 nps 340289 time 1132 hashfull 370 pv b4b2 d3d4 e6c4 a1b1 b2a3 f1e1 c4b5 e3d2 a8b8 g1h1 h7h6 f3e5 a3e7 a2a4","{move=b4b2, main_pv=b4b2,d3d4,e6c4,a1b1,b2a3,f1e1,c4b5,e3d2,a8b8,g1h1,h7h6,f3e5,a3e7,a2a4, helper_submitted=1, aborted=false, helper_exited=1, helper_exceptions=0, search_elapsed_ns=1133690500, helper_started=1, main_score_cp=-33, main_qnodes=841537, source=main-result, main_tt_hits=201684, abort_ms=1133, main_move=b4b2, main_nodes=385208, search=205, main_depth=13, legal=true, helper_pending=0, bestmove_ms=1133, event=bestmove, latest_move=b4b2}"
"measured","2","6","r3r1k1/2p2ppp/p1p1bn2/8/1q2P3/2NPQN2/PPP3PP/R4RK1 b - - 2 24","4","206","13","377318","804259","213995","1094","344897","566","566","b4b2","b4b2","main-result","true","1500024","1369007.392","1095701900","3","3","3","0","info depth 13 seldepth 23 score cp -43 nodes 377318 nps 344897 time 1094 hashfull 566 pv b4b2 d3d4 a8b8 f3e5 c6c5 d4d5 e6d5 e4d5 f6g4 e3c5 g4e5 a1b1 b2c2 b1b8","{move=b4b2, main_pv=b4b2,d3d4,a8b8,f3e5,c6c5,d4d5,e6d5,e4d5,f6g4,e3c5,g4e5,a1b1,b2c2,b1b8, helper_submitted=3, aborted=false, helper_exited=3, helper_exceptions=0, search_elapsed_ns=1095518300, helper_started=3, main_score_cp=-43, main_qnodes=804259, source=main-result, main_tt_hits=213995, abort_ms=1095, main_move=b4b2, main_nodes=377318, search=206, main_depth=13, legal=true, helper_pending=0, bestmove_ms=1095, event=bestmove, latest_move=b4b2}"
"measured","2","6","r3r1k1/2p2ppp/p1p1bn2/8/1q2P3/2NPQN2/PPP3PP/R4RK1 b - - 2 24","1","207","13","634214","1300189","229620","1689","375496","408","408","b4b2","b4b2","main-result","true","634214","375240.540","1690153200","0","0","0","0","info depth 13 seldepth 23 score cp -43 nodes 634214 nps 375496 time 1689 hashfull 408 pv b4b2 e3d2 b2b6 g1h1 a8b8 d3d4 c6c5 a1b1 b6a5 d4d5 b8b1 f1b1","{move=b4b2, main_pv=b4b2,e3d2,b2b6,g1h1,a8b8,d3d4,c6c5,a1b1,b6a5,d4d5,b8b1,f1b1, helper_submitted=0, aborted=false, helper_exited=0, helper_exceptions=0, search_elapsed_ns=1690029300, helper_started=0, main_score_cp=-43, main_qnodes=1300189, source=main-result, main_tt_hits=229620, abort_ms=1690, main_move=b4b2, main_nodes=634214, search=207, main_depth=13, legal=true, helper_pending=0, bestmove_ms=1690, event=bestmove, latest_move=b4b2}"
"measured","2","7","r1bb4/3n1k2/p3p3/1p1pPp2/1Pp5/2P2N1B/P4PPP/4RK2 w - - 2 21","4","208","13","583181","1506734","222895","1521","383419","794","794","h3f5","h3f5","main-result","true","2329342","1529973.019","1522472600","3","3","3","0","info depth 13 seldepth 26 score cp -292 nodes 583181 nps 383419 time 1521 hashfull 794 pv h3f5 a6a5 f5h3 a5b4 c3b4 a8a2 f3d4 d7b6 d4b5 c8d7","{move=h3f5, main_pv=h3f5,a6a5,f5h3,a5b4,c3b4,a8a2,f3d4,d7b6,d4b5,c8d7, helper_submitted=3, aborted=false, helper_exited=3, helper_exceptions=0, search_elapsed_ns=1522314700, helper_started=3, main_score_cp=-292, main_qnodes=1506734, source=main-result, main_tt_hits=222895, abort_ms=1522, main_move=h3f5, main_nodes=583181, search=208, main_depth=13, legal=true, helper_pending=0, bestmove_ms=1522, event=bestmove, latest_move=h3f5}"
"measured","2","7","r1bb4/3n1k2/p3p3/1p1pPp2/1Pp5/2P2N1B/P4PPP/4RK2 w - - 2 21","1","209","13","994398","2473757","160864","2368","419931","574","574","h3f5","h3f5","main-result","true","994398","419667.010","2369492900","0","0","0","0","info depth 13 seldepth 26 score cp -295 nodes 994398 nps 419931 time 2368 hashfull 574 pv h3f5 a6a5 a2a3 e6f5 e5e6 f7f6 e6d7 c8d7 f3e5 d7e6 e5c6 d8c7 c6d4 e6d7 h2h4","{move=h3f5, main_pv=h3f5,a6a5,a2a3,e6f5,e5e6,f7f6,e6d7,c8d7,f3e5,d7e6,e5c6,d8c7,c6d4,e6d7,h2h4, helper_submitted=0, aborted=false, helper_exited=0, helper_exceptions=0, search_elapsed_ns=2369369700, helper_started=0, main_score_cp=-295, main_qnodes=2473757, source=main-result, main_tt_hits=160864, abort_ms=2369, main_move=h3f5, main_nodes=994398, search=209, main_depth=13, legal=true, helper_pending=0, bestmove_ms=2369, event=bestmove, latest_move=h3f5}"
"measured","2","7","r1bb4/3n1k2/p3p3/1p1pPp2/1Pp5/2P2N1B/P4PPP/4RK2 w - - 2 21","2","210","13","552171","1345409","124078","1307","422472","618","618","f3d4","f3d4","main-result","true","1096144","837585.598","1308694900","1","1","1","0","info depth 13 seldepth 26 score cp -286 nodes 552171 nps 422472 time 1307 hashfull 618 pv f3d4 d7b6 f2f4 b6a4 e1e3 a4b2 g2g4 f5g4 h3g4 b2d3 f4f5 e6f5 g4f5","{move=f3d4, main_pv=f3d4,d7b6,f2f4,b6a4,e1e3,a4b2,g2g4,f5g4,h3g4,b2d3,f4f5,e6f5,g4f5, helper_submitted=1, aborted=false, helper_exited=1, helper_exceptions=0, search_elapsed_ns=1308576700, helper_started=1, main_score_cp=-286, main_qnodes=1345409, source=main-result, main_tt_hits=124078, abort_ms=1308, main_move=f3d4, main_nodes=552171, search=210, main_depth=13, legal=true, helper_pending=0, bestmove_ms=1308, event=bestmove, latest_move=f3d4}"
"measured","2","8","r1bq1rk1/ppp1nppp/4n3/3p3Q/3P4/1BP1B3/PP1N2PP/R4RK1 w - - 1 16","1","211","13","944419","1841645","307182","2426","389290","560","560","b3c2","b3c2","main-result","true","944419","389068.179","2427386900","0","0","0","0","info depth 13 seldepth 22 score cp 16 nodes 944419 nps 389290 time 2426 hashfull 560 pv b3c2 e7g6 d2f3 c7c6 f3e5 c8d7 a1e1 a7a6","{move=b3c2, main_pv=b3c2,e7g6,d2f3,c7c6,f3e5,c8d7,a1e1,a7a6, helper_submitted=0, aborted=false, helper_exited=0, helper_exceptions=0, search_elapsed_ns=2427266100, helper_started=0, main_score_cp=16, main_qnodes=1841645, source=main-result, main_tt_hits=307182, abort_ms=2427, main_move=b3c2, main_nodes=944419, search=211, main_depth=13, legal=true, helper_pending=0, bestmove_ms=2427, event=bestmove, latest_move=b3c2}"
"measured","2","8","r1bq1rk1/ppp1nppp/4n3/3p3Q/3P4/1BP1B3/PP1N2PP/R4RK1 w - - 1 16","2","212","13","950467","1920279","335475","2515","377919","757","757","b3c2","b3c2","main-result","true","1892640","752055.672","2516622200","1","1","1","0","info depth 13 seldepth 24 score cp 20 nodes 950467 nps 377919 time 2515 hashfull 757 pv b3c2","{move=b3c2, main_pv=b3c2, helper_submitted=1, aborted=false, helper_exited=1, helper_exceptions=0, search_elapsed_ns=2516473100, helper_started=1, main_score_cp=20, main_qnodes=1920279, source=main-result, main_tt_hits=335475, abort_ms=2516, main_move=b3c2, main_nodes=950467, search=212, main_depth=13, legal=true, helper_pending=0, bestmove_ms=2516, event=bestmove, latest_move=b3c2}"
"measured","2","8","r1bq1rk1/ppp1nppp/4n3/3p3Q/3P4/1BP1B3/PP1N2PP/R4RK1 w - - 1 16","4","213","13","639030","1295717","331836","1803","354425","818","818","b3c2","b3c2","main-result","true","2533763","1403872.657","1804838200","3","3","3","0","info depth 13 seldepth 22 score cp 13 nodes 639030 nps 354425 time 1803 hashfull 818 pv b3c2 e7g6 d2f3 d8d6 f3e5 c8d7 a2a4 a8e8 a1e1 a7a6 f1f2 b7b6 e5d7","{move=b3c2, main_pv=b3c2,e7g6,d2f3,d8d6,f3e5,c8d7,a2a4,a8e8,a1e1,a7a6,f1f2,b7b6,e5d7, helper_submitted=3, aborted=false, helper_exited=3, helper_exceptions=0, search_elapsed_ns=1804707900, helper_started=3, main_score_cp=13, main_qnodes=1295717, source=main-result, main_tt_hits=331836, abort_ms=1804, main_move=b3c2, main_nodes=639030, search=213, main_depth=13, legal=true, helper_pending=0, bestmove_ms=1804, event=bestmove, latest_move=b3c2}"
"measured","2","9","6k1/3r4/2R5/P5pp/3b4/6P1/5PK1/8 w - - 1 45","2","214","13","183357","419226","73878","349","525378","206","206","c6g6","c6g6","main-result","true","368397","1050526.636","350678400","1","1","1","0","info depth 13 seldepth 24 score cp -117 nodes 183357 nps 525378 time 349 hashfull 206 pv c6g6 d7g7 g6d6 d4a7 d6d5 g7g6 d5d8 g8h7 d8d7 g6g7 d7g7","{move=c6g6, main_pv=c6g6,d7g7,g6d6,d4a7,d6d5,g7g6,d5d8,g8h7,d8d7,g6g7,d7g7, helper_submitted=1, aborted=false, helper_exited=1, helper_exceptions=0, search_elapsed_ns=350436100, helper_started=1, main_score_cp=-117, main_qnodes=419226, source=main-result, main_tt_hits=73878, abort_ms=350, main_move=c6g6, main_nodes=183357, search=214, main_depth=13, legal=true, helper_pending=0, bestmove_ms=350, event=bestmove, latest_move=c6g6}"
"measured","2","9","6k1/3r4/2R5/P5pp/3b4/6P1/5PK1/8 w - - 1 45","4","215","13","190745","457428","79994","377","505954","437","437","c6g6","c6g6","main-result","true","771120","2038587.011","378262000","3","3","3","0","info depth 13 seldepth 26 score cp -112 nodes 190745 nps 505954 time 377 hashfull 437 pv c6g6 d7g7","{move=c6g6, main_pv=c6g6,d7g7, helper_submitted=3, aborted=false, helper_exited=3, helper_exceptions=0, search_elapsed_ns=378125900, helper_started=3, main_score_cp=-112, main_qnodes=457428, source=main-result, main_tt_hits=79994, abort_ms=378, main_move=c6g6, main_nodes=190745, search=215, main_depth=13, legal=true, helper_pending=0, bestmove_ms=378, event=bestmove, latest_move=c6g6}"
"measured","2","9","6k1/3r4/2R5/P5pp/3b4/6P1/5PK1/8 w - - 1 45","1","216","13","258683","591758","78893","476","543451","175","175","c6g6","c6g6","main-result","true","258683","541603.062","477624700","0","0","0","0","info depth 13 seldepth 25 score cp -110 nodes 258683 nps 543451 time 476 hashfull 175 pv c6g6 d7g7 g6d6 d4a7 d6d5 g8f7 d5d6 f7e7 d6c6 g7f7 c6c7 e7f6 c7f7 f6f7 a5a6 a7c5","{move=c6g6, main_pv=c6g6,d7g7,g6d6,d4a7,d6d5,g8f7,d5d6,f7e7,d6c6,g7f7,c6c7,e7f6,c7f7,f6f7,a5a6,a7c5, helper_submitted=0, aborted=false, helper_exited=0, helper_exceptions=0, search_elapsed_ns=477480800, helper_started=0, main_score_cp=-110, main_qnodes=591758, source=main-result, main_tt_hits=78893, abort_ms=477, main_move=c6g6, main_nodes=258683, search=216, main_depth=13, legal=true, helper_pending=0, bestmove_ms=477, event=bestmove, latest_move=c6g6}"
"measured","2","10","r1bq1rk1/pp2ppbp/2np1np1/8/3NP3/2N1BP2/PPPQ2PP/R4RK1 b - - 0 10","4","217","13","698568","1999754","134011","2113","330604","900","900","c6d4","c6d4","main-result","true","2760291","1305646.857","2114117600","3","3","3","0","info depth 13 seldepth 22 score cp 431 nodes 698568 nps 330604 time 2113 hashfull 900 pv c6d4 e3d4 b7b6 d4e3 c8a6 f1d1 d8c7 e3h6 c7c5 g1h1 a8c8 a2a3 a6b5 h6g7","{move=c6d4, main_pv=c6d4,e3d4,b7b6,d4e3,c8a6,f1d1,d8c7,e3h6,c7c5,g1h1,a8c8,a2a3,a6b5,h6g7, helper_submitted=3, aborted=false, helper_exited=3, helper_exceptions=0, search_elapsed_ns=2113853800, helper_started=3, main_score_cp=431, main_qnodes=1999754, source=main-result, main_tt_hits=134011, abort_ms=2113, main_move=c6d4, main_nodes=698568, search=217, main_depth=13, legal=true, helper_pending=0, bestmove_ms=2113, event=bestmove, latest_move=c6d4}"
"measured","2","10","r1bq1rk1/pp2ppbp/2np1np1/8/3NP3/2N1BP2/PPPQ2PP/R4RK1 b - - 0 10","1","218","13","1463870","4049839","212661","4154","352400","697","697","c6d4","c6d4","main-result","true","1463870","352298.130","4155202300","0","0","0","0","info depth 13 seldepth 22 score cp 432 nodes 1463870 nps 352400 time 4154 hashfull 697 pv c6d4 e3d4 d8a5 a2a3 c8e6 b2b4 a5c7 a3a4 a7a6 a4a5 a8c8 h2h3 c7d7","{move=c6d4, main_pv=c6d4,e3d4,d8a5,a2a3,c8e6,b2b4,a5c7,a3a4,a7a6,a4a5,a8c8,h2h3,c7d7, helper_submitted=0, aborted=false, helper_exited=0, helper_exceptions=0, search_elapsed_ns=4155078800, helper_started=0, main_score_cp=432, main_qnodes=4049839, source=main-result, main_tt_hits=212661, abort_ms=4155, main_move=c6d4, main_nodes=1463870, search=218, main_depth=13, legal=true, helper_pending=0, bestmove_ms=4155, event=bestmove, latest_move=c6d4}"
"measured","2","10","r1bq1rk1/pp2ppbp/2np1np1/8/3NP3/2N1BP2/PPPQ2PP/R4RK1 b - - 0 10","2","219","13","993849","2751187","181186","2866","346772","826","826","a7a6","a7a6","main-result","true","1961244","683890.544","2867774700","1","1","1","0","info depth 13 seldepth 22 score cp 428 nodes 993849 nps 346772 time 2866 hashfull 826 pv a7a6","{move=a7a6, main_pv=a7a6, helper_submitted=1, aborted=false, helper_exited=1, helper_exceptions=0, search_elapsed_ns=2867654100, helper_started=1, main_score_cp=428, main_qnodes=2751187, source=main-result, main_tt_hits=181186, abort_ms=2867, main_move=a7a6, main_nodes=993849, search=219, main_depth=13, legal=true, helper_pending=0, bestmove_ms=2867, event=bestmove, latest_move=a7a6}"
"measured","2","11","8/p7/1p2k1p1/2p5/2P1b3/1P3P2/P2K4/8 b - - 0 38","1","220","13","106151","123121","65708","134","792171","54","54","e4f3","e4f3","main-result","true","106151","782202.068","135707900","0","0","0","0","info depth 13 seldepth 22 score cp 583 nodes 106151 nps 792171 time 134 hashfull 54 pv e4f3 d2e3 f3c6 e3f4 e6f6 f4g3 g6g5 g3g4 c6d7 g4f3 f6e5 a2a3 g5g4 f3g3 a7a5 a3a4 d7f5","{move=e4f3, main_pv=e4f3,d2e3,f3c6,e3f4,e6f6,f4g3,g6g5,g3g4,c6d7,g4f3,f6e5,a2a3,g5g4,f3g3,a7a5,a3a4,d7f5, helper_submitted=0, aborted=false, helper_exited=0, helper_exceptions=0, search_elapsed_ns=135588000, helper_started=0, main_score_cp=583, main_qnodes=123121, source=main-result, main_tt_hits=65708, abort_ms=135, main_move=e4f3, main_nodes=106151, search=220, main_depth=13, legal=true, helper_pending=0, bestmove_ms=135, event=bestmove, latest_move=e4f3}"
"measured","2","11","8/p7/1p2k1p1/2p5/2P1b3/1P3P2/P2K4/8 b - - 0 38","2","221","13","105680","123757","64087","136","777058","82","82","e4f3","e4f3","main-result","true","209559","1527072.955","137229200","1","1","1","0","info depth 13 seldepth 22 score cp 583 nodes 105680 nps 777058 time 136 hashfull 82 pv e4f3 d2e3 f3c6 e3f4 e6f6 f4g3 g6g5 g3g4 c6d7 g4f3 f6e5 a2a3 g5g4 f3g3 d7f5 a3a4","{move=e4f3, main_pv=e4f3,d2e3,f3c6,e3f4,e6f6,f4g3,g6g5,g3g4,c6d7,g4f3,f6e5,a2a3,g5g4,f3g3,d7f5,a3a4, helper_submitted=1, aborted=false, helper_exited=1, helper_exceptions=0, search_elapsed_ns=136902800, helper_started=1, main_score_cp=583, main_qnodes=123757, source=main-result, main_tt_hits=64087, abort_ms=136, main_move=e4f3, main_nodes=105680, search=221, main_depth=13, legal=true, helper_pending=0, bestmove_ms=136, event=bestmove, latest_move=e4f3}"
"measured","2","11","8/p7/1p2k1p1/2p5/2P1b3/1P3P2/P2K4/8 b - - 0 38","4","222","13","110504","138582","68242","150","736693","87","87","e4f3","e4f3","main-result","true","432549","2849038.484","151822800","3","3","3","0","info depth 13 seldepth 23 score cp 601 nodes 110504 nps 736693 time 150 hashfull 87 pv e4f3 d2e3 f3c6 a2a3 g6g5 b3b4 e6e5 e3f2 g5g4 b4b5 c6e4 f2g3 e4f5 a3a4","{move=e4f3, main_pv=e4f3,d2e3,f3c6,a2a3,g6g5,b3b4,e6e5,e3f2,g5g4,b4b5,c6e4,f2g3,e4f5,a3a4, helper_submitted=3, aborted=false, helper_exited=3, helper_exceptions=0, search_elapsed_ns=151695200, helper_started=3, main_score_cp=601, main_qnodes=138582, source=main-result, main_tt_hits=68242, abort_ms=151, main_move=e4f3, main_nodes=110504, search=222, main_depth=13, legal=true, helper_pending=0, bestmove_ms=151, event=bestmove, latest_move=e4f3}"
"measured","2","12","8/8/6k1/8/5P2/4K1P1/8/8 b - - 0 65","2","223","13","24381","27430","23767","31","786483","15","15","g6f5","g6f5","main-result","true","48870","1524866.843","32048700","1","1","1","0","info depth 13 seldepth 21 score cp -468 nodes 24381 nps 786483 time 31 hashfull 15 pv g6f5 e3f3 f5f6 g3g4 f6e6 f4f5 e6d6 g4g5 d6e5 g5g6 e5f6 f3g4 f6e7 g6g7 e7f7","{move=g6f5, main_pv=g6f5,e3f3,f5f6,g3g4,f6e6,f4f5,e6d6,g4g5,d6e5,g5g6,e5f6,f3g4,f6e7,g6g7,e7f7, helper_submitted=1, aborted=false, helper_exited=1, helper_exceptions=0, search_elapsed_ns=31893500, helper_started=1, main_score_cp=-468, main_qnodes=27430, source=main-result, main_tt_hits=23767, abort_ms=31, main_move=g6f5, main_nodes=24381, search=223, main_depth=13, legal=true, helper_pending=0, bestmove_ms=31, event=bestmove, latest_move=g6f5}"
"measured","2","12","8/8/6k1/8/5P2/4K1P1/8/8 b - - 0 65","4","224","13","23892","27386","20900","24","995500","17","17","g6f5","g6f5","main-result","true","95928","3813991.953","25151600","3","3","3","0","info depth 13 seldepth 21 score cp -439 nodes 23892 nps 995500 time 24 hashfull 17 pv g6f5 e3f3 f5f6 g3g4 f6e6 f4f5 e6e7 g4g5 e7f7 f5f6 f7e6 f3g4","{move=g6f5, main_pv=g6f5,e3f3,f5f6,g3g4,f6e6,f4f5,e6e7,g4g5,e7f7,f5f6,f7e6,f3g4, helper_submitted=3, aborted=false, helper_exited=3, helper_exceptions=0, search_elapsed_ns=25037100, helper_started=3, main_score_cp=-439, main_qnodes=27386, source=main-result, main_tt_hits=20900, abort_ms=25, main_move=g6f5, main_nodes=23892, search=224, main_depth=13, legal=true, helper_pending=0, bestmove_ms=25, event=bestmove, latest_move=g6f5}"
"measured","2","12","8/8/6k1/8/5P2/4K1P1/8/8 b - - 0 65","1","225","13","19151","23591","14566","18","1063944","15","15","g6f5","g6f5","main-result","true","19151","972541.731","19691700","0","0","0","0","info depth 13 seldepth 20 score cp -399 nodes 19151 nps 1063944 time 18 hashfull 15 pv g6f5 e3d4 f5e6 g3g4","{move=g6f5, main_pv=g6f5,e3d4,f5e6,g3g4, helper_submitted=0, aborted=false, helper_exited=0, helper_exceptions=0, search_elapsed_ns=19598400, helper_started=0, main_score_cp=-399, main_qnodes=23591, source=main-result, main_tt_hits=14566, abort_ms=19, main_move=g6f5, main_nodes=19151, search=225, main_depth=13, legal=true, helper_pending=0, bestmove_ms=19, event=bestmove, latest_move=g6f5}"
"measured","2","13","8/2p5/3p4/KP5r/1R3p1k/8/4P1P1/8 w - - 0 1","4","226","13","79510","161166","42365","137","580364","139","139","b4f4","b4f4","main-result","true","302008","2173099.326","138975700","3","3","3","0","info depth 13 seldepth 26 score cp 19 nodes 79510 nps 580364 time 137 hashfull 139 pv b4f4 h4g3 f4c4 h5c5 c4c5 d6c5 e2e3 g3g2 e3e4","{move=b4f4, main_pv=b4f4,h4g3,f4c4,h5c5,c4c5,d6c5,e2e3,g3g2,e3e4, helper_submitted=3, aborted=false, helper_exited=3, helper_exceptions=0, search_elapsed_ns=138767300, helper_started=3, main_score_cp=19, main_qnodes=161166, source=main-result, main_tt_hits=42365, abort_ms=138, main_move=b4f4, main_nodes=79510, search=226, main_depth=13, legal=true, helper_pending=0, bestmove_ms=138, event=bestmove, latest_move=b4f4}"
"measured","2","13","8/2p5/3p4/KP5r/1R3p1k/8/4P1P1/8 w - - 0 1","1","227","13","134731","298233","52919","236","570894","97","97","b4f4","b4f4","main-result","true","134731","566693.810","237749200","0","0","0","0","info depth 13 seldepth 28 score cp 19 nodes 134731 nps 570894 time 236 hashfull 97 pv b4f4 h4g3 f4f3 g3g2 f3c3 h5c5 c3c5 d6c5 e2e4 c5c4 a5b4 g2f3 e4e5 f3f4","{move=b4f4, main_pv=b4f4,h4g3,f4f3,g3g2,f3c3,h5c5,c3c5,d6c5,e2e4,c5c4,a5b4,g2f3,e4e5,f3f4, helper_submitted=0, aborted=false, helper_exited=0, helper_exceptions=0, search_elapsed_ns=237626700, helper_started=0, main_score_cp=19, main_qnodes=298233, source=main-result, main_tt_hits=52919, abort_ms=237, main_move=b4f4, main_nodes=134731, search=227, main_depth=13, legal=true, helper_pending=0, bestmove_ms=237, event=bestmove, latest_move=b4f4}"
"measured","2","13","8/2p5/3p4/KP5r/1R3p1k/8/4P1P1/8 w - - 0 1","2","228","13","172494","391434","89360","307","561869","168","168","b4f4","b4f4","main-result","true","345706","1119571.895","308784100","1","1","1","0","info depth 13 seldepth 24 score cp 76 nodes 172494 nps 561869 time 307 hashfull 168 pv b4f4 h4g3 f4c4 h5h7 a5a6 g3g2 a6b7 h7h5 b7c7 h5b5 c7d6 b5b2 e2e4 g2f3","{move=b4f4, main_pv=b4f4,h4g3,f4c4,h5h7,a5a6,g3g2,a6b7,h7h5,b7c7,h5b5,c7d6,b5b2,e2e4,g2f3, helper_submitted=1, aborted=false, helper_exited=1, helper_exceptions=0, search_elapsed_ns=308663700, helper_started=1, main_score_cp=76, main_qnodes=391434, source=main-result, main_tt_hits=89360, abort_ms=308, main_move=b4f4, main_nodes=172494, search=228, main_depth=13, legal=true, helper_pending=0, bestmove_ms=308, event=bestmove, latest_move=b4f4}"
"measured","2","14","r1bq1r1k/b1p1npp1/p2p3p/1p6/3PP3/1B2NN2/PP3PPP/R2Q1RK1 w - - 1 16","1","229","13","1523227","3915325","261327","4481","339930","771","771","a2a4","a2a4","main-result","true","1523227","339805.284","4482646600","0","0","0","0","info depth 13 seldepth 25 score cp 59 nodes 1523227 nps 339930 time 4481 hashfull 771 pv a2a4 c8b7 d1d3 c7c6 f1c1 h8g8 h2h3 e7g6 e3f5 f8e8 a4b5 a6b5 d3e2","{move=a2a4, main_pv=a2a4,c8b7,d1d3,c7c6,f1c1,h8g8,h2h3,e7g6,e3f5,f8e8,a4b5,a6b5,d3e2, helper_submitted=0, aborted=false, helper_exited=0, helper_exceptions=0, search_elapsed_ns=4482520700, helper_started=0, main_score_cp=59, main_qnodes=3915325, source=main-result, main_tt_hits=261327, abort_ms=4482, main_move=a2a4, main_nodes=1523227, search=229, main_depth=13, legal=true, helper_pending=0, bestmove_ms=4482, event=bestmove, latest_move=a2a4}"
"measured","2","14","r1bq1r1k/b1p1npp1/p2p3p/1p6/3PP3/1B2NN2/PP3PPP/R2Q1RK1 w - - 1 16","2","230","13","844427","2245384","188583","2559","329983","759","759","f1e1","f1e1","main-result","true","1668505","651625.877","2560526000","1","1","1","0","info depth 13 seldepth 24 score cp 65 nodes 844427 nps 329983 time 2559 hashfull 759 pv f1e1 c8b7 d1d3 d8d7 a1c1 h8g8 d4d5","{move=f1e1, main_pv=f1e1,c8b7,d1d3,d8d7,a1c1,h8g8,d4d5, helper_submitted=1, aborted=false, helper_exited=1, helper_exceptions=0, search_elapsed_ns=2560387800, helper_started=1, main_score_cp=65, main_qnodes=2245384, source=main-result, main_tt_hits=188583, abort_ms=2560, main_move=f1e1, main_nodes=844427, search=230, main_depth=13, legal=true, helper_pending=0, bestmove_ms=2560, event=bestmove, latest_move=f1e1}"
"measured","2","14","r1bq1r1k/b1p1npp1/p2p3p/1p6/3PP3/1B2NN2/PP3PPP/R2Q1RK1 w - - 1 16","4","231","13","780461","2090314","203817","2428","321441","910","910","a2a4","a2a4","main-result","true","3064665","1261372.630","2429627000","3","3","3","0","info depth 13 seldepth 23 score cp 62 nodes 780461 nps 321441 time 2428 hashfull 910 pv a2a4 c8b7 d1d3","{move=a2a4, main_pv=a2a4,c8b7,d1d3, helper_submitted=3, aborted=false, helper_exited=3, helper_exceptions=0, search_elapsed_ns=2429483600, helper_started=3, main_score_cp=62, main_qnodes=2090314, source=main-result, main_tt_hits=203817, abort_ms=2429, main_move=a2a4, main_nodes=780461, search=231, main_depth=13, legal=true, helper_pending=0, bestmove_ms=2429, event=bestmove, latest_move=a2a4}"
"measured","2","15","r4rk1/1pp1qppp/p1np1n2/2b1p1B1/2B1P1b1/P1NP1N2/1PP1QPPP/R4RK1 w - - 0 10","2","232","13","699513","1507961","270275","2138","327181","555","555","c3d5","c3d5","main-result","true","1398856","653996.070","2138936400","1","1","1","0","info depth 13 seldepth 26 score cp 148 nodes 699513 nps 327181 time 2138 hashfull 555 pv c3d5 e7d8 g5f6 g7f6 c2c3 b7b5 c4a2 g4e6 b2b4 c5b6 d3d4 e5d4 d5b6 c7b6 c3d4 e6a2","{move=c3d5, main_pv=c3d5,e7d8,g5f6,g7f6,c2c3,b7b5,c4a2,g4e6,b2b4,c5b6,d3d4,e5d4,d5b6,c7b6,c3d4,e6a2, helper_submitted=1, aborted=false, helper_exited=1, helper_exceptions=0, search_elapsed_ns=2138813900, helper_started=1, main_score_cp=148, main_qnodes=1507961, source=main-result, main_tt_hits=270275, abort_ms=2138, main_move=c3d5, main_nodes=699513, search=232, main_depth=13, legal=true, helper_pending=0, bestmove_ms=2138, event=bestmove, latest_move=c3d5}"
"measured","2","15","r4rk1/1pp1qppp/p1np1n2/2b1p1B1/2B1P1b1/P1NP1N2/1PP1QPPP/R4RK1 w - - 0 10","4","233","13","545089","1686098","269717","2114","257847","676","676","c3d5","c3d5","main-result","true","2127315","1005719.460","2115217100","3","3","3","0","info depth 13 seldepth 25 score cp 148 nodes 545089 nps 257847 time 2114 hashfull 676 pv c3d5 e7d8 c2c3 b7b5 c4a2 g4e6 b2b4","{move=c3d5, main_pv=c3d5,e7d8,c2c3,b7b5,c4a2,g4e6,b2b4, helper_submitted=3, aborted=false, helper_exited=3, helper_exceptions=0, search_elapsed_ns=2115088800, helper_started=3, main_score_cp=148, main_qnodes=1686098, source=main-result, main_tt_hits=269717, abort_ms=2115, main_move=c3d5, main_nodes=545089, search=233, main_depth=13, legal=true, helper_pending=0, bestmove_ms=2115, event=bestmove, latest_move=c3d5}"
"measured","2","15","r4rk1/1pp1qppp/p1np1n2/2b1p1B1/2B1P1b1/P1NP1N2/1PP1QPPP/R4RK1 w - - 0 10","1","234","13","939472","2736571","234416","3313","283571","555","555","c3d5","c3d5","main-result","true","939472","283458.199","3314322900","0","0","0","0","info depth 13 seldepth 25 score cp 146 nodes 939472 nps 283571 time 3313 hashfull 555 pv c3d5 e7d8 c2c3 g4e6 b2b4 c5b6 g5f6 g7f6 h2h3 e6d5","{move=c3d5, main_pv=c3d5,e7d8,c2c3,g4e6,b2b4,c5b6,g5f6,g7f6,h2h3,e6d5, helper_submitted=0, aborted=false, helper_exited=0, helper_exceptions=0, search_elapsed_ns=3314155900, helper_started=0, main_score_cp=146, main_qnodes=2736571, source=main-result, main_tt_hits=234416, abort_ms=3314, main_move=c3d5, main_nodes=939472, search=234, main_depth=13, legal=true, helper_pending=0, bestmove_ms=3314, event=bestmove, latest_move=c3d5}"
"measured","2","16","r3k2r/pb3p2/5npp/n2p4/1p1PPB2/6P1/P2N1PBP/R3K2R b KQkq - 0 13","4","235","13","367819","996230","139786","1065","345369","657","657","d5e4","d5e4","main-result","true","1481084","1387842.366","1067184600","3","3","3","0","info depth 13 seldepth 25 score cp -47 nodes 367819 nps 345369 time 1065 hashfull 657 pv d5e4 e1g1 a8c8 f1b1","{move=d5e4, main_pv=d5e4,e1g1,a8c8,f1b1, helper_submitted=3, aborted=false, helper_exited=3, helper_exceptions=0, search_elapsed_ns=1066961400, helper_started=3, main_score_cp=-47, main_qnodes=996230, source=main-result, main_tt_hits=139786, abort_ms=1066, main_move=d5e4, main_nodes=367819, search=235, main_depth=13, legal=true, helper_pending=0, bestmove_ms=1066, event=bestmove, latest_move=d5e4}"
"measured","2","16","r3k2r/pb3p2/5npp/n2p4/1p1PPB2/6P1/P2N1PBP/R3K2R b KQkq - 0 13","1","236","13","815181","2129931","142547","2160","377398","526","526","d5e4","d5e4","main-result","true","815181","377199.481","2161140300","0","0","0","0","info depth 13 seldepth 25 score cp -51 nodes 815181 nps 377398 time 2160 hashfull 526 pv d5e4 e1g1 a8c8 f1b1 c8c2 b1b4 f6d5 b4b7 a5b7 g2e4 d5f4 e4c2 f4e2 g1g2","{move=d5e4, main_pv=d5e4,e1g1,a8c8,f1b1,c8c2,b1b4,f6d5,b4b7,a5b7,g2e4,d5f4,e4c2,f4e2,g1g2, helper_submitted=0, aborted=false, helper_exited=0, helper_exceptions=0, search_elapsed_ns=2160990300, helper_started=0, main_score_cp=-51, main_qnodes=2129931, source=main-result, main_tt_hits=142547, abort_ms=2160, main_move=d5e4, main_nodes=815181, search=236, main_depth=13, legal=true, helper_pending=0, bestmove_ms=2160, event=bestmove, latest_move=d5e4}"
"measured","2","16","r3k2r/pb3p2/5npp/n2p4/1p1PPB2/6P1/P2N1PBP/R3K2R b KQkq - 0 13","2","237","13","596534","1535844","140114","1585","376362","614","614","d5e4","d5e4","main-result","true","1186461","747809.348","1586582200","1","1","1","0","info depth 13 seldepth 24 score cp -48 nodes 596534 nps 376362 time 1585 hashfull 614 pv d5e4 e1g1 e8g8 a1b1 f8d8 f4e5 f6d5 d2e4 a5c4 e4f6 d5f6 g2b7 c4e5 d4e5","{move=d5e4, main_pv=d5e4,e1g1,e8g8,a1b1,f8d8,f4e5,f6d5,d2e4,a5c4,e4f6,d5f6,g2b7,c4e5,d4e5, helper_submitted=1, aborted=false, helper_exited=1, helper_exceptions=0, search_elapsed_ns=1586436300, helper_started=1, main_score_cp=-48, main_qnodes=1535844, source=main-result, main_tt_hits=140114, abort_ms=1586, main_move=d5e4, main_nodes=596534, search=237, main_depth=13, legal=true, helper_pending=0, bestmove_ms=1586, event=bestmove, latest_move=d5e4}"
"measured","2","17","rr6/2pq2pk/p2p1pnp/8/2QBPP2/1P6/P5PP/4RRK1 b - - 2 25","1","238","13","467210","1084544","118962","1227","380774","327","327","a6a5","a6a5","main-result","true","467210","380368.365","1228309300","0","0","0","0","info depth 13 seldepth 23 score cp -48 nodes 467210 nps 380774 time 1227 hashfull 327 pv a6a5 f4f5 g6e5 d4e5 f6e5 f5f6 a5a4 b3b4 g7f6 f1f6 b8f8 e1f1 f8f6","{move=a6a5, main_pv=a6a5,f4f5,g6e5,d4e5,f6e5,f5f6,a5a4,b3b4,g7f6,f1f6,b8f8,e1f1,f8f6, helper_submitted=0, aborted=false, helper_exited=0, helper_exceptions=0, search_elapsed_ns=1228188700, helper_started=0, main_score_cp=-48, main_qnodes=1084544, source=main-result, main_tt_hits=118962, abort_ms=1228, main_move=a6a5, main_nodes=467210, search=238, main_depth=13, legal=true, helper_pending=0, bestmove_ms=1228, event=bestmove, latest_move=a6a5}"
"measured","2","17","rr6/2pq2pk/p2p1pnp/8/2QBPP2/1P6/P5PP/4RRK1 b - - 2 25","2","239","13","322179","732881","113767","857","375938","412","412","a6a5","a6a5","main-result","true","636796","741370.109","858944800","1","1","1","0","info depth 13 seldepth 23 score cp -48 nodes 322179 nps 375938 time 857 hashfull 412 pv a6a5 f4f5 g6e5 d4e5 f6e5 f5f6 a5a4 b3b4 g7f6 f1f6 b8f8 e1f1 f8f6 f1f6","{move=a6a5, main_pv=a6a5,f4f5,g6e5,d4e5,f6e5,f5f6,a5a4,b3b4,g7f6,f1f6,b8f8,e1f1,f8f6,f1f6, helper_submitted=1, aborted=false, helper_exited=1, helper_exceptions=0, search_elapsed_ns=858709600, helper_started=1, main_score_cp=-48, main_qnodes=732881, source=main-result, main_tt_hits=113767, abort_ms=858, main_move=a6a5, main_nodes=322179, search=239, main_depth=13, legal=true, helper_pending=0, bestmove_ms=858, event=bestmove, latest_move=a6a5}"
"measured","2","17","rr6/2pq2pk/p2p1pnp/8/2QBPP2/1P6/P5PP/4RRK1 b - - 2 25","4","240","13","188818","430294","89269","514","367350","408","408","a6a5","a6a5","main-result","true","757657","1470040.002","515398900","3","3","3","0","info depth 13 seldepth 25 score cp -48 nodes 188818 nps 367350 time 514 hashfull 408 pv a6a5 f4f5 g6e5 d4e5 f6e5","{move=a6a5, main_pv=a6a5,f4f5,g6e5,d4e5,f6e5, helper_submitted=3, aborted=false, helper_exited=3, helper_exceptions=0, search_elapsed_ns=515247200, helper_started=3, main_score_cp=-48, main_qnodes=430294, source=main-result, main_tt_hits=89269, abort_ms=515, main_move=a6a5, main_nodes=188818, search=240, main_depth=13, legal=true, helper_pending=0, bestmove_ms=515, event=bestmove, latest_move=a6a5}"
"measured","2","18","r1bqkb1r/ppp2ppp/4pn2/3p4/2PP4/8/PP2PPPP/RNBQKBNR w KQkq d6 0 5","2","241","13","994758","2468305","290071","2607","381571","768","768","e2e3","e2e3","main-result","true","1983692","760393.421","2608770600","1","1","1","0","info depth 13 seldepth 25 score cp 387 nodes 994758 nps 381571 time 2607 hashfull 768 pv e2e3 c7c5 g1f3 c5d4 e3d4 f8b4 c1d2 b4d2 b1d2 c8d7 a1c1 e8g8 c4d5 e6d5 f1d3","{move=e2e3, main_pv=e2e3,c7c5,g1f3,c5d4,e3d4,f8b4,c1d2,b4d2,b1d2,c8d7,a1c1,e8g8,c4d5,e6d5,f1d3, helper_submitted=1, aborted=false, helper_exited=1, helper_exceptions=0, search_elapsed_ns=2608526500, helper_started=1, main_score_cp=387, main_qnodes=2468305, source=main-result, main_tt_hits=290071, abort_ms=2608, main_move=e2e3, main_nodes=994758, search=241, main_depth=13, legal=true, helper_pending=0, bestmove_ms=2608, event=bestmove, latest_move=e2e3}"
"measured","2","18","r1bqkb1r/ppp2ppp/4pn2/3p4/2PP4/8/PP2PPPP/RNBQKBNR w KQkq d6 0 5","4","242","13","810952","2013013","221515","2224","364636","913","913","e2e3","e2e3","main-result","true","3189271","1433176.359","2225316500","3","3","3","0","info depth 13 seldepth 25 score cp 383 nodes 810952 nps 364636 time 2224 hashfull 913 pv e2e3 c7c5 g1f3 c5d4 e3d4 f8b4 c1d2 b4d2 b1d2 e8g8 f1d3 d8b6 c4d5 e6d5 e1g1","{move=e2e3, main_pv=e2e3,c7c5,g1f3,c5d4,e3d4,f8b4,c1d2,b4d2,b1d2,e8g8,f1d3,d8b6,c4d5,e6d5,e1g1, helper_submitted=3, aborted=false, helper_exited=3, helper_exceptions=0, search_elapsed_ns=2225183400, helper_started=3, main_score_cp=383, main_qnodes=2013013, source=main-result, main_tt_hits=221515, abort_ms=2225, main_move=e2e3, main_nodes=810952, search=242, main_depth=13, legal=true, helper_pending=0, bestmove_ms=2225, event=bestmove, latest_move=e2e3}"
"measured","2","18","r1bqkb1r/ppp2ppp/4pn2/3p4/2PP4/8/PP2PPPP/RNBQKBNR w KQkq d6 0 5","1","243","13","1369277","3362585","278464","3449","397006","644","644","e2e3","e2e3","main-result","true","1369277","396879.218","3450110100","0","0","0","0","info depth 13 seldepth 24 score cp 386 nodes 1369277 nps 397006 time 3449 hashfull 644 pv e2e3 c7c5 g1f3 c5d4 e3d4 f8b4 c1d2 b4e7 f1e2 d5c4 e1g1 c8d7 f3e5 e8g8","{move=e2e3, main_pv=e2e3,c7c5,g1f3,c5d4,e3d4,f8b4,c1d2,b4e7,f1e2,d5c4,e1g1,c8d7,f3e5,e8g8, helper_submitted=0, aborted=false, helper_exited=0, helper_exceptions=0, search_elapsed_ns=3449999700, helper_started=0, main_score_cp=386, main_qnodes=3362585, source=main-result, main_tt_hits=278464, abort_ms=3449, main_move=e2e3, main_nodes=1369277, search=243, main_depth=13, legal=true, helper_pending=0, bestmove_ms=3449, event=bestmove, latest_move=e2e3}"
"measured","2","19","2r3k1/4qpp1/3p3p/B1pP4/P1P1p1b1/1P4Pp/3Q1P1P/R3R1K1 w - - 0 28","4","244","13","193360","459623","134151","514","376186","369","369","a5c3","a5c3","main-result","true","780308","1514486.557","515229400","3","3","3","0","info depth 13 seldepth 22 score cp 632 nodes 193360 nps 376186 time 514 hashfull 369 pv a5c3 c8b8 d2c2 f7f5 a4a5 g4f3 a5a6 e7a7 c2b2 b8b6 b2a2 b6b8 a2c2 a7e7","{move=a5c3, main_pv=a5c3,c8b8,d2c2,f7f5,a4a5,g4f3,a5a6,e7a7,c2b2,b8b6,b2a2,b6b8,a2c2,a7e7, helper_submitted=3, aborted=false, helper_exited=3, helper_exceptions=0, search_elapsed_ns=515114500, helper_started=3, main_score_cp=632, main_qnodes=459623, source=main-result, main_tt_hits=134151, abort_ms=515, main_move=a5c3, main_nodes=193360, search=244, main_depth=13, legal=true, helper_pending=0, bestmove_ms=515, event=bestmove, latest_move=a5c3}"
"measured","2","19","2r3k1/4qpp1/3p3p/B1pP4/P1P1p1b1/1P4Pp/3Q1P1P/R3R1K1 w - - 0 28","1","245","13","437737","1039288","140745","1091","401225","301","301","a5c3","a5c3","main-result","true","437737","400659.893","1092540100","0","0","0","0","info depth 13 seldepth 22 score cp 640 nodes 437737 nps 401225 time 1091 hashfull 301 pv a5c3 c8b8 a4a5 g4f3 a5a6 e7a7 d2c2 f7f5 c2b2 b8b6 b2a2 b6b8 a2c2","{move=a5c3, main_pv=a5c3,c8b8,a4a5,g4f3,a5a6,e7a7,d2c2,f7f5,c2b2,b8b6,b2a2,b6b8,a2c2, helper_submitted=0, aborted=false, helper_exited=0, helper_exceptions=0, search_elapsed_ns=1092413400, helper_started=0, main_score_cp=640, main_qnodes=1039288, source=main-result, main_tt_hits=140745, abort_ms=1092, main_move=a5c3, main_nodes=437737, search=245, main_depth=13, legal=true, helper_pending=0, bestmove_ms=1092, event=bestmove, latest_move=a5c3}"
"measured","2","19","2r3k1/4qpp1/3p3p/B1pP4/P1P1p1b1/1P4Pp/3Q1P1P/R3R1K1 w - - 0 28","2","246","13","253247","579122","118376","615","411783","306","306","a5c3","a5c3","main-result","true","493019","800659.276","615766300","1","1","1","0","info depth 13 seldepth 22 score cp 635 nodes 253247 nps 411783 time 615 hashfull 306 pv a5c3 g4f3 a4a5 c8b8 a5a6 e7a7 d2b2 f7f5 b2a2 g8h7 a2c2 h7g8 c3b2","{move=a5c3, main_pv=a5c3,g4f3,a4a5,c8b8,a5a6,e7a7,d2b2,f7f5,b2a2,g8h7,a2c2,h7g8,c3b2, helper_submitted=1, aborted=false, helper_exited=1, helper_exceptions=0, search_elapsed_ns=615634100, helper_started=1, main_score_cp=635, main_qnodes=579122, source=main-result, main_tt_hits=118376, abort_ms=615, main_move=a5c3, main_nodes=253247, search=246, main_depth=13, legal=true, helper_pending=0, bestmove_ms=615, event=bestmove, latest_move=a5c3}"
"measured","2","20","r4rk1/3qppbp/6p1/2p1n3/2B1P3/2P5/P2Q1PPP/R4RK1 b - - 0 20","1","247","13","150814","238508","80953","315","478774","126","126","d7d2","d7d2","main-result","true","150814","477686.993","315717200","0","0","0","0","info depth 13 seldepth 21 score cp 1583 nodes 150814 nps 478774 time 315 hashfull 126 pv d7d2 f1d1 d2c3 a1c1 c3a5 c4b3 g7h6 c1b1 e7e6 a2a4 c5c4 b3c2 a5c3","{move=d7d2, main_pv=d7d2,f1d1,d2c3,a1c1,c3a5,c4b3,g7h6,c1b1,e7e6,a2a4,c5c4,b3c2,a5c3, helper_submitted=0, aborted=false, helper_exited=0, helper_exceptions=0, search_elapsed_ns=315562200, helper_started=0, main_score_cp=1583, main_qnodes=238508, source=main-result, main_tt_hits=80953, abort_ms=315, main_move=d7d2, main_nodes=150814, search=247, main_depth=13, legal=true, helper_pending=0, bestmove_ms=315, event=bestmove, latest_move=d7d2}"
"measured","2","20","r4rk1/3qppbp/6p1/2p1n3/2B1P3/2P5/P2Q1PPP/R4RK1 b - - 0 20","2","248","13","123576","208267","83785","274","451007","135","135","d7d2","d7d2","main-result","true","247269","897284.187","275574900","1","1","1","0","info depth 13 seldepth 21 score cp 1594 nodes 123576 nps 451007 time 274 hashfull 135 pv d7d2 c4d5 a8b8 f1d1 d2c3 a1c1 c3a5 h2h3 e7e6 d5b3 a5b4 d1d6 b8d8","{move=d7d2, main_pv=d7d2,c4d5,a8b8,f1d1,d2c3,a1c1,c3a5,h2h3,e7e6,d5b3,a5b4,d1d6,b8d8, helper_submitted=1, aborted=false, helper_exited=1, helper_exceptions=0, search_elapsed_ns=275463700, helper_started=1, main_score_cp=1594, main_qnodes=208267, source=main-result, main_tt_hits=83785, abort_ms=275, main_move=d7d2, main_nodes=123576, search=248, main_depth=13, legal=true, helper_pending=0, bestmove_ms=275, event=bestmove, latest_move=d7d2}"
"measured","2","20","r4rk1/3qppbp/6p1/2p1n3/2B1P3/2P5/P2Q1PPP/R4RK1 b - - 0 20","4","249","13","93976","154911","79705","210","447504","123","123","d7d2","d7d2","main-result","true","370291","1751125.160","211458900","3","3","3","0","info depth 13 seldepth 23 score cp 1594 nodes 93976 nps 447504 time 210 hashfull 123 pv d7d2 c4d5 a8b8 f1d1 d2c3 a1c1 c3a5 h2h3 e7e6 d5b3 a5b4 d1d6 b8d8","{move=d7d2, main_pv=d7d2,c4d5,a8b8,f1d1,d2c3,a1c1,c3a5,h2h3,e7e6,d5b3,a5b4,d1d6,b8d8, helper_submitted=3, aborted=false, helper_exited=3, helper_exceptions=0, search_elapsed_ns=211334100, helper_started=3, main_score_cp=1594, main_qnodes=154911, source=main-result, main_tt_hits=79705, abort_ms=211, main_move=d7d2, main_nodes=93976, search=249, main_depth=13, legal=true, helper_pending=0, bestmove_ms=211, event=bestmove, latest_move=d7d2}"
"measured","2","21","1rr3k1/4ppb1/2q1bnpp/3p4/2pP4/2P1BNNP/PP3PPK/2QRR3 b - - 6 26","2","250","13","1313827","2751420","410932","3648","360149","853","853","g6g5","g6g5","main-result","true","2591208","710041.330","3649376300","1","1","1","0","info depth 13 seldepth 25 score cp -31 nodes 1313827 nps 360149 time 3648 hashfull 853 pv g6g5 h2g1 c6b6 e1e2 b6c7 a2a3 c8e8 c1c2 b8b3 f3e5 e8b8 d1b1 b8a8","{move=g6g5, main_pv=g6g5,h2g1,c6b6,e1e2,b6c7,a2a3,c8e8,c1c2,b8b3,f3e5,e8b8,d1b1,b8a8, helper_submitted=1, aborted=false, helper_exited=1, helper_exceptions=0, search_elapsed_ns=3649264300, helper_started=1, main_score_cp=-31, main_qnodes=2751420, source=main-result, main_tt_hits=410932, abort_ms=3649, main_move=g6g5, main_nodes=1313827, search=250, main_depth=13, legal=true, helper_pending=0, bestmove_ms=3649, event=bestmove, latest_move=g6g5}"
"measured","2","21","1rr3k1/4ppb1/2q1bnpp/3p4/2pP4/2P1BNNP/PP3PPK/2QRR3 b - - 6 26","4","251","13","960764","2003861","377878","2775","346221","914","914","g6g5","g6g5","main-result","true","3771140","1358384.652","2776194500","3","3","3","0","info depth 13 seldepth 25 score cp -31 nodes 960764 nps 346221 time 2775 hashfull 914 pv g6g5 h2g1","{move=g6g5, main_pv=g6g5,h2g1, helper_submitted=3, aborted=false, helper_exited=3, helper_exceptions=0, search_elapsed_ns=2776055700, helper_started=3, main_score_cp=-31, main_qnodes=2003861, source=main-result, main_tt_hits=377878, abort_ms=2776, main_move=g6g5, main_nodes=960764, search=251, main_depth=13, legal=true, helper_pending=0, bestmove_ms=2776, event=bestmove, latest_move=g6g5}"
"measured","2","21","1rr3k1/4ppb1/2q1bnpp/3p4/2pP4/2P1BNNP/PP3PPK/2QRR3 b - - 6 26","1","252","13","2172114","4644866","454851","5966","364082","817","817","c6a6","c6a6","main-result","true","2172114","363979.442","5967683200","0","0","0","0","info depth 13 seldepth 23 score cp -37 nodes 2172114 nps 364082 time 5966 hashfull 817 pv c6a6 e3h6 g7h6 c1h6 b8b2 h2g1 a6d6","{move=c6a6, main_pv=c6a6,e3h6,g7h6,c1h6,b8b2,h2g1,a6d6, helper_submitted=0, aborted=false, helper_exited=0, helper_exceptions=0, search_elapsed_ns=5967523500, helper_started=0, main_score_cp=-37, main_qnodes=4644866, source=main-result, main_tt_hits=454851, abort_ms=5967, main_move=c6a6, main_nodes=2172114, search=252, main_depth=13, legal=true, helper_pending=0, bestmove_ms=5967, event=bestmove, latest_move=c6a6}"
"measured","2","22","r3r1k1/6pp/bq2p3/p1pn4/Pn1N4/1B3P2/1PP2QBP/3RR1K1 w - - 0 24","4","253","13","359626","864577","204986","1099","327230","490","490","d4b5","d4b5","main-result","true","1405410","1276773.534","1100751200","3","3","3","0","info depth 13 seldepth 25 score cp 28 nodes 359626 nps 327230 time 1099 hashfull 490 pv d4b5 a6b5 a4b5 d5f4 e1e4","{move=d4b5, main_pv=d4b5,a6b5,a4b5,d5f4,e1e4, helper_submitted=3, aborted=false, helper_exited=3, helper_exceptions=0, search_elapsed_ns=1100597200, helper_started=3, main_score_cp=28, main_qnodes=864577, source=main-result, main_tt_hits=204986, abort_ms=1100, main_move=d4b5, main_nodes=359626, search=253, main_depth=13, legal=true, helper_pending=0, bestmove_ms=1100, event=bestmove, latest_move=d4b5}"
"measured","2","22","r3r1k1/6pp/bq2p3/p1pn4/Pn1N4/1B3P2/1PP2QBP/3RR1K1 w - - 0 24","1","254","13","581587","1343701","174350","1616","359892","365","365","d4b5","d4b5","main-result","true","581587","359684.302","1616937400","0","0","0","0","info depth 13 seldepth 26 score cp 24 nodes 581587 nps 359892 time 1616 hashfull 365 pv d4b5 a6b5 a4b5 d5f4 b3c4 a8d8 d1d8 e8d8 h2h4 b4d5 c2c3 b6c7 g1h2","{move=d4b5, main_pv=d4b5,a6b5,a4b5,d5f4,b3c4,a8d8,d1d8,e8d8,h2h4,b4d5,c2c3,b6c7,g1h2, helper_submitted=0, aborted=false, helper_exited=0, helper_exceptions=0, search_elapsed_ns=1616811700, helper_started=0, main_score_cp=24, main_qnodes=1343701, source=main-result, main_tt_hits=174350, abort_ms=1616, main_move=d4b5, main_nodes=581587, search=254, main_depth=13, legal=true, helper_pending=0, bestmove_ms=1616, event=bestmove, latest_move=d4b5}"
"measured","2","22","r3r1k1/6pp/bq2p3/p1pn4/Pn1N4/1B3P2/1PP2QBP/3RR1K1 w - - 0 24","2","255","13","386367","927027","136685","1162","332501","410","410","d4b5","d4b5","main-result","true","772674","664392.048","1162979000","1","1","1","0","info depth 13 seldepth 24 score cp 24 nodes 386367 nps 332501 time 1162 hashfull 410 pv d4b5 a6b5 a4b5 d5f4 e1e4 e8f8 h2h3","{move=d4b5, main_pv=d4b5,a6b5,a4b5,d5f4,e1e4,e8f8,h2h3, helper_submitted=1, aborted=false, helper_exited=1, helper_exceptions=0, search_elapsed_ns=1162828900, helper_started=1, main_score_cp=24, main_qnodes=927027, source=main-result, main_tt_hits=136685, abort_ms=1162, main_move=d4b5, main_nodes=386367, search=255, main_depth=13, legal=true, helper_pending=0, bestmove_ms=1162, event=bestmove, latest_move=d4b5}"
"measured","2","23","r2r4/8/k2N4/6B1/p7/P5P1/4K2P/1R6 w - - 4 46","1","256","13","176857","395806","91055","306","577964","115","115","g5d8","g5d8","main-result","true","176857","575356.709","307386700","0","0","0","0","info depth 13 seldepth 23 score cp 682 nodes 176857 nps 577964 time 306 hashfull 115 pv g5d8 a8d8 d6c4 d8g8 b1b6 a6a7 b6b4 a7a6 e2d3 g8d8 d3c2 d8g8 c4d6 a6a5 d6b7 a5a6 b7c5 a6a5","{move=g5d8, main_pv=g5d8,a8d8,d6c4,d8g8,b1b6,a6a7,b6b4,a7a6,e2d3,g8d8,d3c2,d8g8,c4d6,a6a5,d6b7,a5a6,b7c5,a6a5, helper_submitted=0, aborted=false, helper_exited=0, helper_exceptions=0, search_elapsed_ns=307207200, helper_started=0, main_score_cp=682, main_qnodes=395806, source=main-result, main_tt_hits=91055, abort_ms=307, main_move=g5d8, main_nodes=176857, search=256, main_depth=13, legal=true, helper_pending=0, bestmove_ms=307, event=bestmove, latest_move=g5d8}"
"measured","2","23","r2r4/8/k2N4/6B1/p7/P5P1/4K2P/1R6 w - - 4 46","2","257","13","131911","287219","82439","229","576030","127","127","g5d8","g5d8","main-result","true","263161","1144532.568","229928800","1","1","1","0","info depth 13 seldepth 23 score cp 684 nodes 131911 nps 576030 time 229 hashfull 127 pv g5d8 a8d8 d6c4 d8e8 e2f3 e8d8 b1b6 a6a7 b6b4 a7a6 c4e5 d8f8 f3g2 a6a5 e5c4 a5a6 b4b1","{move=g5d8, main_pv=g5d8,a8d8,d6c4,d8e8,e2f3,e8d8,b1b6,a6a7,b6b4,a7a6,c4e5,d8f8,f3g2,a6a5,e5c4,a5a6,b4b1, helper_submitted=1, aborted=false, helper_exited=1, helper_exceptions=0, search_elapsed_ns=229747000, helper_started=1, main_score_cp=684, main_qnodes=287219, source=main-result, main_tt_hits=82439, abort_ms=229, main_move=g5d8, main_nodes=131911, search=257, main_depth=13, legal=true, helper_pending=0, bestmove_ms=229, event=bestmove, latest_move=g5d8}"
"measured","2","23","r2r4/8/k2N4/6B1/p7/P5P1/4K2P/1R6 w - - 4 46","4","258","13","110773","230715","92153","208","532562","139","139","g5d8","g5d8","main-result","true","457973","2182718.617","209817700","3","3","3","0","info depth 13 seldepth 23 score cp 688 nodes 110773 nps 532562 time 208 hashfull 139 pv g5d8 a8d8 d6c4 d8e8 e2f2 e8f8 f2g2","{move=g5d8, main_pv=g5d8,a8d8,d6c4,d8e8,e2f2,e8f8,f2g2, helper_submitted=3, aborted=false, helper_exited=3, helper_exceptions=0, search_elapsed_ns=209704000, helper_started=3, main_score_cp=688, main_qnodes=230715, source=main-result, main_tt_hits=92153, abort_ms=209, main_move=g5d8, main_nodes=110773, search=258, main_depth=13, legal=true, helper_pending=0, bestmove_ms=209, event=bestmove, latest_move=g5d8}"
"measured","2","24","8/3b2kp/4p1p1/1p1n4/1P6/3NB3/6PP/6K1 b - - 0 34","2","259","13","45994","83750","24455","73","630054","39","39","d5e3","d5e3","main-result","true","90846","1228276.065","73962200","1","1","1","0","info depth 13 seldepth 21 score cp 509 nodes 45994 nps 630054 time 73 hashfull 39 pv d5e3 g1f2 e3d5 d3c5 d7c8 c5d3 g7f6 f2f3 e6e5 f3e4 d5c3 e4e3 e5e4 d3c5","{move=d5e3, main_pv=d5e3,g1f2,e3d5,d3c5,d7c8,c5d3,g7f6,f2f3,e6e5,f3e4,d5c3,e4e3,e5e4,d3c5, helper_submitted=1, aborted=false, helper_exited=1, helper_exceptions=0, search_elapsed_ns=73856300, helper_started=1, main_score_cp=509, main_qnodes=83750, source=main-result, main_tt_hits=24455, abort_ms=73, main_move=d5e3, main_nodes=45994, search=259, main_depth=13, legal=true, helper_pending=0, bestmove_ms=73, event=bestmove, latest_move=d5e3}"
"measured","2","24","8/3b2kp/4p1p1/1p1n4/1P6/3NB3/6PP/6K1 b - - 0 34","4","260","13","55318","100524","30957","88","628613","74","74","d5e3","d5e3","main-result","true","217871","2435643.609","89451100","3","3","3","0","info depth 13 seldepth 22 score cp 518 nodes 55318 nps 628613 time 88 hashfull 74 pv d5e3 g1f2 e3d5 d3c5 d7c8 c5d3 g7f6 f2f3 c8b7 f3f2 b7c6 f2g3 e6e5","{move=d5e3, main_pv=d5e3,g1f2,e3d5,d3c5,d7c8,c5d3,g7f6,f2f3,c8b7,f3f2,b7c6,f2g3,e6e5, helper_submitted=3, aborted=false, helper_exited=3, helper_exceptions=0, search_elapsed_ns=89308800, helper_started=3, main_score_cp=518, main_qnodes=100524, source=main-result, main_tt_hits=30957, abort_ms=89, main_move=d5e3, main_nodes=55318, search=260, main_depth=13, legal=true, helper_pending=0, bestmove_ms=89, event=bestmove, latest_move=d5e3}"
"measured","2","24","8/3b2kp/4p1p1/1p1n4/1P6/3NB3/6PP/6K1 b - - 0 34","1","261","13","57130","103865","23770","88","649204","38","38","d5e3","d5e3","main-result","true","57130","641559.057","89048700","0","0","0","0","info depth 13 seldepth 21 score cp 509 nodes 57130 nps 649204 time 88 hashfull 38 pv d5e3 g1f2 e3d5 d3c5 d7c8 c5d3 g7f6 f2f3 e6e5 f3e4 d5c3 e4e3 e5e4 d3c5","{move=d5e3, main_pv=d5e3,g1f2,e3d5,d3c5,d7c8,c5d3,g7f6,f2f3,e6e5,f3e4,d5c3,e4e3,e5e4,d3c5, helper_submitted=0, aborted=false, helper_exited=0, helper_exceptions=0, search_elapsed_ns=88925500, helper_started=0, main_score_cp=509, main_qnodes=103865, source=main-result, main_tt_hits=23770, abort_ms=88, main_move=d5e3, main_nodes=57130, search=261, main_depth=13, legal=true, helper_pending=0, bestmove_ms=88, event=bestmove, latest_move=d5e3}"
"measured","2","25","r3k2r/4npp1/1pq1p2p/p6b/PpP1PP1P/7N/2P1QP2/R1B2RK1 b kq - 0 18","4","262","13","168043","421979","101255","442","380187","259","259","h5e2","h5e2","main-result","true","653905","1475034.349","443315100","3","3","3","0","info depth 13 seldepth 26 score cp 1627 nodes 168043 nps 380187 time 442 hashfull 259 pv h5e2 f1e1 c6e4 c1e3 e7f5 h4h5 f5e3 f2e3 e4e3 g1h2 a8d8 e1g1 e8g8 g1g3","{move=h5e2, main_pv=h5e2,f1e1,c6e4,c1e3,e7f5,h4h5,f5e3,f2e3,e4e3,g1h2,a8d8,e1g1,e8g8,g1g3, helper_submitted=3, aborted=false, helper_exited=3, helper_exceptions=0, search_elapsed_ns=443194500, helper_started=3, main_score_cp=1627, main_qnodes=421979, source=main-result, main_tt_hits=101255, abort_ms=443, main_move=h5e2, main_nodes=168043, search=262, main_depth=13, legal=true, helper_pending=0, bestmove_ms=443, event=bestmove, latest_move=h5e2}"
"measured","2","25","r3k2r/4npp1/1pq1p2p/p6b/PpP1PP1P/7N/2P1QP2/R1B2RK1 b kq - 0 18","1","263","13","145819","320245","48975","345","422663","105","105","h5e2","h5e2","main-result","true","145819","421086.950","346291900","0","0","0","0","info depth 13 seldepth 24 score cp 1578 nodes 145819 nps 422663 time 345 hashfull 105 pv h5e2 f1e1 c6e4 c1e3 e4c4 g1h2 e8g8 e3b6 e7f5 a1c1 f5h4 h2g3 h4f3 e1h1","{move=h5e2, main_pv=h5e2,f1e1,c6e4,c1e3,e4c4,g1h2,e8g8,e3b6,e7f5,a1c1,f5h4,h2g3,h4f3,e1h1, helper_submitted=0, aborted=false, helper_exited=0, helper_exceptions=0, search_elapsed_ns=346123500, helper_started=0, main_score_cp=1578, main_qnodes=320245, source=main-result, main_tt_hits=48975, abort_ms=346, main_move=h5e2, main_nodes=145819, search=263, main_depth=13, legal=true, helper_pending=0, bestmove_ms=346, event=bestmove, latest_move=h5e2}"
"measured","2","25","r3k2r/4npp1/1pq1p2p/p6b/PpP1PP1P/7N/2P1QP2/R1B2RK1 b kq - 0 18","2","264","13","201218","555288","85577","531","378941","229","229","h5e2","h5e2","main-result","true","398972","749600.467","532246200","1","1","1","0","info depth 13 seldepth 26 score cp 1599 nodes 201218 nps 378941 time 531 hashfull 229 pv h5e2 f1e1 c6e4 c1e3 e7f5 h4h5 f5e3 f2e3 e4e3 g1h2 e8g8 a1d1 a8d8 d1d8","{move=h5e2, main_pv=h5e2,f1e1,c6e4,c1e3,e7f5,h4h5,f5e3,f2e3,e4e3,g1h2,e8g8,a1d1,a8d8,d1d8, helper_submitted=1, aborted=false, helper_exited=1, helper_exceptions=0, search_elapsed_ns=532055100, helper_started=1, main_score_cp=1599, main_qnodes=555288, source=main-result, main_tt_hits=85577, abort_ms=532, main_move=h5e2, main_nodes=201218, search=264, main_depth=13, legal=true, helper_pending=0, bestmove_ms=532, event=bestmove, latest_move=h5e2}"
"measured","2","26","8/8/k7/1p6/2p5/2P1K3/8/8 b - - 0 67","1","265","13","47736","108493","31594","61","782557","16","16","a6a5","a6a5","main-result","true","47736","765529.982","62356800","0","0","0","0","info depth 13 seldepth 21 score cp 422 nodes 47736 nps 782557 time 61 hashfull 16 pv a6a5 e3d2 a5a4 d2c2 a4a3 c2d2 a3b2 d2d1 b2c3 d1c1 c3d3 c1d1 c4c3","{move=a6a5, main_pv=a6a5,e3d2,a5a4,d2c2,a4a3,c2d2,a3b2,d2d1,b2c3,d1c1,c3d3,c1d1,c4c3, helper_submitted=0, aborted=false, helper_exited=0, helper_exceptions=0, search_elapsed_ns=62259100, helper_started=0, main_score_cp=422, main_qnodes=108493, source=main-result, main_tt_hits=31594, abort_ms=62, main_move=a6a5, main_nodes=47736, search=265, main_depth=13, legal=true, helper_pending=0, bestmove_ms=62, event=bestmove, latest_move=a6a5}"
"measured","2","26","8/8/k7/1p6/2p5/2P1K3/8/8 b - - 0 67","2","266","13","48830","127600","31376","66","739848","15","15","a6a5","a6a5","main-result","true","96682","1441495.976","67070600","1","1","1","0","info depth 13 seldepth 21 score cp 485 nodes 48830 nps 739848 time 66 hashfull 15 pv a6a5 e3d2 a5a4 d2c2 a4a3 c2c1 a3b3 c1b1 b3c3 b1c1 c3d3 c1b2 c4c3 b2b3 c3c2 b3b2 b5b4","{move=a6a5, main_pv=a6a5,e3d2,a5a4,d2c2,a4a3,c2c1,a3b3,c1b1,b3c3,b1c1,c3d3,c1b2,c4c3,b2b3,c3c2,b3b2,b5b4, helper_submitted=1, aborted=false, helper_exited=1, helper_exceptions=0, search_elapsed_ns=66977600, helper_started=1, main_score_cp=485, main_qnodes=127600, source=main-result, main_tt_hits=31376, abort_ms=66, main_move=a6a5, main_nodes=48830, search=266, main_depth=13, legal=true, helper_pending=0, bestmove_ms=66, event=bestmove, latest_move=a6a5}"
"measured","2","26","8/8/k7/1p6/2p5/2P1K3/8/8 b - - 0 67","4","267","13","29998","55703","23588","35","857085","16","16","a6a5","a6a5","main-result","true","120167","3261375.202","36845500","3","3","3","0","info depth 13 seldepth 21 score cp 346 nodes 29998 nps 857085 time 35 hashfull 16 pv a6a5 e3d4 a5a4 d4c5 a4b3 c5b5 b3c3 b5c5 c3d3 c5b4 c4c3 b4b3 c3c2 b3b2","{move=a6a5, main_pv=a6a5,e3d4,a5a4,d4c5,a4b3,c5b5,b3c3,b5c5,c3d3,c5b4,c4c3,b4b3,c3c2,b3b2, helper_submitted=3, aborted=false, helper_exited=3, helper_exceptions=0, search_elapsed_ns=36742600, helper_started=3, main_score_cp=346, main_qnodes=55703, source=main-result, main_tt_hits=23588, abort_ms=36, main_move=a6a5, main_nodes=29998, search=267, main_depth=13, legal=true, helper_pending=0, bestmove_ms=36, event=bestmove, latest_move=a6a5}"
"measured","2","27","8/6b1/p1p4p/2P5/P1B2P1k/8/2K3P1/8 b - - 0 58","2","268","13","64044","155673","39137","105","609942","90","90","a6a5","a6a5","main-result","true","128310","1203104.386","106649100","1","1","1","0","info depth 13 seldepth 24 score cp -118 nodes 64044 nps 609942 time 105 hashfull 90 pv a6a5 c4b5 g7f8 b5c6 f8c5 f4f5 h4g5 c6d7 g5f6 c2d3 f6e5 d7e6 h6h5 d3c4","{move=a6a5, main_pv=a6a5,c4b5,g7f8,b5c6,f8c5,f4f5,h4g5,c6d7,g5f6,c2d3,f6e5,d7e6,h6h5,d3c4, helper_submitted=1, aborted=false, helper_exited=1, helper_exceptions=0, search_elapsed_ns=106539300, helper_started=1, main_score_cp=-118, main_qnodes=155673, source=main-result, main_tt_hits=39137, abort_ms=106, main_move=a6a5, main_nodes=64044, search=268, main_depth=13, legal=true, helper_pending=0, bestmove_ms=106, event=bestmove, latest_move=a6a5}"
"measured","2","27","8/6b1/p1p4p/2P5/P1B2P1k/8/2K3P1/8 b - - 0 58","4","269","13","49050","119540","38461","77","637012","72","72","a6a5","a6a5","main-result","true","198243","2520395.904","78655500","3","3","3","0","info depth 13 seldepth 22 score cp -108 nodes 49050 nps 637012 time 77 hashfull 72 pv a6a5 c4d5 g7d4 d5c6 d4c5 f4f5 h4g5 c6e4 g5f4 c2d3 f4e5","{move=a6a5, main_pv=a6a5,c4d5,g7d4,d5c6,d4c5,f4f5,h4g5,c6e4,g5f4,c2d3,f4e5, helper_submitted=3, aborted=false, helper_exited=3, helper_exceptions=0, search_elapsed_ns=78540600, helper_started=3, main_score_cp=-108, main_qnodes=119540, source=main-result, main_tt_hits=38461, abort_ms=78, main_move=a6a5, main_nodes=49050, search=269, main_depth=13, legal=true, helper_pending=0, bestmove_ms=78, event=bestmove, latest_move=a6a5}"
"measured","2","27","8/6b1/p1p4p/2P5/P1B2P1k/8/2K3P1/8 b - - 0 58","1","270","13","72278","177061","37879","109","663100","53","53","a6a5","a6a5","main-result","true","72278","655455.540","110271400","0","0","0","0","info depth 13 seldepth 22 score cp -118 nodes 72278 nps 663100 time 109 hashfull 53 pv a6a5 c4d5 g7d4 d5c6 d4c5 f4f5 h4g5 c6d7 h6h5 c2d3 h5h4 d3c4 c5d6","{move=a6a5, main_pv=a6a5,c4d5,g7d4,d5c6,d4c5,f4f5,h4g5,c6d7,h6h5,c2d3,h5h4,d3c4,c5d6, helper_submitted=0, aborted=false, helper_exited=0, helper_exceptions=0, search_elapsed_ns=110175200, helper_started=0, main_score_cp=-118, main_qnodes=177061, source=main-result, main_tt_hits=37879, abort_ms=110, main_move=a6a5, main_nodes=72278, search=270, main_depth=13, legal=true, helper_pending=0, bestmove_ms=110, event=bestmove, latest_move=a6a5}"
"measured","2","28","6k1/4pp1p/3p2p1/P1pPb3/R7/1r2P1PP/3B1P2/6K1 w - - 0 40","4","271","13","1407996","6171144","458976","4055","347224","971","971","d2b4","d2b4","main-result","true","5777446","1424166.042","4056722200","3","3","3","0","info depth 13 seldepth 28 score cp 250 nodes 1407996 nps 347224 time 4055 hashfull 971 pv d2b4","{move=d2b4, main_pv=d2b4, helper_submitted=3, aborted=false, helper_exited=3, helper_exceptions=0, search_elapsed_ns=4056592400, helper_started=3, main_score_cp=250, main_qnodes=6171144, source=main-result, main_tt_hits=458976, abort_ms=4056, main_move=d2b4, main_nodes=1407996, search=271, main_depth=13, legal=true, helper_pending=0, bestmove_ms=4056, event=bestmove, latest_move=d2b4}"
"measured","2","28","6k1/4pp1p/3p2p1/P1pPb3/R7/1r2P1PP/3B1P2/6K1 w - - 0 40","1","272","13","1825906","7116080","655054","4587","398061","747","747","d2b4","d2b4","main-result","true","1825906","397917.195","4588658200","0","0","0","0","info depth 13 seldepth 28 score cp 267 nodes 1825906 nps 398061 time 4587 hashfull 747 pv d2b4 c5b4 a5a6 b3c3 a6a7 c3c8 a4b4 g8g7 b4b8 c8c1 g1g2 c1a1 a7a8q a1a8 b8a8 g7f6 g2f3 f6f5","{move=d2b4, main_pv=d2b4,c5b4,a5a6,b3c3,a6a7,c3c8,a4b4,g8g7,b4b8,c8c1,g1g2,c1a1,a7a8q,a1a8,b8a8,g7f6,g2f3,f6f5, helper_submitted=0, aborted=false, helper_exited=0, helper_exceptions=0, search_elapsed_ns=4588564600, helper_started=0, main_score_cp=267, main_qnodes=7116080, source=main-result, main_tt_hits=655054, abort_ms=4588, main_move=d2b4, main_nodes=1825906, search=272, main_depth=13, legal=true, helper_pending=0, bestmove_ms=4588, event=bestmove, latest_move=d2b4}"
"measured","2","28","6k1/4pp1p/3p2p1/P1pPb3/R7/1r2P1PP/3B1P2/6K1 w - - 0 40","2","273","13","1046884","4143909","314826","2716","385450","794","794","d2b4","d2b4","main-result","true","2035765","749101.508","2717609000","1","1","1","0","info depth 13 seldepth 28 score cp 250 nodes 1046884 nps 385450 time 2716 hashfull 794 pv d2b4 c5b4 a5a6 b3c3 a6a7 c3c8 a4b4 g8g7 b4b8 c8c1 g1g2 c1a1 a7a8q a1a8 b8a8 g7f6 g2f3","{move=d2b4, main_pv=d2b4,c5b4,a5a6,b3c3,a6a7,c3c8,a4b4,g8g7,b4b8,c8c1,g1g2,c1a1,a7a8q,a1a8,b8a8,g7f6,g2f3, helper_submitted=1, aborted=false, helper_exited=1, helper_exceptions=0, search_elapsed_ns=2717515100, helper_started=1, main_score_cp=250, main_qnodes=4143909, source=main-result, main_tt_hits=314826, abort_ms=2717, main_move=d2b4, main_nodes=1046884, search=273, main_depth=13, legal=true, helper_pending=0, bestmove_ms=2717, event=bestmove, latest_move=d2b4}"
"measured","2","29","r4k2/pb2bp1r/2n1p2p/1pq3p1/3B1N2/2NQP1PP/PPP2PK1/R4R2 b - - 1 25","1","274","13","2053406","3893576","411984","5421","378787","784","784","c6d4","c6d4","main-result","true","2053406","378740.129","5421675300","0","0","0","0","info depth 13 seldepth 28 score cp 558 nodes 2053406 nps 378787 time 5421 hashfull 784 pv c6d4 f2f3 d4f5 f4e2 f5e3 g2h2 f8g7 d3b5 c5b5 c3b5 e3f1 a1f1 a8c8 b5d4 h7h8 e2c3 h8d8 f1d1 c8c4","{move=c6d4, main_pv=c6d4,f2f3,d4f5,f4e2,f5e3,g2h2,f8g7,d3b5,c5b5,c3b5,e3f1,a1f1,a8c8,b5d4,h7h8,e2c3,h8d8,f1d1,c8c4, helper_submitted=0, aborted=false, helper_exited=0, helper_exceptions=0, search_elapsed_ns=5421571800, helper_started=0, main_score_cp=558, main_qnodes=3893576, source=main-result, main_tt_hits=411984, abort_ms=5421, main_move=c6d4, main_nodes=2053406, search=274, main_depth=13, legal=true, helper_pending=0, bestmove_ms=5421, event=bestmove, latest_move=c6d4}"
"measured","2","29","r4k2/pb2bp1r/2n1p2p/1pq3p1/3B1N2/2NQP1PP/PPP2PK1/R4R2 b - - 1 25","2","275","13","1384179","2592472","548135","3773","366864","793","793","c6d4","c6d4","main-result","true","2743566","726910.246","3774284400","1","1","1","0","info depth 13 seldepth 26 score cp 550 nodes 1384179 nps 366864 time 3773 hashfull 793 pv c6d4 f2f3 d4f5 f4e2 f5e3 g2h2 f8g7 d3b5 e3f1 a1f1 c5b5 c3b5 a8d8 b5d4 b7d5 b2b3 d8c8 f1d1","{move=c6d4, main_pv=c6d4,f2f3,d4f5,f4e2,f5e3,g2h2,f8g7,d3b5,e3f1,a1f1,c5b5,c3b5,a8d8,b5d4,b7d5,b2b3,d8c8,f1d1, helper_submitted=1, aborted=false, helper_exited=1, helper_exceptions=0, search_elapsed_ns=3774166300, helper_started=1, main_score_cp=550, main_qnodes=2592472, source=main-result, main_tt_hits=548135, abort_ms=3774, main_move=c6d4, main_nodes=1384179, search=275, main_depth=13, legal=true, helper_pending=0, bestmove_ms=3774, event=bestmove, latest_move=c6d4}"
"measured","2","29","r4k2/pb2bp1r/2n1p2p/1pq3p1/3B1N2/2NQP1PP/PPP2PK1/R4R2 b - - 1 25","4","276","13","1397740","2726177","730812","4000","349435","823","823","c6d4","c6d4","main-result","true","5528570","1381424.574","4002078800","3","3","3","0","info depth 13 seldepth 27 score cp 551 nodes 1397740 nps 349435 time 4000 hashfull 823 pv c6d4 f2f3 d4f5 f4e2 f5e3 g2h2 e3f1 a1f1 f8g7 d3b5 b7c6 b5c5 e7c5 b2b3 a8d8 c3e4 c5b6","{move=c6d4, main_pv=c6d4,f2f3,d4f5,f4e2,f5e3,g2h2,e3f1,a1f1,f8g7,d3b5,b7c6,b5c5,e7c5,b2b3,a8d8,c3e4,c5b6, helper_submitted=3, aborted=false, helper_exited=3, helper_exceptions=0, search_elapsed_ns=4001960600, helper_started=3, main_score_cp=551, main_qnodes=2726177, source=main-result, main_tt_hits=730812, abort_ms=4001, main_move=c6d4, main_nodes=1397740, search=276, main_depth=13, legal=true, helper_pending=0, bestmove_ms=4001, event=bestmove, latest_move=c6d4}"
"measured","2","30","3r2k1/1p3ppp/2pq4/p1n5/P6P/1P6/1PB2QP1/1K2R3 w - - 0 28","2","277","13","900625","1599068","236093","2127","423425","737","737","g2g3","g2g3","main-result","true","1747261","820986.351","2128246100","1","1","1","0","info depth 13 seldepth 27 score cp -121 nodes 900625 nps 423425 time 2127 hashfull 737 pv g2g3 b7b6 b1a2 d6c7 f2e3 g7g6 h4h5 f7f5 e1h1 c7f7 h5g6 h7g6","{move=g2g3, main_pv=g2g3,b7b6,b1a2,d6c7,f2e3,g7g6,h4h5,f7f5,e1h1,c7f7,h5g6,h7g6, helper_submitted=1, aborted=false, helper_exited=1, helper_exceptions=0, search_elapsed_ns=2128147100, helper_started=1, main_score_cp=-121, main_qnodes=1599068, source=main-result, main_tt_hits=236093, abort_ms=2128, main_move=g2g3, main_nodes=900625, search=277, main_depth=13, legal=true, helper_pending=0, bestmove_ms=2128, event=bestmove, latest_move=g2g3}"
"measured","2","30","3r2k1/1p3ppp/2pq4/p1n5/P6P/1P6/1PB2QP1/1K2R3 w - - 0 28","4","278","13","573279","1127081","113427","1433","400055","811","811","f2f5","f2f5","main-result","true","2307601","1608381.675","1434734700","3","3","3","0","info depth 13 seldepth 24 score cp -114 nodes 573279 nps 400055 time 1433 hashfull 811 pv f2f5 g7g6 f5g5","{move=f2f5, main_pv=f2f5,g7g6,f5g5, helper_submitted=3, aborted=false, helper_exited=3, helper_exceptions=0, search_elapsed_ns=1434634400, helper_started=3, main_score_cp=-114, main_qnodes=1127081, source=main-result, main_tt_hits=113427, abort_ms=1434, main_move=f2f5, main_nodes=573279, search=278, main_depth=13, legal=true, helper_pending=0, bestmove_ms=1434, event=bestmove, latest_move=f2f5}"
"measured","2","30","3r2k1/1p3ppp/2pq4/p1n5/P6P/1P6/1PB2QP1/1K2R3 w - - 0 28","1","279","13","777967","1300972","199111","1753","443791","449","449","f2f5","f2f5","main-result","true","777967","443427.103","1754441700","0","0","0","0","info depth 13 seldepth 25 score cp -99 nodes 777967 nps 443791 time 1753 hashfull 449 pv f2f5 g7g6 f5g5 h7h6 g5e3 b7b6 e1d1 d6f6 d1d8 f6d8 h4h5 g8g7 h5g6 f7g6 e3f3","{move=f2f5, main_pv=f2f5,g7g6,f5g5,h7h6,g5e3,b7b6,e1d1,d6f6,d1d8,f6d8,h4h5,g8g7,h5g6,f7g6,e3f3, helper_submitted=0, aborted=false, helper_exited=0, helper_exceptions=0, search_elapsed_ns=1754341000, helper_started=0, main_score_cp=-99, main_qnodes=1300972, source=main-result, main_tt_hits=199111, abort_ms=1754, main_move=f2f5, main_nodes=777967, search=279, main_depth=13, legal=true, helper_pending=0, bestmove_ms=1754, event=bestmove, latest_move=f2f5}"
"measured","3","0","rnbqkbnr/pppppppp/8/8/8/8/PPPPPPPP/RNBQKBNR w KQkq - 0 1","4","280","13","249794","581779","114904","650","384298","514","514","e2e4","e2e4","main-result","true","1001922","1537620.775","651605400","3","3","3","0","info depth 13 seldepth 23 score cp 29 nodes 249794 nps 384298 time 650 hashfull 514 pv e2e4 e7e5 g1f3 b8c6 c2c3 g8f6 d2d4 d7d5 e4d5 d8d5","{move=e2e4, main_pv=e2e4,e7e5,g1f3,b8c6,c2c3,g8f6,d2d4,d7d5,e4d5,d8d5, helper_submitted=3, aborted=false, helper_exited=3, helper_exceptions=0, search_elapsed_ns=651505600, helper_started=3, main_score_cp=29, main_qnodes=581779, source=main-result, main_tt_hits=114904, abort_ms=651, main_move=e2e4, main_nodes=249794, search=280, main_depth=13, legal=true, helper_pending=0, bestmove_ms=651, event=bestmove, latest_move=e2e4}"
"measured","3","0","rnbqkbnr/pppppppp/8/8/8/8/PPPPPPPP/RNBQKBNR w KQkq - 0 1","1","281","13","528398","1218768","145603","1274","414755","372","372","e2e4","e2e4","main-result","true","528398","414479.379","1274847500","0","0","0","0","info depth 13 seldepth 23 score cp 29 nodes 528398 nps 414755 time 1274 hashfull 372 pv e2e4 e7e5 g1f3 g8f6 b1c3 b8c6 d2d4 e5d4 f3d4 c6d4 d1d4 c7c6 f1e2","{move=e2e4, main_pv=e2e4,e7e5,g1f3,g8f6,b1c3,b8c6,d2d4,e5d4,f3d4,c6d4,d1d4,c7c6,f1e2, helper_submitted=0, aborted=false, helper_exited=0, helper_exceptions=0, search_elapsed_ns=1274744500, helper_started=0, main_score_cp=29, main_qnodes=1218768, source=main-result, main_tt_hits=145603, abort_ms=1274, main_move=e2e4, main_nodes=528398, search=281, main_depth=13, legal=true, helper_pending=0, bestmove_ms=1274, event=bestmove, latest_move=e2e4}"
"measured","3","0","rnbqkbnr/pppppppp/8/8/8/8/PPPPPPPP/RNBQKBNR w KQkq - 0 1","2","282","13","335298","778181","133184","826","405929","374","374","e2e4","e2e4","main-result","true","666811","805914.990","827396200","1","1","1","0","info depth 13 seldepth 22 score cp 29 nodes 335298 nps 405929 time 826 hashfull 374 pv e2e4 e7e5 g1f3 b8c6 d2d4 e5d4 f3d4 g8f6 b1c3 c6d4 d1d4 c7c6 f1e2","{move=e2e4, main_pv=e2e4,e7e5,g1f3,b8c6,d2d4,e5d4,f3d4,g8f6,b1c3,c6d4,d1d4,c7c6,f1e2, helper_submitted=1, aborted=false, helper_exited=1, helper_exceptions=0, search_elapsed_ns=827297300, helper_started=1, main_score_cp=29, main_qnodes=778181, source=main-result, main_tt_hits=133184, abort_ms=827, main_move=e2e4, main_nodes=335298, search=282, main_depth=13, legal=true, helper_pending=0, bestmove_ms=827, event=bestmove, latest_move=e2e4}"
"measured","3","1","r3k2r/p1ppqpb1/bn2pnp1/3PN3/1p2P3/2N2Q1p/PPPBBPPP/R3K2R w KQkq - 0 1","1","283","13","3475078","7660190","475283","11781","294973","925","925","e2a6","e2a6","main-result","true","3475078","294949.426","11781945300","0","0","0","0","info depth 13 seldepth 28 score cp -90 nodes 3475078 nps 294973 time 11781 hashfull 925 pv e2a6 b4c3 d2c3 e6d5 e5g4 h3g2 f3g2 e8f8 c3f6 g7f6 e1c1 f6g5 c1b1 d5e4 h2h4 h8h4","{move=e2a6, main_pv=e2a6,b4c3,d2c3,e6d5,e5g4,h3g2,f3g2,e8f8,c3f6,g7f6,e1c1,f6g5,c1b1,d5e4,h2h4,h8h4, helper_submitted=0, aborted=false, helper_exited=0, helper_exceptions=0, search_elapsed_ns=11781851300, helper_started=0, main_score_cp=-90, main_qnodes=7660190, source=main-result, main_tt_hits=475283, abort_ms=11781, main_move=e2a6, main_nodes=3475078, search=283, main_depth=13, legal=true, helper_pending=0, bestmove_ms=11781, event=bestmove, latest_move=e2a6}"
"measured","3","1","r3k2r/p1ppqpb1/bn2pnp1/3PN3/1p2P3/2N2Q1p/PPPBBPPP/R3K2R w KQkq - 0 1","2","284","13","2892189","6460913","772410","10187","283909","952","952","e2a6","e2a6","main-result","true","5764290","565763.515","10188514900","1","1","1","0","info depth 13 seldepth 28 score cp -112 nodes 2892189 nps 283909 time 10187 hashfull 952 pv e2a6 b4c3 d2c3","{move=e2a6, main_pv=e2a6,b4c3,d2c3, helper_submitted=1, aborted=false, helper_exited=1, helper_exceptions=0, search_elapsed_ns=10188416800, helper_started=1, main_score_cp=-112, main_qnodes=6460913, source=main-result, main_tt_hits=772410, abort_ms=10188, main_move=e2a6, main_nodes=2892189, search=284, main_depth=13, legal=true, helper_pending=0, bestmove_ms=10188, event=bestmove, latest_move=e2a6}"
"measured","3","1","r3k2r/p1ppqpb1/bn2pnp1/3PN3/1p2P3/2N2Q1p/PPPBBPPP/R3K2R w KQkq - 0 1","4","285","13","2539614","6088603","898243","9414","269769","994","994","e2a6","e2a6","main-result","true","10175676","1080753.921","9415349600","3","3","3","0","info depth 13 seldepth 28 score cp -133 nodes 2539614 nps 269769 time 9414 hashfull 994 pv e2a6","{move=e2a6, main_pv=e2a6, helper_submitted=3, aborted=false, helper_exited=3, helper_exceptions=0, search_elapsed_ns=9415242200, helper_started=3, main_score_cp=-133, main_qnodes=6088603, source=main-result, main_tt_hits=898243, abort_ms=9415, main_move=e2a6, main_nodes=2539614, search=285, main_depth=13, legal=true, helper_pending=0, bestmove_ms=9415, event=bestmove, latest_move=e2a6}"
"measured","3","2","4k3/8/8/8/8/8/4P3/4K3 w - - 5 39","2","286","13","7445","7639","8870","7","1063571","2","2","e1d2","e1d2","main-result","true","14738","1885860.525","7815000","1","1","1","0","info depth 13 seldepth 16 score cp 154 nodes 7445 nps 1063571 time 7 hashfull 2 pv e1d2 e8e7 d2e3 e7f7 e3e4 f7f6 e4f4 f6e6 f4e4","{move=e1d2, main_pv=e1d2,e8e7,d2e3,e7f7,e3e4,f7f6,e4f4,f6e6,f4e4, helper_submitted=1, aborted=false, helper_exited=1, helper_exceptions=0, search_elapsed_ns=7743000, helper_started=1, main_score_cp=154, main_qnodes=7639, source=main-result, main_tt_hits=8870, abort_ms=7, main_move=e1d2, main_nodes=7445, search=286, main_depth=13, legal=true, helper_pending=0, bestmove_ms=7, event=bestmove, latest_move=e1d2}"
"measured","3","2","4k3/8/8/8/8/8/4P3/4K3 w - - 5 39","4","287","13","5797","5546","7896","5","1159400","2","2","e1d2","e1d2","main-result","true","23638","3554105.459","6650900","3","3","3","0","info depth 13 seldepth 16 score cp 154 nodes 5797 nps 1159400 time 5 hashfull 2 pv e1d2 e8e7 d2e3 e7d7 e3f4 d7d6 e2e4 d6d7 f4f5 d7d6","{move=e1d2, main_pv=e1d2,e8e7,d2e3,e7d7,e3f4,d7d6,e2e4,d6d7,f4f5,d7d6, helper_submitted=3, aborted=false, helper_exited=3, helper_exceptions=0, search_elapsed_ns=6565100, helper_started=3, main_score_cp=154, main_qnodes=5546, source=main-result, main_tt_hits=7896, abort_ms=6, main_move=e1d2, main_nodes=5797, search=287, main_depth=13, legal=true, helper_pending=0, bestmove_ms=6, event=bestmove, latest_move=e1d2}"
"measured","3","2","4k3/8/8/8/8/8/4P3/4K3 w - - 5 39","1","288","13","7568","7523","8952","6","1261333","2","2","e1d2","e1d2","main-result","true","7568","1006128.771","7521900","0","0","0","0","info depth 13 seldepth 17 score cp 160 nodes 7568 nps 1261333 time 6 hashfull 2 pv e1d2 e8d7 d2e3 d7d6 e3f4 d6e6 e2e4 e6f6 e4e5 f6e7 f4e3 e7d7 e3e4 d7e6","{move=e1d2, main_pv=e1d2,e8d7,d2e3,d7d6,e3f4,d6e6,e2e4,e6f6,e4e5,f6e7,f4e3,e7d7,e3e4,d7e6, helper_submitted=0, aborted=false, helper_exited=0, helper_exceptions=0, search_elapsed_ns=7462300, helper_started=0, main_score_cp=160, main_qnodes=7523, source=main-result, main_tt_hits=8952, abort_ms=7, main_move=e1d2, main_nodes=7568, search=288, main_depth=13, legal=true, helper_pending=0, bestmove_ms=7, event=bestmove, latest_move=e1d2}"
"measured","3","3","r3k2r/Pppp1ppp/1b3nbN/nP6/BBP1P3/q4N2/Pp1P2PP/R2Q1RK1 w kq - 0 1","4","289","13","560313","1639426","335062","2138","262073","632","632","c4c5","c4c5","main-result","true","2236394","1045534.594","2138995700","3","3","3","0","info depth 13 seldepth 26 score cp -531 nodes 560313 nps 262073 time 2138 hashfull 632 pv c4c5 b6c5 b4c5 a3c5 g1h1 b2a1q d1a1 a5c4 e4e5 f6h5 h6g4 a8a7 d2d4 c5b4 a4b3 h5f4 f3h4 c4d2","{move=c4c5, main_pv=c4c5,b6c5,b4c5,a3c5,g1h1,b2a1q,d1a1,a5c4,e4e5,f6h5,h6g4,a8a7,d2d4,c5b4,a4b3,h5f4,f3h4,c4d2, helper_submitted=3, aborted=false, helper_exited=3, helper_exceptions=0, search_elapsed_ns=2138878200, helper_started=3, main_score_cp=-531, main_qnodes=1639426, source=main-result, main_tt_hits=335062, abort_ms=2138, main_move=c4c5, main_nodes=560313, search=289, main_depth=13, legal=true, helper_pending=0, bestmove_ms=2138, event=bestmove, latest_move=c4c5}"
"measured","3","3","r3k2r/Pppp1ppp/1b3nbN/nP6/BBP1P3/q4N2/Pp1P2PP/R2Q1RK1 w kq - 0 1","1","290","13","605659","1501526","198351","2035","297621","375","375","c4c5","c4c5","main-result","true","605659","297455.593","2036132500","0","0","0","0","info depth 13 seldepth 27 score cp -590 nodes 605659 nps 297621 time 2035 hashfull 375 pv c4c5 b6c5 b4c5 a3c5 g1h1 b2a1r d1a1 a8a7 e4e5 f6h5 g2g4 g7h6 g4h5 g6h5 d2d4 c5c4 b5b6","{move=c4c5, main_pv=c4c5,b6c5,b4c5,a3c5,g1h1,b2a1r,d1a1,a8a7,e4e5,f6h5,g2g4,g7h6,g4h5,g6h5,d2d4,c5c4,b5b6, helper_submitted=0, aborted=false, helper_exited=0, helper_exceptions=0, search_elapsed_ns=2036031700, helper_started=0, main_score_cp=-590, main_qnodes=1501526, source=main-result, main_tt_hits=198351, abort_ms=2036, main_move=c4c5, main_nodes=605659, search=290, main_depth=13, legal=true, helper_pending=0, bestmove_ms=2036, event=bestmove, latest_move=c4c5}"
"measured","3","3","r3k2r/Pppp1ppp/1b3nbN/nP6/BBP1P3/q4N2/Pp1P2PP/R2Q1RK1 w kq - 0 1","2","291","13","542342","1385337","233560","1875","289249","392","392","c4c5","c4c5","main-result","true","1080911","576043.404","1876440200","1","1","1","0","info depth 13 seldepth 27 score cp -590 nodes 542342 nps 289249 time 1875 hashfull 392 pv c4c5 b6c5 b4c5 a3c5 g1h1 b2a1r d1a1 a8a7 e4e5 f6h5 g2g4 g7h6 g4h5 g6h5 d2d4 c5c4 b5b6","{move=c4c5, main_pv=c4c5,b6c5,b4c5,a3c5,g1h1,b2a1r,d1a1,a8a7,e4e5,f6h5,g2g4,g7h6,g4h5,g6h5,d2d4,c5c4,b5b6, helper_submitted=1, aborted=false, helper_exited=1, helper_exceptions=0, search_elapsed_ns=1876342400, helper_started=1, main_score_cp=-590, main_qnodes=1385337, source=main-result, main_tt_hits=233560, abort_ms=1876, main_move=c4c5, main_nodes=542342, search=291, main_depth=13, legal=true, helper_pending=0, bestmove_ms=1876, event=bestmove, latest_move=c4c5}"
"measured","3","4","rnbqkbnr/p1pppppp/8/1p6/2PP4/8/PP2PPPP/RNBQKBNR b KQkq c3 0 2","1","292","13","444366","1180659","97281","1204","369074","324","324","b5c4","b5c4","main-result","true","444366","368824.783","1204816000","0","0","0","0","info depth 13 seldepth 23 score cp -45 nodes 444366 nps 369074 time 1204 hashfull 324 pv b5c4 e2e4 c7c6 f1c4 d7d5 e4d5 c6d5 c4d3 b8c6 g1f3 g8f6 e1g1 a8b8","{move=b5c4, main_pv=b5c4,e2e4,c7c6,f1c4,d7d5,e4d5,c6d5,c4d3,b8c6,g1f3,g8f6,e1g1,a8b8, helper_submitted=0, aborted=false, helper_exited=0, helper_exceptions=0, search_elapsed_ns=1204723600, helper_started=0, main_score_cp=-45, main_qnodes=1180659, source=main-result, main_tt_hits=97281, abort_ms=1204, main_move=b5c4, main_nodes=444366, search=292, main_depth=13, legal=true, helper_pending=0, bestmove_ms=1204, event=bestmove, latest_move=b5c4}"
"measured","3","4","rnbqkbnr/p1pppppp/8/1p6/2PP4/8/PP2PPPP/RNBQKBNR b KQkq c3 0 2","2","293","13","244592","639776","107609","681","359165","295","295","b5c4","b5c4","main-result","true","493204","723099.968","682068900","1","1","1","0","info depth 13 seldepth 23 score cp -45 nodes 244592 nps 359165 time 681 hashfull 295 pv b5c4 e2e4 c7c6 f1c4 d7d5 e4d5 c6d5 c4b5 c8d7 b1c3 d7b5 c3b5 a7a6 b5c3","{move=b5c4, main_pv=b5c4,e2e4,c7c6,f1c4,d7d5,e4d5,c6d5,c4b5,c8d7,b1c3,d7b5,c3b5,a7a6,b5c3, helper_submitted=1, aborted=false, helper_exited=1, helper_exceptions=0, search_elapsed_ns=681971200, helper_started=1, main_score_cp=-45, main_qnodes=639776, source=main-result, main_tt_hits=107609, abort_ms=681, main_move=b5c4, main_nodes=244592, search=293, main_depth=13, legal=true, helper_pending=0, bestmove_ms=681, event=bestmove, latest_move=b5c4}"
"measured","3","4","rnbqkbnr/p1pppppp/8/1p6/2PP4/8/PP2PPPP/RNBQKBNR b KQkq c3 0 2","4","294","13","160049","411328","97247","450","355664","297","297","b5c4","b5c4","main-result","true","648722","1436599.014","451567900","3","3","3","0","info depth 13 seldepth 23 score cp -45 nodes 160049 nps 355664 time 450 hashfull 297 pv b5c4 e2e4 c7c6 f1c4 d7d5 e4d5 c6d5 c4d3 b8c6 g1f3 g8f6","{move=b5c4, main_pv=b5c4,e2e4,c7c6,f1c4,d7d5,e4d5,c6d5,c4d3,b8c6,g1f3,g8f6, helper_submitted=3, aborted=false, helper_exited=3, helper_exceptions=0, search_elapsed_ns=451385600, helper_started=3, main_score_cp=-45, main_qnodes=411328, source=main-result, main_tt_hits=97247, abort_ms=451, main_move=b5c4, main_nodes=160049, search=294, main_depth=13, legal=true, helper_pending=0, bestmove_ms=451, event=bestmove, latest_move=b5c4}"
"measured","3","5","r1bq1r1k/1pp1n1pp/1p1p4/4p2b/2B1P3/P1N1NP2/1PP3PP/R1BQ1RK1 w - - 2 14","2","295","13","683700","1644571","186531","1915","357023","644","644","g1h1","g1h1","main-result","true","1360849","710064.880","1916513600","1","1","1","0","info depth 13 seldepth 22 score cp 415 nodes 683700 nps 357023 time 1915 hashfull 644 pv g1h1","{move=g1h1, main_pv=g1h1, helper_submitted=1, aborted=false, helper_exited=1, helper_exceptions=0, search_elapsed_ns=1916416400, helper_started=1, main_score_cp=415, main_qnodes=1644571, source=main-result, main_tt_hits=186531, abort_ms=1916, main_move=g1h1, main_nodes=683700, search=295, main_depth=13, legal=true, helper_pending=0, bestmove_ms=1916, event=bestmove, latest_move=g1h1}"
"measured","3","5","r1bq1r1k/1pp1n1pp/1p1p4/4p2b/2B1P3/P1N1NP2/1PP3PP/R1BQ1RK1 w - - 2 14","4","296","13","550070","1363760","179897","1676","328204","813","813","g1h1","g1h1","main-result","true","2219733","1323264.148","1677467800","3","3","3","0","info depth 13 seldepth 20 score cp 415 nodes 550070 nps 328204 time 1676 hashfull 813 pv g1h1 c7c6 c4b3 b6b5 c3e2 h5f7","{move=g1h1, main_pv=g1h1,c7c6,c4b3,b6b5,c3e2,h5f7, helper_submitted=3, aborted=false, helper_exited=3, helper_exceptions=0, search_elapsed_ns=1677365900, helper_started=3, main_score_cp=415, main_qnodes=1363760, source=main-result, main_tt_hits=179897, abort_ms=1677, main_move=g1h1, main_nodes=550070, search=296, main_depth=13, legal=true, helper_pending=0, bestmove_ms=1677, event=bestmove, latest_move=g1h1}"
"measured","3","5","r1bq1r1k/1pp1n1pp/1p1p4/4p2b/2B1P3/P1N1NP2/1PP3PP/R1BQ1RK1 w - - 2 14","1","297","13","1549645","3889617","292659","4468","346831","720","720","d1d3","d1d3","main-result","true","1549645","346707.340","4469605400","0","0","0","0","info depth 13 seldepth 25 score cp 416 nodes 1549645 nps 346831 time 4468 hashfull 720 pv d1d3 h7h6 c1d2 h5f7 c4f7","{move=d1d3, main_pv=d1d3,h7h6,c1d2,h5f7,c4f7, helper_submitted=0, aborted=false, helper_exited=0, helper_exceptions=0, search_elapsed_ns=4469507700, helper_started=0, main_score_cp=416, main_qnodes=3889617, source=main-result, main_tt_hits=292659, abort_ms=4469, main_move=d1d3, main_nodes=1549645, search=297, main_depth=13, legal=true, helper_pending=0, bestmove_ms=4469, event=bestmove, latest_move=d1d3}"
"measured","3","6","r3r1k1/2p2ppp/p1p1bn2/8/1q2P3/2NPQN2/PPP3PP/R4RK1 b - - 2 24","4","298","13","367666","796803","180071","1105","332729","610","610","b4b2","b4b2","main-result","true","1493614","1349674.702","1106647400","3","3","3","0","info depth 13 seldepth 22 score cp -39 nodes 367666 nps 332729 time 1105 hashfull 610 pv b4b2 e3d2 a8b8","{move=b4b2, main_pv=b4b2,e3d2,a8b8, helper_submitted=3, aborted=false, helper_exited=3, helper_exceptions=0, search_elapsed_ns=1106545200, helper_started=3, main_score_cp=-39, main_qnodes=796803, source=main-result, main_tt_hits=180071, abort_ms=1106, main_move=b4b2, main_nodes=367666, search=298, main_depth=13, legal=true, helper_pending=0, bestmove_ms=1106, event=bestmove, latest_move=b4b2}"
"measured","3","6","r3r1k1/2p2ppp/p1p1bn2/8/1q2P3/2NPQN2/PPP3PP/R4RK1 b - - 2 24","1","299","13","634214","1300189","229620","1677","378183","408","408","b4b2","b4b2","main-result","true","634214","377911.732","1678206700","0","0","0","0","info depth 13 seldepth 23 score cp -43 nodes 634214 nps 378183 time 1677 hashfull 408 pv b4b2 e3d2 b2b6 g1h1 a8b8 d3d4 c6c5 a1b1 b6a5 d4d5 b8b1 f1b1","{move=b4b2, main_pv=b4b2,e3d2,b2b6,g1h1,a8b8,d3d4,c6c5,a1b1,b6a5,d4d5,b8b1,f1b1, helper_submitted=0, aborted=false, helper_exited=0, helper_exceptions=0, search_elapsed_ns=1678100800, helper_started=0, main_score_cp=-43, main_qnodes=1300189, source=main-result, main_tt_hits=229620, abort_ms=1678, main_move=b4b2, main_nodes=634214, search=299, main_depth=13, legal=true, helper_pending=0, bestmove_ms=1678, event=bestmove, latest_move=b4b2}"
"measured","3","6","r3r1k1/2p2ppp/p1p1bn2/8/1q2P3/2NPQN2/PPP3PP/R4RK1 b - - 2 24","2","300","13","385909","812505","192919","1089","354370","429","429","b4b2","b4b2","main-result","true","775429","711114.197","1090442300","1","1","1","0","info depth 13 seldepth 22 score cp -34 nodes 385909 nps 354370 time 1089 hashfull 429 pv b4b2 e3d2 a8b8 a1b1 b2a3 b1b8 e8b8 f3g5 a3e7 e4e5 f6g4 d3d4 h7h6","{move=b4b2, main_pv=b4b2,e3d2,a8b8,a1b1,b2a3,b1b8,e8b8,f3g5,a3e7,e4e5,f6g4,d3d4,h7h6, helper_submitted=1, aborted=false, helper_exited=1, helper_exceptions=0, search_elapsed_ns=1090344100, helper_started=1, main_score_cp=-34, main_qnodes=812505, source=main-result, main_tt_hits=192919, abort_ms=1090, main_move=b4b2, main_nodes=385909, search=300, main_depth=13, legal=true, helper_pending=0, bestmove_ms=1090, event=bestmove, latest_move=b4b2}"
"measured","3","7","r1bb4/3n1k2/p3p3/1p1pPp2/1Pp5/2P2N1B/P4PPP/4RK2 w - - 2 21","1","301","13","994398","2473757","160864","2323","428066","574","574","h3f5","h3f5","main-result","true","994398","427910.363","2323846500","0","0","0","0","info depth 13 seldepth 26 score cp -295 nodes 994398 nps 428066 time 2323 hashfull 574 pv h3f5 a6a5 a2a3 e6f5 e5e6 f7f6 e6d7 c8d7 f3e5 d7e6 e5c6 d8c7 c6d4 e6d7 h2h4","{move=h3f5, main_pv=h3f5,a6a5,a2a3,e6f5,e5e6,f7f6,e6d7,c8d7,f3e5,d7e6,e5c6,d8c7,c6d4,e6d7,h2h4, helper_submitted=0, aborted=false, helper_exited=0, helper_exceptions=0, search_elapsed_ns=2323755500, helper_started=0, main_score_cp=-295, main_qnodes=2473757, source=main-result, main_tt_hits=160864, abort_ms=2323, main_move=h3f5, main_nodes=994398, search=301, main_depth=13, legal=true, helper_pending=0, bestmove_ms=2323, event=bestmove, latest_move=h3f5}"
"measured","3","7","r1bb4/3n1k2/p3p3/1p1pPp2/1Pp5/2P2N1B/P4PPP/4RK2 w - - 2 21","2","302","13","440345","1089056","142712","1035","425454","484","484","g2g4","g2g4","main-result","true","875741","845223.284","1036106100","1","1","1","0","info depth 13 seldepth 26 score cp -298 nodes 440345 nps 425454 time 1035 hashfull 484 pv g2g4 f5g4 h3g4 d7f8 g4h5 f7g7 f1e2 a6a5 e1g1 g7h7 a2a3 a5b4 a3b4 a8a2 f3d2 f8d7 f2f4","{move=g2g4, main_pv=g2g4,f5g4,h3g4,d7f8,g4h5,f7g7,f1e2,a6a5,e1g1,g7h7,a2a3,a5b4,a3b4,a8a2,f3d2,f8d7,f2f4, helper_submitted=1, aborted=false, helper_exited=1, helper_exceptions=0, search_elapsed_ns=1036010400, helper_started=1, main_score_cp=-298, main_qnodes=1089056, source=main-result, main_tt_hits=142712, abort_ms=1036, main_move=g2g4, main_nodes=440345, search=302, main_depth=13, legal=true, helper_pending=0, bestmove_ms=1036, event=bestmove, latest_move=g2g4}"
"measured","3","7","r1bb4/3n1k2/p3p3/1p1pPp2/1Pp5/2P2N1B/P4PPP/4RK2 w - - 2 21","4","303","13","558272","1347062","166857","1355","412008","790","790","h3f5","h3f5","main-result","true","2203516","1624762.693","1356207900","3","3","3","0","info depth 13 seldepth 25 score cp -297 nodes 558272 nps 412008 time 1355 hashfull 790 pv h3f5 e6f5 e5e6","{move=h3f5, main_pv=h3f5,e6f5,e5e6, helper_submitted=3, aborted=false, helper_exited=3, helper_exceptions=0, search_elapsed_ns=1356109500, helper_started=3, main_score_cp=-297, main_qnodes=1347062, source=main-result, main_tt_hits=166857, abort_ms=1356, main_move=h3f5, main_nodes=558272, search=303, main_depth=13, legal=true, helper_pending=0, bestmove_ms=1356, event=bestmove, latest_move=h3f5}"
"measured","3","8","r1bq1rk1/ppp1nppp/4n3/3p3Q/3P4/1BP1B3/PP1N2PP/R4RK1 w - - 1 16","2","304","13","639838","1254864","281968","1693","377931","610","610","b3c2","b3c2","main-result","true","1275727","752805.361","1694630600","1","1","1","0","info depth 13 seldepth 23 score cp 20 nodes 639838 nps 377931 time 1693 hashfull 610 pv b3c2 e7g6 d2f3 d8d6 f3e5 c8d7 a2a4 a8e8 a1e1 a7a6 g1h1 a6a5 e3d2","{move=b3c2, main_pv=b3c2,e7g6,d2f3,d8d6,f3e5,c8d7,a2a4,a8e8,a1e1,a7a6,g1h1,a6a5,e3d2, helper_submitted=1, aborted=false, helper_exited=1, helper_exceptions=0, search_elapsed_ns=1694514500, helper_started=1, main_score_cp=20, main_qnodes=1254864, source=main-result, main_tt_hits=281968, abort_ms=1694, main_move=b3c2, main_nodes=639838, search=304, main_depth=13, legal=true, helper_pending=0, bestmove_ms=1694, event=bestmove, latest_move=b3c2}"
"measured","3","8","r1bq1rk1/ppp1nppp/4n3/3p3Q/3P4/1BP1B3/PP1N2PP/R4RK1 w - - 1 16","4","305","13","419835","894104","255000","1229","341606","640","640","b3c2","b3c2","main-result","true","1708161","1388133.375","1230545300","3","3","3","0","info depth 13 seldepth 22 score cp 20 nodes 419835 nps 341606 time 1229 hashfull 640 pv b3c2 e7g6 d2f3 d8d6 f3e5 c8d7 a2a4 a8e8 a1e1","{move=b3c2, main_pv=b3c2,e7g6,d2f3,d8d6,f3e5,c8d7,a2a4,a8e8,a1e1, helper_submitted=3, aborted=false, helper_exited=3, helper_exceptions=0, search_elapsed_ns=1230411900, helper_started=3, main_score_cp=20, main_qnodes=894104, source=main-result, main_tt_hits=255000, abort_ms=1230, main_move=b3c2, main_nodes=419835, search=305, main_depth=13, legal=true, helper_pending=0, bestmove_ms=1230, event=bestmove, latest_move=b3c2}"
"measured","3","8","r1bq1rk1/ppp1nppp/4n3/3p3Q/3P4/1BP1B3/PP1N2PP/R4RK1 w - - 1 16","1","306","13","944419","1841645","307182","2418","390578","560","560","b3c2","b3c2","main-result","true","944419","390466.718","2418692700","0","0","0","0","info depth 13 seldepth 22 score cp 16 nodes 944419 nps 390578 time 2418 hashfull 560 pv b3c2 e7g6 d2f3 c7c6 f3e5 c8d7 a1e1 a7a6","{move=b3c2, main_pv=b3c2,e7g6,d2f3,c7c6,f3e5,c8d7,a1e1,a7a6, helper_submitted=0, aborted=false, helper_exited=0, helper_exceptions=0, search_elapsed_ns=2418598600, helper_started=0, main_score_cp=16, main_qnodes=1841645, source=main-result, main_tt_hits=307182, abort_ms=2418, main_move=b3c2, main_nodes=944419, search=306, main_depth=13, legal=true, helper_pending=0, bestmove_ms=2418, event=bestmove, latest_move=b3c2}"
"measured","3","9","6k1/3r4/2R5/P5pp/3b4/6P1/5PK1/8 w - - 1 45","4","307","13","206811","504102","81729","423","488914","414","414","c6g6","c6g6","main-result","true","816276","1922364.161","424620900","3","3","3","0","info depth 13 seldepth 25 score cp -129 nodes 206811 nps 488914 time 423 hashfull 414 pv c6g6 d7g7 g6d6 d4a7 d6d5 g7g6 d5d8 g8h7 d8d7 g6g7 d7g7 h7g7 a5a6 g7f6 g2f3 a7c5 f3e2","{move=c6g6, main_pv=c6g6,d7g7,g6d6,d4a7,d6d5,g7g6,d5d8,g8h7,d8d7,g6g7,d7g7,h7g7,a5a6,g7f6,g2f3,a7c5,f3e2, helper_submitted=3, aborted=false, helper_exited=3, helper_exceptions=0, search_elapsed_ns=424520200, helper_started=3, main_score_cp=-129, main_qnodes=504102, source=main-result, main_tt_hits=81729, abort_ms=424, main_move=c6g6, main_nodes=206811, search=307, main_depth=13, legal=true, helper_pending=0, bestmove_ms=424, event=bestmove, latest_move=c6g6}"
"measured","3","9","6k1/3r4/2R5/P5pp/3b4/6P1/5PK1/8 w - - 1 45","1","308","13","258683","591758","78893","478","541177","175","175","c6g6","c6g6","main-result","true","258683","539486.455","479498600","0","0","0","0","info depth 13 seldepth 25 score cp -110 nodes 258683 nps 541177 time 478 hashfull 175 pv c6g6 d7g7 g6d6 d4a7 d6d5 g8f7 d5d6 f7e7 d6c6 g7f7 c6c7 e7f6 c7f7 f6f7 a5a6 a7c5","{move=c6g6, main_pv=c6g6,d7g7,g6d6,d4a7,d6d5,g8f7,d5d6,f7e7,d6c6,g7f7,c6c7,e7f6,c7f7,f6f7,a5a6,a7c5, helper_submitted=0, aborted=false, helper_exited=0, helper_exceptions=0, search_elapsed_ns=479386200, helper_started=0, main_score_cp=-110, main_qnodes=591758, source=main-result, main_tt_hits=78893, abort_ms=479, main_move=c6g6, main_nodes=258683, search=308, main_depth=13, legal=true, helper_pending=0, bestmove_ms=479, event=bestmove, latest_move=c6g6}"
"measured","3","9","6k1/3r4/2R5/P5pp/3b4/6P1/5PK1/8 w - - 1 45","2","309","13","184170","427558","69809","356","517331","248","248","c6g6","c6g6","main-result","true","368886","1032636.354","357227400","1","1","1","0","info depth 13 seldepth 25 score cp -114 nodes 184170 nps 517331 time 356 hashfull 248 pv c6g6 d7g7 g6d6 d4a7 d6d5 g8f7 a5a6","{move=c6g6, main_pv=c6g6,d7g7,g6d6,d4a7,d6d5,g8f7,a5a6, helper_submitted=1, aborted=false, helper_exited=1, helper_exceptions=0, search_elapsed_ns=357126400, helper_started=1, main_score_cp=-114, main_qnodes=427558, source=main-result, main_tt_hits=69809, abort_ms=357, main_move=c6g6, main_nodes=184170, search=309, main_depth=13, legal=true, helper_pending=0, bestmove_ms=357, event=bestmove, latest_move=c6g6}"
"measured","3","10","r1bq1rk1/pp2ppbp/2np1np1/8/3NP3/2N1BP2/PPPQ2PP/R4RK1 b - - 0 10","1","310","13","1463870","4049839","212661","4150","352739","697","697","c6d4","c6d4","main-result","true","1463870","352669.455","4150827300","0","0","0","0","info depth 13 seldepth 22 score cp 432 nodes 1463870 nps 352739 time 4150 hashfull 697 pv c6d4 e3d4 d8a5 a2a3 c8e6 b2b4 a5c7 a3a4 a7a6 a4a5 a8c8 h2h3 c7d7","{move=c6d4, main_pv=c6d4,e3d4,d8a5,a2a3,c8e6,b2b4,a5c7,a3a4,a7a6,a4a5,a8c8,h2h3,c7d7, helper_submitted=0, aborted=false, helper_exited=0, helper_exceptions=0, search_elapsed_ns=4150730900, helper_started=0, main_score_cp=432, main_qnodes=4049839, source=main-result, main_tt_hits=212661, abort_ms=4150, main_move=c6d4, main_nodes=1463870, search=310, main_depth=13, legal=true, helper_pending=0, bestmove_ms=4150, event=bestmove, latest_move=c6d4}"
"measured","3","10","r1bq1rk1/pp2ppbp/2np1np1/8/3NP3/2N1BP2/PPPQ2PP/R4RK1 b - - 0 10","2","311","13","1319415","3592984","228896","3835","344045","906","906","a7a6","a7a6","main-result","true","2597929","677129.781","3836678100","1","1","1","0","info depth 13 seldepth 22 score cp 428 nodes 1319415 nps 344045 time 3835 hashfull 906 pv a7a6 d4c6 b7c6 a2a3 c8e6 a1b1 a8b8 e3h6 d8b6 f1f2 b6c7 h6g7 g8g7 d2d3","{move=a7a6, main_pv=a7a6,d4c6,b7c6,a2a3,c8e6,a1b1,a8b8,e3h6,d8b6,f1f2,b6c7,h6g7,g8g7,d2d3, helper_submitted=1, aborted=false, helper_exited=1, helper_exceptions=0, search_elapsed_ns=3836579400, helper_started=1, main_score_cp=428, main_qnodes=3592984, source=main-result, main_tt_hits=228896, abort_ms=3836, main_move=a7a6, main_nodes=1319415, search=311, main_depth=13, legal=true, helper_pending=0, bestmove_ms=3836, event=bestmove, latest_move=a7a6}"
"measured","3","10","r1bq1rk1/pp2ppbp/2np1np1/8/3NP3/2N1BP2/PPPQ2PP/R4RK1 b - - 0 10","4","312","13","1494180","4241939","219173","4553","328174","992","992","c8d7","c8d7","main-result","true","5976221","1312363.769","4553783900","3","3","3","0","info depth 13 seldepth 22 score cp 427 nodes 1494180 nps 328174 time 4553 hashfull 992 pv c8d7 d4c6 d7c6 a1d1 d8c7 a2a3 a7a6 h2h3 a8c8","{move=c8d7, main_pv=c8d7,d4c6,d7c6,a1d1,d8c7,a2a3,a7a6,h2h3,a8c8, helper_submitted=3, aborted=false, helper_exited=3, helper_exceptions=0, search_elapsed_ns=4553685800, helper_started=3, main_score_cp=427, main_qnodes=4241939, source=main-result, main_tt_hits=219173, abort_ms=4553, main_move=c8d7, main_nodes=1494180, search=312, main_depth=13, legal=true, helper_pending=0, bestmove_ms=4553, event=bestmove, latest_move=c8d7}"
"measured","3","11","8/p7/1p2k1p1/2p5/2P1b3/1P3P2/P2K4/8 b - - 0 38","2","313","13","80961","100485","51919","103","786029","65","65","e4f3","e4f3","main-result","true","161494","1545959.296","104462000","1","1","1","0","info depth 13 seldepth 19 score cp 580 nodes 80961 nps 786029 time 103 hashfull 65 pv e4f3 d2e3 f3c6 e3f4 e6f6 f4g3 g6g5 g3g4 c6d7 g4f3 f6e5 f3e3 g5g4 e3f2 d7f5","{move=e4f3, main_pv=e4f3,d2e3,f3c6,e3f4,e6f6,f4g3,g6g5,g3g4,c6d7,g4f3,f6e5,f3e3,g5g4,e3f2,d7f5, helper_submitted=1, aborted=false, helper_exited=1, helper_exceptions=0, search_elapsed_ns=104365100, helper_started=1, main_score_cp=580, main_qnodes=100485, source=main-result, main_tt_hits=51919, abort_ms=104, main_move=e4f3, main_nodes=80961, search=313, main_depth=13, legal=true, helper_pending=0, bestmove_ms=104, event=bestmove, latest_move=e4f3}"
"measured","3","11","8/p7/1p2k1p1/2p5/2P1b3/1P3P2/P2K4/8 b - - 0 38","4","314","13","112538","138998","69675","151","745284","76","76","e4f3","e4f3","main-result","true","450634","2945963.367","152966600","3","3","3","0","info depth 13 seldepth 26 score cp 580 nodes 112538 nps 745284 time 151 hashfull 76 pv e4f3 d2e3 f3c6 e3f4 e6f6 f4g3 g6g5 g3g4 c6e4 g4h3 e4f5 h3g3 f6e5 g3f2 g5g4 f2e3","{move=e4f3, main_pv=e4f3,d2e3,f3c6,e3f4,e6f6,f4g3,g6g5,g3g4,c6e4,g4h3,e4f5,h3g3,f6e5,g3f2,g5g4,f2e3, helper_submitted=3, aborted=false, helper_exited=3, helper_exceptions=0, search_elapsed_ns=152846500, helper_started=3, main_score_cp=580, main_qnodes=138998, source=main-result, main_tt_hits=69675, abort_ms=152, main_move=e4f3, main_nodes=112538, search=314, main_depth=13, legal=true, helper_pending=0, bestmove_ms=152, event=bestmove, latest_move=e4f3}"
"measured","3","11","8/p7/1p2k1p1/2p5/2P1b3/1P3P2/P2K4/8 b - - 0 38","1","315","13","106151","123121","65708","134","792171","54","54","e4f3","e4f3","main-result","true","106151","783175.064","135539300","0","0","0","0","info depth 13 seldepth 22 score cp 583 nodes 106151 nps 792171 time 134 hashfull 54 pv e4f3 d2e3 f3c6 e3f4 e6f6 f4g3 g6g5 g3g4 c6d7 g4f3 f6e5 a2a3 g5g4 f3g3 a7a5 a3a4 d7f5","{move=e4f3, main_pv=e4f3,d2e3,f3c6,e3f4,e6f6,f4g3,g6g5,g3g4,c6d7,g4f3,f6e5,a2a3,g5g4,f3g3,a7a5,a3a4,d7f5, helper_submitted=0, aborted=false, helper_exited=0, helper_exceptions=0, search_elapsed_ns=135445300, helper_started=0, main_score_cp=583, main_qnodes=123121, source=main-result, main_tt_hits=65708, abort_ms=135, main_move=e4f3, main_nodes=106151, search=315, main_depth=13, legal=true, helper_pending=0, bestmove_ms=135, event=bestmove, latest_move=e4f3}"
"measured","3","12","8/8/6k1/8/5P2/4K1P1/8/8 b - - 0 65","4","316","13","19475","19795","19661","19","1025000","11","11","g6f5","g6f5","main-result","true","76861","3755931.176","20463900","3","3","3","0","info depth 13 seldepth 21 score cp -433 nodes 19475 nps 1025000 time 19 hashfull 11 pv g6f5 e3f3 f5e6 g3g4 e6d6 g4g5 d6e6 f3e4 e6e7 f4f5 e7f7 g5g6 f7g7 e4e5 g7h6 e5e4","{move=g6f5, main_pv=g6f5,e3f3,f5e6,g3g4,e6d6,g4g5,d6e6,f3e4,e6e7,f4f5,e7f7,g5g6,f7g7,e4e5,g7h6,e5e4, helper_submitted=3, aborted=false, helper_exited=3, helper_exceptions=0, search_elapsed_ns=20372400, helper_started=3, main_score_cp=-433, main_qnodes=19795, source=main-result, main_tt_hits=19661, abort_ms=20, main_move=g6f5, main_nodes=19475, search=316, main_depth=13, legal=true, helper_pending=0, bestmove_ms=20, event=bestmove, latest_move=g6f5}"
"measured","3","12","8/8/6k1/8/5P2/4K1P1/8/8 b - - 0 65","1","317","13","19151","23591","14566","19","1007947","15","15","g6f5","g6f5","main-result","true","19151","964994.936","19845700","0","0","0","0","info depth 13 seldepth 20 score cp -399 nodes 19151 nps 1007947 time 19 hashfull 15 pv g6f5 e3d4 f5e6 g3g4","{move=g6f5, main_pv=g6f5,e3d4,f5e6,g3g4, helper_submitted=0, aborted=false, helper_exited=0, helper_exceptions=0, search_elapsed_ns=19760200, helper_started=0, main_score_cp=-399, main_qnodes=23591, source=main-result, main_tt_hits=14566, abort_ms=19, main_move=g6f5, main_nodes=19151, search=317, main_depth=13, legal=true, helper_pending=0, bestmove_ms=19, event=bestmove, latest_move=g6f5}"
"measured","3","12","8/8/6k1/8/5P2/4K1P1/8/8 b - - 0 65","2","318","13","26569","29003","24977","25","1062760","20","20","g6f5","g6f5","main-result","true","52845","1997837.519","26451100","1","1","1","0","info depth 13 seldepth 21 score cp -434 nodes 26569 nps 1062760 time 25 hashfull 20 pv g6f5 e3f3 f5e6 g3g4 e6d7 f4f5 d7e7 g4g5 e7f8 f3e4 f8e7 g5g6","{move=g6f5, main_pv=g6f5,e3f3,f5e6,g3g4,e6d7,f4f5,d7e7,g4g5,e7f8,f3e4,f8e7,g5g6, helper_submitted=1, aborted=false, helper_exited=1, helper_exceptions=0, search_elapsed_ns=26362200, helper_started=1, main_score_cp=-434, main_qnodes=29003, source=main-result, main_tt_hits=24977, abort_ms=26, main_move=g6f5, main_nodes=26569, search=318, main_depth=13, legal=true, helper_pending=0, bestmove_ms=26, event=bestmove, latest_move=g6f5}"
"measured","3","13","8/2p5/3p4/KP5r/1R3p1k/8/4P1P1/8 w - - 0 1","1","319","13","134731","298233","52919","237","568485","97","97","b4f4","b4f4","main-result","true","134731","565727.252","238155400","0","0","0","0","info depth 13 seldepth 28 score cp 19 nodes 134731 nps 568485 time 237 hashfull 97 pv b4f4 h4g3 f4f3 g3g2 f3c3 h5c5 c3c5 d6c5 e2e4 c5c4 a5b4 g2f3 e4e5 f3f4","{move=b4f4, main_pv=b4f4,h4g3,f4f3,g3g2,f3c3,h5c5,c3c5,d6c5,e2e4,c5c4,a5b4,g2f3,e4e5,f3f4, helper_submitted=0, aborted=false, helper_exited=0, helper_exceptions=0, search_elapsed_ns=238061800, helper_started=0, main_score_cp=19, main_qnodes=298233, source=main-result, main_tt_hits=52919, abort_ms=238, main_move=b4f4, main_nodes=134731, search=319, main_depth=13, legal=true, helper_pending=0, bestmove_ms=238, event=bestmove, latest_move=b4f4}"
"measured","3","13","8/2p5/3p4/KP5r/1R3p1k/8/4P1P1/8 w - - 0 1","2","320","13","76722","160131","40219","134","572552","79","79","b4f4","b4f4","main-result","true","152894","1133144.938","134928900","1","1","1","0","info depth 13 seldepth 22 score cp 76 nodes 76722 nps 572552 time 134 hashfull 79 pv b4f4 h4g3 f4c4 h5h7 a5a6 g3g2 a6b7 h7h5 b7c7 h5b5 c7d6 b5b6 d6d5 g2f2 e2e4","{move=b4f4, main_pv=b4f4,h4g3,f4c4,h5h7,a5a6,g3g2,a6b7,h7h5,b7c7,h5b5,c7d6,b5b6,d6d5,g2f2,e2e4, helper_submitted=1, aborted=false, helper_exited=1, helper_exceptions=0, search_elapsed_ns=134825900, helper_started=1, main_score_cp=76, main_qnodes=160131, source=main-result, main_tt_hits=40219, abort_ms=134, main_move=b4f4, main_nodes=76722, search=320, main_depth=13, legal=true, helper_pending=0, bestmove_ms=134, event=bestmove, latest_move=b4f4}"
"measured","3","13","8/2p5/3p4/KP5r/1R3p1k/8/4P1P1/8 w - - 0 1","4","321","13","81272","184008","36977","143","568335","135","135","b4f4","b4f4","main-result","true","327587","2270247.831","144295700","3","3","3","0","info depth 13 seldepth 25 score cp 76 nodes 81272 nps 568335 time 143 hashfull 135 pv b4f4 h4g3 f4c4 h5h7 a5a6 g3g2","{move=b4f4, main_pv=b4f4,h4g3,f4c4,h5h7,a5a6,g3g2, helper_submitted=3, aborted=false, helper_exited=3, helper_exceptions=0, search_elapsed_ns=144201300, helper_started=3, main_score_cp=76, main_qnodes=184008, source=main-result, main_tt_hits=36977, abort_ms=144, main_move=b4f4, main_nodes=81272, search=321, main_depth=13, legal=true, helper_pending=0, bestmove_ms=144, event=bestmove, latest_move=b4f4}"
"measured","3","14","r1bq1r1k/b1p1npp1/p2p3p/1p6/3PP3/1B2NN2/PP3PPP/R2Q1RK1 w - - 1 16","2","322","13","1046132","2785036","224861","3226","324281","836","836","d1d3","d1d3","main-result","true","2101388","651065.139","3227615600","1","1","1","0","info depth 13 seldepth 24 score cp 60 nodes 1046132 nps 324281 time 3226 hashfull 836 pv d1d3 c8b7 a2a4","{move=d1d3, main_pv=d1d3,c8b7,a2a4, helper_submitted=1, aborted=false, helper_exited=1, helper_exceptions=0, search_elapsed_ns=3227518400, helper_started=1, main_score_cp=60, main_qnodes=2785036, source=main-result, main_tt_hits=224861, abort_ms=3227, main_move=d1d3, main_nodes=1046132, search=322, main_depth=13, legal=true, helper_pending=0, bestmove_ms=3227, event=bestmove, latest_move=d1d3}"
"measured","3","14","r1bq1r1k/b1p1npp1/p2p3p/1p6/3PP3/1B2NN2/PP3PPP/R2Q1RK1 w - - 1 16","4","323","13","573419","1584297","177256","1876","305660","844","844","d1d3","d1d3","main-result","true","2330391","1241068.139","1877730100","3","3","3","0","info depth 13 seldepth 21 score cp 68 nodes 573419 nps 305660 time 1876 hashfull 844 pv d1d3 c8b7 a2a4 e7g6 a4b5 g6f4","{move=d1d3, main_pv=d1d3,c8b7,a2a4,e7g6,a4b5,g6f4, helper_submitted=3, aborted=false, helper_exited=3, helper_exceptions=0, search_elapsed_ns=1877630100, helper_started=3, main_score_cp=68, main_qnodes=1584297, source=main-result, main_tt_hits=177256, abort_ms=1877, main_move=d1d3, main_nodes=573419, search=323, main_depth=13, legal=true, helper_pending=0, bestmove_ms=1877, event=bestmove, latest_move=d1d3}"
"measured","3","14","r1bq1r1k/b1p1npp1/p2p3p/1p6/3PP3/1B2NN2/PP3PPP/R2Q1RK1 w - - 1 16","1","324","13","1523227","3915325","261327","4496","338796","771","771","a2a4","a2a4","main-result","true","1523227","338731.730","4496853600","0","0","0","0","info depth 13 seldepth 25 score cp 59 nodes 1523227 nps 338796 time 4496 hashfull 771 pv a2a4 c8b7 d1d3 c7c6 f1c1 h8g8 h2h3 e7g6 e3f5 f8e8 a4b5 a6b5 d3e2","{move=a2a4, main_pv=a2a4,c8b7,d1d3,c7c6,f1c1,h8g8,h2h3,e7g6,e3f5,f8e8,a4b5,a6b5,d3e2, helper_submitted=0, aborted=false, helper_exited=0, helper_exceptions=0, search_elapsed_ns=4496746300, helper_started=0, main_score_cp=59, main_qnodes=3915325, source=main-result, main_tt_hits=261327, abort_ms=4496, main_move=a2a4, main_nodes=1523227, search=324, main_depth=13, legal=true, helper_pending=0, bestmove_ms=4496, event=bestmove, latest_move=a2a4}"
"measured","3","15","r4rk1/1pp1qppp/p1np1n2/2b1p1B1/2B1P1b1/P1NP1N2/1PP1QPPP/R4RK1 w - - 0 10","4","325","13","530835","1133601","267033","1710","310429","689","689","c3d5","c3d5","main-result","true","1978763","1156016.208","1711708700","3","3","3","0","info depth 13 seldepth 26 score cp 139 nodes 530835 nps 310429 time 1710 hashfull 689 pv c3d5 e7d8 g5f6 g7f6 c2c3","{move=c3d5, main_pv=c3d5,e7d8,g5f6,g7f6,c2c3, helper_submitted=3, aborted=false, helper_exited=3, helper_exceptions=0, search_elapsed_ns=1711595100, helper_started=3, main_score_cp=139, main_qnodes=1133601, source=main-result, main_tt_hits=267033, abort_ms=1711, main_move=c3d5, main_nodes=530835, search=325, main_depth=13, legal=true, helper_pending=0, bestmove_ms=1711, event=bestmove, latest_move=c3d5}"
"measured","3","15","r4rk1/1pp1qppp/p1np1n2/2b1p1B1/2B1P1b1/P1NP1N2/1PP1QPPP/R4RK1 w - - 0 10","1","326","13","939472","2736571","234416","3333","281869","555","555","c3d5","c3d5","main-result","true","939472","281769.152","3334190400","0","0","0","0","info depth 13 seldepth 25 score cp 146 nodes 939472 nps 281869 time 3333 hashfull 555 pv c3d5 e7d8 c2c3 g4e6 b2b4 c5b6 g5f6 g7f6 h2h3 e6d5","{move=c3d5, main_pv=c3d5,e7d8,c2c3,g4e6,b2b4,c5b6,g5f6,g7f6,h2h3,e6d5, helper_submitted=0, aborted=false, helper_exited=0, helper_exceptions=0, search_elapsed_ns=3334101300, helper_started=0, main_score_cp=146, main_qnodes=2736571, source=main-result, main_tt_hits=234416, abort_ms=3334, main_move=c3d5, main_nodes=939472, search=326, main_depth=13, legal=true, helper_pending=0, bestmove_ms=3334, event=bestmove, latest_move=c3d5}"
"measured","3","15","r4rk1/1pp1qppp/p1np1n2/2b1p1B1/2B1P1b1/P1NP1N2/1PP1QPPP/R4RK1 w - - 0 10","2","327","13","703879","1554506","266073","2195","320673","623","623","c3d5","c3d5","main-result","true","1404159","639258.104","2196544700","1","1","1","0","info depth 13 seldepth 22 score cp 143 nodes 703879 nps 320673 time 2195 hashfull 623 pv c3d5 e7d8 c2c3 b7b5 c4a2 g4e6 h2h3","{move=c3d5, main_pv=c3d5,e7d8,c2c3,b7b5,c4a2,g4e6,h2h3, helper_submitted=1, aborted=false, helper_exited=1, helper_exceptions=0, search_elapsed_ns=2196454500, helper_started=1, main_score_cp=143, main_qnodes=1554506, source=main-result, main_tt_hits=266073, abort_ms=2196, main_move=c3d5, main_nodes=703879, search=327, main_depth=13, legal=true, helper_pending=0, bestmove_ms=2196, event=bestmove, latest_move=c3d5}"
"measured","3","16","r3k2r/pb3p2/5npp/n2p4/1p1PPB2/6P1/P2N1PBP/R3K2R b KQkq - 0 13","1","328","13","815181","2129931","142547","2155","378274","526","526","d5e4","d5e4","main-result","true","815181","377995.249","2156590600","0","0","0","0","info depth 13 seldepth 25 score cp -51 nodes 815181 nps 378274 time 2155 hashfull 526 pv d5e4 e1g1 a8c8 f1b1 c8c2 b1b4 f6d5 b4b7 a5b7 g2e4 d5f4 e4c2 f4e2 g1g2","{move=d5e4, main_pv=d5e4,e1g1,a8c8,f1b1,c8c2,b1b4,f6d5,b4b7,a5b7,g2e4,d5f4,e4c2,f4e2,g1g2, helper_submitted=0, aborted=false, helper_exited=0, helper_exceptions=0, search_elapsed_ns=2156501600, helper_started=0, main_score_cp=-51, main_qnodes=2129931, source=main-result, main_tt_hits=142547, abort_ms=2156, main_move=d5e4, main_nodes=815181, search=328, main_depth=13, legal=true, helper_pending=0, bestmove_ms=2156, event=bestmove, latest_move=d5e4}"
"measured","3","16","r3k2r/pb3p2/5npp/n2p4/1p1PPB2/6P1/P2N1PBP/R3K2R b KQkq - 0 13","2","329","13","613465","1620706","176704","1662","369112","636","636","d5e4","d5e4","main-result","true","1217114","731632.866","1663558400","1","1","1","0","info depth 13 seldepth 25 score cp -47 nodes 613465 nps 369112 time 1662 hashfull 636 pv d5e4 e1g1 a8c8 f1b1 e4e3 g2b7 a5b7 f4e3 f6d5 b1e1 e8f8","{move=d5e4, main_pv=d5e4,e1g1,a8c8,f1b1,e4e3,g2b7,a5b7,f4e3,f6d5,b1e1,e8f8, helper_submitted=1, aborted=false, helper_exited=1, helper_exceptions=0, search_elapsed_ns=1663419700, helper_started=1, main_score_cp=-47, main_qnodes=1620706, source=main-result, main_tt_hits=176704, abort_ms=1663, main_move=d5e4, main_nodes=613465, search=329, main_depth=13, legal=true, helper_pending=0, bestmove_ms=1663, event=bestmove, latest_move=d5e4}"
"measured","3","16","r3k2r/pb3p2/5npp/n2p4/1p1PPB2/6P1/P2N1PBP/R3K2R b KQkq - 0 13","4","330","13","532733","1446602","157612","1496","356104","787","787","d5e4","d5e4","main-result","true","2081517","1389600.651","1497924600","3","3","3","0","info depth 13 seldepth 26 score cp -48 nodes 532733 nps 356104 time 1496 hashfull 787 pv d5e4 e1g1 e8g8 a1b1 f8d8 f4e5 f6d5 d2e4 a5c4 e4f6","{move=d5e4, main_pv=d5e4,e1g1,e8g8,a1b1,f8d8,f4e5,f6d5,d2e4,a5c4,e4f6, helper_submitted=3, aborted=false, helper_exited=3, helper_exceptions=0, search_elapsed_ns=1497824600, helper_started=3, main_score_cp=-48, main_qnodes=1446602, source=main-result, main_tt_hits=157612, abort_ms=1497, main_move=d5e4, main_nodes=532733, search=330, main_depth=13, legal=true, helper_pending=0, bestmove_ms=1497, event=bestmove, latest_move=d5e4}"
"measured","3","17","rr6/2pq2pk/p2p1pnp/8/2QBPP2/1P6/P5PP/4RRK1 b - - 2 25","2","331","13","279274","647107","123277","759","367949","336","336","a6a5","a6a5","main-result","true","560323","736933.643","760343900","1","1","1","0","info depth 13 seldepth 24 score cp -48 nodes 279274 nps 367949 time 759 hashfull 336 pv a6a5 f4f5 g6e5 d4e5 f6e5 f5f6 a5a4 b3b4 g7f6 f1f6 b8f8 e1f1 f8f6","{move=a6a5, main_pv=a6a5,f4f5,g6e5,d4e5,f6e5,f5f6,a5a4,b3b4,g7f6,f1f6,b8f8,e1f1,f8f6, helper_submitted=1, aborted=false, helper_exited=1, helper_exceptions=0, search_elapsed_ns=760251400, helper_started=1, main_score_cp=-48, main_qnodes=647107, source=main-result, main_tt_hits=123277, abort_ms=760, main_move=a6a5, main_nodes=279274, search=331, main_depth=13, legal=true, helper_pending=0, bestmove_ms=760, event=bestmove, latest_move=a6a5}"
"measured","3","17","rr6/2pq2pk/p2p1pnp/8/2QBPP2/1P6/P5PP/4RRK1 b - - 2 25","4","332","13","179558","409542","91928","498","360558","364","364","a6a5","a6a5","main-result","true","720911","1442071.190","499913600","3","3","3","0","info depth 13 seldepth 22 score cp -48 nodes 179558 nps 360558 time 498 hashfull 364 pv a6a5 f4f5","{move=a6a5, main_pv=a6a5,f4f5, helper_submitted=3, aborted=false, helper_exited=3, helper_exceptions=0, search_elapsed_ns=499818700, helper_started=3, main_score_cp=-48, main_qnodes=409542, source=main-result, main_tt_hits=91928, abort_ms=499, main_move=a6a5, main_nodes=179558, search=332, main_depth=13, legal=true, helper_pending=0, bestmove_ms=499, event=bestmove, latest_move=a6a5}"
"measured","3","17","rr6/2pq2pk/p2p1pnp/8/2QBPP2/1P6/P5PP/4RRK1 b - - 2 25","1","333","13","467210","1084544","118962","1223","382019","327","327","a6a5","a6a5","main-result","true","467210","381727.382","1223936300","0","0","0","0","info depth 13 seldepth 23 score cp -48 nodes 467210 nps 382019 time 1223 hashfull 327 pv a6a5 f4f5 g6e5 d4e5 f6e5 f5f6 a5a4 b3b4 g7f6 f1f6 b8f8 e1f1 f8f6","{move=a6a5, main_pv=a6a5,f4f5,g6e5,d4e5,f6e5,f5f6,a5a4,b3b4,g7f6,f1f6,b8f8,e1f1,f8f6, helper_submitted=0, aborted=false, helper_exited=0, helper_exceptions=0, search_elapsed_ns=1223847000, helper_started=0, main_score_cp=-48, main_qnodes=1084544, source=main-result, main_tt_hits=118962, abort_ms=1223, main_move=a6a5, main_nodes=467210, search=333, main_depth=13, legal=true, helper_pending=0, bestmove_ms=1223, event=bestmove, latest_move=a6a5}"
"measured","3","18","r1bqkb1r/ppp2ppp/4pn2/3p4/2PP4/8/PP2PPPP/RNBQKBNR w KQkq d6 0 5","4","334","13","693305","1784616","294962","1964","353006","834","834","e2e3","e2e3","main-result","true","2782801","1415648.650","1965742700","3","3","3","0","info depth 13 seldepth 24 score cp 389 nodes 693305 nps 353006 time 1964 hashfull 834 pv e2e3 c8d7 g1f3 f8e7 c4d5 e6d5 b1c3 e8g8 f1d3 c7c6 e1g1 d8c7 a2a3","{move=e2e3, main_pv=e2e3,c8d7,g1f3,f8e7,c4d5,e6d5,b1c3,e8g8,f1d3,c7c6,e1g1,d8c7,a2a3, helper_submitted=3, aborted=false, helper_exited=3, helper_exceptions=0, search_elapsed_ns=1965647400, helper_started=3, main_score_cp=389, main_qnodes=1784616, source=main-result, main_tt_hits=294962, abort_ms=1965, main_move=e2e3, main_nodes=693305, search=334, main_depth=13, legal=true, helper_pending=0, bestmove_ms=1965, event=bestmove, latest_move=e2e3}"
"measured","3","18","r1bqkb1r/ppp2ppp/4pn2/3p4/2PP4/8/PP2PPPP/RNBQKBNR w KQkq d6 0 5","1","335","13","1369277","3362585","278464","3463","395401","644","644","e2e3","e2e3","main-result","true","1369277","395300.793","3463886300","0","0","0","0","info depth 13 seldepth 24 score cp 386 nodes 1369277 nps 395401 time 3463 hashfull 644 pv e2e3 c7c5 g1f3 c5d4 e3d4 f8b4 c1d2 b4e7 f1e2 d5c4 e1g1 c8d7 f3e5 e8g8","{move=e2e3, main_pv=e2e3,c7c5,g1f3,c5d4,e3d4,f8b4,c1d2,b4e7,f1e2,d5c4,e1g1,c8d7,f3e5,e8g8, helper_submitted=0, aborted=false, helper_exited=0, helper_exceptions=0, search_elapsed_ns=3463791600, helper_started=0, main_score_cp=386, main_qnodes=3362585, source=main-result, main_tt_hits=278464, abort_ms=3463, main_move=e2e3, main_nodes=1369277, search=335, main_depth=13, legal=true, helper_pending=0, bestmove_ms=3463, event=bestmove, latest_move=e2e3}"
"measured","3","18","r1bqkb1r/ppp2ppp/4pn2/3p4/2PP4/8/PP2PPPP/RNBQKBNR w KQkq d6 0 5","2","336","13","1525834","3884747","457537","4154","367316","822","822","e2e3","e2e3","main-result","true","3051396","734264.593","4155717200","1","1","1","0","info depth 13 seldepth 25 score cp 387 nodes 1525834 nps 367316 time 4154 hashfull 822 pv e2e3 c7c5 g1f3 c5d4 e3d4 f8b4 c1d2 b4d2 b1d2 c8d7 f1d3 e8g8 c4d5 e6d5","{move=e2e3, main_pv=e2e3,c7c5,g1f3,c5d4,e3d4,f8b4,c1d2,b4d2,b1d2,c8d7,f1d3,e8g8,c4d5,e6d5, helper_submitted=1, aborted=false, helper_exited=1, helper_exceptions=0, search_elapsed_ns=4155523700, helper_started=1, main_score_cp=387, main_qnodes=3884747, source=main-result, main_tt_hits=457537, abort_ms=4155, main_move=e2e3, main_nodes=1525834, search=336, main_depth=13, legal=true, helper_pending=0, bestmove_ms=4155, event=bestmove, latest_move=e2e3}"
"measured","3","19","2r3k1/4qpp1/3p3p/B1pP4/P1P1p1b1/1P4Pp/3Q1P1P/R3R1K1 w - - 0 28","1","337","13","437737","1039288","140745","1082","404562","301","301","a5c3","a5c3","main-result","true","437737","404065.495","1083331800","0","0","0","0","info depth 13 seldepth 22 score cp 640 nodes 437737 nps 404562 time 1082 hashfull 301 pv a5c3 c8b8 a4a5 g4f3 a5a6 e7a7 d2c2 f7f5 c2b2 b8b6 b2a2 b6b8 a2c2","{move=a5c3, main_pv=a5c3,c8b8,a4a5,g4f3,a5a6,e7a7,d2c2,f7f5,c2b2,b8b6,b2a2,b6b8,a2c2, helper_submitted=0, aborted=false, helper_exited=0, helper_exceptions=0, search_elapsed_ns=1083230800, helper_started=0, main_score_cp=640, main_qnodes=1039288, source=main-result, main_tt_hits=140745, abort_ms=1083, main_move=a5c3, main_nodes=437737, search=337, main_depth=13, legal=true, helper_pending=0, bestmove_ms=1083, event=bestmove, latest_move=a5c3}"
"measured","3","19","2r3k1/4qpp1/3p3p/B1pP4/P1P1p1b1/1P4Pp/3Q1P1P/R3R1K1 w - - 0 28","2","338","13","279398","638325","134319","784","356375","328","328","a5b6","a5b6","main-result","true","593429","755891.276","785071900","1","1","1","0","info depth 13 seldepth 22 score cp 627 nodes 279398 nps 356375 time 784 hashfull 328 pv a5b6 c8a8","{move=a5b6, main_pv=a5b6,c8a8, helper_submitted=1, aborted=false, helper_exited=1, helper_exceptions=0, search_elapsed_ns=784980700, helper_started=1, main_score_cp=627, main_qnodes=638325, source=main-result, main_tt_hits=134319, abort_ms=784, main_move=a5b6, main_nodes=279398, search=338, main_depth=13, legal=true, helper_pending=0, bestmove_ms=784, event=bestmove, latest_move=a5b6}"
"measured","3","19","2r3k1/4qpp1/3p3p/B1pP4/P1P1p1b1/1P4Pp/3Q1P1P/R3R1K1 w - - 0 28","4","339","13","211783","503369","127174","549","385761","415","415","a5c3","a5c3","main-result","true","837059","1520840.957","550392200","3","3","3","0","info depth 13 seldepth 22 score cp 643 nodes 211783 nps 385761 time 549 hashfull 415 pv a5c3 c8b8 a4a5 b8a8 a5a6 g4c8 d2f4 f7f5 b3b4 a8a6 a1a6 c8a6 f4f5","{move=a5c3, main_pv=a5c3,c8b8,a4a5,b8a8,a5a6,g4c8,d2f4,f7f5,b3b4,a8a6,a1a6,c8a6,f4f5, helper_submitted=3, aborted=false, helper_exited=3, helper_exceptions=0, search_elapsed_ns=550270800, helper_started=3, main_score_cp=643, main_qnodes=503369, source=main-result, main_tt_hits=127174, abort_ms=550, main_move=a5c3, main_nodes=211783, search=339, main_depth=13, legal=true, helper_pending=0, bestmove_ms=550, event=bestmove, latest_move=a5c3}"
"measured","3","20","r4rk1/3qppbp/6p1/2p1n3/2B1P3/2P5/P2Q1PPP/R4RK1 b - - 0 20","2","340","13","130709","214693","86564","299","437153","150","150","d7d2","d7d2","main-result","true","260656","867991.418","300297900","1","1","1","0","info depth 13 seldepth 21 score cp 1583 nodes 130709 nps 437153 time 299 hashfull 150 pv d7d2 f1d1 d2c3 a1c1 c3a5 c4b3 g7h6 c1b1 e7e6 a2a4 c5c4 b3c2 a5c3","{move=d7d2, main_pv=d7d2,f1d1,d2c3,a1c1,c3a5,c4b3,g7h6,c1b1,e7e6,a2a4,c5c4,b3c2,a5c3, helper_submitted=1, aborted=false, helper_exited=1, helper_exceptions=0, search_elapsed_ns=300164800, helper_started=1, main_score_cp=1583, main_qnodes=214693, source=main-result, main_tt_hits=86564, abort_ms=300, main_move=d7d2, main_nodes=130709, search=340, main_depth=13, legal=true, helper_pending=0, bestmove_ms=300, event=bestmove, latest_move=d7d2}"
"measured","3","20","r4rk1/3qppbp/6p1/2p1n3/2B1P3/2P5/P2Q1PPP/R4RK1 b - - 0 20","4","341","13","142144","242702","97025","322","441440","158","158","d7d2","d7d2","main-result","true","562028","1740398.711","322930600","3","3","3","0","info depth 13 seldepth 22 score cp 1616 nodes 142144 nps 441440 time 322 hashfull 158 pv d7d2 c4d5 a8b8 f1d1 d2c3 a1b1 b8b1 d1b1 c5c4 h2h3","{move=d7d2, main_pv=d7d2,c4d5,a8b8,f1d1,d2c3,a1b1,b8b1,d1b1,c5c4,h2h3, helper_submitted=3, aborted=false, helper_exited=3, helper_exceptions=0, search_elapsed_ns=322836900, helper_started=3, main_score_cp=1616, main_qnodes=242702, source=main-result, main_tt_hits=97025, abort_ms=322, main_move=d7d2, main_nodes=142144, search=341, main_depth=13, legal=true, helper_pending=0, bestmove_ms=322, event=bestmove, latest_move=d7d2}"
"measured","3","20","r4rk1/3qppbp/6p1/2p1n3/2B1P3/2P5/P2Q1PPP/R4RK1 b - - 0 20","1","342","13","150814","238508","80953","323","466916","126","126","d7d2","d7d2","main-result","true","150814","465286.035","324131800","0","0","0","0","info depth 13 seldepth 21 score cp 1583 nodes 150814 nps 466916 time 323 hashfull 126 pv d7d2 f1d1 d2c3 a1c1 c3a5 c4b3 g7h6 c1b1 e7e6 a2a4 c5c4 b3c2 a5c3","{move=d7d2, main_pv=d7d2,f1d1,d2c3,a1c1,c3a5,c4b3,g7h6,c1b1,e7e6,a2a4,c5c4,b3c2,a5c3, helper_submitted=0, aborted=false, helper_exited=0, helper_exceptions=0, search_elapsed_ns=324040100, helper_started=0, main_score_cp=1583, main_qnodes=238508, source=main-result, main_tt_hits=80953, abort_ms=324, main_move=d7d2, main_nodes=150814, search=342, main_depth=13, legal=true, helper_pending=0, bestmove_ms=324, event=bestmove, latest_move=d7d2}"
"measured","3","21","1rr3k1/4ppb1/2q1bnpp/3p4/2pP4/2P1BNNP/PP3PPK/2QRR3 b - - 6 26","4","343","13","686960","1453391","289221","2025","339239","859","859","g6g5","g6g5","main-result","true","2733667","1348735.826","2026836500","3","3","3","0","info depth 13 seldepth 26 score cp -35 nodes 686960 nps 339239 time 2025 hashfull 859 pv g6g5 h2g1","{move=g6g5, main_pv=g6g5,h2g1, helper_submitted=3, aborted=false, helper_exited=3, helper_exceptions=0, search_elapsed_ns=2026743100, helper_started=3, main_score_cp=-35, main_qnodes=1453391, source=main-result, main_tt_hits=289221, abort_ms=2026, main_move=g6g5, main_nodes=686960, search=343, main_depth=13, legal=true, helper_pending=0, bestmove_ms=2026, event=bestmove, latest_move=g6g5}"
"measured","3","21","1rr3k1/4ppb1/2q1bnpp/3p4/2pP4/2P1BNNP/PP3PPK/2QRR3 b - - 6 26","1","344","13","2172114","4644866","454851","5992","362502","817","817","c6a6","c6a6","main-result","true","2172114","362441.220","5993010400","0","0","0","0","info depth 13 seldepth 23 score cp -37 nodes 2172114 nps 362502 time 5992 hashfull 817 pv c6a6 e3h6 g7h6 c1h6 b8b2 h2g1 a6d6","{move=c6a6, main_pv=c6a6,e3h6,g7h6,c1h6,b8b2,h2g1,a6d6, helper_submitted=0, aborted=false, helper_exited=0, helper_exceptions=0, search_elapsed_ns=5992923100, helper_started=0, main_score_cp=-37, main_qnodes=4644866, source=main-result, main_tt_hits=454851, abort_ms=5992, main_move=c6a6, main_nodes=2172114, search=344, main_depth=13, legal=true, helper_pending=0, bestmove_ms=5992, event=bestmove, latest_move=c6a6}"
"measured","3","21","1rr3k1/4ppb1/2q1bnpp/3p4/2pP4/2P1BNNP/PP3PPK/2QRR3 b - - 6 26","2","345","13","1389440","3115971","397437","3979","349193","891","891","g6g5","g6g5","main-result","true","2760223","693407.073","3980667500","1","1","1","0","info depth 13 seldepth 25 score cp -29 nodes 1389440 nps 349193 time 3979 hashfull 891 pv g6g5 e1e2 b8a8 f3e5 c6b7 a2a3 c8e8 h2g1 f6e4 c1c2 e4g3 f2g3 b7c7","{move=g6g5, main_pv=g6g5,e1e2,b8a8,f3e5,c6b7,a2a3,c8e8,h2g1,f6e4,c1c2,e4g3,f2g3,b7c7, helper_submitted=1, aborted=false, helper_exited=1, helper_exceptions=0, search_elapsed_ns=3980535900, helper_started=1, main_score_cp=-29, main_qnodes=3115971, source=main-result, main_tt_hits=397437, abort_ms=3980, main_move=g6g5, main_nodes=1389440, search=345, main_depth=13, legal=true, helper_pending=0, bestmove_ms=3980, event=bestmove, latest_move=g6g5}"
"measured","3","22","r3r1k1/6pp/bq2p3/p1pn4/Pn1N4/1B3P2/1PP2QBP/3RR1K1 w - - 0 24","1","346","13","581587","1343701","174350","1674","347423","365","365","d4b5","d4b5","main-result","true","581587","347191.039","1675121000","0","0","0","0","info depth 13 seldepth 26 score cp 24 nodes 581587 nps 347423 time 1674 hashfull 365 pv d4b5 a6b5 a4b5 d5f4 b3c4 a8d8 d1d8 e8d8 h2h4 b4d5 c2c3 b6c7 g1h2","{move=d4b5, main_pv=d4b5,a6b5,a4b5,d5f4,b3c4,a8d8,d1d8,e8d8,h2h4,b4d5,c2c3,b6c7,g1h2, helper_submitted=0, aborted=false, helper_exited=0, helper_exceptions=0, search_elapsed_ns=1675003700, helper_started=0, main_score_cp=24, main_qnodes=1343701, source=main-result, main_tt_hits=174350, abort_ms=1674, main_move=d4b5, main_nodes=581587, search=346, main_depth=13, legal=true, helper_pending=0, bestmove_ms=1675, event=bestmove, latest_move=d4b5}"
"measured","3","22","r3r1k1/6pp/bq2p3/p1pn4/Pn1N4/1B3P2/1PP2QBP/3RR1K1 w - - 0 24","2","347","13","321821","782219","133382","927","347163","368","368","d4b5","d4b5","main-result","true","639325","688642.846","928384000","1","1","1","0","info depth 13 seldepth 27 score cp 28 nodes 321821 nps 347163 time 927 hashfull 368 pv d4b5","{move=d4b5, main_pv=d4b5, helper_submitted=1, aborted=false, helper_exited=1, helper_exceptions=0, search_elapsed_ns=928279100, helper_started=1, main_score_cp=28, main_qnodes=782219, source=main-result, main_tt_hits=133382, abort_ms=928, main_move=d4b5, main_nodes=321821, search=347, main_depth=13, legal=true, helper_pending=0, bestmove_ms=928, event=bestmove, latest_move=d4b5}"
"measured","3","22","r3r1k1/6pp/bq2p3/p1pn4/Pn1N4/1B3P2/1PP2QBP/3RR1K1 w - - 0 24","4","348","13","317307","771419","190911","983","322794","407","407","d4b5","d4b5","main-result","true","1269732","1290177.311","984153100","3","3","3","0","info depth 13 seldepth 23 score cp 34 nodes 317307 nps 322794 time 983 hashfull 407 pv d4b5 a6b5 a4b5 d5f4","{move=d4b5, main_pv=d4b5,a6b5,a4b5,d5f4, helper_submitted=3, aborted=false, helper_exited=3, helper_exceptions=0, search_elapsed_ns=984058300, helper_started=3, main_score_cp=34, main_qnodes=771419, source=main-result, main_tt_hits=190911, abort_ms=984, main_move=d4b5, main_nodes=317307, search=348, main_depth=13, legal=true, helper_pending=0, bestmove_ms=984, event=bestmove, latest_move=d4b5}"
"measured","3","23","r2r4/8/k2N4/6B1/p7/P5P1/4K2P/1R6 w - - 4 46","2","349","13","140489","282429","84849","244","575774","137","137","g5d8","g5d8","main-result","true","277601","1129827.543","245702100","1","1","1","0","info depth 13 seldepth 23 score cp 682 nodes 140489 nps 575774 time 244 hashfull 137 pv g5d8 a8d8 d6c4 d8g8 b1b6 a6a7 b6b4 a7a6 b4a4 a6b5 a4b4 b5c6","{move=g5d8, main_pv=g5d8,a8d8,d6c4,d8g8,b1b6,a6a7,b6b4,a7a6,b4a4,a6b5,a4b4,b5c6, helper_submitted=1, aborted=false, helper_exited=1, helper_exceptions=0, search_elapsed_ns=245608000, helper_started=1, main_score_cp=682, main_qnodes=282429, source=main-result, main_tt_hits=84849, abort_ms=245, main_move=g5d8, main_nodes=140489, search=349, main_depth=13, legal=true, helper_pending=0, bestmove_ms=245, event=bestmove, latest_move=g5d8}"
"measured","3","23","r2r4/8/k2N4/6B1/p7/P5P1/4K2P/1R6 w - - 4 46","4","350","13","96359","203810","86597","196","491627","144","144","g5d8","g5d8","main-result","true","377930","1916577.920","197190000","3","3","3","0","info depth 13 seldepth 24 score cp 674 nodes 96359 nps 491627 time 196 hashfull 144 pv g5d8 a8d8 d6c4 d8h8 h2h4 h8g8 b1b6 a6a7 e2f3 g8f8 f3e4 f8e8 e4f5 e8f8 f5g5 f8c8 b6b4 c8g8 g5f4","{move=g5d8, main_pv=g5d8,a8d8,d6c4,d8h8,h2h4,h8g8,b1b6,a6a7,e2f3,g8f8,f3e4,f8e8,e4f5,e8f8,f5g5,f8c8,b6b4,c8g8,g5f4, helper_submitted=3, aborted=false, helper_exited=3, helper_exceptions=0, search_elapsed_ns=197086500, helper_started=3, main_score_cp=674, main_qnodes=203810, source=main-result, main_tt_hits=86597, abort_ms=197, main_move=g5d8, main_nodes=96359, search=350, main_depth=13, legal=true, helper_pending=0, bestmove_ms=197, event=bestmove, latest_move=g5d8}"
"measured","3","23","r2r4/8/k2N4/6B1/p7/P5P1/4K2P/1R6 w - - 4 46","1","351","13","176857","395806","91055","312","566849","115","115","g5d8","g5d8","main-result","true","176857","564860.038","313098800","0","0","0","0","info depth 13 seldepth 23 score cp 682 nodes 176857 nps 566849 time 312 hashfull 115 pv g5d8 a8d8 d6c4 d8g8 b1b6 a6a7 b6b4 a7a6 e2d3 g8d8 d3c2 d8g8 c4d6 a6a5 d6b7 a5a6 b7c5 a6a5","{move=g5d8, main_pv=g5d8,a8d8,d6c4,d8g8,b1b6,a6a7,b6b4,a7a6,e2d3,g8d8,d3c2,d8g8,c4d6,a6a5,d6b7,a5a6,b7c5,a6a5, helper_submitted=0, aborted=false, helper_exited=0, helper_exceptions=0, search_elapsed_ns=313000400, helper_started=0, main_score_cp=682, main_qnodes=395806, source=main-result, main_tt_hits=91055, abort_ms=312, main_move=g5d8, main_nodes=176857, search=351, main_depth=13, legal=true, helper_pending=0, bestmove_ms=313, event=bestmove, latest_move=g5d8}"
"measured","3","24","8/3b2kp/4p1p1/1p1n4/1P6/3NB3/6PP/6K1 b - - 0 34","4","352","13","51088","97988","24863","79","646683","84","84","d5e3","d5e3","main-result","true","199408","2480192.835","80400200","3","3","3","0","info depth 13 seldepth 23 score cp 509 nodes 51088 nps 646683 time 79 hashfull 84 pv d5e3 g1f2 e3d5 d3c5 d7c8 c5d3 g7f6 f2f3 e6e5 f3e4 d5c3 e4e3 e5e4","{move=d5e3, main_pv=d5e3,g1f2,e3d5,d3c5,d7c8,c5d3,g7f6,f2f3,e6e5,f3e4,d5c3,e4e3,e5e4, helper_submitted=3, aborted=false, helper_exited=3, helper_exceptions=0, search_elapsed_ns=80309700, helper_started=3, main_score_cp=509, main_qnodes=97988, source=main-result, main_tt_hits=24863, abort_ms=80, main_move=d5e3, main_nodes=51088, search=352, main_depth=13, legal=true, helper_pending=0, bestmove_ms=80, event=bestmove, latest_move=d5e3}"
"measured","3","24","8/3b2kp/4p1p1/1p1n4/1P6/3NB3/6PP/6K1 b - - 0 34","1","353","13","57130","103865","23770","86","664302","38","38","d5e3","d5e3","main-result","true","57130","654401.835","87301100","0","0","0","0","info depth 13 seldepth 21 score cp 509 nodes 57130 nps 664302 time 86 hashfull 38 pv d5e3 g1f2 e3d5 d3c5 d7c8 c5d3 g7f6 f2f3 e6e5 f3e4 d5c3 e4e3 e5e4 d3c5","{move=d5e3, main_pv=d5e3,g1f2,e3d5,d3c5,d7c8,c5d3,g7f6,f2f3,e6e5,f3e4,d5c3,e4e3,e5e4,d3c5, helper_submitted=0, aborted=false, helper_exited=0, helper_exceptions=0, search_elapsed_ns=87119300, helper_started=0, main_score_cp=509, main_qnodes=103865, source=main-result, main_tt_hits=23770, abort_ms=87, main_move=d5e3, main_nodes=57130, search=353, main_depth=13, legal=true, helper_pending=0, bestmove_ms=87, event=bestmove, latest_move=d5e3}"
"measured","3","24","8/3b2kp/4p1p1/1p1n4/1P6/3NB3/6PP/6K1 b - - 0 34","2","354","13","45759","85267","25100","69","663173","42","42","d5e3","d5e3","main-result","true","90313","1286077.615","70223600","1","1","1","0","info depth 13 seldepth 21 score cp 509 nodes 45759 nps 663173 time 69 hashfull 42 pv d5e3 g1f2 e3d5 d3c5 d7c8 c5d3 g7f6 f2f3 e6e5 f3e4 d5c3 e4e3 e5e4 d3c5","{move=d5e3, main_pv=d5e3,g1f2,e3d5,d3c5,d7c8,c5d3,g7f6,f2f3,e6e5,f3e4,d5c3,e4e3,e5e4,d3c5, helper_submitted=1, aborted=false, helper_exited=1, helper_exceptions=0, search_elapsed_ns=70137800, helper_started=1, main_score_cp=509, main_qnodes=85267, source=main-result, main_tt_hits=25100, abort_ms=70, main_move=d5e3, main_nodes=45759, search=354, main_depth=13, legal=true, helper_pending=0, bestmove_ms=70, event=bestmove, latest_move=d5e3}"
"measured","3","25","r3k2r/4npp1/1pq1p2p/p6b/PpP1PP1P/7N/2P1QP2/R1B2RK1 b kq - 0 18","1","355","13","145819","320245","48975","348","419020","105","105","h5e2","h5e2","main-result","true","145819","417579.585","349200500","0","0","0","0","info depth 13 seldepth 24 score cp 1578 nodes 145819 nps 419020 time 348 hashfull 105 pv h5e2 f1e1 c6e4 c1e3 e4c4 g1h2 e8g8 e3b6 e7f5 a1c1 f5h4 h2g3 h4f3 e1h1","{move=h5e2, main_pv=h5e2,f1e1,c6e4,c1e3,e4c4,g1h2,e8g8,e3b6,e7f5,a1c1,f5h4,h2g3,h4f3,e1h1, helper_submitted=0, aborted=false, helper_exited=0, helper_exceptions=0, search_elapsed_ns=349104500, helper_started=0, main_score_cp=1578, main_qnodes=320245, source=main-result, main_tt_hits=48975, abort_ms=349, main_move=h5e2, main_nodes=145819, search=355, main_depth=13, legal=true, helper_pending=0, bestmove_ms=349, event=bestmove, latest_move=h5e2}"
"measured","3","25","r3k2r/4npp1/1pq1p2p/p6b/PpP1PP1P/7N/2P1QP2/R1B2RK1 b kq - 0 18","2","356","13","291793","801410","106127","763","382428","340","340","h5e2","h5e2","main-result","true","587658","768859.401","764324400","1","1","1","0","info depth 13 seldepth 26 score cp 1625 nodes 291793 nps 382428 time 763 hashfull 340 pv h5e2 f1e1 c6e4 h4h5 e7f5 a1b1 e4c4 c1e3 e2h5 e3b6 f5d4 e1e3 d4f3 g1g2","{move=h5e2, main_pv=h5e2,f1e1,c6e4,h4h5,e7f5,a1b1,e4c4,c1e3,e2h5,e3b6,f5d4,e1e3,d4f3,g1g2, helper_submitted=1, aborted=false, helper_exited=1, helper_exceptions=0, search_elapsed_ns=764232000, helper_started=1, main_score_cp=1625, main_qnodes=801410, source=main-result, main_tt_hits=106127, abort_ms=764, main_move=h5e2, main_nodes=291793, search=356, main_depth=13, legal=true, helper_pending=0, bestmove_ms=764, event=bestmove, latest_move=h5e2}"
"measured","3","25","r3k2r/4npp1/1pq1p2p/p6b/PpP1PP1P/7N/2P1QP2/R1B2RK1 b kq - 0 18","4","357","13","77449","179233","58154","206","375966","104","104","h5e2","h5e2","main-result","true","312904","1511526.632","207011900","3","3","3","0","info depth 13 seldepth 22 score cp 1573 nodes 77449 nps 375966 time 206 hashfull 104 pv h5e2 f1e1 c6e4 c1e3 e4c4 g1h2 e7f5 h3g1 e2g4 e3b6 e8g8 h2g2 c4c2","{move=h5e2, main_pv=h5e2,f1e1,c6e4,c1e3,e4c4,g1h2,e7f5,h3g1,e2g4,e3b6,e8g8,h2g2,c4c2, helper_submitted=3, aborted=false, helper_exited=3, helper_exceptions=0, search_elapsed_ns=206916400, helper_started=3, main_score_cp=1573, main_qnodes=179233, source=main-result, main_tt_hits=58154, abort_ms=206, main_move=h5e2, main_nodes=77449, search=357, main_depth=13, legal=true, helper_pending=0, bestmove_ms=206, event=bestmove, latest_move=h5e2}"
"measured","3","26","8/8/k7/1p6/2p5/2P1K3/8/8 b - - 0 67","2","358","13","34416","66634","25449","42","819428","15","15","a6a5","a6a5","main-result","true","69228","1600910.207","43242900","1","1","1","0","info depth 13 seldepth 21 score cp 317 nodes 34416 nps 819428 time 42 hashfull 15 pv a6a5 e3d4 a5a4 d4e3 a4b3 e3d2 b3b2 d2e3 b2c3 e3e4 c3b3 e4f5 c4c3","{move=a6a5, main_pv=a6a5,e3d4,a5a4,d4e3,a4b3,e3d2,b3b2,d2e3,b2c3,e3e4,c3b3,e4f5,c4c3, helper_submitted=1, aborted=false, helper_exited=1, helper_exceptions=0, search_elapsed_ns=43162300, helper_started=1, main_score_cp=317, main_qnodes=66634, source=main-result, main_tt_hits=25449, abort_ms=43, main_move=a6a5, main_nodes=34416, search=358, main_depth=13, legal=true, helper_pending=0, bestmove_ms=43, event=bestmove, latest_move=a6a5}"
"measured","3","26","8/8/k7/1p6/2p5/2P1K3/8/8 b - - 0 67","4","359","13","41497","100023","33178","62","669306","17","17","a6a5","a6a5","main-result","true","174562","2747627.570","63531900","3","3","3","0","info depth 13 seldepth 21 score cp 373 nodes 41497 nps 669306 time 62 hashfull 17 pv a6a5 e3d2 a5a4 d2c2 a4a3 c2c1 a3b3 c1d2 b3b2 d2e3 b2c3 e3f2 c3d3","{move=a6a5, main_pv=a6a5,e3d2,a5a4,d2c2,a4a3,c2c1,a3b3,c1d2,b3b2,d2e3,b2c3,e3f2,c3d3, helper_submitted=3, aborted=false, helper_exited=3, helper_exceptions=0, search_elapsed_ns=63439700, helper_started=3, main_score_cp=373, main_qnodes=100023, source=main-result, main_tt_hits=33178, abort_ms=63, main_move=a6a5, main_nodes=41497, search=359, main_depth=13, legal=true, helper_pending=0, bestmove_ms=63, event=bestmove, latest_move=a6a5}"
"measured","3","26","8/8/k7/1p6/2p5/2P1K3/8/8 b - - 0 67","1","360","13","47736","108493","31594","61","782557","16","16","a6a5","a6a5","main-result","true","47736","770891.638","61923100","0","0","0","0","info depth 13 seldepth 21 score cp 422 nodes 47736 nps 782557 time 61 hashfull 16 pv a6a5 e3d2 a5a4 d2c2 a4a3 c2d2 a3b2 d2d1 b2c3 d1c1 c3d3 c1d1 c4c3","{move=a6a5, main_pv=a6a5,e3d2,a5a4,d2c2,a4a3,c2d2,a3b2,d2d1,b2c3,d1c1,c3d3,c1d1,c4c3, helper_submitted=0, aborted=false, helper_exited=0, helper_exceptions=0, search_elapsed_ns=61834400, helper_started=0, main_score_cp=422, main_qnodes=108493, source=main-result, main_tt_hits=31594, abort_ms=61, main_move=a6a5, main_nodes=47736, search=360, main_depth=13, legal=true, helper_pending=0, bestmove_ms=61, event=bestmove, latest_move=a6a5}"
"measured","3","27","8/6b1/p1p4p/2P5/P1B2P1k/8/2K3P1/8 b - - 0 58","4","361","13","49633","123998","38794","79","628265","79","79","a6a5","a6a5","main-result","true","201337","2492757.104","80768800","3","3","3","0","info depth 13 seldepth 21 score cp -116 nodes 49633 nps 628265 time 79 hashfull 79 pv a6a5 c4d5 g7d4 d5c6 d4c5 c6f3 c5d6 f4f5 h4g5 g2g4","{move=a6a5, main_pv=a6a5,c4d5,g7d4,d5c6,d4c5,c6f3,c5d6,f4f5,h4g5,g2g4, helper_submitted=3, aborted=false, helper_exited=3, helper_exceptions=0, search_elapsed_ns=80644700, helper_started=3, main_score_cp=-116, main_qnodes=123998, source=main-result, main_tt_hits=38794, abort_ms=80, main_move=a6a5, main_nodes=49633, search=361, main_depth=13, legal=true, helper_pending=0, bestmove_ms=80, event=bestmove, latest_move=a6a5}"
"measured","3","27","8/6b1/p1p4p/2P5/P1B2P1k/8/2K3P1/8 b - - 0 58","1","362","13","72278","177061","37879","110","657072","53","53","a6a5","a6a5","main-result","true","72278","651035.263","111020100","0","0","0","0","info depth 13 seldepth 22 score cp -118 nodes 72278 nps 657072 time 110 hashfull 53 pv a6a5 c4d5 g7d4 d5c6 d4c5 f4f5 h4g5 c6d7 h6h5 c2d3 h5h4 d3c4 c5d6","{move=a6a5, main_pv=a6a5,c4d5,g7d4,d5c6,d4c5,f4f5,h4g5,c6d7,h6h5,c2d3,h5h4,d3c4,c5d6, helper_submitted=0, aborted=false, helper_exited=0, helper_exceptions=0, search_elapsed_ns=110934700, helper_started=0, main_score_cp=-118, main_qnodes=177061, source=main-result, main_tt_hits=37879, abort_ms=110, main_move=a6a5, main_nodes=72278, search=362, main_depth=13, legal=true, helper_pending=0, bestmove_ms=110, event=bestmove, latest_move=a6a5}"
"measured","3","27","8/6b1/p1p4p/2P5/P1B2P1k/8/2K3P1/8 b - - 0 58","2","363","13","59113","135707","38966","94","628861","65","65","a6a5","a6a5","main-result","true","116868","1230995.452","94937800","1","1","1","0","info depth 13 seldepth 24 score cp -118 nodes 59113 nps 628861 time 94 hashfull 65 pv a6a5 c4b5 g7d4 b5c6","{move=a6a5, main_pv=a6a5,c4b5,g7d4,b5c6, helper_submitted=1, aborted=false, helper_exited=1, helper_exceptions=0, search_elapsed_ns=94851000, helper_started=1, main_score_cp=-118, main_qnodes=135707, source=main-result, main_tt_hits=38966, abort_ms=94, main_move=a6a5, main_nodes=59113, search=363, main_depth=13, legal=true, helper_pending=0, bestmove_ms=94, event=bestmove, latest_move=a6a5}"
"measured","3","28","6k1/4pp1p/3p2p1/P1pPb3/R7/1r2P1PP/3B1P2/6K1 w - - 0 40","1","364","13","1825906","7116080","655054","4565","399979","747","747","d2b4","d2b4","main-result","true","1825906","399843.278","4566554200","0","0","0","0","info depth 13 seldepth 28 score cp 267 nodes 1825906 nps 399979 time 4565 hashfull 747 pv d2b4 c5b4 a5a6 b3c3 a6a7 c3c8 a4b4 g8g7 b4b8 c8c1 g1g2 c1a1 a7a8q a1a8 b8a8 g7f6 g2f3 f6f5","{move=d2b4, main_pv=d2b4,c5b4,a5a6,b3c3,a6a7,c3c8,a4b4,g8g7,b4b8,c8c1,g1g2,c1a1,a7a8q,a1a8,b8a8,g7f6,g2f3,f6f5, helper_submitted=0, aborted=false, helper_exited=0, helper_exceptions=0, search_elapsed_ns=4566465400, helper_started=0, main_score_cp=267, main_qnodes=7116080, source=main-result, main_tt_hits=655054, abort_ms=4566, main_move=d2b4, main_nodes=1825906, search=364, main_depth=13, legal=true, helper_pending=0, bestmove_ms=4566, event=bestmove, latest_move=d2b4}"
"measured","3","28","6k1/4pp1p/3p2p1/P1pPb3/R7/1r2P1PP/3B1P2/6K1 w - - 0 40","2","365","13","1506187","6706877","451634","4302","350113","897","897","d2b4","d2b4","main-result","true","3125309","726351.874","4302747900","1","1","1","0","info depth 13 seldepth 27 score cp 250 nodes 1506187 nps 350113 time 4302 hashfull 897 pv d2b4 c5b4 a5a6 b3c3 a6a7","{move=d2b4, main_pv=d2b4,c5b4,a5a6,b3c3,a6a7, helper_submitted=1, aborted=false, helper_exited=1, helper_exceptions=0, search_elapsed_ns=4302659400, helper_started=1, main_score_cp=250, main_qnodes=6706877, source=main-result, main_tt_hits=451634, abort_ms=4302, main_move=d2b4, main_nodes=1506187, search=365, main_depth=13, legal=true, helper_pending=0, bestmove_ms=4302, event=bestmove, latest_move=d2b4}"
"measured","3","28","6k1/4pp1p/3p2p1/P1pPb3/R7/1r2P1PP/3B1P2/6K1 w - - 0 40","4","366","13","2158377","9198161","831223","5996","359969","998","998","d2b4","d2b4","main-result","true","8486950","1415126.658","5997307700","3","3","3","0","info depth 13 seldepth 28 score cp 250 nodes 2158377 nps 359969 time 5996 hashfull 998 pv d2b4 c5b4 a5a6 b3c3 a6a7 c3c8 a4b4","{move=d2b4, main_pv=d2b4,c5b4,a5a6,b3c3,a6a7,c3c8,a4b4, helper_submitted=3, aborted=false, helper_exited=3, helper_exceptions=0, search_elapsed_ns=5997210900, helper_started=3, main_score_cp=250, main_qnodes=9198161, source=main-result, main_tt_hits=831223, abort_ms=5997, main_move=d2b4, main_nodes=2158377, search=366, main_depth=13, legal=true, helper_pending=0, bestmove_ms=5997, event=bestmove, latest_move=d2b4}"
"measured","3","29","r4k2/pb2bp1r/2n1p2p/1pq3p1/3B1N2/2NQP1PP/PPP2PK1/R4R2 b - - 1 25","2","367","13","1407143","2715456","466797","3916","359331","818","818","c6d4","c6d4","main-result","true","2803355","715712.910","3916870800","1","1","1","0","info depth 13 seldepth 27 score cp 557 nodes 1407143 nps 359331 time 3916 hashfull 818 pv c6d4 f2f3 d4f5 f4e2 f5e3 g2h2 e3f1 a1f1 f8g7 d3b5","{move=c6d4, main_pv=c6d4,f2f3,d4f5,f4e2,f5e3,g2h2,e3f1,a1f1,f8g7,d3b5, helper_submitted=1, aborted=false, helper_exited=1, helper_exceptions=0, search_elapsed_ns=3916775200, helper_started=1, main_score_cp=557, main_qnodes=2715456, source=main-result, main_tt_hits=466797, abort_ms=3916, main_move=c6d4, main_nodes=1407143, search=367, main_depth=13, legal=true, helper_pending=0, bestmove_ms=3916, event=bestmove, latest_move=c6d4}"
"measured","3","29","r4k2/pb2bp1r/2n1p2p/1pq3p1/3B1N2/2NQP1PP/PPP2PK1/R4R2 b - - 1 25","4","368","13","1230569","2478323","608841","3559","345762","866","866","c6d4","c6d4","main-result","true","4760459","1337012.027","3560520700","3","3","3","0","info depth 13 seldepth 28 score cp 545 nodes 1230569 nps 345762 time 3559 hashfull 866 pv c6d4 f2f3 d4f5 f4e2 f5e3 g2h2 e3f1 a1f1 f8g7 d3b5 c5b5 c3b5 h7h8 e2d4 b7d5 a2a3 a7a6 b5c3","{move=c6d4, main_pv=c6d4,f2f3,d4f5,f4e2,f5e3,g2h2,e3f1,a1f1,f8g7,d3b5,c5b5,c3b5,h7h8,e2d4,b7d5,a2a3,a7a6,b5c3, helper_submitted=3, aborted=false, helper_exited=3, helper_exceptions=0, search_elapsed_ns=3560427400, helper_started=3, main_score_cp=545, main_qnodes=2478323, source=main-result, main_tt_hits=608841, abort_ms=3560, main_move=c6d4, main_nodes=1230569, search=368, main_depth=13, legal=true, helper_pending=0, bestmove_ms=3560, event=bestmove, latest_move=c6d4}"
"measured","3","29","r4k2/pb2bp1r/2n1p2p/1pq3p1/3B1N2/2NQP1PP/PPP2PK1/R4R2 b - - 1 25","1","369","13","2053406","3893576","411984","5444","377186","784","784","c6d4","c6d4","main-result","true","2053406","377109.003","5445125900","0","0","0","0","info depth 13 seldepth 28 score cp 558 nodes 2053406 nps 377186 time 5444 hashfull 784 pv c6d4 f2f3 d4f5 f4e2 f5e3 g2h2 f8g7 d3b5 c5b5 c3b5 e3f1 a1f1 a8c8 b5d4 h7h8 e2c3 h8d8 f1d1 c8c4","{move=c6d4, main_pv=c6d4,f2f3,d4f5,f4e2,f5e3,g2h2,f8g7,d3b5,c5b5,c3b5,e3f1,a1f1,a8c8,b5d4,h7h8,e2c3,h8d8,f1d1,c8c4, helper_submitted=0, aborted=false, helper_exited=0, helper_exceptions=0, search_elapsed_ns=5445031100, helper_started=0, main_score_cp=558, main_qnodes=3893576, source=main-result, main_tt_hits=411984, abort_ms=5445, main_move=c6d4, main_nodes=2053406, search=369, main_depth=13, legal=true, helper_pending=0, bestmove_ms=5445, event=bestmove, latest_move=c6d4}"
"measured","3","30","3r2k1/1p3ppp/2pq4/p1n5/P6P/1P6/1PB2QP1/1K2R3 w - - 0 28","4","370","13","964650","1901758","230032","2460","392134","949","949","b1a2","b1a2","main-result","true","3892751","1581374.177","2461625500","3","3","3","0","info depth 13 seldepth 26 score cp -118 nodes 964650 nps 392134 time 2460 hashfull 949 pv b1a2 b7b6 e1d1 d6e7 d1d8 e7d8 f2f4 g7g6 g2g3 g8g7 h4h5 g6h5 f4e5 d8f6 e5h5","{move=b1a2, main_pv=b1a2,b7b6,e1d1,d6e7,d1d8,e7d8,f2f4,g7g6,g2g3,g8g7,h4h5,g6h5,f4e5,d8f6,e5h5, helper_submitted=3, aborted=false, helper_exited=3, helper_exceptions=0, search_elapsed_ns=2461529100, helper_started=3, main_score_cp=-118, main_qnodes=1901758, source=main-result, main_tt_hits=230032, abort_ms=2461, main_move=b1a2, main_nodes=964650, search=370, main_depth=13, legal=true, helper_pending=0, bestmove_ms=2461, event=bestmove, latest_move=b1a2}"
"measured","3","30","3r2k1/1p3ppp/2pq4/p1n5/P6P/1P6/1PB2QP1/1K2R3 w - - 0 28","1","371","13","777967","1300972","199111","1732","449172","449","449","f2f5","f2f5","main-result","true","777967","448964.611","1732802500","0","0","0","0","info depth 13 seldepth 25 score cp -99 nodes 777967 nps 449172 time 1732 hashfull 449 pv f2f5 g7g6 f5g5 h7h6 g5e3 b7b6 e1d1 d6f6 d1d8 f6d8 h4h5 g8g7 h5g6 f7g6 e3f3","{move=f2f5, main_pv=f2f5,g7g6,f5g5,h7h6,g5e3,b7b6,e1d1,d6f6,d1d8,f6d8,h4h5,g8g7,h5g6,f7g6,e3f3, helper_submitted=0, aborted=false, helper_exited=0, helper_exceptions=0, search_elapsed_ns=1732715700, helper_started=0, main_score_cp=-99, main_qnodes=1300972, source=main-result, main_tt_hits=199111, abort_ms=1732, main_move=f2f5, main_nodes=777967, search=371, main_depth=13, legal=true, helper_pending=0, bestmove_ms=1732, event=bestmove, latest_move=f2f5}"
"measured","3","30","3r2k1/1p3ppp/2pq4/p1n5/P6P/1P6/1PB2QP1/1K2R3 w - - 0 28","2","372","13","966422","1793608","228315","2317","417100","756","756","h4h5","h4h5","main-result","true","1931408","832880.291","2318950300","1","1","1","0","info depth 13 seldepth 27 score cp -126 nodes 966422 nps 417100 time 2317 hashfull 756 pv h4h5 c5d3 c2d3 d6d3 b1a2 d3d6 f2f5","{move=h4h5, main_pv=h4h5,c5d3,c2d3,d6d3,b1a2,d3d6,f2f5, helper_submitted=1, aborted=false, helper_exited=1, helper_exceptions=0, search_elapsed_ns=2318857200, helper_started=1, main_score_cp=-126, main_qnodes=1793608, source=main-result, main_tt_hits=228315, abort_ms=2318, main_move=h4h5, main_nodes=966422, search=372, main_depth=13, legal=true, helper_pending=0, bestmove_ms=2318, event=bestmove, latest_move=h4h5}"
"measured","4","0","rnbqkbnr/pppppppp/8/8/8/8/PPPPPPPP/RNBQKBNR w KQkq - 0 1","1","373","13","528398","1218768","145603","1273","415080","372","372","e2e4","e2e4","main-result","true","528398","414846.212","1273720200","0","0","0","0","info depth 13 seldepth 23 score cp 29 nodes 528398 nps 415080 time 1273 hashfull 372 pv e2e4 e7e5 g1f3 g8f6 b1c3 b8c6 d2d4 e5d4 f3d4 c6d4 d1d4 c7c6 f1e2","{move=e2e4, main_pv=e2e4,e7e5,g1f3,g8f6,b1c3,b8c6,d2d4,e5d4,f3d4,c6d4,d1d4,c7c6,f1e2, helper_submitted=0, aborted=false, helper_exited=0, helper_exceptions=0, search_elapsed_ns=1273623000, helper_started=0, main_score_cp=29, main_qnodes=1218768, source=main-result, main_tt_hits=145603, abort_ms=1273, main_move=e2e4, main_nodes=528398, search=373, main_depth=13, legal=true, helper_pending=0, bestmove_ms=1273, event=bestmove, latest_move=e2e4}"
"measured","4","0","rnbqkbnr/pppppppp/8/8/8/8/PPPPPPPP/RNBQKBNR w KQkq - 0 1","2","374","13","400002","931141","153437","984","406506","452","452","e2e4","e2e4","main-result","true","797109","809117.600","985158400","1","1","1","0","info depth 13 seldepth 22 score cp 29 nodes 400002 nps 406506 time 984 hashfull 452 pv e2e4 e7e5 g1f3 g8f6 b1c3 b8c6 d2d4 e5d4 f3d4 c6d4 d1d4 c7c6 f1e2","{move=e2e4, main_pv=e2e4,e7e5,g1f3,g8f6,b1c3,b8c6,d2d4,e5d4,f3d4,c6d4,d1d4,c7c6,f1e2, helper_submitted=1, aborted=false, helper_exited=1, helper_exceptions=0, search_elapsed_ns=985031400, helper_started=1, main_score_cp=29, main_qnodes=931141, source=main-result, main_tt_hits=153437, abort_ms=985, main_move=e2e4, main_nodes=400002, search=374, main_depth=13, legal=true, helper_pending=0, bestmove_ms=985, event=bestmove, latest_move=e2e4}"
"measured","4","0","rnbqkbnr/pppppppp/8/8/8/8/PPPPPPPP/RNBQKBNR w KQkq - 0 1","4","375","13","289286","694185","134391","753","384177","541","541","e2e4","e2e4","main-result","true","1173163","1555378.429","754262100","3","3","3","0","info depth 13 seldepth 22 score cp 29 nodes 289286 nps 384177 time 753 hashfull 541 pv e2e4 e7e5 g1f3 b8c6 c2c3 d7d5 e4d5 d8d5 d2d4 g8f6 d4e5 d5d1 e1d1 f6e4","{move=e2e4, main_pv=e2e4,e7e5,g1f3,b8c6,c2c3,d7d5,e4d5,d8d5,d2d4,g8f6,d4e5,d5d1,e1d1,f6e4, helper_submitted=3, aborted=false, helper_exited=3, helper_exceptions=0, search_elapsed_ns=754143100, helper_started=3, main_score_cp=29, main_qnodes=694185, source=main-result, main_tt_hits=134391, abort_ms=754, main_move=e2e4, main_nodes=289286, search=375, main_depth=13, legal=true, helper_pending=0, bestmove_ms=754, event=bestmove, latest_move=e2e4}"
"measured","4","1","r3k2r/p1ppqpb1/bn2pnp1/3PN3/1p2P3/2N2Q1p/PPPBBPPP/R3K2R w KQkq - 0 1","2","376","13","2322487","5214142","683584","8177","284026","948","948","e2a6","e2a6","main-result","true","4664452","570334.009","8178456700","1","1","1","0","info depth 13 seldepth 28 score cp -100 nodes 2322487 nps 284026 time 8177 hashfull 948 pv e2a6 h3g2 f3g2 b4c3 d2c3 e6d5 e5g4 e8f8 c3f6 g7f6 e1c1 d5e4 a6b7 f6g5 c1b1 a8e8 h2h4 h8h4","{move=e2a6, main_pv=e2a6,h3g2,f3g2,b4c3,d2c3,e6d5,e5g4,e8f8,c3f6,g7f6,e1c1,d5e4,a6b7,f6g5,c1b1,a8e8,h2h4,h8h4, helper_submitted=1, aborted=false, helper_exited=1, helper_exceptions=0, search_elapsed_ns=8178364400, helper_started=1, main_score_cp=-100, main_qnodes=5214142, source=main-result, main_tt_hits=683584, abort_ms=8178, main_move=e2a6, main_nodes=2322487, search=376, main_depth=13, legal=true, helper_pending=0, bestmove_ms=8178, event=bestmove, latest_move=e2a6}"
"measured","4","1","r3k2r/p1ppqpb1/bn2pnp1/3PN3/1p2P3/2N2Q1p/PPPBBPPP/R3K2R w KQkq - 0 1","4","377","13","3778590","9172187","1653390","14250","265164","995","995","e2a6","e2a6","main-result","true","15192962","1066028.779","14251924800","3","3","3","0","info depth 13 seldepth 28 score cp -145 nodes 3778590 nps 265164 time 14250 hashfull 995 pv e2a6 e6d5 c3d5 b6d5 e4d5 h3g2 e1c1 g2h1q d1h1 g7h6","{move=e2a6, main_pv=e2a6,e6d5,c3d5,b6d5,e4d5,h3g2,e1c1,g2h1q,d1h1,g7h6, helper_submitted=3, aborted=false, helper_exited=3, helper_exceptions=0, search_elapsed_ns=14251827500, helper_started=3, main_score_cp=-145, main_qnodes=9172187, source=main-result, main_tt_hits=1653390, abort_ms=14251, main_move=e2a6, main_nodes=3778590, search=377, main_depth=13, legal=true, helper_pending=0, bestmove_ms=14251, event=bestmove, latest_move=e2a6}"
"measured","4","1","r3k2r/p1ppqpb1/bn2pnp1/3PN3/1p2P3/2N2Q1p/PPPBBPPP/R3K2R w KQkq - 0 1","1","378","13","3475078","7660190","475283","11716","296609","925","925","e2a6","e2a6","main-result","true","3475078","296575.316","11717354100","0","0","0","0","info depth 13 seldepth 28 score cp -90 nodes 3475078 nps 296609 time 11716 hashfull 925 pv e2a6 b4c3 d2c3 e6d5 e5g4 h3g2 f3g2 e8f8 c3f6 g7f6 e1c1 f6g5 c1b1 d5e4 h2h4 h8h4","{move=e2a6, main_pv=e2a6,b4c3,d2c3,e6d5,e5g4,h3g2,f3g2,e8f8,c3f6,g7f6,e1c1,f6g5,c1b1,d5e4,h2h4,h8h4, helper_submitted=0, aborted=false, helper_exited=0, helper_exceptions=0, search_elapsed_ns=11717256700, helper_started=0, main_score_cp=-90, main_qnodes=7660190, source=main-result, main_tt_hits=475283, abort_ms=11717, main_move=e2a6, main_nodes=3475078, search=378, main_depth=13, legal=true, helper_pending=0, bestmove_ms=11717, event=bestmove, latest_move=e2a6}"
"measured","4","2","4k3/8/8/8/8/8/4P3/4K3 w - - 5 39","4","379","13","3730","3716","5033","3","1243333","2","2","e1f2","e1f2","main-result","true","14912","3234426.514","4610400","3","3","3","0","info depth 13 seldepth 15 score cp 160 nodes 3730 nps 1243333 time 3 hashfull 2 pv e1f2 e8e7 f2e3 e7d6 e3f4 d6c5 e2e4 c5d6 e4e5 d6e7 f4f5 e7d7 f5e4 d7e6","{move=e1f2, main_pv=e1f2,e8e7,f2e3,e7d6,e3f4,d6c5,e2e4,c5d6,e4e5,d6e7,f4f5,e7d7,f5e4,d7e6, helper_submitted=3, aborted=false, helper_exited=3, helper_exceptions=0, search_elapsed_ns=4536000, helper_started=3, main_score_cp=160, main_qnodes=3716, source=main-result, main_tt_hits=5033, abort_ms=4, main_move=e1f2, main_nodes=3730, search=379, main_depth=13, legal=true, helper_pending=0, bestmove_ms=4, event=bestmove, latest_move=e1f2}"
"measured","4","2","4k3/8/8/8/8/8/4P3/4K3 w - - 5 39","1","380","13","7568","7523","8952","7","1081142","2","2","e1d2","e1d2","main-result","true","7568","980056.980","7722000","0","0","0","0","info depth 13 seldepth 17 score cp 160 nodes 7568 nps 1081142 time 7 hashfull 2 pv e1d2 e8d7 d2e3 d7d6 e3f4 d6e6 e2e4 e6f6 e4e5 f6e7 f4e3 e7d7 e3e4 d7e6","{move=e1d2, main_pv=e1d2,e8d7,d2e3,d7d6,e3f4,d6e6,e2e4,e6f6,e4e5,f6e7,f4e3,e7d7,e3e4,d7e6, helper_submitted=0, aborted=false, helper_exited=0, helper_exceptions=0, search_elapsed_ns=7652200, helper_started=0, main_score_cp=160, main_qnodes=7523, source=main-result, main_tt_hits=8952, abort_ms=7, main_move=e1d2, main_nodes=7568, search=380, main_depth=13, legal=true, helper_pending=0, bestmove_ms=7, event=bestmove, latest_move=e1d2}"
"measured","4","2","4k3/8/8/8/8/8/4P3/4K3 w - - 5 39","2","381","13","6763","7317","7686","6","1127166","4","4","e2e4","e2e4","main-result","true","12940","1813442.458","7135600","1","1","1","0","info depth 13 seldepth 16 score cp 177 nodes 6763 nps 1127166 time 6 hashfull 4 pv e2e4 e8e7 e1e2 e7d6 e2f3 d6e5 f3e3","{move=e2e4, main_pv=e2e4,e8e7,e1e2,e7d6,e2f3,d6e5,f3e3, helper_submitted=1, aborted=false, helper_exited=1, helper_exceptions=0, search_elapsed_ns=6994900, helper_started=1, main_score_cp=177, main_qnodes=7317, source=main-result, main_tt_hits=7686, abort_ms=6, main_move=e2e4, main_nodes=6763, search=381, main_depth=13, legal=true, helper_pending=0, bestmove_ms=6, event=bestmove, latest_move=e2e4}"
"measured","4","3","r3k2r/Pppp1ppp/1b3nbN/nP6/BBP1P3/q4N2/Pp1P2PP/R2Q1RK1 w kq - 0 1","1","382","13","605659","1501526","198351","1993","303893","375","375","c4c5","c4c5","main-result","true","605659","303662.248","1994515300","0","0","0","0","info depth 13 seldepth 27 score cp -590 nodes 605659 nps 303893 time 1993 hashfull 375 pv c4c5 b6c5 b4c5 a3c5 g1h1 b2a1r d1a1 a8a7 e4e5 f6h5 g2g4 g7h6 g4h5 g6h5 d2d4 c5c4 b5b6","{move=c4c5, main_pv=c4c5,b6c5,b4c5,a3c5,g1h1,b2a1r,d1a1,a8a7,e4e5,f6h5,g2g4,g7h6,g4h5,g6h5,d2d4,c5c4,b5b6, helper_submitted=0, aborted=false, helper_exited=0, helper_exceptions=0, search_elapsed_ns=1994402000, helper_started=0, main_score_cp=-590, main_qnodes=1501526, source=main-result, main_tt_hits=198351, abort_ms=1994, main_move=c4c5, main_nodes=605659, search=382, main_depth=13, legal=true, helper_pending=0, bestmove_ms=1994, event=bestmove, latest_move=c4c5}"
"measured","4","3","r3k2r/Pppp1ppp/1b3nbN/nP6/BBP1P3/q4N2/Pp1P2PP/R2Q1RK1 w kq - 0 1","2","383","13","516500","1340479","218715","1780","290168","405","405","c4c5","c4c5","main-result","true","1025958","576098.514","1780872500","1","1","1","0","info depth 13 seldepth 26 score cp -590 nodes 516500 nps 290168 time 1780 hashfull 405 pv c4c5 b6c5 b4c5 a3c5 g1h1 b2a1r d1a1 a8a7 e4e5 f6h5 g2g4 g7h6 g4h5 g6h5 d2d4 c5c4 b5b6","{move=c4c5, main_pv=c4c5,b6c5,b4c5,a3c5,g1h1,b2a1r,d1a1,a8a7,e4e5,f6h5,g2g4,g7h6,g4h5,g6h5,d2d4,c5c4,b5b6, helper_submitted=1, aborted=false, helper_exited=1, helper_exceptions=0, search_elapsed_ns=1780790600, helper_started=1, main_score_cp=-590, main_qnodes=1340479, source=main-result, main_tt_hits=218715, abort_ms=1780, main_move=c4c5, main_nodes=516500, search=383, main_depth=13, legal=true, helper_pending=0, bestmove_ms=1780, event=bestmove, latest_move=c4c5}"
"measured","4","3","r3k2r/Pppp1ppp/1b3nbN/nP6/BBP1P3/q4N2/Pp1P2PP/R2Q1RK1 w kq - 0 1","4","384","13","594908","1650422","319297","2215","268581","526","526","c4c5","c4c5","main-result","true","2358465","1063615.141","2217404500","3","3","3","0","info depth 13 seldepth 28 score cp -583 nodes 594908 nps 268581 time 2215 hashfull 526 pv c4c5 b6c5 b4c5 a3c5 d2d4 b2a1q d4c5 a1d1 f1d1 f6e4 f3e5 g7h6 d1e1 e8g8 e5g6","{move=c4c5, main_pv=c4c5,b6c5,b4c5,a3c5,d2d4,b2a1q,d4c5,a1d1,f1d1,f6e4,f3e5,g7h6,d1e1,e8g8,e5g6, helper_submitted=3, aborted=false, helper_exited=3, helper_exceptions=0, search_elapsed_ns=2217283500, helper_started=3, main_score_cp=-583, main_qnodes=1650422, source=main-result, main_tt_hits=319297, abort_ms=2217, main_move=c4c5, main_nodes=594908, search=384, main_depth=13, legal=true, helper_pending=0, bestmove_ms=2217, event=bestmove, latest_move=c4c5}"
"measured","4","4","rnbqkbnr/p1pppppp/8/1p6/2PP4/8/PP2PPPP/RNBQKBNR b KQkq c3 0 2","2","385","13","230602","592451","89022","627","367786","312","312","b5c4","b5c4","main-result","true","462039","735052.139","628579900","1","1","1","0","info depth 13 seldepth 23 score cp -45 nodes 230602 nps 367786 time 627 hashfull 312 pv b5c4 e2e4 c7c6 f1c4 d7d5 e4d5 c6d5 c4d3 g8f6 g1f3 b8c6 e1g1 a8b8","{move=b5c4, main_pv=b5c4,e2e4,c7c6,f1c4,d7d5,e4d5,c6d5,c4d3,g8f6,g1f3,b8c6,e1g1,a8b8, helper_submitted=1, aborted=false, helper_exited=1, helper_exceptions=0, search_elapsed_ns=628472400, helper_started=1, main_score_cp=-45, main_qnodes=592451, source=main-result, main_tt_hits=89022, abort_ms=628, main_move=b5c4, main_nodes=230602, search=385, main_depth=13, legal=true, helper_pending=0, bestmove_ms=628, event=bestmove, latest_move=b5c4}"
"measured","4","4","rnbqkbnr/p1pppppp/8/1p6/2PP4/8/PP2PPPP/RNBQKBNR b KQkq c3 0 2","4","386","13","145642","377950","109970","420","346766","276","276","b5c4","b5c4","main-result","true","587847","1391467.469","422465500","3","3","3","0","info depth 13 seldepth 23 score cp -31 nodes 145642 nps 346766 time 420 hashfull 276 pv b5c4 e2e4 c8a6 b1c3 e7e6 d1a4 c7c6 f1c4 a6c4 a4c4 d7d5","{move=b5c4, main_pv=b5c4,e2e4,c8a6,b1c3,e7e6,d1a4,c7c6,f1c4,a6c4,a4c4,d7d5, helper_submitted=3, aborted=false, helper_exited=3, helper_exceptions=0, search_elapsed_ns=422049700, helper_started=3, main_score_cp=-31, main_qnodes=377950, source=main-result, main_tt_hits=109970, abort_ms=422, main_move=b5c4, main_nodes=145642, search=386, main_depth=13, legal=true, helper_pending=0, bestmove_ms=422, event=bestmove, latest_move=b5c4}"
"measured","4","4","rnbqkbnr/p1pppppp/8/1p6/2PP4/8/PP2PPPP/RNBQKBNR b KQkq c3 0 2","1","387","13","444366","1180659","97281","1192","372790","324","324","b5c4","b5c4","main-result","true","444366","372336.156","1193453800","0","0","0","0","info depth 13 seldepth 23 score cp -45 nodes 444366 nps 372790 time 1192 hashfull 324 pv b5c4 e2e4 c7c6 f1c4 d7d5 e4d5 c6d5 c4d3 b8c6 g1f3 g8f6 e1g1 a8b8","{move=b5c4, main_pv=b5c4,e2e4,c7c6,f1c4,d7d5,e4d5,c6d5,c4d3,b8c6,g1f3,g8f6,e1g1,a8b8, helper_submitted=0, aborted=false, helper_exited=0, helper_exceptions=0, search_elapsed_ns=1193413900, helper_started=0, main_score_cp=-45, main_qnodes=1180659, source=main-result, main_tt_hits=97281, abort_ms=1193, main_move=b5c4, main_nodes=444366, search=387, main_depth=13, legal=true, helper_pending=0, bestmove_ms=1193, event=bestmove, latest_move=b5c4}"
"measured","4","5","r1bq1r1k/1pp1n1pp/1p1p4/4p2b/2B1P3/P1N1NP2/1PP3PP/R1BQ1RK1 w - - 2 14","4","388","13","615073","1545939","164679","1849","332651","857","857","d1d3","d1d3","main-result","true","2482111","1341492.362","1850261000","3","3","3","0","info depth 13 seldepth 23 score cp 411 nodes 615073 nps 332651 time 1849 hashfull 857 pv d1d3 h5f7 c4f7 f8f7 a3a4 c8e6 b2b3 e7g6 g2g3 c7c6 e3f5 d6d5 c1e3 d5e4","{move=d1d3, main_pv=d1d3,h5f7,c4f7,f8f7,a3a4,c8e6,b2b3,e7g6,g2g3,c7c6,e3f5,d6d5,c1e3,d5e4, helper_submitted=3, aborted=false, helper_exited=3, helper_exceptions=0, search_elapsed_ns=1850178700, helper_started=3, main_score_cp=411, main_qnodes=1545939, source=main-result, main_tt_hits=164679, abort_ms=1850, main_move=d1d3, main_nodes=615073, search=388, main_depth=13, legal=true, helper_pending=0, bestmove_ms=1850, event=bestmove, latest_move=d1d3}"
"measured","4","5","r1bq1r1k/1pp1n1pp/1p1p4/4p2b/2B1P3/P1N1NP2/1PP3PP/R1BQ1RK1 w - - 2 14","1","389","13","1549645","3889617","292659","4477","346134","720","720","d1d3","d1d3","main-result","true","1549645","346033.452","4478309800","0","0","0","0","info depth 13 seldepth 25 score cp 416 nodes 1549645 nps 346134 time 4477 hashfull 720 pv d1d3 h7h6 c1d2 h5f7 c4f7","{move=d1d3, main_pv=d1d3,h7h6,c1d2,h5f7,c4f7, helper_submitted=0, aborted=false, helper_exited=0, helper_exceptions=0, search_elapsed_ns=4478268000, helper_started=0, main_score_cp=416, main_qnodes=3889617, source=main-result, main_tt_hits=292659, abort_ms=4478, main_move=d1d3, main_nodes=1549645, search=389, main_depth=13, legal=true, helper_pending=0, bestmove_ms=4478, event=bestmove, latest_move=d1d3}"
"measured","4","5","r1bq1r1k/1pp1n1pp/1p1p4/4p2b/2B1P3/P1N1NP2/1PP3PP/R1BQ1RK1 w - - 2 14","2","390","13","660493","1578316","192602","1897","348177","657","657","d1d3","d1d3","main-result","true","1329278","700457.637","1897727900","1","1","1","0","info depth 13 seldepth 22 score cp 419 nodes 660493 nps 348177 time 1897 hashfull 657 pv d1d3 c7c6 c1d2 b6b5 c4b3 h5f7 b3f7 f8f7 a3a4 b5a4 e3c4 f7f6 c3a4","{move=d1d3, main_pv=d1d3,c7c6,c1d2,b6b5,c4b3,h5f7,b3f7,f8f7,a3a4,b5a4,e3c4,f7f6,c3a4, helper_submitted=1, aborted=false, helper_exited=1, helper_exceptions=0, search_elapsed_ns=1897684100, helper_started=1, main_score_cp=419, main_qnodes=1578316, source=main-result, main_tt_hits=192602, abort_ms=1897, main_move=d1d3, main_nodes=660493, search=390, main_depth=13, legal=true, helper_pending=0, bestmove_ms=1897, event=bestmove, latest_move=d1d3}"
"measured","4","6","r3r1k1/2p2ppp/p1p1bn2/8/1q2P3/2NPQN2/PPP3PP/R4RK1 b - - 2 24","1","391","13","634214","1300189","229620","1687","375941","408","408","b4b2","b4b2","main-result","true","634214","375607.780","1688500700","0","0","0","0","info depth 13 seldepth 23 score cp -43 nodes 634214 nps 375941 time 1687 hashfull 408 pv b4b2 e3d2 b2b6 g1h1 a8b8 d3d4 c6c5 a1b1 b6a5 d4d5 b8b1 f1b1","{move=b4b2, main_pv=b4b2,e3d2,b2b6,g1h1,a8b8,d3d4,c6c5,a1b1,b6a5,d4d5,b8b1,f1b1, helper_submitted=0, aborted=false, helper_exited=0, helper_exceptions=0, search_elapsed_ns=1688455700, helper_started=0, main_score_cp=-43, main_qnodes=1300189, source=main-result, main_tt_hits=229620, abort_ms=1688, main_move=b4b2, main_nodes=634214, search=391, main_depth=13, legal=true, helper_pending=0, bestmove_ms=1688, event=bestmove, latest_move=b4b2}"
"measured","4","6","r3r1k1/2p2ppp/p1p1bn2/8/1q2P3/2NPQN2/PPP3PP/R4RK1 b - - 2 24","2","392","13","441233","913461","215098","1167","378091","372","372","b4b2","b4b2","main-result","true","876543","750456.545","1168013000","1","1","1","0","info depth 13 seldepth 22 score cp -34 nodes 441233 nps 378091 time 1167 hashfull 372 pv b4b2 e3d2 b2a3 a1b1 a8b8 b1b8","{move=b4b2, main_pv=b4b2,e3d2,b2a3,a1b1,a8b8,b1b8, helper_submitted=1, aborted=false, helper_exited=1, helper_exceptions=0, search_elapsed_ns=1167961700, helper_started=1, main_score_cp=-34, main_qnodes=913461, source=main-result, main_tt_hits=215098, abort_ms=1167, main_move=b4b2, main_nodes=441233, search=392, main_depth=13, legal=true, helper_pending=0, bestmove_ms=1167, event=bestmove, latest_move=b4b2}"
"measured","4","6","r3r1k1/2p2ppp/p1p1bn2/8/1q2P3/2NPQN2/PPP3PP/R4RK1 b - - 2 24","4","393","13","575253","1274885","314190","1733","331940","744","744","b4b2","b4b2","main-result","true","2321937","1338693.133","1734480400","3","3","3","0","info depth 13 seldepth 23 score cp -63 nodes 575253 nps 331940 time 1733 hashfull 744 pv b4b2 d3d4 b2a3 e3d3 a8b8 a1b1 b8b1 f1b1 e8d8 h2h3 c6c5 d4d5","{move=b4b2, main_pv=b4b2,d3d4,b2a3,e3d3,a8b8,a1b1,b8b1,f1b1,e8d8,h2h3,c6c5,d4d5, helper_submitted=3, aborted=false, helper_exited=3, helper_exceptions=0, search_elapsed_ns=1734405000, helper_started=3, main_score_cp=-63, main_qnodes=1274885, source=main-result, main_tt_hits=314190, abort_ms=1734, main_move=b4b2, main_nodes=575253, search=393, main_depth=13, legal=true, helper_pending=0, bestmove_ms=1734, event=bestmove, latest_move=b4b2}"
"measured","4","7","r1bb4/3n1k2/p3p3/1p1pPp2/1Pp5/2P2N1B/P4PPP/4RK2 w - - 2 21","2","394","13","534248","1344225","141327","1273","419676","551","551","a2a3","a2a3","main-result","true","1066947","837650.352","1273737900","1","1","1","0","info depth 13 seldepth 27 score cp -308 nodes 534248 nps 419676 time 1273 hashfull 551 pv a2a3 d7b6 g2g4 f5g4 h3g4 c8d7 h2h4 f7e7","{move=a2a3, main_pv=a2a3,d7b6,g2g4,f5g4,h3g4,c8d7,h2h4,f7e7, helper_submitted=1, aborted=false, helper_exited=1, helper_exceptions=0, search_elapsed_ns=1273690700, helper_started=1, main_score_cp=-308, main_qnodes=1344225, source=main-result, main_tt_hits=141327, abort_ms=1273, main_move=a2a3, main_nodes=534248, search=394, main_depth=13, legal=true, helper_pending=0, bestmove_ms=1273, event=bestmove, latest_move=a2a3}"
"measured","4","7","r1bb4/3n1k2/p3p3/1p1pPp2/1Pp5/2P2N1B/P4PPP/4RK2 w - - 2 21","4","395","13","398201","954365","132347","982","405500","679","679","h3f5","h3f5","main-result","true","1590533","1617710.043","983200300","3","3","3","0","info depth 13 seldepth 26 score cp -304 nodes 398201 nps 405500 time 982 hashfull 679 pv h3f5 e6f5 e5e6 f7f8 e6d7","{move=h3f5, main_pv=h3f5,e6f5,e5e6,f7f8,e6d7, helper_submitted=3, aborted=false, helper_exited=3, helper_exceptions=0, search_elapsed_ns=983109800, helper_started=3, main_score_cp=-304, main_qnodes=954365, source=main-result, main_tt_hits=132347, abort_ms=983, main_move=h3f5, main_nodes=398201, search=395, main_depth=13, legal=true, helper_pending=0, bestmove_ms=983, event=bestmove, latest_move=h3f5}"
"measured","4","7","r1bb4/3n1k2/p3p3/1p1pPp2/1Pp5/2P2N1B/P4PPP/4RK2 w - - 2 21","1","396","13","994398","2473757","160864","2285","435185","574","574","h3f5","h3f5","main-result","true","994398","435015.017","2285893500","0","0","0","0","info depth 13 seldepth 26 score cp -295 nodes 994398 nps 435185 time 2285 hashfull 574 pv h3f5 a6a5 a2a3 e6f5 e5e6 f7f6 e6d7 c8d7 f3e5 d7e6 e5c6 d8c7 c6d4 e6d7 h2h4","{move=h3f5, main_pv=h3f5,a6a5,a2a3,e6f5,e5e6,f7f6,e6d7,c8d7,f3e5,d7e6,e5c6,d8c7,c6d4,e6d7,h2h4, helper_submitted=0, aborted=false, helper_exited=0, helper_exceptions=0, search_elapsed_ns=2285822100, helper_started=0, main_score_cp=-295, main_qnodes=2473757, source=main-result, main_tt_hits=160864, abort_ms=2285, main_move=h3f5, main_nodes=994398, search=396, main_depth=13, legal=true, helper_pending=0, bestmove_ms=2285, event=bestmove, latest_move=h3f5}"
"measured","4","8","r1bq1rk1/ppp1nppp/4n3/3p3Q/3P4/1BP1B3/PP1N2PP/R4RK1 w - - 1 16","4","397","13","598568","1247466","310339","1697","352721","798","798","b3c2","b3c2","main-result","true","2432147","1431913.732","1698529000","3","3","3","0","info depth 13 seldepth 24 score cp 20 nodes 598568 nps 352721 time 1697 hashfull 798 pv b3c2 e7g6 d2f3 d8d6 f3e5 c8d7 a2a4 a8e8 a1e1 a7a6 g1h1 a6a5 e3d2","{move=b3c2, main_pv=b3c2,e7g6,d2f3,d8d6,f3e5,c8d7,a2a4,a8e8,a1e1,a7a6,g1h1,a6a5,e3d2, helper_submitted=3, aborted=false, helper_exited=3, helper_exceptions=0, search_elapsed_ns=1698459900, helper_started=3, main_score_cp=20, main_qnodes=1247466, source=main-result, main_tt_hits=310339, abort_ms=1698, main_move=b3c2, main_nodes=598568, search=397, main_depth=13, legal=true, helper_pending=0, bestmove_ms=1698, event=bestmove, latest_move=b3c2}"
"measured","4","8","r1bq1rk1/ppp1nppp/4n3/3p3Q/3P4/1BP1B3/PP1N2PP/R4RK1 w - - 1 16","1","398","13","944419","1841645","307182","2393","394659","560","560","b3c2","b3c2","main-result","true","944419","394423.406","2394429400","0","0","0","0","info depth 13 seldepth 22 score cp 16 nodes 944419 nps 394659 time 2393 hashfull 560 pv b3c2 e7g6 d2f3 c7c6 f3e5 c8d7 a1e1 a7a6","{move=b3c2, main_pv=b3c2,e7g6,d2f3,c7c6,f3e5,c8d7,a1e1,a7a6, helper_submitted=0, aborted=false, helper_exited=0, helper_exceptions=0, search_elapsed_ns=2394387700, helper_started=0, main_score_cp=16, main_qnodes=1841645, source=main-result, main_tt_hits=307182, abort_ms=2394, main_move=b3c2, main_nodes=944419, search=398, main_depth=13, legal=true, helper_pending=0, bestmove_ms=2394, event=bestmove, latest_move=b3c2}"
"measured","4","8","r1bq1rk1/ppp1nppp/4n3/3p3Q/3P4/1BP1B3/PP1N2PP/R4RK1 w - - 1 16","2","399","13","579900","1140415","261608","1500","386600","587","587","b3c2","b3c2","main-result","true","1161192","773282.235","1501640600","1","1","1","0","info depth 13 seldepth 22 score cp 18 nodes 579900 nps 386600 time 1500 hashfull 587 pv b3c2 e7g6 d2f3 d8d6 f3e5 c8d7 a2a4 a7a5 a1e1 c7c6 g1h1","{move=b3c2, main_pv=b3c2,e7g6,d2f3,d8d6,f3e5,c8d7,a2a4,a7a5,a1e1,c7c6,g1h1, helper_submitted=1, aborted=false, helper_exited=1, helper_exceptions=0, search_elapsed_ns=1501583900, helper_started=1, main_score_cp=18, main_qnodes=1140415, source=main-result, main_tt_hits=261608, abort_ms=1501, main_move=b3c2, main_nodes=579900, search=399, main_depth=13, legal=true, helper_pending=0, bestmove_ms=1501, event=bestmove, latest_move=b3c2}"
"measured","4","9","6k1/3r4/2R5/P5pp/3b4/6P1/5PK1/8 w - - 1 45","1","400","13","258683","591758","78893","474","545744","175","175","c6g6","c6g6","main-result","true","258683","544412.294","475160100","0","0","0","0","info depth 13 seldepth 25 score cp -110 nodes 258683 nps 545744 time 474 hashfull 175 pv c6g6 d7g7 g6d6 d4a7 d6d5 g8f7 d5d6 f7e7 d6c6 g7f7 c6c7 e7f6 c7f7 f6f7 a5a6 a7c5","{move=c6g6, main_pv=c6g6,d7g7,g6d6,d4a7,d6d5,g8f7,d5d6,f7e7,d6c6,g7f7,c6c7,e7f6,c7f7,f6f7,a5a6,a7c5, helper_submitted=0, aborted=false, helper_exited=0, helper_exceptions=0, search_elapsed_ns=475104500, helper_started=0, main_score_cp=-110, main_qnodes=591758, source=main-result, main_tt_hits=78893, abort_ms=475, main_move=c6g6, main_nodes=258683, search=400, main_depth=13, legal=true, helper_pending=0, bestmove_ms=475, event=bestmove, latest_move=c6g6}"
"measured","4","9","6k1/3r4/2R5/P5pp/3b4/6P1/5PK1/8 w - - 1 45","2","401","13","501239","1231177","132638","964","519957","539","539","c6g6","c6g6","main-result","true","1009591","1045778.925","965396200","1","1","1","0","info depth 13 seldepth 25 score cp -119 nodes 501239 nps 519957 time 964 hashfull 539 pv c6g6","{move=c6g6, main_pv=c6g6, helper_submitted=1, aborted=false, helper_exited=1, helper_exceptions=0, search_elapsed_ns=965330200, helper_started=1, main_score_cp=-119, main_qnodes=1231177, source=main-result, main_tt_hits=132638, abort_ms=965, main_move=c6g6, main_nodes=501239, search=401, main_depth=13, legal=true, helper_pending=0, bestmove_ms=965, event=bestmove, latest_move=c6g6}"
"measured","4","9","6k1/3r4/2R5/P5pp/3b4/6P1/5PK1/8 w - - 1 45","4","402","13","295077","714995","116889","592","498440","506","506","c6g6","c6g6","main-result","true","1195931","2015429.373","593387700","3","3","3","0","info depth 13 seldepth 26 score cp -119 nodes 295077 nps 498440 time 592 hashfull 506 pv c6g6 d7g7 g6d6 d4a7 d6d5 g8f7 a5a6 f7e6 d5b5 g7f7 f2f3 a7e3 b5b7 e3c5","{move=c6g6, main_pv=c6g6,d7g7,g6d6,d4a7,d6d5,g8f7,a5a6,f7e6,d5b5,g7f7,f2f3,a7e3,b5b7,e3c5, helper_submitted=3, aborted=false, helper_exited=3, helper_exceptions=0, search_elapsed_ns=593306700, helper_started=3, main_score_cp=-119, main_qnodes=714995, source=main-result, main_tt_hits=116889, abort_ms=593, main_move=c6g6, main_nodes=295077, search=402, main_depth=13, legal=true, helper_pending=0, bestmove_ms=593, event=bestmove, latest_move=c6g6}"
"measured","4","10","r1bq1rk1/pp2ppbp/2np1np1/8/3NP3/2N1BP2/PPPQ2PP/R4RK1 b - - 0 10","2","403","13","811380","2326669","166670","2407","337091","757","757","c6d4","c6d4","main-result","true","1624338","674570.288","2407959600","1","1","1","0","info depth 13 seldepth 22 score cp 431 nodes 811380 nps 337091 time 2407 hashfull 757 pv c6d4","{move=c6d4, main_pv=c6d4, helper_submitted=1, aborted=false, helper_exited=1, helper_exceptions=0, search_elapsed_ns=2407917900, helper_started=1, main_score_cp=431, main_qnodes=2326669, source=main-result, main_tt_hits=166670, abort_ms=2407, main_move=c6d4, main_nodes=811380, search=403, main_depth=13, legal=true, helper_pending=0, bestmove_ms=2407, event=bestmove, latest_move=c6d4}"
"measured","4","10","r1bq1rk1/pp2ppbp/2np1np1/8/3NP3/2N1BP2/PPPQ2PP/R4RK1 b - - 0 10","4","404","13","627995","1778300","111817","1944","323042","883","883","c6d4","c6d4","main-result","true","2504014","1287198.558","1945320700","3","3","3","0","info depth 13 seldepth 22 score cp 440 nodes 627995 nps 323042 time 1944 hashfull 883 pv c6d4 e3d4","{move=c6d4, main_pv=c6d4,e3d4, helper_submitted=3, aborted=false, helper_exited=3, helper_exceptions=0, search_elapsed_ns=1945283300, helper_started=3, main_score_cp=440, main_qnodes=1778300, source=main-result, main_tt_hits=111817, abort_ms=1945, main_move=c6d4, main_nodes=627995, search=404, main_depth=13, legal=true, helper_pending=0, bestmove_ms=1945, event=bestmove, latest_move=c6d4}"
"measured","4","10","r1bq1rk1/pp2ppbp/2np1np1/8/3NP3/2N1BP2/PPPQ2PP/R4RK1 b - - 0 10","1","405","13","1463870","4049839","212661","4152","352569","697","697","c6d4","c6d4","main-result","true","1463870","352452.133","4153386700","0","0","0","0","info depth 13 seldepth 22 score cp 432 nodes 1463870 nps 352569 time 4152 hashfull 697 pv c6d4 e3d4 d8a5 a2a3 c8e6 b2b4 a5c7 a3a4 a7a6 a4a5 a8c8 h2h3 c7d7","{move=c6d4, main_pv=c6d4,e3d4,d8a5,a2a3,c8e6,b2b4,a5c7,a3a4,a7a6,a4a5,a8c8,h2h3,c7d7, helper_submitted=0, aborted=false, helper_exited=0, helper_exceptions=0, search_elapsed_ns=4153344700, helper_started=0, main_score_cp=432, main_qnodes=4049839, source=main-result, main_tt_hits=212661, abort_ms=4153, main_move=c6d4, main_nodes=1463870, search=405, main_depth=13, legal=true, helper_pending=0, bestmove_ms=4153, event=bestmove, latest_move=c6d4}"
"measured","4","11","8/p7/1p2k1p1/2p5/2P1b3/1P3P2/P2K4/8 b - - 0 38","4","406","13","88201","103600","62569","128","689070","93","93","e4f3","e4f3","main-result","true","367751","2830719.944","129914300","3","3","3","0","info depth 13 seldepth 22 score cp 583 nodes 88201 nps 689070 time 128 hashfull 93 pv e4f3 d2e3 f3c6 e3f4 e6f6 f4g3 g6g5 g3g4 c6d7 g4g3 f6e5 g3f3 g5g4 f3g3 d7f5 a2a4","{move=e4f3, main_pv=e4f3,d2e3,f3c6,e3f4,e6f6,f4g3,g6g5,g3g4,c6d7,g4g3,f6e5,g3f3,g5g4,f3g3,d7f5,a2a4, helper_submitted=3, aborted=false, helper_exited=3, helper_exceptions=0, search_elapsed_ns=129832000, helper_started=3, main_score_cp=583, main_qnodes=103600, source=main-result, main_tt_hits=62569, abort_ms=129, main_move=e4f3, main_nodes=88201, search=406, main_depth=13, legal=true, helper_pending=0, bestmove_ms=129, event=bestmove, latest_move=e4f3}"
"measured","4","11","8/p7/1p2k1p1/2p5/2P1b3/1P3P2/P2K4/8 b - - 0 38","1","407","13","106151","123121","65708","133","798127","54","54","e4f3","e4f3","main-result","true","106151","792356.131","133968800","0","0","0","0","info depth 13 seldepth 22 score cp 583 nodes 106151 nps 798127 time 133 hashfull 54 pv e4f3 d2e3 f3c6 e3f4 e6f6 f4g3 g6g5 g3g4 c6d7 g4f3 f6e5 a2a3 g5g4 f3g3 a7a5 a3a4 d7f5","{move=e4f3, main_pv=e4f3,d2e3,f3c6,e3f4,e6f6,f4g3,g6g5,g3g4,c6d7,g4f3,f6e5,a2a3,g5g4,f3g3,a7a5,a3a4,d7f5, helper_submitted=0, aborted=false, helper_exited=0, helper_exceptions=0, search_elapsed_ns=133922800, helper_started=0, main_score_cp=583, main_qnodes=123121, source=main-result, main_tt_hits=65708, abort_ms=133, main_move=e4f3, main_nodes=106151, search=407, main_depth=13, legal=true, helper_pending=0, bestmove_ms=133, event=bestmove, latest_move=e4f3}"
"measured","4","11","8/p7/1p2k1p1/2p5/2P1b3/1P3P2/P2K4/8 b - - 0 38","2","408","13","122449","145023","67572","167","733227","76","76","e4f3","e4f3","main-result","true","243746","1448312.948","168296500","1","1","1","0","info depth 13 seldepth 22 score cp 592 nodes 122449 nps 733227 time 167 hashfull 76 pv e4f3 d2e3 f3c6 e3f4 e6f6 a2a3 g6g5 f4g4 c6d7 g4g3 f6e5 g3f2 g5g4 f2e3 d7c6 e3f2 c6e4","{move=e4f3, main_pv=e4f3,d2e3,f3c6,e3f4,e6f6,a2a3,g6g5,f4g4,c6d7,g4g3,f6e5,g3f2,g5g4,f2e3,d7c6,e3f2,c6e4, helper_submitted=1, aborted=false, helper_exited=1, helper_exceptions=0, search_elapsed_ns=168251700, helper_started=1, main_score_cp=592, main_qnodes=145023, source=main-result, main_tt_hits=67572, abort_ms=168, main_move=e4f3, main_nodes=122449, search=408, main_depth=13, legal=true, helper_pending=0, bestmove_ms=168, event=bestmove, latest_move=e4f3}"
"measured","4","12","8/8/6k1/8/5P2/4K1P1/8/8 b - - 0 65","1","409","13","19151","23591","14566","19","1007947","15","15","g6f5","g6f5","main-result","true","19151","970875.263","19725500","0","0","0","0","info depth 13 seldepth 20 score cp -399 nodes 19151 nps 1007947 time 19 hashfull 15 pv g6f5 e3d4 f5e6 g3g4","{move=g6f5, main_pv=g6f5,e3d4,f5e6,g3g4, helper_submitted=0, aborted=false, helper_exited=0, helper_exceptions=0, search_elapsed_ns=19692800, helper_started=0, main_score_cp=-399, main_qnodes=23591, source=main-result, main_tt_hits=14566, abort_ms=19, main_move=g6f5, main_nodes=19151, search=409, main_depth=13, legal=true, helper_pending=0, bestmove_ms=19, event=bestmove, latest_move=g6f5}"
"measured","4","12","8/8/6k1/8/5P2/4K1P1/8/8 b - - 0 65","2","410","13","29963","36819","27819","30","998766","20","20","g6f5","g6f5","main-result","true","59708","1935360.490","30851100","1","1","1","0","info depth 13 seldepth 21 score cp -468 nodes 29963 nps 998766 time 30 hashfull 20 pv g6f5 e3f3 f5e6 g3g4 e6d6 f4f5 d6e7 g4g5 e7f7 g5g6 f7f6 f3g4 f6e7 g6g7 e7f7","{move=g6f5, main_pv=g6f5,e3f3,f5e6,g3g4,e6d6,f4f5,d6e7,g4g5,e7f7,g5g6,f7f6,f3g4,f6e7,g6g7,e7f7, helper_submitted=1, aborted=false, helper_exited=1, helper_exceptions=0, search_elapsed_ns=30807400, helper_started=1, main_score_cp=-468, main_qnodes=36819, source=main-result, main_tt_hits=27819, abort_ms=30, main_move=g6f5, main_nodes=29963, search=410, main_depth=13, legal=true, helper_pending=0, bestmove_ms=30, event=bestmove, latest_move=g6f5}"
"measured","4","12","8/8/6k1/8/5P2/4K1P1/8/8 b - - 0 65","4","411","13","20668","23595","18332","21","984190","11","11","g6f5","g6f5","main-result","true","82697","3777774.732","21890400","3","3","3","0","info depth 13 seldepth 20 score cp -395 nodes 20668 nps 984190 time 21 hashfull 11 pv g6f5 e3f3 f5e6 g3g4 e6f6 f3e3 f6e6 f4f5 e6d5 g4g5 d5e5 g5g6 e5f6 e3e4","{move=g6f5, main_pv=g6f5,e3f3,f5e6,g3g4,e6f6,f3e3,f6e6,f4f5,e6d5,g4g5,d5e5,g5g6,e5f6,e3e4, helper_submitted=3, aborted=false, helper_exited=3, helper_exceptions=0, search_elapsed_ns=21816500, helper_started=3, main_score_cp=-395, main_qnodes=23595, source=main-result, main_tt_hits=18332, abort_ms=21, main_move=g6f5, main_nodes=20668, search=411, main_depth=13, legal=true, helper_pending=0, bestmove_ms=21, event=bestmove, latest_move=g6f5}"
"measured","4","13","8/2p5/3p4/KP5r/1R3p1k/8/4P1P1/8 w - - 0 1","2","412","13","84059","175375","44108","145","579717","100","100","b4f4","b4f4","main-result","true","165936","1135862.538","146088100","1","1","1","0","info depth 13 seldepth 24 score cp 19 nodes 84059 nps 579717 time 145 hashfull 100 pv b4f4 h4g3 f4f3 g3g2 f3c3 h5c5 c3c5 d6c5 e2e4 g2g3 e4e5 c5c4 a5b4 g3f4 e5e6 f4f5","{move=b4f4, main_pv=b4f4,h4g3,f4f3,g3g2,f3c3,h5c5,c3c5,d6c5,e2e4,g2g3,e4e5,c5c4,a5b4,g3f4,e5e6,f4f5, helper_submitted=1, aborted=false, helper_exited=1, helper_exceptions=0, search_elapsed_ns=146043500, helper_started=1, main_score_cp=19, main_qnodes=175375, source=main-result, main_tt_hits=44108, abort_ms=146, main_move=b4f4, main_nodes=84059, search=412, main_depth=13, legal=true, helper_pending=0, bestmove_ms=146, event=bestmove, latest_move=b4f4}"
"measured","4","13","8/2p5/3p4/KP5r/1R3p1k/8/4P1P1/8 w - - 0 1","4","413","13","87322","194915","51793","162","539024","160","160","b4f4","b4f4","main-result","true","346493","2126847.372","162913900","3","3","3","0","info depth 13 seldepth 25 score cp 19 nodes 87322 nps 539024 time 162 hashfull 160 pv b4f4 h4g3 f4f3 g3g2 f3c3 h5c5 c3c5 d6c5 e2e4 c5c4 a5b4 g2f3 e4e5 f3f4 e5e6 f4f5","{move=b4f4, main_pv=b4f4,h4g3,f4f3,g3g2,f3c3,h5c5,c3c5,d6c5,e2e4,c5c4,a5b4,g2f3,e4e5,f3f4,e5e6,f4f5, helper_submitted=3, aborted=false, helper_exited=3, helper_exceptions=0, search_elapsed_ns=162829400, helper_started=3, main_score_cp=19, main_qnodes=194915, source=main-result, main_tt_hits=51793, abort_ms=162, main_move=b4f4, main_nodes=87322, search=413, main_depth=13, legal=true, helper_pending=0, bestmove_ms=162, event=bestmove, latest_move=b4f4}"
"measured","4","13","8/2p5/3p4/KP5r/1R3p1k/8/4P1P1/8 w - - 0 1","1","414","13","134731","298233","52919","236","570894","97","97","b4f4","b4f4","main-result","true","134731","567625.890","237358800","0","0","0","0","info depth 13 seldepth 28 score cp 19 nodes 134731 nps 570894 time 236 hashfull 97 pv b4f4 h4g3 f4f3 g3g2 f3c3 h5c5 c3c5 d6c5 e2e4 c5c4 a5b4 g2f3 e4e5 f3f4","{move=b4f4, main_pv=b4f4,h4g3,f4f3,g3g2,f3c3,h5c5,c3c5,d6c5,e2e4,c5c4,a5b4,g2f3,e4e5,f3f4, helper_submitted=0, aborted=false, helper_exited=0, helper_exceptions=0, search_elapsed_ns=237256900, helper_started=0, main_score_cp=19, main_qnodes=298233, source=main-result, main_tt_hits=52919, abort_ms=237, main_move=b4f4, main_nodes=134731, search=414, main_depth=13, legal=true, helper_pending=0, bestmove_ms=237, event=bestmove, latest_move=b4f4}"
"measured","4","14","r1bq1r1k/b1p1npp1/p2p3p/1p6/3PP3/1B2NN2/PP3PPP/R2Q1RK1 w - - 1 16","4","415","13","1186927","3369283","222781","3841","309015","983","983","f1e1","f1e1","main-result","true","4748136","1235671.256","3842556000","3","3","3","0","info depth 13 seldepth 23 score cp 58 nodes 1186927 nps 309015 time 3841 hashfull 983 pv f1e1 c8b7 d4d5","{move=f1e1, main_pv=f1e1,c8b7,d4d5, helper_submitted=3, aborted=false, helper_exited=3, helper_exceptions=0, search_elapsed_ns=3842483600, helper_started=3, main_score_cp=58, main_qnodes=3369283, source=main-result, main_tt_hits=222781, abort_ms=3842, main_move=f1e1, main_nodes=1186927, search=415, main_depth=13, legal=true, helper_pending=0, bestmove_ms=3842, event=bestmove, latest_move=f1e1}"
"measured","4","14","r1bq1r1k/b1p1npp1/p2p3p/1p6/3PP3/1B2NN2/PP3PPP/R2Q1RK1 w - - 1 16","1","416","13","1523227","3915325","261327","4500","338494","771","771","a2a4","a2a4","main-result","true","1523227","338421.286","4500978700","0","0","0","0","info depth 13 seldepth 25 score cp 59 nodes 1523227 nps 338494 time 4500 hashfull 771 pv a2a4 c8b7 d1d3 c7c6 f1c1 h8g8 h2h3 e7g6 e3f5 f8e8 a4b5 a6b5 d3e2","{move=a2a4, main_pv=a2a4,c8b7,d1d3,c7c6,f1c1,h8g8,h2h3,e7g6,e3f5,f8e8,a4b5,a6b5,d3e2, helper_submitted=0, aborted=false, helper_exited=0, helper_exceptions=0, search_elapsed_ns=4500929600, helper_started=0, main_score_cp=59, main_qnodes=3915325, source=main-result, main_tt_hits=261327, abort_ms=4500, main_move=a2a4, main_nodes=1523227, search=416, main_depth=13, legal=true, helper_pending=0, bestmove_ms=4500, event=bestmove, latest_move=a2a4}"
"measured","4","14","r1bq1r1k/b1p1npp1/p2p3p/1p6/3PP3/1B2NN2/PP3PPP/R2Q1RK1 w - - 1 16","2","417","13","697064","1885141","200956","2115","329581","696","696","a2a4","a2a4","main-result","true","1387451","655553.845","2116456200","1","1","1","0","info depth 13 seldepth 23 score cp 61 nodes 697064 nps 329581 time 2115 hashfull 696 pv a2a4 c8b7 d1d3 c7c6 f1c1 h8g8 h2h3 a7b6 a4b5 a6b5 d4d5 a8a1 c1a1","{move=a2a4, main_pv=a2a4,c8b7,d1d3,c7c6,f1c1,h8g8,h2h3,a7b6,a4b5,a6b5,d4d5,a8a1,c1a1, helper_submitted=1, aborted=false, helper_exited=1, helper_exceptions=0, search_elapsed_ns=2116414700, helper_started=1, main_score_cp=61, main_qnodes=1885141, source=main-result, main_tt_hits=200956, abort_ms=2116, main_move=a2a4, main_nodes=697064, search=417, main_depth=13, legal=true, helper_pending=0, bestmove_ms=2116, event=bestmove, latest_move=a2a4}"
"measured","4","15","r4rk1/1pp1qppp/p1np1n2/2b1p1B1/2B1P1b1/P1NP1N2/1PP1QPPP/R4RK1 w - - 0 10","1","418","13","939472","2736571","234416","3304","284343","555","555","c3d5","c3d5","main-result","true","939472","284241.932","3305184400","0","0","0","0","info depth 13 seldepth 25 score cp 146 nodes 939472 nps 284343 time 3304 hashfull 555 pv c3d5 e7d8 c2c3 g4e6 b2b4 c5b6 g5f6 g7f6 h2h3 e6d5","{move=c3d5, main_pv=c3d5,e7d8,c2c3,g4e6,b2b4,c5b6,g5f6,g7f6,h2h3,e6d5, helper_submitted=0, aborted=false, helper_exited=0, helper_exceptions=0, search_elapsed_ns=3305143200, helper_started=0, main_score_cp=146, main_qnodes=2736571, source=main-result, main_tt_hits=234416, abort_ms=3305, main_move=c3d5, main_nodes=939472, search=418, main_depth=13, legal=true, helper_pending=0, bestmove_ms=3305, event=bestmove, latest_move=c3d5}"
"measured","4","15","r4rk1/1pp1qppp/p1np1n2/2b1p1B1/2B1P1b1/P1NP1N2/1PP1QPPP/R4RK1 w - - 0 10","2","419","13","807487","2355778","262930","2860","282338","679","679","c3d5","c3d5","main-result","true","1628568","569277.119","2860764900","1","1","1","0","info depth 13 seldepth 24 score cp 148 nodes 807487 nps 282338 time 2860 hashfull 679 pv c3d5 e7d8 c2c3 b7b5","{move=c3d5, main_pv=c3d5,e7d8,c2c3,b7b5, helper_submitted=1, aborted=false, helper_exited=1, helper_exceptions=0, search_elapsed_ns=2860725600, helper_started=1, main_score_cp=148, main_qnodes=2355778, source=main-result, main_tt_hits=262930, abort_ms=2860, main_move=c3d5, main_nodes=807487, search=419, main_depth=13, legal=true, helper_pending=0, bestmove_ms=2860, event=bestmove, latest_move=c3d5}"
"measured","4","15","r4rk1/1pp1qppp/p1np1n2/2b1p1B1/2B1P1b1/P1NP1N2/1PP1QPPP/R4RK1 w - - 0 10","4","420","13","576493","1328905","226640","1878","306971","772","772","c3d5","c3d5","main-result","true","2263293","1204397.723","1879190700","3","3","3","0","info depth 13 seldepth 23 score cp 141 nodes 576493 nps 306971 time 1878 hashfull 772 pv c3d5 e7d8 c2c3 b7b5 c4b3 g4e6 h2h3 e6d5 g5f6 g7f6 e4d5","{move=c3d5, main_pv=c3d5,e7d8,c2c3,b7b5,c4b3,g4e6,h2h3,e6d5,g5f6,g7f6,e4d5, helper_submitted=3, aborted=false, helper_exited=3, helper_exceptions=0, search_elapsed_ns=1879118800, helper_started=3, main_score_cp=141, main_qnodes=1328905, source=main-result, main_tt_hits=226640, abort_ms=1879, main_move=c3d5, main_nodes=576493, search=420, main_depth=13, legal=true, helper_pending=0, bestmove_ms=1879, event=bestmove, latest_move=c3d5}"
"measured","4","16","r3k2r/pb3p2/5npp/n2p4/1p1PPB2/6P1/P2N1PBP/R3K2R b KQkq - 0 13","2","421","13","569952","1493770","151757","1521","374721","596","596","d5e4","d5e4","main-result","true","1126722","739989.695","1522618500","1","1","1","0","info depth 13 seldepth 26 score cp -47 nodes 569952 nps 374721 time 1521 hashfull 596 pv d5e4 e1g1 a8c8 f1b1 e4e3 g2b7 a5b7 f4e3 f6d5 b1e1 e8f8","{move=d5e4, main_pv=d5e4,e1g1,a8c8,f1b1,e4e3,g2b7,a5b7,f4e3,f6d5,b1e1,e8f8, helper_submitted=1, aborted=false, helper_exited=1, helper_exceptions=0, search_elapsed_ns=1522572500, helper_started=1, main_score_cp=-47, main_qnodes=1493770, source=main-result, main_tt_hits=151757, abort_ms=1522, main_move=d5e4, main_nodes=569952, search=421, main_depth=13, legal=true, helper_pending=0, bestmove_ms=1522, event=bestmove, latest_move=d5e4}"
"measured","4","16","r3k2r/pb3p2/5npp/n2p4/1p1PPB2/6P1/P2N1PBP/R3K2R b KQkq - 0 13","4","422","13","453705","1192450","148551","1267","358093","746","746","d5e4","d5e4","main-result","true","1804164","1422157.774","1268610300","3","3","3","0","info depth 13 seldepth 26 score cp -48 nodes 453705 nps 358093 time 1267 hashfull 746 pv d5e4 e1g1 e8g8 a1b1","{move=d5e4, main_pv=d5e4,e1g1,e8g8,a1b1, helper_submitted=3, aborted=false, helper_exited=3, helper_exceptions=0, search_elapsed_ns=1268529400, helper_started=3, main_score_cp=-48, main_qnodes=1192450, source=main-result, main_tt_hits=148551, abort_ms=1268, main_move=d5e4, main_nodes=453705, search=422, main_depth=13, legal=true, helper_pending=0, bestmove_ms=1268, event=bestmove, latest_move=d5e4}"
"measured","4","16","r3k2r/pb3p2/5npp/n2p4/1p1PPB2/6P1/P2N1PBP/R3K2R b KQkq - 0 13","1","423","13","815181","2129931","142547","2139","381103","526","526","d5e4","d5e4","main-result","true","815181","380941.686","2139910200","0","0","0","0","info depth 13 seldepth 25 score cp -51 nodes 815181 nps 381103 time 2139 hashfull 526 pv d5e4 e1g1 a8c8 f1b1 c8c2 b1b4 f6d5 b4b7 a5b7 g2e4 d5f4 e4c2 f4e2 g1g2","{move=d5e4, main_pv=d5e4,e1g1,a8c8,f1b1,c8c2,b1b4,f6d5,b4b7,a5b7,g2e4,d5f4,e4c2,f4e2,g1g2, helper_submitted=0, aborted=false, helper_exited=0, helper_exceptions=0, search_elapsed_ns=2139862400, helper_started=0, main_score_cp=-51, main_qnodes=2129931, source=main-result, main_tt_hits=142547, abort_ms=2139, main_move=d5e4, main_nodes=815181, search=423, main_depth=13, legal=true, helper_pending=0, bestmove_ms=2139, event=bestmove, latest_move=d5e4}"
"measured","4","17","rr6/2pq2pk/p2p1pnp/8/2QBPP2/1P6/P5PP/4RRK1 b - - 2 25","4","424","13","200074","442876","91396","547","365765","370","370","a6a5","a6a5","main-result","true","787113","1436871.174","547796500","3","3","3","0","info depth 13 seldepth 23 score cp -48 nodes 200074 nps 365765 time 547 hashfull 370 pv a6a5 f4f5","{move=a6a5, main_pv=a6a5,f4f5, helper_submitted=3, aborted=false, helper_exited=3, helper_exceptions=0, search_elapsed_ns=547692600, helper_started=3, main_score_cp=-48, main_qnodes=442876, source=main-result, main_tt_hits=91396, abort_ms=547, main_move=a6a5, main_nodes=200074, search=424, main_depth=13, legal=true, helper_pending=0, bestmove_ms=547, event=bestmove, latest_move=a6a5}"
"measured","4","17","rr6/2pq2pk/p2p1pnp/8/2QBPP2/1P6/P5PP/4RRK1 b - - 2 25","1","425","13","467210","1084544","118962","1227","380774","327","327","a6a5","a6a5","main-result","true","467210","380344.832","1228385300","0","0","0","0","info depth 13 seldepth 23 score cp -48 nodes 467210 nps 380774 time 1227 hashfull 327 pv a6a5 f4f5 g6e5 d4e5 f6e5 f5f6 a5a4 b3b4 g7f6 f1f6 b8f8 e1f1 f8f6","{move=a6a5, main_pv=a6a5,f4f5,g6e5,d4e5,f6e5,f5f6,a5a4,b3b4,g7f6,f1f6,b8f8,e1f1,f8f6, helper_submitted=0, aborted=false, helper_exited=0, helper_exceptions=0, search_elapsed_ns=1228312200, helper_started=0, main_score_cp=-48, main_qnodes=1084544, source=main-result, main_tt_hits=118962, abort_ms=1228, main_move=a6a5, main_nodes=467210, search=425, main_depth=13, legal=true, helper_pending=0, bestmove_ms=1228, event=bestmove, latest_move=a6a5}"
"measured","4","17","rr6/2pq2pk/p2p1pnp/8/2QBPP2/1P6/P5PP/4RRK1 b - - 2 25","2","426","13","260702","569461","119554","696","374571","282","282","a6a5","a6a5","main-result","true","519298","745243.440","696816600","1","1","1","0","info depth 13 seldepth 23 score cp -48 nodes 260702 nps 374571 time 696 hashfull 282 pv a6a5 f4f5 g6e5 d4e5 f6e5","{move=a6a5, main_pv=a6a5,f4f5,g6e5,d4e5,f6e5, helper_submitted=1, aborted=false, helper_exited=1, helper_exceptions=0, search_elapsed_ns=696775200, helper_started=1, main_score_cp=-48, main_qnodes=569461, source=main-result, main_tt_hits=119554, abort_ms=696, main_move=a6a5, main_nodes=260702, search=426, main_depth=13, legal=true, helper_pending=0, bestmove_ms=696, event=bestmove, latest_move=a6a5}"
"measured","4","18","r1bqkb1r/ppp2ppp/4pn2/3p4/2PP4/8/PP2PPPP/RNBQKBNR w KQkq d6 0 5","1","427","13","1369277","3362585","278464","3448","397122","644","644","e2e3","e2e3","main-result","true","1369277","397001.376","3449048500","0","0","0","0","info depth 13 seldepth 24 score cp 386 nodes 1369277 nps 397122 time 3448 hashfull 644 pv e2e3 c7c5 g1f3 c5d4 e3d4 f8b4 c1d2 b4e7 f1e2 d5c4 e1g1 c8d7 f3e5 e8g8","{move=e2e3, main_pv=e2e3,c7c5,g1f3,c5d4,e3d4,f8b4,c1d2,b4e7,f1e2,d5c4,e1g1,c8d7,f3e5,e8g8, helper_submitted=0, aborted=false, helper_exited=0, helper_exceptions=0, search_elapsed_ns=3449006200, helper_started=0, main_score_cp=386, main_qnodes=3362585, source=main-result, main_tt_hits=278464, abort_ms=3449, main_move=e2e3, main_nodes=1369277, search=427, main_depth=13, legal=true, helper_pending=0, bestmove_ms=3449, event=bestmove, latest_move=e2e3}"
"measured","4","18","r1bqkb1r/ppp2ppp/4pn2/3p4/2PP4/8/PP2PPPP/RNBQKBNR w KQkq d6 0 5","2","428","13","999957","2489974","287393","2673","374095","749","749","b1c3","b1c3","main-result","true","2020472","755673.229","2673737700","1","1","1","0","info depth 13 seldepth 24 score cp 377 nodes 999957 nps 374095 time 2673 hashfull 749 pv b1c3 f8e7 e2e3 e8g8 c4d5 f6d5 e3e4 d5c3 b2c3","{move=b1c3, main_pv=b1c3,f8e7,e2e3,e8g8,c4d5,f6d5,e3e4,d5c3,b2c3, helper_submitted=1, aborted=false, helper_exited=1, helper_exceptions=0, search_elapsed_ns=2673697700, helper_started=1, main_score_cp=377, main_qnodes=2489974, source=main-result, main_tt_hits=287393, abort_ms=2673, main_move=b1c3, main_nodes=999957, search=428, main_depth=13, legal=true, helper_pending=0, bestmove_ms=2673, event=bestmove, latest_move=b1c3}"
"measured","4","18","r1bqkb1r/ppp2ppp/4pn2/3p4/2PP4/8/PP2PPPP/RNBQKBNR w KQkq d6 0 5","4","429","13","691692","1711717","263279","1910","362142","863","863","e2e3","e2e3","main-result","true","2769083","1448614.214","1911539300","3","3","3","0","info depth 13 seldepth 25 score cp 387 nodes 691692 nps 362142 time 1910 hashfull 863 pv e2e3 c7c5 g1f3 c5d4 e3d4 f8b4 c1d2","{move=e2e3, main_pv=e2e3,c7c5,g1f3,c5d4,e3d4,f8b4,c1d2, helper_submitted=3, aborted=false, helper_exited=3, helper_exceptions=0, search_elapsed_ns=1911464700, helper_started=3, main_score_cp=387, main_qnodes=1711717, source=main-result, main_tt_hits=263279, abort_ms=1911, main_move=e2e3, main_nodes=691692, search=429, main_depth=13, legal=true, helper_pending=0, bestmove_ms=1911, event=bestmove, latest_move=e2e3}"
"measured","4","19","2r3k1/4qpp1/3p3p/B1pP4/P1P1p1b1/1P4Pp/3Q1P1P/R3R1K1 w - - 0 28","2","430","13","277071","648227","129613","691","400971","274","274","a5c3","a5c3","main-result","true","552866","798590.096","692302600","1","1","1","0","info depth 13 seldepth 23 score cp 638 nodes 277071 nps 400971 time 691 hashfull 274 pv a5c3 c8b8 a4a5 g4c8 a5a6 b8a8","{move=a5c3, main_pv=a5c3,c8b8,a4a5,g4c8,a5a6,b8a8, helper_submitted=1, aborted=false, helper_exited=1, helper_exceptions=0, search_elapsed_ns=692265000, helper_started=1, main_score_cp=638, main_qnodes=648227, source=main-result, main_tt_hits=129613, abort_ms=692, main_move=a5c3, main_nodes=277071, search=430, main_depth=13, legal=true, helper_pending=0, bestmove_ms=692, event=bestmove, latest_move=a5c3}"
"measured","4","19","2r3k1/4qpp1/3p3p/B1pP4/P1P1p1b1/1P4Pp/3Q1P1P/R3R1K1 w - - 0 28","4","431","13","320190","1091566","121629","888","360574","610","610","d2f4","d2f4","main-result","true","1342853","1510292.142","889134600","3","3","3","0","info depth 13 seldepth 22 score cp 680 nodes 320190 nps 360574 time 888 hashfull 610 pv d2f4","{move=d2f4, main_pv=d2f4, helper_submitted=3, aborted=false, helper_exited=3, helper_exceptions=0, search_elapsed_ns=889054600, helper_started=3, main_score_cp=680, main_qnodes=1091566, source=main-result, main_tt_hits=121629, abort_ms=889, main_move=d2f4, main_nodes=320190, search=431, main_depth=13, legal=true, helper_pending=0, bestmove_ms=889, event=bestmove, latest_move=d2f4}"
"measured","4","19","2r3k1/4qpp1/3p3p/B1pP4/P1P1p1b1/1P4Pp/3Q1P1P/R3R1K1 w - - 0 28","1","432","13","437737","1039288","140745","1060","412959","301","301","a5c3","a5c3","main-result","true","437737","412467.430","1061264400","0","0","0","0","info depth 13 seldepth 22 score cp 640 nodes 437737 nps 412959 time 1060 hashfull 301 pv a5c3 c8b8 a4a5 g4f3 a5a6 e7a7 d2c2 f7f5 c2b2 b8b6 b2a2 b6b8 a2c2","{move=a5c3, main_pv=a5c3,c8b8,a4a5,g4f3,a5a6,e7a7,d2c2,f7f5,c2b2,b8b6,b2a2,b6b8,a2c2, helper_submitted=0, aborted=false, helper_exited=0, helper_exceptions=0, search_elapsed_ns=1061221800, helper_started=0, main_score_cp=640, main_qnodes=1039288, source=main-result, main_tt_hits=140745, abort_ms=1061, main_move=a5c3, main_nodes=437737, search=432, main_depth=13, legal=true, helper_pending=0, bestmove_ms=1061, event=bestmove, latest_move=a5c3}"
"measured","4","20","r4rk1/3qppbp/6p1/2p1n3/2B1P3/2P5/P2Q1PPP/R4RK1 b - - 0 20","4","433","13","106918","176081","85009","235","454970","130","130","d7d2","d7d2","main-result","true","419389","1772485.353","236610700","3","3","3","0","info depth 13 seldepth 21 score cp 1594 nodes 106918 nps 454970 time 235 hashfull 130 pv d7d2 c4d5 a8b8 f1d1 d2c3 a1c1 c3a5 h2h3 e7e6 d5b3 a5b4 d1d6 b8d8","{move=d7d2, main_pv=d7d2,c4d5,a8b8,f1d1,d2c3,a1c1,c3a5,h2h3,e7e6,d5b3,a5b4,d1d6,b8d8, helper_submitted=3, aborted=false, helper_exited=3, helper_exceptions=0, search_elapsed_ns=236534500, helper_started=3, main_score_cp=1594, main_qnodes=176081, source=main-result, main_tt_hits=85009, abort_ms=236, main_move=d7d2, main_nodes=106918, search=433, main_depth=13, legal=true, helper_pending=0, bestmove_ms=236, event=bestmove, latest_move=d7d2}"
"measured","4","20","r4rk1/3qppbp/6p1/2p1n3/2B1P3/2P5/P2Q1PPP/R4RK1 b - - 0 20","1","434","13","150814","238508","80953","315","478774","126","126","d7d2","d7d2","main-result","true","150814","476234.685","316680000","0","0","0","0","info depth 13 seldepth 21 score cp 1583 nodes 150814 nps 478774 time 315 hashfull 126 pv d7d2 f1d1 d2c3 a1c1 c3a5 c4b3 g7h6 c1b1 e7e6 a2a4 c5c4 b3c2 a5c3","{move=d7d2, main_pv=d7d2,f1d1,d2c3,a1c1,c3a5,c4b3,g7h6,c1b1,e7e6,a2a4,c5c4,b3c2,a5c3, helper_submitted=0, aborted=false, helper_exited=0, helper_exceptions=0, search_elapsed_ns=316616600, helper_started=0, main_score_cp=1583, main_qnodes=238508, source=main-result, main_tt_hits=80953, abort_ms=316, main_move=d7d2, main_nodes=150814, search=434, main_depth=13, legal=true, helper_pending=0, bestmove_ms=316, event=bestmove, latest_move=d7d2}"
"measured","4","20","r4rk1/3qppbp/6p1/2p1n3/2B1P3/2P5/P2Q1PPP/R4RK1 b - - 0 20","2","435","13","115755","190188","77495","268","431921","112","112","d7d2","d7d2","main-result","true","229306","851770.544","269211000","1","1","1","0","info depth 13 seldepth 22 score cp 1594 nodes 115755 nps 431921 time 268 hashfull 112 pv d7d2 c4d5 a8b8 f1d1 d2c3 a1c1 c3a5 h2h3","{move=d7d2, main_pv=d7d2,c4d5,a8b8,f1d1,d2c3,a1c1,c3a5,h2h3, helper_submitted=1, aborted=false, helper_exited=1, helper_exceptions=0, search_elapsed_ns=269161000, helper_started=1, main_score_cp=1594, main_qnodes=190188, source=main-result, main_tt_hits=77495, abort_ms=269, main_move=d7d2, main_nodes=115755, search=435, main_depth=13, legal=true, helper_pending=0, bestmove_ms=269, event=bestmove, latest_move=d7d2}"
"measured","4","21","1rr3k1/4ppb1/2q1bnpp/3p4/2pP4/2P1BNNP/PP3PPK/2QRR3 b - - 6 26","1","436","13","2172114","4644866","454851","5976","363472","817","817","c6a6","c6a6","main-result","true","2172114","363432.078","5976671100","0","0","0","0","info depth 13 seldepth 23 score cp -37 nodes 2172114 nps 363472 time 5976 hashfull 817 pv c6a6 e3h6 g7h6 c1h6 b8b2 h2g1 a6d6","{move=c6a6, main_pv=c6a6,e3h6,g7h6,c1h6,b8b2,h2g1,a6d6, helper_submitted=0, aborted=false, helper_exited=0, helper_exceptions=0, search_elapsed_ns=5976623100, helper_started=0, main_score_cp=-37, main_qnodes=4644866, source=main-result, main_tt_hits=454851, abort_ms=5976, main_move=c6a6, main_nodes=2172114, search=436, main_depth=13, legal=true, helper_pending=0, bestmove_ms=5976, event=bestmove, latest_move=c6a6}"
"measured","4","21","1rr3k1/4ppb1/2q1bnpp/3p4/2pP4/2P1BNNP/PP3PPK/2QRR3 b - - 6 26","2","437","13","1468745","3128767","414540","4198","349867","888","888","g8h7","g8h7","main-result","true","2937074","699434.111","4199214700","1","1","1","0","info depth 13 seldepth 25 score cp -41 nodes 1468745 nps 349867 time 4198 hashfull 888 pv g8h7 a2a3 b8b3 h2g1 c8a8 e1e2 b3b7 e3f4","{move=g8h7, main_pv=g8h7,a2a3,b8b3,h2g1,c8a8,e1e2,b3b7,e3f4, helper_submitted=1, aborted=false, helper_exited=1, helper_exceptions=0, search_elapsed_ns=4199174200, helper_started=1, main_score_cp=-41, main_qnodes=3128767, source=main-result, main_tt_hits=414540, abort_ms=4199, main_move=g8h7, main_nodes=1468745, search=437, main_depth=13, legal=true, helper_pending=0, bestmove_ms=4199, event=bestmove, latest_move=g8h7}"
"measured","4","21","1rr3k1/4ppb1/2q1bnpp/3p4/2pP4/2P1BNNP/PP3PPK/2QRR3 b - - 6 26","4","438","13","904845","1960094","325949","2614","346153","926","926","g6g5","g6g5","main-result","true","3588651","1372418.363","2614837500","3","3","3","0","info depth 13 seldepth 25 score cp -36 nodes 904845 nps 346153 time 2614 hashfull 926 pv g6g5 c1c2 b8b6 d1b1 c6c7 h2g1","{move=g6g5, main_pv=g6g5,c1c2,b8b6,d1b1,c6c7,h2g1, helper_submitted=3, aborted=false, helper_exited=3, helper_exceptions=0, search_elapsed_ns=2614761400, helper_started=3, main_score_cp=-36, main_qnodes=1960094, source=main-result, main_tt_hits=325949, abort_ms=2614, main_move=g6g5, main_nodes=904845, search=438, main_depth=13, legal=true, helper_pending=0, bestmove_ms=2614, event=bestmove, latest_move=g6g5}"
"measured","4","22","r3r1k1/6pp/bq2p3/p1pn4/Pn1N4/1B3P2/1PP2QBP/3RR1K1 w - - 0 24","2","439","13","445525","1050494","209307","1307","340876","426","426","d4b5","d4b5","main-result","true","889162","679473.231","1308604900","1","1","1","0","info depth 13 seldepth 26 score cp 19 nodes 445525 nps 340876 time 1307 hashfull 426 pv d4b5 a6b5 a4b5 d5f4 b3c4 b4d5 g2f1 e8f8 c4b3 a5a4 b3d5 e6d5 e1e7","{move=d4b5, main_pv=d4b5,a6b5,a4b5,d5f4,b3c4,b4d5,g2f1,e8f8,c4b3,a5a4,b3d5,e6d5,e1e7, helper_submitted=1, aborted=false, helper_exited=1, helper_exceptions=0, search_elapsed_ns=1308566600, helper_started=1, main_score_cp=19, main_qnodes=1050494, source=main-result, main_tt_hits=209307, abort_ms=1308, main_move=d4b5, main_nodes=445525, search=439, main_depth=13, legal=true, helper_pending=0, bestmove_ms=1308, event=bestmove, latest_move=d4b5}"
"measured","4","22","r3r1k1/6pp/bq2p3/p1pn4/Pn1N4/1B3P2/1PP2QBP/3RR1K1 w - - 0 24","4","440","13","232073","550827","144167","708","327786","388","388","d4b5","d4b5","main-result","true","919833","1296464.674","709493300","3","3","3","0","info depth 13 seldepth 23 score cp 44 nodes 232073 nps 327786 time 708 hashfull 388 pv d4b5 a6b5 a4b5","{move=d4b5, main_pv=d4b5,a6b5,a4b5, helper_submitted=3, aborted=false, helper_exited=3, helper_exceptions=0, search_elapsed_ns=709414200, helper_started=3, main_score_cp=44, main_qnodes=550827, source=main-result, main_tt_hits=144167, abort_ms=709, main_move=d4b5, main_nodes=232073, search=440, main_depth=13, legal=true, helper_pending=0, bestmove_ms=709, event=bestmove, latest_move=d4b5}"
"measured","4","22","r3r1k1/6pp/bq2p3/p1pn4/Pn1N4/1B3P2/1PP2QBP/3RR1K1 w - - 0 24","1","441","13","581587","1343701","174350","1623","358340","365","365","d4b5","d4b5","main-result","true","581587","358065.174","1624249000","0","0","0","0","info depth 13 seldepth 26 score cp 24 nodes 581587 nps 358340 time 1623 hashfull 365 pv d4b5 a6b5 a4b5 d5f4 b3c4 a8d8 d1d8 e8d8 h2h4 b4d5 c2c3 b6c7 g1h2","{move=d4b5, main_pv=d4b5,a6b5,a4b5,d5f4,b3c4,a8d8,d1d8,e8d8,h2h4,b4d5,c2c3,b6c7,g1h2, helper_submitted=0, aborted=false, helper_exited=0, helper_exceptions=0, search_elapsed_ns=1624208800, helper_started=0, main_score_cp=24, main_qnodes=1343701, source=main-result, main_tt_hits=174350, abort_ms=1624, main_move=d4b5, main_nodes=581587, search=441, main_depth=13, legal=true, helper_pending=0, bestmove_ms=1624, event=bestmove, latest_move=d4b5}"
"measured","4","23","r2r4/8/k2N4/6B1/p7/P5P1/4K2P/1R6 w - - 4 46","4","442","13","101104","204741","80462","176","574454","145","145","g5d8","g5d8","main-result","true","404461","2286800.974","176867600","3","3","3","0","info depth 13 seldepth 22 score cp 681 nodes 101104 nps 574454 time 176 hashfull 145 pv g5d8 a8d8 d6c4 d8g8 b1b6 a6a7 b6b4 a7a6 b4a4 a6b5 a4b4 b5c5 e2d3 g8d8 d3c3 d8d1 h2h4 d1g1","{move=g5d8, main_pv=g5d8,a8d8,d6c4,d8g8,b1b6,a6a7,b6b4,a7a6,b4a4,a6b5,a4b4,b5c5,e2d3,g8d8,d3c3,d8d1,h2h4,d1g1, helper_submitted=3, aborted=false, helper_exited=3, helper_exceptions=0, search_elapsed_ns=176792600, helper_started=3, main_score_cp=681, main_qnodes=204741, source=main-result, main_tt_hits=80462, abort_ms=176, main_move=g5d8, main_nodes=101104, search=442, main_depth=13, legal=true, helper_pending=0, bestmove_ms=176, event=bestmove, latest_move=g5d8}"
"measured","4","23","r2r4/8/k2N4/6B1/p7/P5P1/4K2P/1R6 w - - 4 46","1","443","13","176857","395806","91055","297","595478","115","115","g5d8","g5d8","main-result","true","176857","593537.427","297971100","0","0","0","0","info depth 13 seldepth 23 score cp 682 nodes 176857 nps 595478 time 297 hashfull 115 pv g5d8 a8d8 d6c4 d8g8 b1b6 a6a7 b6b4 a7a6 e2d3 g8d8 d3c2 d8g8 c4d6 a6a5 d6b7 a5a6 b7c5 a6a5","{move=g5d8, main_pv=g5d8,a8d8,d6c4,d8g8,b1b6,a6a7,b6b4,a7a6,e2d3,g8d8,d3c2,d8g8,c4d6,a6a5,d6b7,a5a6,b7c5,a6a5, helper_submitted=0, aborted=false, helper_exited=0, helper_exceptions=0, search_elapsed_ns=297907000, helper_started=0, main_score_cp=682, main_qnodes=395806, source=main-result, main_tt_hits=91055, abort_ms=297, main_move=g5d8, main_nodes=176857, search=443, main_depth=13, legal=true, helper_pending=0, bestmove_ms=297, event=bestmove, latest_move=g5d8}"
"measured","4","23","r2r4/8/k2N4/6B1/p7/P5P1/4K2P/1R6 w - - 4 46","2","444","13","116904","246722","76617","195","599507","101","101","g5d8","g5d8","main-result","true","231789","1179158.129","196571600","1","1","1","0","info depth 13 seldepth 22 score cp 682 nodes 116904 nps 599507 time 195 hashfull 101 pv g5d8 a8d8 d6c4 d8e8 e2f2 e8f8 f2g2 f8d8 b1b6 a6a7 b6b4 a7a6","{move=g5d8, main_pv=g5d8,a8d8,d6c4,d8e8,e2f2,e8f8,f2g2,f8d8,b1b6,a6a7,b6b4,a7a6, helper_submitted=1, aborted=false, helper_exited=1, helper_exceptions=0, search_elapsed_ns=196531300, helper_started=1, main_score_cp=682, main_qnodes=246722, source=main-result, main_tt_hits=76617, abort_ms=196, main_move=g5d8, main_nodes=116904, search=444, main_depth=13, legal=true, helper_pending=0, bestmove_ms=196, event=bestmove, latest_move=g5d8}"
"measured","4","24","8/3b2kp/4p1p1/1p1n4/1P6/3NB3/6PP/6K1 b - - 0 34","1","445","13","57130","103865","23770","84","680119","38","38","d5e3","d5e3","main-result","true","57130","670735.931","85175100","0","0","0","0","info depth 13 seldepth 21 score cp 509 nodes 57130 nps 680119 time 84 hashfull 38 pv d5e3 g1f2 e3d5 d3c5 d7c8 c5d3 g7f6 f2f3 e6e5 f3e4 d5c3 e4e3 e5e4 d3c5","{move=d5e3, main_pv=d5e3,g1f2,e3d5,d3c5,d7c8,c5d3,g7f6,f2f3,e6e5,f3e4,d5c3,e4e3,e5e4,d3c5, helper_submitted=0, aborted=false, helper_exited=0, helper_exceptions=0, search_elapsed_ns=85126600, helper_started=0, main_score_cp=509, main_qnodes=103865, source=main-result, main_tt_hits=23770, abort_ms=85, main_move=d5e3, main_nodes=57130, search=445, main_depth=13, legal=true, helper_pending=0, bestmove_ms=85, event=bestmove, latest_move=d5e3}"
"measured","4","24","8/3b2kp/4p1p1/1p1n4/1P6/3NB3/6PP/6K1 b - - 0 34","2","446","13","51944","95292","24680","76","683473","46","46","d5e3","d5e3","main-result","true","103609","1335739.002","77566800","1","1","1","0","info depth 13 seldepth 21 score cp 509 nodes 51944 nps 683473 time 76 hashfull 46 pv d5e3 g1f2 e3d5 d3c5 d7c8 c5d3 g7f6 f2f3 e6e5 f3e4 d5c3 e4e3 e5e4 d3c5","{move=d5e3, main_pv=d5e3,g1f2,e3d5,d3c5,d7c8,c5d3,g7f6,f2f3,e6e5,f3e4,d5c3,e4e3,e5e4,d3c5, helper_submitted=1, aborted=false, helper_exited=1, helper_exceptions=0, search_elapsed_ns=77530300, helper_started=1, main_score_cp=509, main_qnodes=95292, source=main-result, main_tt_hits=24680, abort_ms=77, main_move=d5e3, main_nodes=51944, search=446, main_depth=13, legal=true, helper_pending=0, bestmove_ms=77, event=bestmove, latest_move=d5e3}"
"measured","4","24","8/3b2kp/4p1p1/1p1n4/1P6/3NB3/6PP/6K1 b - - 0 34","4","447","13","37237","70630","21375","59","631135","65","65","d5e3","d5e3","main-result","true","149956","2484504.569","60356500","3","3","3","0","info depth 13 seldepth 21 score cp 509 nodes 37237 nps 631135 time 59 hashfull 65 pv d5e3 g1f2 e3d5 d3c5 d7c8 c5d3 g7f6 f2f3 e6e5 f3e4 d5c3 e4e3 e5e4","{move=d5e3, main_pv=d5e3,g1f2,e3d5,d3c5,d7c8,c5d3,g7f6,f2f3,e6e5,f3e4,d5c3,e4e3,e5e4, helper_submitted=3, aborted=false, helper_exited=3, helper_exceptions=0, search_elapsed_ns=60277500, helper_started=3, main_score_cp=509, main_qnodes=70630, source=main-result, main_tt_hits=21375, abort_ms=60, main_move=d5e3, main_nodes=37237, search=447, main_depth=13, legal=true, helper_pending=0, bestmove_ms=60, event=bestmove, latest_move=d5e3}"
"measured","4","25","r3k2r/4npp1/1pq1p2p/p6b/PpP1PP1P/7N/2P1QP2/R1B2RK1 b kq - 0 18","2","448","13","121187","263094","51813","284","426714","158","158","h5e2","h5e2","main-result","true","235477","826431.982","284932100","1","1","1","0","info depth 13 seldepth 26 score cp 1578 nodes 121187 nps 426714 time 284 hashfull 158 pv h5e2 f1e1 c6e4 c1e3 e4c4 g1h2 e8g8 e3b6 e7f5 a1c1 f5h4 h2g3 h4f3 e1h1","{move=h5e2, main_pv=h5e2,f1e1,c6e4,c1e3,e4c4,g1h2,e8g8,e3b6,e7f5,a1c1,f5h4,h2g3,h4f3,e1h1, helper_submitted=1, aborted=false, helper_exited=1, helper_exceptions=0, search_elapsed_ns=284887400, helper_started=1, main_score_cp=1578, main_qnodes=263094, source=main-result, main_tt_hits=51813, abort_ms=284, main_move=h5e2, main_nodes=121187, search=448, main_depth=13, legal=true, helper_pending=0, bestmove_ms=284, event=bestmove, latest_move=h5e2}"
"measured","4","25","r3k2r/4npp1/1pq1p2p/p6b/PpP1PP1P/7N/2P1QP2/R1B2RK1 b kq - 0 18","4","449","13","203165","1031867","82143","674","301431","415","415","h5e2","h5e2","main-result","true","845239","1251321.103","675477300","3","3","3","0","info depth 13 seldepth 26 score cp 1599 nodes 203165 nps 301431 time 674 hashfull 415 pv h5e2 f1e1 c6e4 c1e3","{move=h5e2, main_pv=h5e2,f1e1,c6e4,c1e3, helper_submitted=3, aborted=false, helper_exited=3, helper_exceptions=0, search_elapsed_ns=675400000, helper_started=3, main_score_cp=1599, main_qnodes=1031867, source=main-result, main_tt_hits=82143, abort_ms=675, main_move=h5e2, main_nodes=203165, search=449, main_depth=13, legal=true, helper_pending=0, bestmove_ms=675, event=bestmove, latest_move=h5e2}"
"measured","4","25","r3k2r/4npp1/1pq1p2p/p6b/PpP1PP1P/7N/2P1QP2/R1B2RK1 b kq - 0 18","1","450","13","145819","320245","48975","353","413084","105","105","h5e2","h5e2","main-result","true","145819","412099.216","353844400","0","0","0","0","info depth 13 seldepth 24 score cp 1578 nodes 145819 nps 413084 time 353 hashfull 105 pv h5e2 f1e1 c6e4 c1e3 e4c4 g1h2 e8g8 e3b6 e7f5 a1c1 f5h4 h2g3 h4f3 e1h1","{move=h5e2, main_pv=h5e2,f1e1,c6e4,c1e3,e4c4,g1h2,e8g8,e3b6,e7f5,a1c1,f5h4,h2g3,h4f3,e1h1, helper_submitted=0, aborted=false, helper_exited=0, helper_exceptions=0, search_elapsed_ns=353797000, helper_started=0, main_score_cp=1578, main_qnodes=320245, source=main-result, main_tt_hits=48975, abort_ms=353, main_move=h5e2, main_nodes=145819, search=450, main_depth=13, legal=true, helper_pending=0, bestmove_ms=353, event=bestmove, latest_move=h5e2}"
"measured","4","26","8/8/k7/1p6/2p5/2P1K3/8/8 b - - 0 67","4","451","13","41258","125642","30187","79","522253","19","19","a6a5","a6a5","main-result","true","185156","2298809.475","80544300","3","3","3","0","info depth 13 seldepth 21 score cp 397 nodes 41258 nps 522253 time 79 hashfull 19 pv a6a5 e3d2 a5a4 d2c2 a4a3 c2d2 a3b2 d2e3 b2c3 e3e4 b5b4 e4e3 b4b3 e3e4","{move=a6a5, main_pv=a6a5,e3d2,a5a4,d2c2,a4a3,c2d2,a3b2,d2e3,b2c3,e3e4,b5b4,e4e3,b4b3,e3e4, helper_submitted=3, aborted=false, helper_exited=3, helper_exceptions=0, search_elapsed_ns=80452000, helper_started=3, main_score_cp=397, main_qnodes=125642, source=main-result, main_tt_hits=30187, abort_ms=80, main_move=a6a5, main_nodes=41258, search=451, main_depth=13, legal=true, helper_pending=0, bestmove_ms=80, event=bestmove, latest_move=a6a5}"
"measured","4","26","8/8/k7/1p6/2p5/2P1K3/8/8 b - - 0 67","1","452","13","47736","108493","31594","60","795600","16","16","a6a5","a6a5","main-result","true","47736","787172.012","60642400","0","0","0","0","info depth 13 seldepth 21 score cp 422 nodes 47736 nps 795600 time 60 hashfull 16 pv a6a5 e3d2 a5a4 d2c2 a4a3 c2d2 a3b2 d2d1 b2c3 d1c1 c3d3 c1d1 c4c3","{move=a6a5, main_pv=a6a5,e3d2,a5a4,d2c2,a4a3,c2d2,a3b2,d2d1,b2c3,d1c1,c3d3,c1d1,c4c3, helper_submitted=0, aborted=false, helper_exited=0, helper_exceptions=0, search_elapsed_ns=60602600, helper_started=0, main_score_cp=422, main_qnodes=108493, source=main-result, main_tt_hits=31594, abort_ms=60, main_move=a6a5, main_nodes=47736, search=452, main_depth=13, legal=true, helper_pending=0, bestmove_ms=60, event=bestmove, latest_move=a6a5}"
"measured","4","26","8/8/k7/1p6/2p5/2P1K3/8/8 b - - 0 67","2","453","13","47736","110853","31972","62","769935","16","16","a6a5","a6a5","main-result","true","89356","1413368.764","63222000","1","1","1","0","info depth 13 seldepth 21 score cp 485 nodes 47736 nps 769935 time 62 hashfull 16 pv a6a5 e3d2 a5a4 d2c2 a4a3 c2c1 a3b3 c1b1 b3c3 b1c1","{move=a6a5, main_pv=a6a5,e3d2,a5a4,d2c2,a4a3,c2c1,a3b3,c1b1,b3c3,b1c1, helper_submitted=1, aborted=false, helper_exited=1, helper_exceptions=0, search_elapsed_ns=63183300, helper_started=1, main_score_cp=485, main_qnodes=110853, source=main-result, main_tt_hits=31972, abort_ms=63, main_move=a6a5, main_nodes=47736, search=453, main_depth=13, legal=true, helper_pending=0, bestmove_ms=63, event=bestmove, latest_move=a6a5}"
"measured","4","27","8/6b1/p1p4p/2P5/P1B2P1k/8/2K3P1/8 b - - 0 58","1","454","13","72278","177061","37879","109","663100","53","53","a6a5","a6a5","main-result","true","72278","657213.132","109976500","0","0","0","0","info depth 13 seldepth 22 score cp -118 nodes 72278 nps 663100 time 109 hashfull 53 pv a6a5 c4d5 g7d4 d5c6 d4c5 f4f5 h4g5 c6d7 h6h5 c2d3 h5h4 d3c4 c5d6","{move=a6a5, main_pv=a6a5,c4d5,g7d4,d5c6,d4c5,f4f5,h4g5,c6d7,h6h5,c2d3,h5h4,d3c4,c5d6, helper_submitted=0, aborted=false, helper_exited=0, helper_exceptions=0, search_elapsed_ns=109933400, helper_started=0, main_score_cp=-118, main_qnodes=177061, source=main-result, main_tt_hits=37879, abort_ms=109, main_move=a6a5, main_nodes=72278, search=454, main_depth=13, legal=true, helper_pending=0, bestmove_ms=109, event=bestmove, latest_move=a6a5}"
"measured","4","27","8/6b1/p1p4p/2P5/P1B2P1k/8/2K3P1/8 b - - 0 58","2","455","13","60379","149277","38447","95","635568","66","66","a6a5","a6a5","main-result","true","122777","1274788.006","96311700","1","1","1","0","info depth 13 seldepth 23 score cp -118 nodes 60379 nps 635568 time 95 hashfull 66 pv a6a5 c4d5 g7d4 d5c6 d4c5 f4f5 h4g5 c6d7 h6h5 c2d3 h5h4 d3c4 c5d6","{move=a6a5, main_pv=a6a5,c4d5,g7d4,d5c6,d4c5,f4f5,h4g5,c6d7,h6h5,c2d3,h5h4,d3c4,c5d6, helper_submitted=1, aborted=false, helper_exited=1, helper_exceptions=0, search_elapsed_ns=96272600, helper_started=1, main_score_cp=-118, main_qnodes=149277, source=main-result, main_tt_hits=38447, abort_ms=96, main_move=a6a5, main_nodes=60379, search=455, main_depth=13, legal=true, helper_pending=0, bestmove_ms=96, event=bestmove, latest_move=a6a5}"
"measured","4","27","8/6b1/p1p4p/2P5/P1B2P1k/8/2K3P1/8 b - - 0 58","4","456","13","55428","126299","42868","84","659857","68","68","a6a5","a6a5","main-result","true","219388","2582481.484","84952400","3","3","3","0","info depth 13 seldepth 21 score cp -116 nodes 55428 nps 659857 time 84 hashfull 68 pv a6a5 c4d5 g7d4 d5c6 d4c5 c6f3 c5d6 f4f5 h4g5 g2g4 g5f4 f3e2 f4e3","{move=a6a5, main_pv=a6a5,c4d5,g7d4,d5c6,d4c5,c6f3,c5d6,f4f5,h4g5,g2g4,g5f4,f3e2,f4e3, helper_submitted=3, aborted=false, helper_exited=3, helper_exceptions=0, search_elapsed_ns=84870400, helper_started=3, main_score_cp=-116, main_qnodes=126299, source=main-result, main_tt_hits=42868, abort_ms=84, main_move=a6a5, main_nodes=55428, search=456, main_depth=13, legal=true, helper_pending=0, bestmove_ms=84, event=bestmove, latest_move=a6a5}"
"measured","4","28","6k1/4pp1p/3p2p1/P1pPb3/R7/1r2P1PP/3B1P2/6K1 w - - 0 40","2","457","13","3054031","13174284","905376","8208","372079","990","990","d2b4","d2b4","main-result","true","6117334","745152.528","8209505800","1","1","1","0","info depth 13 seldepth 28 score cp 250 nodes 3054031 nps 372079 time 8208 hashfull 990 pv d2b4 c5b4 a5a6 b3c3 a6a7 c3c8 a4b4 c8c1 g1g2 c1a1 b4b8 g8g7 a7a8q a1a8 b8a8 g7f6 g2f3","{move=d2b4, main_pv=d2b4,c5b4,a5a6,b3c3,a6a7,c3c8,a4b4,c8c1,g1g2,c1a1,b4b8,g8g7,a7a8q,a1a8,b8a8,g7f6,g2f3, helper_submitted=1, aborted=false, helper_exited=1, helper_exceptions=0, search_elapsed_ns=8209460700, helper_started=1, main_score_cp=250, main_qnodes=13174284, source=main-result, main_tt_hits=905376, abort_ms=8209, main_move=d2b4, main_nodes=3054031, search=457, main_depth=13, legal=true, helper_pending=0, bestmove_ms=8209, event=bestmove, latest_move=d2b4}"
"measured","4","28","6k1/4pp1p/3p2p1/P1pPb3/R7/1r2P1PP/3B1P2/6K1 w - - 0 40","4","458","13","1041863","4253912","422303","2944","353893","937","937","d2b4","d2b4","main-result","true","4248104","1442580.553","2944795000","3","3","3","0","info depth 13 seldepth 28 score cp 255 nodes 1041863 nps 353893 time 2944 hashfull 937 pv d2b4 c5b4 a5a6 b3c3 a6a7 c3c8 a4b4 g8g7 b4b8 c8c1 g1g2 c1a1","{move=d2b4, main_pv=d2b4,c5b4,a5a6,b3c3,a6a7,c3c8,a4b4,g8g7,b4b8,c8c1,g1g2,c1a1, helper_submitted=3, aborted=false, helper_exited=3, helper_exceptions=0, search_elapsed_ns=2944719700, helper_started=3, main_score_cp=255, main_qnodes=4253912, source=main-result, main_tt_hits=422303, abort_ms=2944, main_move=d2b4, main_nodes=1041863, search=458, main_depth=13, legal=true, helper_pending=0, bestmove_ms=2944, event=bestmove, latest_move=d2b4}"
"measured","4","28","6k1/4pp1p/3p2p1/P1pPb3/R7/1r2P1PP/3B1P2/6K1 w - - 0 40","1","459","13","1825906","7116080","655054","4526","403425","747","747","d2b4","d2b4","main-result","true","1825906","403287.515","4527554000","0","0","0","0","info depth 13 seldepth 28 score cp 267 nodes 1825906 nps 403425 time 4526 hashfull 747 pv d2b4 c5b4 a5a6 b3c3 a6a7 c3c8 a4b4 g8g7 b4b8 c8c1 g1g2 c1a1 a7a8q a1a8 b8a8 g7f6 g2f3 f6f5","{move=d2b4, main_pv=d2b4,c5b4,a5a6,b3c3,a6a7,c3c8,a4b4,g8g7,b4b8,c8c1,g1g2,c1a1,a7a8q,a1a8,b8a8,g7f6,g2f3,f6f5, helper_submitted=0, aborted=false, helper_exited=0, helper_exceptions=0, search_elapsed_ns=4527510600, helper_started=0, main_score_cp=267, main_qnodes=7116080, source=main-result, main_tt_hits=655054, abort_ms=4527, main_move=d2b4, main_nodes=1825906, search=459, main_depth=13, legal=true, helper_pending=0, bestmove_ms=4527, event=bestmove, latest_move=d2b4}"
"measured","4","29","r4k2/pb2bp1r/2n1p2p/1pq3p1/3B1N2/2NQP1PP/PPP2PK1/R4R2 b - - 1 25","4","460","13","1103540","2249348","544057","3314","332993","883","883","c6d4","c6d4","main-result","true","4426606","1335259.592","3315165100","3","3","3","0","info depth 13 seldepth 27 score cp 563 nodes 1103540 nps 332993 time 3314 hashfull 883 pv c6d4 f2f3 d4f5 f4e2 f5e3 g2h2 f8g8 d3b5 c5b5","{move=c6d4, main_pv=c6d4,f2f3,d4f5,f4e2,f5e3,g2h2,f8g8,d3b5,c5b5, helper_submitted=3, aborted=false, helper_exited=3, helper_exceptions=0, search_elapsed_ns=3315098600, helper_started=3, main_score_cp=563, main_qnodes=2249348, source=main-result, main_tt_hits=544057, abort_ms=3315, main_move=c6d4, main_nodes=1103540, search=460, main_depth=13, legal=true, helper_pending=0, bestmove_ms=3315, event=bestmove, latest_move=c6d4}"
"measured","4","29","r4k2/pb2bp1r/2n1p2p/1pq3p1/3B1N2/2NQP1PP/PPP2PK1/R4R2 b - - 1 25","1","461","13","2053406","3893576","411984","5422","378717","784","784","c6d4","c6d4","main-result","true","2053406","378621.298","5423376900","0","0","0","0","info depth 13 seldepth 28 score cp 558 nodes 2053406 nps 378717 time 5422 hashfull 784 pv c6d4 f2f3 d4f5 f4e2 f5e3 g2h2 f8g7 d3b5 c5b5 c3b5 e3f1 a1f1 a8c8 b5d4 h7h8 e2c3 h8d8 f1d1 c8c4","{move=c6d4, main_pv=c6d4,f2f3,d4f5,f4e2,f5e3,g2h2,f8g7,d3b5,c5b5,c3b5,e3f1,a1f1,a8c8,b5d4,h7h8,e2c3,h8d8,f1d1,c8c4, helper_submitted=0, aborted=false, helper_exited=0, helper_exceptions=0, search_elapsed_ns=5423333900, helper_started=0, main_score_cp=558, main_qnodes=3893576, source=main-result, main_tt_hits=411984, abort_ms=5423, main_move=c6d4, main_nodes=2053406, search=461, main_depth=13, legal=true, helper_pending=0, bestmove_ms=5423, event=bestmove, latest_move=c6d4}"
"measured","4","29","r4k2/pb2bp1r/2n1p2p/1pq3p1/3B1N2/2NQP1PP/PPP2PK1/R4R2 b - - 1 25","2","462","13","1609606","3086852","570674","4363","368921","845","845","c6d4","c6d4","main-result","true","3195925","732395.462","4363660300","1","1","1","0","info depth 13 seldepth 27 score cp 553 nodes 1609606 nps 368921 time 4363 hashfull 845 pv c6d4 f2f3 d4f5 f4e2 f5e3","{move=c6d4, main_pv=c6d4,f2f3,d4f5,f4e2,f5e3, helper_submitted=1, aborted=false, helper_exited=1, helper_exceptions=0, search_elapsed_ns=4363620500, helper_started=1, main_score_cp=553, main_qnodes=3086852, source=main-result, main_tt_hits=570674, abort_ms=4363, main_move=c6d4, main_nodes=1609606, search=462, main_depth=13, legal=true, helper_pending=0, bestmove_ms=4363, event=bestmove, latest_move=c6d4}"
"measured","4","30","3r2k1/1p3ppp/2pq4/p1n5/P6P/1P6/1PB2QP1/1K2R3 w - - 0 28","1","463","13","777967","1300972","199111","1744","446081","449","449","f2f5","f2f5","main-result","true","777967","445910.432","1744671000","0","0","0","0","info depth 13 seldepth 25 score cp -99 nodes 777967 nps 446081 time 1744 hashfull 449 pv f2f5 g7g6 f5g5 h7h6 g5e3 b7b6 e1d1 d6f6 d1d8 f6d8 h4h5 g8g7 h5g6 f7g6 e3f3","{move=f2f5, main_pv=f2f5,g7g6,f5g5,h7h6,g5e3,b7b6,e1d1,d6f6,d1d8,f6d8,h4h5,g8g7,h5g6,f7g6,e3f3, helper_submitted=0, aborted=false, helper_exited=0, helper_exceptions=0, search_elapsed_ns=1744608900, helper_started=0, main_score_cp=-99, main_qnodes=1300972, source=main-result, main_tt_hits=199111, abort_ms=1744, main_move=f2f5, main_nodes=777967, search=463, main_depth=13, legal=true, helper_pending=0, bestmove_ms=1744, event=bestmove, latest_move=f2f5}"
"measured","4","30","3r2k1/1p3ppp/2pq4/p1n5/P6P/1P6/1PB2QP1/1K2R3 w - - 0 28","2","464","13","827121","1506535","199328","2000","413560","691","691","f2f3","f2f3","main-result","true","1650337","824766.550","2000974700","1","1","1","0","info depth 13 seldepth 25 score cp -117 nodes 827121 nps 413560 time 2000 hashfull 691 pv f2f3 g7g6 h4h5 c5e6","{move=f2f3, main_pv=f2f3,g7g6,h4h5,c5e6, helper_submitted=1, aborted=false, helper_exited=1, helper_exceptions=0, search_elapsed_ns=2000934700, helper_started=1, main_score_cp=-117, main_qnodes=1506535, source=main-result, main_tt_hits=199328, abort_ms=2000, main_move=f2f3, main_nodes=827121, search=464, main_depth=13, legal=true, helper_pending=0, bestmove_ms=2000, event=bestmove, latest_move=f2f3}"
"measured","4","30","3r2k1/1p3ppp/2pq4/p1n5/P6P/1P6/1PB2QP1/1K2R3 w - - 0 28","4","465","13","493078","932618","163012","1209","407839","766","766","f2f5","f2f5","main-result","true","1956558","1616141.675","1210635200","3","3","3","0","info depth 13 seldepth 26 score cp -99 nodes 493078 nps 407839 time 1209 hashfull 766 pv f2f5 g7g6 f5g5","{move=f2f5, main_pv=f2f5,g7g6,f5g5, helper_submitted=3, aborted=false, helper_exited=3, helper_exceptions=0, search_elapsed_ns=1210565700, helper_started=3, main_score_cp=-99, main_qnodes=932618, source=main-result, main_tt_hits=163012, abort_ms=1210, main_move=f2f5, main_nodes=493078, search=465, main_depth=13, legal=true, helper_pending=0, bestmove_ms=1210, event=bestmove, latest_move=f2f5}"
"measured","5","0","rnbqkbnr/pppppppp/8/8/8/8/PPPPPPPP/RNBQKBNR w KQkq - 0 1","2","466","13","478682","1085937","144291","1158","413369","553","553","e2e4","e2e4","main-result","true","941880","812558.755","1159153100","1","1","1","0","info depth 13 seldepth 22 score cp 29 nodes 478682 nps 413369 time 1158 hashfull 553 pv e2e4 e7e5","{move=e2e4, main_pv=e2e4,e7e5, helper_submitted=1, aborted=false, helper_exited=1, helper_exceptions=0, search_elapsed_ns=1159108600, helper_started=1, main_score_cp=29, main_qnodes=1085937, source=main-result, main_tt_hits=144291, abort_ms=1159, main_move=e2e4, main_nodes=478682, search=466, main_depth=13, legal=true, helper_pending=0, bestmove_ms=1159, event=bestmove, latest_move=e2e4}"
"measured","5","0","rnbqkbnr/pppppppp/8/8/8/8/PPPPPPPP/RNBQKBNR w KQkq - 0 1","4","467","13","314927","751603","114707","835","377158","634","634","e2e4","e2e4","main-result","true","1284842","1537019.571","835930800","3","3","3","0","info depth 13 seldepth 25 score cp 29 nodes 314927 nps 377158 time 835 hashfull 634 pv e2e4 e7e5 g1f3","{move=e2e4, main_pv=e2e4,e7e5,g1f3, helper_submitted=3, aborted=false, helper_exited=3, helper_exceptions=0, search_elapsed_ns=835850400, helper_started=3, main_score_cp=29, main_qnodes=751603, source=main-result, main_tt_hits=114707, abort_ms=835, main_move=e2e4, main_nodes=314927, search=467, main_depth=13, legal=true, helper_pending=0, bestmove_ms=835, event=bestmove, latest_move=e2e4}"
"measured","5","0","rnbqkbnr/pppppppp/8/8/8/8/PPPPPPPP/RNBQKBNR w KQkq - 0 1","1","468","13","528398","1218768","145603","1260","419363","372","372","e2e4","e2e4","main-result","true","528398","418919.072","1261336700","0","0","0","0","info depth 13 seldepth 23 score cp 29 nodes 528398 nps 419363 time 1260 hashfull 372 pv e2e4 e7e5 g1f3 g8f6 b1c3 b8c6 d2d4 e5d4 f3d4 c6d4 d1d4 c7c6 f1e2","{move=e2e4, main_pv=e2e4,e7e5,g1f3,g8f6,b1c3,b8c6,d2d4,e5d4,f3d4,c6d4,d1d4,c7c6,f1e2, helper_submitted=0, aborted=false, helper_exited=0, helper_exceptions=0, search_elapsed_ns=1261273500, helper_started=0, main_score_cp=29, main_qnodes=1218768, source=main-result, main_tt_hits=145603, abort_ms=1261, main_move=e2e4, main_nodes=528398, search=468, main_depth=13, legal=true, helper_pending=0, bestmove_ms=1261, event=bestmove, latest_move=e2e4}"
"measured","5","1","r3k2r/p1ppqpb1/bn2pnp1/3PN3/1p2P3/2N2Q1p/PPPBBPPP/R3K2R w KQkq - 0 1","4","469","13","7861316","24152103","3083176","30557","257267","1000","1000","e2a6","e2a6","main-result","true","32274974","1056191.277","30557887300","3","3","3","0","info depth 13 seldepth 28 score cp -146 nodes 7861316 nps 257267 time 30557 hashfull 1000 pv e2a6 b4c3 d2c3 e6d5 e5g4 f6g4 c3g7 g4e5 f3g3 h3g2 g3g2 h8h7 a6b7 e7b4 c2c3","{move=e2a6, main_pv=e2a6,b4c3,d2c3,e6d5,e5g4,f6g4,c3g7,g4e5,f3g3,h3g2,g3g2,h8h7,a6b7,e7b4,c2c3, helper_submitted=3, aborted=false, helper_exited=3, helper_exceptions=0, search_elapsed_ns=30557800700, helper_started=3, main_score_cp=-146, main_qnodes=24152103, source=main-result, main_tt_hits=3083176, abort_ms=30557, main_move=e2a6, main_nodes=7861316, search=469, main_depth=13, legal=true, helper_pending=0, bestmove_ms=30557, event=bestmove, latest_move=e2a6}"
"measured","5","1","r3k2r/p1ppqpb1/bn2pnp1/3PN3/1p2P3/2N2Q1p/PPPBBPPP/R3K2R w KQkq - 0 1","1","470","13","3475078","7660190","475283","11724","296407","925","925","e2a6","e2a6","main-result","true","3475078","296364.284","11725697700","0","0","0","0","info depth 13 seldepth 28 score cp -90 nodes 3475078 nps 296407 time 11724 hashfull 925 pv e2a6 b4c3 d2c3 e6d5 e5g4 h3g2 f3g2 e8f8 c3f6 g7f6 e1c1 f6g5 c1b1 d5e4 h2h4 h8h4","{move=e2a6, main_pv=e2a6,b4c3,d2c3,e6d5,e5g4,h3g2,f3g2,e8f8,c3f6,g7f6,e1c1,f6g5,c1b1,d5e4,h2h4,h8h4, helper_submitted=0, aborted=false, helper_exited=0, helper_exceptions=0, search_elapsed_ns=11725625600, helper_started=0, main_score_cp=-90, main_qnodes=7660190, source=main-result, main_tt_hits=475283, abort_ms=11725, main_move=e2a6, main_nodes=3475078, search=470, main_depth=13, legal=true, helper_pending=0, bestmove_ms=11725, event=bestmove, latest_move=e2a6}"
"measured","5","1","r3k2r/p1ppqpb1/bn2pnp1/3PN3/1p2P3/2N2Q1p/PPPBBPPP/R3K2R w KQkq - 0 1","2","471","13","14119997","41728897","1530866","50917","277314","1000","1000","e2a6","e2a6","main-result","true","29000226","569545.941","50918150600","1","1","1","0","info depth 13 seldepth 28 score cp -167 nodes 14119997 nps 277314 time 50917 hashfull 1000 pv e2a6 e6d5 e5g6 f7g6 c3e2 f6e4 e1c1 e4d2 d1d2 h3g2 f3g2 e8g8 a6d3 g6g5","{move=e2a6, main_pv=e2a6,e6d5,e5g6,f7g6,c3e2,f6e4,e1c1,e4d2,d1d2,h3g2,f3g2,e8g8,a6d3,g6g5, helper_submitted=1, aborted=false, helper_exited=1, helper_exceptions=0, search_elapsed_ns=50918066800, helper_started=1, main_score_cp=-167, main_qnodes=41728897, source=main-result, main_tt_hits=1530866, abort_ms=50918, main_move=e2a6, main_nodes=14119997, search=471, main_depth=13, legal=true, helper_pending=0, bestmove_ms=50918, event=bestmove, latest_move=e2a6}"
"measured","5","2","4k3/8/8/8/8/8/4P3/4K3 w - - 5 39","1","472","13","7568","7523","8952","7","1081142","2","2","e1d2","e1d2","main-result","true","7568","988505.747","7656000","0","0","0","0","info depth 13 seldepth 17 score cp 160 nodes 7568 nps 1081142 time 7 hashfull 2 pv e1d2 e8d7 d2e3 d7d6 e3f4 d6e6 e2e4 e6f6 e4e5 f6e7 f4e3 e7d7 e3e4 d7e6","{move=e1d2, main_pv=e1d2,e8d7,d2e3,d7d6,e3f4,d6e6,e2e4,e6f6,e4e5,f6e7,f4e3,e7d7,e3e4,d7e6, helper_submitted=0, aborted=false, helper_exited=0, helper_exceptions=0, search_elapsed_ns=7618300, helper_started=0, main_score_cp=160, main_qnodes=7523, source=main-result, main_tt_hits=8952, abort_ms=7, main_move=e1d2, main_nodes=7568, search=472, main_depth=13, legal=true, helper_pending=0, bestmove_ms=7, event=bestmove, latest_move=e1d2}"
"measured","5","2","4k3/8/8/8/8/8/4P3/4K3 w - - 5 39","2","473","13","7232","7591","9264","7","1033142","2","2","e1d2","e1d2","main-result","true","14730","1849712.434","7963400","1","1","1","0","info depth 13 seldepth 18 score cp 159 nodes 7232 nps 1033142 time 7 hashfull 2 pv e1d2 e8d7 d2e3 d7e7 e3f4 e7e6 e2e4 e6f6 e4e5 f6e7 f4f5 e7d7 f5f6 d7c6","{move=e1d2, main_pv=e1d2,e8d7,d2e3,d7e7,e3f4,e7e6,e2e4,e6f6,e4e5,f6e7,f4f5,e7d7,f5f6,d7c6, helper_submitted=1, aborted=false, helper_exited=1, helper_exceptions=0, search_elapsed_ns=7904200, helper_started=1, main_score_cp=159, main_qnodes=7591, source=main-result, main_tt_hits=9264, abort_ms=7, main_move=e1d2, main_nodes=7232, search=473, main_depth=13, legal=true, helper_pending=0, bestmove_ms=7, event=bestmove, latest_move=e1d2}"
"measured","5","2","4k3/8/8/8/8/8/4P3/4K3 w - - 5 39","4","474","13","6126","6187","8089","5","1225200","2","2","e1d2","e1d2","main-result","true","24312","3717544.879","6539800","3","3","3","0","info depth 13 seldepth 16 score cp 160 nodes 6126 nps 1225200 time 5 hashfull 2 pv e1d2 e8d7 d2e3 d7e6 e3d4 e6e7","{move=e1d2, main_pv=e1d2,e8d7,d2e3,d7e6,e3d4,e6e7, helper_submitted=3, aborted=false, helper_exited=3, helper_exceptions=0, search_elapsed_ns=6486300, helper_started=3, main_score_cp=160, main_qnodes=6187, source=main-result, main_tt_hits=8089, abort_ms=6, main_move=e1d2, main_nodes=6126, search=474, main_depth=13, legal=true, helper_pending=0, bestmove_ms=6, event=bestmove, latest_move=e1d2}"
"measured","5","3","r3k2r/Pppp1ppp/1b3nbN/nP6/BBP1P3/q4N2/Pp1P2PP/R2Q1RK1 w kq - 0 1","2","475","13","516653","1325214","233936","1791","288471","387","387","c4c5","c4c5","main-result","true","1031034","575377.555","1791926000","1","1","1","0","info depth 13 seldepth 27 score cp -590 nodes 516653 nps 288471 time 1791 hashfull 387 pv c4c5 b6c5 b4c5 a3c5 g1h1 b2a1r d1a1 a8a7 e4e5 f6h5 g2g4 g7h6 g4h5 g6h5 d2d4 c5c4 b5b6","{move=c4c5, main_pv=c4c5,b6c5,b4c5,a3c5,g1h1,b2a1r,d1a1,a8a7,e4e5,f6h5,g2g4,g7h6,g4h5,g6h5,d2d4,c5c4,b5b6, helper_submitted=1, aborted=false, helper_exited=1, helper_exceptions=0, search_elapsed_ns=1791885100, helper_started=1, main_score_cp=-590, main_qnodes=1325214, source=main-result, main_tt_hits=233936, abort_ms=1791, main_move=c4c5, main_nodes=516653, search=475, main_depth=13, legal=true, helper_pending=0, bestmove_ms=1791, event=bestmove, latest_move=c4c5}"
"measured","5","3","r3k2r/Pppp1ppp/1b3nbN/nP6/BBP1P3/q4N2/Pp1P2PP/R2Q1RK1 w kq - 0 1","4","476","13","458662","1208403","274586","1664","275638","386","386","c4c5","c4c5","main-result","true","1830851","1099240.826","1665559500","3","3","3","0","info depth 13 seldepth 27 score cp -590 nodes 458662 nps 275638 time 1664 hashfull 386 pv c4c5 b6c5 b4c5 a3c5 g1h1 b2a1r d1a1 a8a7 e4e5 f6h5 g2g4 g7h6 g4h5 g6h5 d2d4 c5c4 b5b6","{move=c4c5, main_pv=c4c5,b6c5,b4c5,a3c5,g1h1,b2a1r,d1a1,a8a7,e4e5,f6h5,g2g4,g7h6,g4h5,g6h5,d2d4,c5c4,b5b6, helper_submitted=3, aborted=false, helper_exited=3, helper_exceptions=0, search_elapsed_ns=1665477600, helper_started=3, main_score_cp=-590, main_qnodes=1208403, source=main-result, main_tt_hits=274586, abort_ms=1665, main_move=c4c5, main_nodes=458662, search=476, main_depth=13, legal=true, helper_pending=0, bestmove_ms=1665, event=bestmove, latest_move=c4c5}"
"measured","5","3","r3k2r/Pppp1ppp/1b3nbN/nP6/BBP1P3/q4N2/Pp1P2PP/R2Q1RK1 w kq - 0 1","1","477","13","605659","1501526","198351","1992","304045","375","375","c4c5","c4c5","main-result","true","605659","303917.601","1992839500","0","0","0","0","info depth 13 seldepth 27 score cp -590 nodes 605659 nps 304045 time 1992 hashfull 375 pv c4c5 b6c5 b4c5 a3c5 g1h1 b2a1r d1a1 a8a7 e4e5 f6h5 g2g4 g7h6 g4h5 g6h5 d2d4 c5c4 b5b6","{move=c4c5, main_pv=c4c5,b6c5,b4c5,a3c5,g1h1,b2a1r,d1a1,a8a7,e4e5,f6h5,g2g4,g7h6,g4h5,g6h5,d2d4,c5c4,b5b6, helper_submitted=0, aborted=false, helper_exited=0, helper_exceptions=0, search_elapsed_ns=1992791700, helper_started=0, main_score_cp=-590, main_qnodes=1501526, source=main-result, main_tt_hits=198351, abort_ms=1992, main_move=c4c5, main_nodes=605659, search=477, main_depth=13, legal=true, helper_pending=0, bestmove_ms=1992, event=bestmove, latest_move=c4c5}"
"measured","5","4","rnbqkbnr/p1pppppp/8/1p6/2PP4/8/PP2PPPP/RNBQKBNR b KQkq c3 0 2","4","478","13","172578","440507","98614","482","358045","341","341","b5c4","b5c4","main-result","true","690117","1427720.261","483369900","3","3","3","0","info depth 13 seldepth 23 score cp -31 nodes 172578 nps 358045 time 482 hashfull 341 pv b5c4 e2e4 c8a6 b1c3 e7e6 d1a4 c7c6 f1c4 a6c4 a4c4 d7d5 c4e2 d5e4","{move=b5c4, main_pv=b5c4,e2e4,c8a6,b1c3,e7e6,d1a4,c7c6,f1c4,a6c4,a4c4,d7d5,c4e2,d5e4, helper_submitted=3, aborted=false, helper_exited=3, helper_exceptions=0, search_elapsed_ns=483294800, helper_started=3, main_score_cp=-31, main_qnodes=440507, source=main-result, main_tt_hits=98614, abort_ms=483, main_move=b5c4, main_nodes=172578, search=478, main_depth=13, legal=true, helper_pending=0, bestmove_ms=483, event=bestmove, latest_move=b5c4}"
"measured","5","4","rnbqkbnr/p1pppppp/8/1p6/2PP4/8/PP2PPPP/RNBQKBNR b KQkq c3 0 2","1","479","13","444366","1180659","97281","1188","374045","324","324","b5c4","b5c4","main-result","true","444366","373675.019","1189177700","0","0","0","0","info depth 13 seldepth 23 score cp -45 nodes 444366 nps 374045 time 1188 hashfull 324 pv b5c4 e2e4 c7c6 f1c4 d7d5 e4d5 c6d5 c4d3 b8c6 g1f3 g8f6 e1g1 a8b8","{move=b5c4, main_pv=b5c4,e2e4,c7c6,f1c4,d7d5,e4d5,c6d5,c4d3,b8c6,g1f3,g8f6,e1g1,a8b8, helper_submitted=0, aborted=false, helper_exited=0, helper_exceptions=0, search_elapsed_ns=1189137300, helper_started=0, main_score_cp=-45, main_qnodes=1180659, source=main-result, main_tt_hits=97281, abort_ms=1189, main_move=b5c4, main_nodes=444366, search=479, main_depth=13, legal=true, helper_pending=0, bestmove_ms=1189, event=bestmove, latest_move=b5c4}"
"measured","5","4","rnbqkbnr/p1pppppp/8/1p6/2PP4/8/PP2PPPP/RNBQKBNR b KQkq c3 0 2","2","480","13","240552","618092","111054","650","370080","266","266","b5c4","b5c4","main-result","true","484199","743760.471","651014700","1","1","1","0","info depth 13 seldepth 24 score cp -45 nodes 240552 nps 370080 time 650 hashfull 266 pv b5c4 e2e4 c7c6 f1c4 d7d5 e4d5 c6d5 c4d3 b8c6 g1f3 g8f6 e1g1 a8b8","{move=b5c4, main_pv=b5c4,e2e4,c7c6,f1c4,d7d5,e4d5,c6d5,c4d3,b8c6,g1f3,g8f6,e1g1,a8b8, helper_submitted=1, aborted=false, helper_exited=1, helper_exceptions=0, search_elapsed_ns=650975900, helper_started=1, main_score_cp=-45, main_qnodes=618092, source=main-result, main_tt_hits=111054, abort_ms=650, main_move=b5c4, main_nodes=240552, search=480, main_depth=13, legal=true, helper_pending=0, bestmove_ms=650, event=bestmove, latest_move=b5c4}"
"measured","5","5","r1bq1r1k/1pp1n1pp/1p1p4/4p2b/2B1P3/P1N1NP2/1PP3PP/R1BQ1RK1 w - - 2 14","1","481","13","1549645","3889617","292659","4485","345517","720","720","d1d3","d1d3","main-result","true","1549645","345424.350","4486206600","0","0","0","0","info depth 13 seldepth 25 score cp 416 nodes 1549645 nps 345517 time 4485 hashfull 720 pv d1d3 h7h6 c1d2 h5f7 c4f7","{move=d1d3, main_pv=d1d3,h7h6,c1d2,h5f7,c4f7, helper_submitted=0, aborted=false, helper_exited=0, helper_exceptions=0, search_elapsed_ns=4486163900, helper_started=0, main_score_cp=416, main_qnodes=3889617, source=main-result, main_tt_hits=292659, abort_ms=4486, main_move=d1d3, main_nodes=1549645, search=481, main_depth=13, legal=true, helper_pending=0, bestmove_ms=4486, event=bestmove, latest_move=d1d3}"
"measured","5","5","r1bq1r1k/1pp1n1pp/1p1p4/4p2b/2B1P3/P1N1NP2/1PP3PP/R1BQ1RK1 w - - 2 14","2","482","13","774821","1874227","216643","2187","354284","707","707","c1d2","c1d2","main-result","true","1536688","702401.013","2187764500","1","1","1","0","info depth 13 seldepth 22 score cp 415 nodes 774821 nps 354284 time 2187 hashfull 707 pv c1d2 h5f7 c4f7 f8f7 c3e2 c7c5 e2g3 e7c6 g1h1 c8e6 c2c3 d6d5 g3f5 d5e4","{move=c1d2, main_pv=c1d2,h5f7,c4f7,f8f7,c3e2,c7c5,e2g3,e7c6,g1h1,c8e6,c2c3,d6d5,g3f5,d5e4, helper_submitted=1, aborted=false, helper_exited=1, helper_exceptions=0, search_elapsed_ns=2187719700, helper_started=1, main_score_cp=415, main_qnodes=1874227, source=main-result, main_tt_hits=216643, abort_ms=2187, main_move=c1d2, main_nodes=774821, search=482, main_depth=13, legal=true, helper_pending=0, bestmove_ms=2187, event=bestmove, latest_move=c1d2}"
"measured","5","5","r1bq1r1k/1pp1n1pp/1p1p4/4p2b/2B1P3/P1N1NP2/1PP3PP/R1BQ1RK1 w - - 2 14","4","483","13","318284","752127","143279","943","337522","575","575","d1d3","d1d3","main-result","true","1261584","1335583.754","944593700","3","3","3","0","info depth 13 seldepth 21 score cp 419 nodes 318284 nps 337522 time 943 hashfull 575 pv d1d3 c7c6 c4b3 b6b5 c1d2 h5f7 b3f7 f8f7 a3a4","{move=d1d3, main_pv=d1d3,c7c6,c4b3,b6b5,c1d2,h5f7,b3f7,f8f7,a3a4, helper_submitted=3, aborted=false, helper_exited=3, helper_exceptions=0, search_elapsed_ns=944523200, helper_started=3, main_score_cp=419, main_qnodes=752127, source=main-result, main_tt_hits=143279, abort_ms=944, main_move=d1d3, main_nodes=318284, search=483, main_depth=13, legal=true, helper_pending=0, bestmove_ms=944, event=bestmove, latest_move=d1d3}"
"measured","5","6","r3r1k1/2p2ppp/p1p1bn2/8/1q2P3/2NPQN2/PPP3PP/R4RK1 b - - 2 24","2","484","13","443936","929655","205298","1212","366283","465","465","b4b2","b4b2","main-result","true","880838","726152.908","1213020000","1","1","1","0","info depth 13 seldepth 22 score cp -47 nodes 443936 nps 366283 time 1212 hashfull 465 pv b4b2 e3d2 b2b6 g1h1 a8b8 d3d4 a6a5 e4e5 f6d5 f3g5 d5c3 d2c3 b6a6 g5e6","{move=b4b2, main_pv=b4b2,e3d2,b2b6,g1h1,a8b8,d3d4,a6a5,e4e5,f6d5,f3g5,d5c3,d2c3,b6a6,g5e6, helper_submitted=1, aborted=false, helper_exited=1, helper_exceptions=0, search_elapsed_ns=1212976900, helper_started=1, main_score_cp=-47, main_qnodes=929655, source=main-result, main_tt_hits=205298, abort_ms=1212, main_move=b4b2, main_nodes=443936, search=484, main_depth=13, legal=true, helper_pending=0, bestmove_ms=1212, event=bestmove, latest_move=b4b2}"
"measured","5","6","r3r1k1/2p2ppp/p1p1bn2/8/1q2P3/2NPQN2/PPP3PP/R4RK1 b - - 2 24","4","485","13","390789","861465","232796","1145","341300","523","523","b4b2","b4b2","main-result","true","1563291","1363158.479","1146815300","3","3","3","0","info depth 13 seldepth 22 score cp -57 nodes 390789 nps 341300 time 1145 hashfull 523 pv b4b2 d3d4 b2a3 e3d3 a8b8 a1b1 f6g4 b1b8 e8b8 f3g5 a3e7 g5e6 e7e6","{move=b4b2, main_pv=b4b2,d3d4,b2a3,e3d3,a8b8,a1b1,f6g4,b1b8,e8b8,f3g5,a3e7,g5e6,e7e6, helper_submitted=3, aborted=false, helper_exited=3, helper_exceptions=0, search_elapsed_ns=1146743600, helper_started=3, main_score_cp=-57, main_qnodes=861465, source=main-result, main_tt_hits=232796, abort_ms=1146, main_move=b4b2, main_nodes=390789, search=485, main_depth=13, legal=true, helper_pending=0, bestmove_ms=1146, event=bestmove, latest_move=b4b2}"
"measured","5","6","r3r1k1/2p2ppp/p1p1bn2/8/1q2P3/2NPQN2/PPP3PP/R4RK1 b - - 2 24","1","486","13","634214","1300189","229620","1679","377733","408","408","b4b2","b4b2","main-result","true","634214","377482.426","1680115300","0","0","0","0","info depth 13 seldepth 23 score cp -43 nodes 634214 nps 377733 time 1679 hashfull 408 pv b4b2 e3d2 b2b6 g1h1 a8b8 d3d4 c6c5 a1b1 b6a5 d4d5 b8b1 f1b1","{move=b4b2, main_pv=b4b2,e3d2,b2b6,g1h1,a8b8,d3d4,c6c5,a1b1,b6a5,d4d5,b8b1,f1b1, helper_submitted=0, aborted=false, helper_exited=0, helper_exceptions=0, search_elapsed_ns=1680038000, helper_started=0, main_score_cp=-43, main_qnodes=1300189, source=main-result, main_tt_hits=229620, abort_ms=1680, main_move=b4b2, main_nodes=634214, search=486, main_depth=13, legal=true, helper_pending=0, bestmove_ms=1680, event=bestmove, latest_move=b4b2}"
"measured","5","7","r1bb4/3n1k2/p3p3/1p1pPp2/1Pp5/2P2N1B/P4PPP/4RK2 w - - 2 21","4","487","13","503361","1254347","167555","1225","410906","748","748","f3d4","f3d4","main-result","true","1981487","1616027.543","1226146800","3","3","3","0","info depth 13 seldepth 26 score cp -308 nodes 503361 nps 410906 time 1225 hashfull 748 pv f3d4 d7b6 f2f4 a6a5 a2a3 a5b4 a3b4 c8d7 h3f5 b6a4 f5e6 d7e6 d4b5 a8b8","{move=f3d4, main_pv=f3d4,d7b6,f2f4,a6a5,a2a3,a5b4,a3b4,c8d7,h3f5,b6a4,f5e6,d7e6,d4b5,a8b8, helper_submitted=3, aborted=false, helper_exited=3, helper_exceptions=0, search_elapsed_ns=1226055800, helper_started=3, main_score_cp=-308, main_qnodes=1254347, source=main-result, main_tt_hits=167555, abort_ms=1226, main_move=f3d4, main_nodes=503361, search=487, main_depth=13, legal=true, helper_pending=0, bestmove_ms=1226, event=bestmove, latest_move=f3d4}"
"measured","5","7","r1bb4/3n1k2/p3p3/1p1pPp2/1Pp5/2P2N1B/P4PPP/4RK2 w - - 2 21","1","488","13","994398","2473757","160864","2392","415718","574","574","h3f5","h3f5","main-result","true","994398","415552.684","2392952900","0","0","0","0","info depth 13 seldepth 26 score cp -295 nodes 994398 nps 415718 time 2392 hashfull 574 pv h3f5 a6a5 a2a3 e6f5 e5e6 f7f6 e6d7 c8d7 f3e5 d7e6 e5c6 d8c7 c6d4 e6d7 h2h4","{move=h3f5, main_pv=h3f5,a6a5,a2a3,e6f5,e5e6,f7f6,e6d7,c8d7,f3e5,d7e6,e5c6,d8c7,c6d4,e6d7,h2h4, helper_submitted=0, aborted=false, helper_exited=0, helper_exceptions=0, search_elapsed_ns=2392906500, helper_started=0, main_score_cp=-295, main_qnodes=2473757, source=main-result, main_tt_hits=160864, abort_ms=2392, main_move=h3f5, main_nodes=994398, search=488, main_depth=13, legal=true, helper_pending=0, bestmove_ms=2392, event=bestmove, latest_move=h3f5}"
"measured","5","7","r1bb4/3n1k2/p3p3/1p1pPp2/1Pp5/2P2N1B/P4PPP/4RK2 w - - 2 21","2","489","13","919553","2322901","193744","2222","413840","800","800","h3f5","h3f5","main-result","true","1847579","831226.001","2222715600","1","1","1","0","info depth 13 seldepth 27 score cp -299 nodes 919553 nps 413840 time 2222 hashfull 800 pv h3f5 e6f5","{move=h3f5, main_pv=h3f5,e6f5, helper_submitted=1, aborted=false, helper_exited=1, helper_exceptions=0, search_elapsed_ns=2222676500, helper_started=1, main_score_cp=-299, main_qnodes=2322901, source=main-result, main_tt_hits=193744, abort_ms=2222, main_move=h3f5, main_nodes=919553, search=489, main_depth=13, legal=true, helper_pending=0, bestmove_ms=2222, event=bestmove, latest_move=h3f5}"
"measured","5","8","r1bq1rk1/ppp1nppp/4n3/3p3Q/3P4/1BP1B3/PP1N2PP/R4RK1 w - - 1 16","1","490","13","944419","1841645","307182","2403","393016","560","560","b3c2","b3c2","main-result","true","944419","392791.253","2404378900","0","0","0","0","info depth 13 seldepth 22 score cp 16 nodes 944419 nps 393016 time 2403 hashfull 560 pv b3c2 e7g6 d2f3 c7c6 f3e5 c8d7 a1e1 a7a6","{move=b3c2, main_pv=b3c2,e7g6,d2f3,c7c6,f3e5,c8d7,a1e1,a7a6, helper_submitted=0, aborted=false, helper_exited=0, helper_exceptions=0, search_elapsed_ns=2404339900, helper_started=0, main_score_cp=16, main_qnodes=1841645, source=main-result, main_tt_hits=307182, abort_ms=2404, main_move=b3c2, main_nodes=944419, search=490, main_depth=13, legal=true, helper_pending=0, bestmove_ms=2404, event=bestmove, latest_move=b3c2}"
"measured","5","8","r1bq1rk1/ppp1nppp/4n3/3p3Q/3P4/1BP1B3/PP1N2PP/R4RK1 w - - 1 16","2","491","13","772501","1502559","373932","2010","384328","658","658","b3c2","b3c2","main-result","true","1535229","763478.698","2010834100","1","1","1","0","info depth 13 seldepth 22 score cp 14 nodes 772501 nps 384328 time 2010 hashfull 658 pv b3c2 e7g6 d2f3 d8d6 f3e5 c8d7 a2a4 a8e8 g1h1 b7b6 b2b4 d7c6 a4a5","{move=b3c2, main_pv=b3c2,e7g6,d2f3,d8d6,f3e5,c8d7,a2a4,a8e8,g1h1,b7b6,b2b4,d7c6,a4a5, helper_submitted=1, aborted=false, helper_exited=1, helper_exceptions=0, search_elapsed_ns=2010793400, helper_started=1, main_score_cp=14, main_qnodes=1502559, source=main-result, main_tt_hits=373932, abort_ms=2010, main_move=b3c2, main_nodes=772501, search=491, main_depth=13, legal=true, helper_pending=0, bestmove_ms=2010, event=bestmove, latest_move=b3c2}"
"measured","5","8","r1bq1rk1/ppp1nppp/4n3/3p3Q/3P4/1BP1B3/PP1N2PP/R4RK1 w - - 1 16","4","492","13","575027","1174755","313615","1605","358272","777","777","b3c2","b3c2","main-result","true","2260961","1407633.815","1606213900","3","3","3","0","info depth 13 seldepth 25 score cp 18 nodes 575027 nps 358272 time 1605 hashfull 777 pv b3c2 e7g6 d2f3 d8d6 f3e5 c8d7 a2a4 a7a5 a1e1 c7c6 g1h1","{move=b3c2, main_pv=b3c2,e7g6,d2f3,d8d6,f3e5,c8d7,a2a4,a7a5,a1e1,c7c6,g1h1, helper_submitted=3, aborted=false, helper_exited=3, helper_exceptions=0, search_elapsed_ns=1606139300, helper_started=3, main_score_cp=18, main_qnodes=1174755, source=main-result, main_tt_hits=313615, abort_ms=1606, main_move=b3c2, main_nodes=575027, search=492, main_depth=13, legal=true, helper_pending=0, bestmove_ms=1606, event=bestmove, latest_move=b3c2}"
"measured","5","9","6k1/3r4/2R5/P5pp/3b4/6P1/5PK1/8 w - - 1 45","2","493","13","230100","555091","83982","448","513616","296","296","c6g6","c6g6","main-result","true","454315","1010964.250","449387800","1","1","1","0","info depth 13 seldepth 26 score cp -119 nodes 230100 nps 513616 time 448 hashfull 296 pv c6g6 d7g7 g6d6 d4a7 d6d5 g8f7 a5a6 f7e6 d5b5 g7f7 f2f3 a7e3 b5b7 e3c5","{move=c6g6, main_pv=c6g6,d7g7,g6d6,d4a7,d6d5,g8f7,a5a6,f7e6,d5b5,g7f7,f2f3,a7e3,b5b7,e3c5, helper_submitted=1, aborted=false, helper_exited=1, helper_exceptions=0, search_elapsed_ns=449344400, helper_started=1, main_score_cp=-119, main_qnodes=555091, source=main-result, main_tt_hits=83982, abort_ms=449, main_move=c6g6, main_nodes=230100, search=493, main_depth=13, legal=true, helper_pending=0, bestmove_ms=449, event=bestmove, latest_move=c6g6}"
"measured","5","9","6k1/3r4/2R5/P5pp/3b4/6P1/5PK1/8 w - - 1 45","4","494","13","161204","384217","72599","323","499083","302","302","c6g6","c6g6","main-result","true","629990","1942318.993","324349400","3","3","3","0","info depth 13 seldepth 25 score cp -119 nodes 161204 nps 499083 time 323 hashfull 302 pv c6g6","{move=c6g6, main_pv=c6g6, helper_submitted=3, aborted=false, helper_exited=3, helper_exceptions=0, search_elapsed_ns=324275000, helper_started=3, main_score_cp=-119, main_qnodes=384217, source=main-result, main_tt_hits=72599, abort_ms=324, main_move=c6g6, main_nodes=161204, search=494, main_depth=13, legal=true, helper_pending=0, bestmove_ms=324, event=bestmove, latest_move=c6g6}"
"measured","5","9","6k1/3r4/2R5/P5pp/3b4/6P1/5PK1/8 w - - 1 45","1","495","13","258683","591758","78893","483","535575","175","175","c6g6","c6g6","main-result","true","258683","534774.073","483723900","0","0","0","0","info depth 13 seldepth 25 score cp -110 nodes 258683 nps 535575 time 483 hashfull 175 pv c6g6 d7g7 g6d6 d4a7 d6d5 g8f7 d5d6 f7e7 d6c6 g7f7 c6c7 e7f6 c7f7 f6f7 a5a6 a7c5","{move=c6g6, main_pv=c6g6,d7g7,g6d6,d4a7,d6d5,g8f7,d5d6,f7e7,d6c6,g7f7,c6c7,e7f6,c7f7,f6f7,a5a6,a7c5, helper_submitted=0, aborted=false, helper_exited=0, helper_exceptions=0, search_elapsed_ns=483683100, helper_started=0, main_score_cp=-110, main_qnodes=591758, source=main-result, main_tt_hits=78893, abort_ms=483, main_move=c6g6, main_nodes=258683, search=495, main_depth=13, legal=true, helper_pending=0, bestmove_ms=483, event=bestmove, latest_move=c6g6}"
"measured","5","10","r1bq1rk1/pp2ppbp/2np1np1/8/3NP3/2N1BP2/PPPQ2PP/R4RK1 b - - 0 10","4","496","13","741542","1998206","170591","2246","330161","903","903","a7a6","a7a6","main-result","true","2919476","1299220.306","2247098500","3","3","3","0","info depth 13 seldepth 23 score cp 434 nodes 741542 nps 330161 time 2246 hashfull 903 pv a7a6 d4c6","{move=a7a6, main_pv=a7a6,d4c6, helper_submitted=3, aborted=false, helper_exited=3, helper_exceptions=0, search_elapsed_ns=2247029300, helper_started=3, main_score_cp=434, main_qnodes=1998206, source=main-result, main_tt_hits=170591, abort_ms=2247, main_move=a7a6, main_nodes=741542, search=496, main_depth=13, legal=true, helper_pending=0, bestmove_ms=2247, event=bestmove, latest_move=a7a6}"
"measured","5","10","r1bq1rk1/pp2ppbp/2np1np1/8/3NP3/2N1BP2/PPPQ2PP/R4RK1 b - - 0 10","1","497","13","1463870","4049839","212661","4112","355999","697","697","c6d4","c6d4","main-result","true","1463870","355894.641","4113211700","0","0","0","0","info depth 13 seldepth 22 score cp 432 nodes 1463870 nps 355999 time 4112 hashfull 697 pv c6d4 e3d4 d8a5 a2a3 c8e6 b2b4 a5c7 a3a4 a7a6 a4a5 a8c8 h2h3 c7d7","{move=c6d4, main_pv=c6d4,e3d4,d8a5,a2a3,c8e6,b2b4,a5c7,a3a4,a7a6,a4a5,a8c8,h2h3,c7d7, helper_submitted=0, aborted=false, helper_exited=0, helper_exceptions=0, search_elapsed_ns=4113160100, helper_started=0, main_score_cp=432, main_qnodes=4049839, source=main-result, main_tt_hits=212661, abort_ms=4113, main_move=c6d4, main_nodes=1463870, search=497, main_depth=13, legal=true, helper_pending=0, bestmove_ms=4113, event=bestmove, latest_move=c6d4}"
"measured","5","10","r1bq1rk1/pp2ppbp/2np1np1/8/3NP3/2N1BP2/PPPQ2PP/R4RK1 b - - 0 10","2","498","13","1034411","2856230","183619","2972","348052","837","837","c6d4","c6d4","main-result","true","2036953","685146.265","2973019200","1","1","1","0","info depth 13 seldepth 22 score cp 432 nodes 1034411 nps 348052 time 2972 hashfull 837 pv c6d4 e3d4 d8a5 a2a3 c8e6 d2f2 h7h6 a1d1 e6c4 f1e1 e7e5 d4e3 a5c7","{move=c6d4, main_pv=c6d4,e3d4,d8a5,a2a3,c8e6,d2f2,h7h6,a1d1,e6c4,f1e1,e7e5,d4e3,a5c7, helper_submitted=1, aborted=false, helper_exited=1, helper_exceptions=0, search_elapsed_ns=2972977300, helper_started=1, main_score_cp=432, main_qnodes=2856230, source=main-result, main_tt_hits=183619, abort_ms=2972, main_move=c6d4, main_nodes=1034411, search=498, main_depth=13, legal=true, helper_pending=0, bestmove_ms=2972, event=bestmove, latest_move=c6d4}"
"measured","5","11","8/p7/1p2k1p1/2p5/2P1b3/1P3P2/P2K4/8 b - - 0 38","1","499","13","106151","123121","65708","137","774824","54","54","e4f3","e4f3","main-result","true","106151","768918.179","138052400","0","0","0","0","info depth 13 seldepth 22 score cp 583 nodes 106151 nps 774824 time 137 hashfull 54 pv e4f3 d2e3 f3c6 e3f4 e6f6 f4g3 g6g5 g3g4 c6d7 g4f3 f6e5 a2a3 g5g4 f3g3 a7a5 a3a4 d7f5","{move=e4f3, main_pv=e4f3,d2e3,f3c6,e3f4,e6f6,f4g3,g6g5,g3g4,c6d7,g4f3,f6e5,a2a3,g5g4,f3g3,a7a5,a3a4,d7f5, helper_submitted=0, aborted=false, helper_exited=0, helper_exceptions=0, search_elapsed_ns=137992700, helper_started=0, main_score_cp=583, main_qnodes=123121, source=main-result, main_tt_hits=65708, abort_ms=137, main_move=e4f3, main_nodes=106151, search=499, main_depth=13, legal=true, helper_pending=0, bestmove_ms=137, event=bestmove, latest_move=e4f3}"
"measured","5","11","8/p7/1p2k1p1/2p5/2P1b3/1P3P2/P2K4/8 b - - 0 38","2","500","13","110689","126951","66409","157","705025","56","56","e4f3","e4f3","main-result","true","219527","1391238.494","157792500","1","1","1","0","info depth 13 seldepth 22 score cp 580 nodes 110689 nps 705025 time 157 hashfull 56 pv e4f3 d2e3 f3c6 e3f4 e6f6 f4g3 g6g5 g3g4 c6d7 g4f3 f6e5 f3e3 g5g4 e3f2 d7f5","{move=e4f3, main_pv=e4f3,d2e3,f3c6,e3f4,e6f6,f4g3,g6g5,g3g4,c6d7,g4f3,f6e5,f3e3,g5g4,e3f2,d7f5, helper_submitted=1, aborted=false, helper_exited=1, helper_exceptions=0, search_elapsed_ns=157743100, helper_started=1, main_score_cp=580, main_qnodes=126951, source=main-result, main_tt_hits=66409, abort_ms=157, main_move=e4f3, main_nodes=110689, search=500, main_depth=13, legal=true, helper_pending=0, bestmove_ms=157, event=bestmove, latest_move=e4f3}"
"measured","5","11","8/p7/1p2k1p1/2p5/2P1b3/1P3P2/P2K4/8 b - - 0 38","4","501","13","116016","161731","82716","171","678456","99","99","e4f3","e4f3","main-result","true","475569","2756400.819","172532600","3","3","3","0","info depth 13 seldepth 21 score cp 601 nodes 116016 nps 678456 time 171 hashfull 99 pv e4f3 d2e3 f3c6 a2a3 g6g5 b3b4 e6e5 e3f2 g5g4 b4b5 c6e4 f2g3 e4f5 a3a4","{move=e4f3, main_pv=e4f3,d2e3,f3c6,a2a3,g6g5,b3b4,e6e5,e3f2,g5g4,b4b5,c6e4,f2g3,e4f5,a3a4, helper_submitted=3, aborted=false, helper_exited=3, helper_exceptions=0, search_elapsed_ns=172453500, helper_started=3, main_score_cp=601, main_qnodes=161731, source=main-result, main_tt_hits=82716, abort_ms=172, main_move=e4f3, main_nodes=116016, search=501, main_depth=13, legal=true, helper_pending=0, bestmove_ms=172, event=bestmove, latest_move=e4f3}"
"measured","5","12","8/8/6k1/8/5P2/4K1P1/8/8 b - - 0 65","2","502","13","26315","29475","25327","25","1052600","15","15","g6f5","g6f5","main-result","true","52175","1967130.911","26523400","1","1","1","0","info depth 13 seldepth 21 score cp -468 nodes 26315 nps 1052600 time 25 hashfull 15 pv g6f5 e3f3 f5f6 g3g4 f6e6 f4f5 e6d5 g4g5 d5e5 g5g6 e5f6 f3g4 f6e7 g6g7 e7f7","{move=g6f5, main_pv=g6f5,e3f3,f5f6,g3g4,f6e6,f4f5,e6d5,g4g5,d5e5,g5g6,e5f6,f3g4,f6e7,g6g7,e7f7, helper_submitted=1, aborted=false, helper_exited=1, helper_exceptions=0, search_elapsed_ns=26482900, helper_started=1, main_score_cp=-468, main_qnodes=29475, source=main-result, main_tt_hits=25327, abort_ms=26, main_move=g6f5, main_nodes=26315, search=502, main_depth=13, legal=true, helper_pending=0, bestmove_ms=26, event=bestmove, latest_move=g6f5}"
"measured","5","12","8/8/6k1/8/5P2/4K1P1/8/8 b - - 0 65","4","503","13","19753","20850","16754","19","1039631","13","13","g6f5","g6f5","main-result","true","73402","3464466.586","21187100","3","3","3","0","info depth 13 seldepth 20 score cp -417 nodes 19753 nps 1039631 time 19 hashfull 13 pv g6f5 e3f3 f5g6 g3g4 g6f6 g4g5 f6f5 f3g3 f5e6 g3g4 e6f7 f4f5 f7g7 g4f4 g7f7 g5g6 f7f6","{move=g6f5, main_pv=g6f5,e3f3,f5g6,g3g4,g6f6,g4g5,f6f5,f3g3,f5e6,g3g4,e6f7,f4f5,f7g7,g4f4,g7f7,g5g6,f7f6, helper_submitted=3, aborted=false, helper_exited=3, helper_exceptions=0, search_elapsed_ns=21101600, helper_started=3, main_score_cp=-417, main_qnodes=20850, source=main-result, main_tt_hits=16754, abort_ms=21, main_move=g6f5, main_nodes=19753, search=503, main_depth=13, legal=true, helper_pending=0, bestmove_ms=21, event=bestmove, latest_move=g6f5}"
"measured","5","12","8/8/6k1/8/5P2/4K1P1/8/8 b - - 0 65","1","504","13","19151","23591","14566","19","1007947","15","15","g6f5","g6f5","main-result","true","19151","959074.929","19968200","0","0","0","0","info depth 13 seldepth 20 score cp -399 nodes 19151 nps 1007947 time 19 hashfull 15 pv g6f5 e3d4 f5e6 g3g4","{move=g6f5, main_pv=g6f5,e3d4,f5e6,g3g4, helper_submitted=0, aborted=false, helper_exited=0, helper_exceptions=0, search_elapsed_ns=19927400, helper_started=0, main_score_cp=-399, main_qnodes=23591, source=main-result, main_tt_hits=14566, abort_ms=19, main_move=g6f5, main_nodes=19151, search=504, main_depth=13, legal=true, helper_pending=0, bestmove_ms=19, event=bestmove, latest_move=g6f5}"
"measured","5","13","8/2p5/3p4/KP5r/1R3p1k/8/4P1P1/8 w - - 0 1","4","505","13","120799","270677","47278","225","536884","220","220","b4f4","b4f4","main-result","true","461481","2035620.188","226702900","3","3","3","0","info depth 13 seldepth 23 score cp 76 nodes 120799 nps 536884 time 225 hashfull 220 pv b4f4 h4g3 f4c4 h5h7 a5a6 g3g2 a6b7 h7h5 b7c7 h5b5 c7d6 b5b2 e2e4 g2f3","{move=b4f4, main_pv=b4f4,h4g3,f4c4,h5h7,a5a6,g3g2,a6b7,h7h5,b7c7,h5b5,c7d6,b5b2,e2e4,g2f3, helper_submitted=3, aborted=false, helper_exited=3, helper_exceptions=0, search_elapsed_ns=226630000, helper_started=3, main_score_cp=76, main_qnodes=270677, source=main-result, main_tt_hits=47278, abort_ms=226, main_move=b4f4, main_nodes=120799, search=505, main_depth=13, legal=true, helper_pending=0, bestmove_ms=226, event=bestmove, latest_move=b4f4}"
"measured","5","13","8/2p5/3p4/KP5r/1R3p1k/8/4P1P1/8 w - - 0 1","1","506","13","134731","298233","52919","250","538924","97","97","b4f4","b4f4","main-result","true","134731","536783.950","250996700","0","0","0","0","info depth 13 seldepth 28 score cp 19 nodes 134731 nps 538924 time 250 hashfull 97 pv b4f4 h4g3 f4f3 g3g2 f3c3 h5c5 c3c5 d6c5 e2e4 c5c4 a5b4 g2f3 e4e5 f3f4","{move=b4f4, main_pv=b4f4,h4g3,f4f3,g3g2,f3c3,h5c5,c3c5,d6c5,e2e4,c5c4,a5b4,g2f3,e4e5,f3f4, helper_submitted=0, aborted=false, helper_exited=0, helper_exceptions=0, search_elapsed_ns=250949600, helper_started=0, main_score_cp=19, main_qnodes=298233, source=main-result, main_tt_hits=52919, abort_ms=250, main_move=b4f4, main_nodes=134731, search=506, main_depth=13, legal=true, helper_pending=0, bestmove_ms=250, event=bestmove, latest_move=b4f4}"
"measured","5","13","8/2p5/3p4/KP5r/1R3p1k/8/4P1P1/8 w - - 0 1","2","507","13","74883","154074","38779","133","563030","63","63","b4f4","b4f4","main-result","true","147891","1104198.974","133935100","1","1","1","0","info depth 13 seldepth 22 score cp 76 nodes 74883 nps 563030 time 133 hashfull 63 pv b4f4 h4g3 f4c4 h5h7 a5a6 g3g2 a6b7 h7h5 b7c7 h5b5 c7d6 b5b2 e2e4 g2f3","{move=b4f4, main_pv=b4f4,h4g3,f4c4,h5h7,a5a6,g3g2,a6b7,h7h5,b7c7,h5b5,c7d6,b5b2,e2e4,g2f3, helper_submitted=1, aborted=false, helper_exited=1, helper_exceptions=0, search_elapsed_ns=133887500, helper_started=1, main_score_cp=76, main_qnodes=154074, source=main-result, main_tt_hits=38779, abort_ms=133, main_move=b4f4, main_nodes=74883, search=507, main_depth=13, legal=true, helper_pending=0, bestmove_ms=133, event=bestmove, latest_move=b4f4}"
"measured","5","14","r1bq1r1k/b1p1npp1/p2p3p/1p6/3PP3/1B2NN2/PP3PPP/R2Q1RK1 w - - 1 16","1","508","13","1523227","3915325","261327","4486","339551","771","771","a2a4","a2a4","main-result","true","1523227","339446.024","4487390900","0","0","0","0","info depth 13 seldepth 25 score cp 59 nodes 1523227 nps 339551 time 4486 hashfull 771 pv a2a4 c8b7 d1d3 c7c6 f1c1 h8g8 h2h3 e7g6 e3f5 f8e8 a4b5 a6b5 d3e2","{move=a2a4, main_pv=a2a4,c8b7,d1d3,c7c6,f1c1,h8g8,h2h3,e7g6,e3f5,f8e8,a4b5,a6b5,d3e2, helper_submitted=0, aborted=false, helper_exited=0, helper_exceptions=0, search_elapsed_ns=4487347500, helper_started=0, main_score_cp=59, main_qnodes=3915325, source=main-result, main_tt_hits=261327, abort_ms=4487, main_move=a2a4, main_nodes=1523227, search=508, main_depth=13, legal=true, helper_pending=0, bestmove_ms=4487, event=bestmove, latest_move=a2a4}"
"measured","5","14","r1bq1r1k/b1p1npp1/p2p3p/1p6/3PP3/1B2NN2/PP3PPP/R2Q1RK1 w - - 1 16","2","509","13","775292","2097101","218864","2386","324933","750","750","a1c1","a1c1","main-result","true","1543361","646626.141","2386790300","1","1","1","0","info depth 13 seldepth 24 score cp 63 nodes 775292 nps 324933 time 2386 hashfull 750 pv a1c1 c8b7 d1d3 c7c6 a2a3 h8g8 f1e1 e7g6 e3f5 f8e8 h2h3 a8c8 d3d2","{move=a1c1, main_pv=a1c1,c8b7,d1d3,c7c6,a2a3,h8g8,f1e1,e7g6,e3f5,f8e8,h2h3,a8c8,d3d2, helper_submitted=1, aborted=false, helper_exited=1, helper_exceptions=0, search_elapsed_ns=2386750800, helper_started=1, main_score_cp=63, main_qnodes=2097101, source=main-result, main_tt_hits=218864, abort_ms=2386, main_move=a1c1, main_nodes=775292, search=509, main_depth=13, legal=true, helper_pending=0, bestmove_ms=2386, event=bestmove, latest_move=a1c1}"
"measured","5","14","r1bq1r1k/b1p1npp1/p2p3p/1p6/3PP3/1B2NN2/PP3PPP/R2Q1RK1 w - - 1 16","4","510","13","557567","1528186","151717","1814","307368","832","832","d1d3","d1d3","main-result","true","2230070","1228705.630","1814975000","3","3","3","0","info depth 13 seldepth 23 score cp 66 nodes 557567 nps 307368 time 1814 hashfull 832 pv d1d3 c8b7 a2a4 h8g8 d4d5 d8d7 f1c1","{move=d1d3, main_pv=d1d3,c8b7,a2a4,h8g8,d4d5,d8d7,f1c1, helper_submitted=3, aborted=false, helper_exited=3, helper_exceptions=0, search_elapsed_ns=1814878000, helper_started=3, main_score_cp=66, main_qnodes=1528186, source=main-result, main_tt_hits=151717, abort_ms=1814, main_move=d1d3, main_nodes=557567, search=510, main_depth=13, legal=true, helper_pending=0, bestmove_ms=1814, event=bestmove, latest_move=d1d3}"
"measured","5","15","r4rk1/1pp1qppp/p1np1n2/2b1p1B1/2B1P1b1/P1NP1N2/1PP1QPPP/R4RK1 w - - 0 10","2","511","13","616364","1328797","255656","1943","317222","559","559","c3d5","c3d5","main-result","true","1219064","627203.780","1943649000","1","1","1","0","info depth 13 seldepth 24 score cp 143 nodes 616364 nps 317222 time 1943 hashfull 559 pv c3d5 e7d8 c2c3 b7b5 g5f6 g7f6 c4a2 g4e6 h2h3 c5b6 b2b4 a6a5 d5b6 c7b6","{move=c3d5, main_pv=c3d5,e7d8,c2c3,b7b5,g5f6,g7f6,c4a2,g4e6,h2h3,c5b6,b2b4,a6a5,d5b6,c7b6, helper_submitted=1, aborted=false, helper_exited=1, helper_exceptions=0, search_elapsed_ns=1943606900, helper_started=1, main_score_cp=143, main_qnodes=1328797, source=main-result, main_tt_hits=255656, abort_ms=1943, main_move=c3d5, main_nodes=616364, search=511, main_depth=13, legal=true, helper_pending=0, bestmove_ms=1943, event=bestmove, latest_move=c3d5}"
"measured","5","15","r4rk1/1pp1qppp/p1np1n2/2b1p1B1/2B1P1b1/P1NP1N2/1PP1QPPP/R4RK1 w - - 0 10","4","512","13","391610","923478","244397","1350","290081","600","600","c3d5","c3d5","main-result","true","1595018","1180556.753","1351072700","3","3","3","0","info depth 13 seldepth 23 score cp 146 nodes 391610 nps 290081 time 1350 hashfull 600 pv c3d5 e7d8 c2c3 b7b5 c4a2 g4e6 h2h3","{move=c3d5, main_pv=c3d5,e7d8,c2c3,b7b5,c4a2,g4e6,h2h3, helper_submitted=3, aborted=false, helper_exited=3, helper_exceptions=0, search_elapsed_ns=1350986800, helper_started=3, main_score_cp=146, main_qnodes=923478, source=main-result, main_tt_hits=244397, abort_ms=1350, main_move=c3d5, main_nodes=391610, search=512, main_depth=13, legal=true, helper_pending=0, bestmove_ms=1350, event=bestmove, latest_move=c3d5}"
"measured","5","15","r4rk1/1pp1qppp/p1np1n2/2b1p1B1/2B1P1b1/P1NP1N2/1PP1QPPP/R4RK1 w - - 0 10","1","513","13","939472","2736571","234416","3354","280104","555","555","c3d5","c3d5","main-result","true","939472","280004.001","3355209200","0","0","0","0","info depth 13 seldepth 25 score cp 146 nodes 939472 nps 280104 time 3354 hashfull 555 pv c3d5 e7d8 c2c3 g4e6 b2b4 c5b6 g5f6 g7f6 h2h3 e6d5","{move=c3d5, main_pv=c3d5,e7d8,c2c3,g4e6,b2b4,c5b6,g5f6,g7f6,h2h3,e6d5, helper_submitted=0, aborted=false, helper_exited=0, helper_exceptions=0, search_elapsed_ns=3355168300, helper_started=0, main_score_cp=146, main_qnodes=2736571, source=main-result, main_tt_hits=234416, abort_ms=3355, main_move=c3d5, main_nodes=939472, search=513, main_depth=13, legal=true, helper_pending=0, bestmove_ms=3355, event=bestmove, latest_move=c3d5}"
"measured","5","16","r3k2r/pb3p2/5npp/n2p4/1p1PPB2/6P1/P2N1PBP/R3K2R b KQkq - 0 13","4","514","13","606189","1613268","233331","1740","348384","807","807","d5e4","d5e4","main-result","true","2422478","1391096.032","1741416800","3","3","3","0","info depth 13 seldepth 25 score cp -48 nodes 606189 nps 348384 time 1740 hashfull 807 pv d5e4 e1g1 e8g8 a1b1 f8d8 f4e5 f6d5 d2e4 a5c4 e4f6 d5f6 g2b7 c4e5 d4e5","{move=d5e4, main_pv=d5e4,e1g1,e8g8,a1b1,f8d8,f4e5,f6d5,d2e4,a5c4,e4f6,d5f6,g2b7,c4e5,d4e5, helper_submitted=3, aborted=false, helper_exited=3, helper_exceptions=0, search_elapsed_ns=1741341800, helper_started=3, main_score_cp=-48, main_qnodes=1613268, source=main-result, main_tt_hits=233331, abort_ms=1741, main_move=d5e4, main_nodes=606189, search=514, main_depth=13, legal=true, helper_pending=0, bestmove_ms=1741, event=bestmove, latest_move=d5e4}"
"measured","5","16","r3k2r/pb3p2/5npp/n2p4/1p1PPB2/6P1/P2N1PBP/R3K2R b KQkq - 0 13","1","515","13","815181","2129931","142547","2164","376701","526","526","d5e4","d5e4","main-result","true","815181","376584.456","2164669800","0","0","0","0","info depth 13 seldepth 25 score cp -51 nodes 815181 nps 376701 time 2164 hashfull 526 pv d5e4 e1g1 a8c8 f1b1 c8c2 b1b4 f6d5 b4b7 a5b7 g2e4 d5f4 e4c2 f4e2 g1g2","{move=d5e4, main_pv=d5e4,e1g1,a8c8,f1b1,c8c2,b1b4,f6d5,b4b7,a5b7,g2e4,d5f4,e4c2,f4e2,g1g2, helper_submitted=0, aborted=false, helper_exited=0, helper_exceptions=0, search_elapsed_ns=2164628400, helper_started=0, main_score_cp=-51, main_qnodes=2129931, source=main-result, main_tt_hits=142547, abort_ms=2164, main_move=d5e4, main_nodes=815181, search=515, main_depth=13, legal=true, helper_pending=0, bestmove_ms=2164, event=bestmove, latest_move=d5e4}"
"measured","5","16","r3k2r/pb3p2/5npp/n2p4/1p1PPB2/6P1/P2N1PBP/R3K2R b KQkq - 0 13","2","516","13","728415","1873813","158676","1968","370129","667","667","f6e4","f6e4","main-result","true","1432804","727469.023","1969573900","1","1","1","0","info depth 13 seldepth 24 score cp -31 nodes 728415 nps 370129 time 1968 hashfull 667 pv f6e4 e1g1","{move=f6e4, main_pv=f6e4,e1g1, helper_submitted=1, aborted=false, helper_exited=1, helper_exceptions=0, search_elapsed_ns=1969535200, helper_started=1, main_score_cp=-31, main_qnodes=1873813, source=main-result, main_tt_hits=158676, abort_ms=1969, main_move=f6e4, main_nodes=728415, search=516, main_depth=13, legal=true, helper_pending=0, bestmove_ms=1969, event=bestmove, latest_move=f6e4}"
"measured","5","17","rr6/2pq2pk/p2p1pnp/8/2QBPP2/1P6/P5PP/4RRK1 b - - 2 25","1","517","13","467210","1084544","118962","1256","371982","327","327","a6a5","a6a5","main-result","true","467210","371685.402","1257003900","0","0","0","0","info depth 13 seldepth 23 score cp -48 nodes 467210 nps 371982 time 1256 hashfull 327 pv a6a5 f4f5 g6e5 d4e5 f6e5 f5f6 a5a4 b3b4 g7f6 f1f6 b8f8 e1f1 f8f6","{move=a6a5, main_pv=a6a5,f4f5,g6e5,d4e5,f6e5,f5f6,a5a4,b3b4,g7f6,f1f6,b8f8,e1f1,f8f6, helper_submitted=0, aborted=false, helper_exited=0, helper_exceptions=0, search_elapsed_ns=1256960300, helper_started=0, main_score_cp=-48, main_qnodes=1084544, source=main-result, main_tt_hits=118962, abort_ms=1256, main_move=a6a5, main_nodes=467210, search=517, main_depth=13, legal=true, helper_pending=0, bestmove_ms=1256, event=bestmove, latest_move=a6a5}"
"measured","5","17","rr6/2pq2pk/p2p1pnp/8/2QBPP2/1P6/P5PP/4RRK1 b - - 2 25","2","518","13","278479","625346","112677","757","367871","310","310","a6a5","a6a5","main-result","true","556768","734284.221","758245900","1","1","1","0","info depth 13 seldepth 24 score cp -49 nodes 278479 nps 367871 time 757 hashfull 310 pv a6a5 f4f5 g6e5 d4e5 f6e5","{move=a6a5, main_pv=a6a5,f4f5,g6e5,d4e5,f6e5, helper_submitted=1, aborted=false, helper_exited=1, helper_exceptions=0, search_elapsed_ns=758199500, helper_started=1, main_score_cp=-49, main_qnodes=625346, source=main-result, main_tt_hits=112677, abort_ms=758, main_move=a6a5, main_nodes=278479, search=518, main_depth=13, legal=true, helper_pending=0, bestmove_ms=758, event=bestmove, latest_move=a6a5}"
"measured","5","17","rr6/2pq2pk/p2p1pnp/8/2QBPP2/1P6/P5PP/4RRK1 b - - 2 25","4","519","13","185092","445336","84827","518","357320","378","378","a6a5","a6a5","main-result","true","731912","1409843.082","519144300","3","3","3","0","info depth 13 seldepth 23 score cp -49 nodes 185092 nps 357320 time 518 hashfull 378 pv a6a5 f4f5","{move=a6a5, main_pv=a6a5,f4f5, helper_submitted=3, aborted=false, helper_exited=3, helper_exceptions=0, search_elapsed_ns=519073700, helper_started=3, main_score_cp=-49, main_qnodes=445336, source=main-result, main_tt_hits=84827, abort_ms=519, main_move=a6a5, main_nodes=185092, search=519, main_depth=13, legal=true, helper_pending=0, bestmove_ms=519, event=bestmove, latest_move=a6a5}"
"measured","5","18","r1bqkb1r/ppp2ppp/4pn2/3p4/2PP4/8/PP2PPPP/RNBQKBNR w KQkq d6 0 5","2","520","13","1220052","3073819","392154","3244","376094","774","774","e2e3","e2e3","main-result","true","2431027","749212.350","3244777000","1","1","1","0","info depth 13 seldepth 25 score cp 387 nodes 1220052 nps 376094 time 3244 hashfull 774 pv e2e3 c7c5 g1f3 c5d4 e3d4 f8b4 c1d2 b4d2 b1d2 e8g8 f1d3 c8d7 c4d5 e6d5","{move=e2e3, main_pv=e2e3,c7c5,g1f3,c5d4,e3d4,f8b4,c1d2,b4d2,b1d2,e8g8,f1d3,c8d7,c4d5,e6d5, helper_submitted=1, aborted=false, helper_exited=1, helper_exceptions=0, search_elapsed_ns=3244732200, helper_started=1, main_score_cp=387, main_qnodes=3073819, source=main-result, main_tt_hits=392154, abort_ms=3244, main_move=e2e3, main_nodes=1220052, search=520, main_depth=13, legal=true, helper_pending=0, bestmove_ms=3244, event=bestmove, latest_move=e2e3}"
"measured","5","18","r1bqkb1r/ppp2ppp/4pn2/3p4/2PP4/8/PP2PPPP/RNBQKBNR w KQkq d6 0 5","4","521","13","660438","1629565","279355","1804","366096","810","810","e2e3","e2e3","main-result","true","2615469","1448512.617","1805623900","3","3","3","0","info depth 13 seldepth 24 score cp 387 nodes 660438 nps 366096 time 1804 hashfull 810 pv e2e3 c7c5 g1f3 c5d4 e3d4 f8b4 c1d2 b4d2 b1d2 c8d7 f1d3 e8g8 c4d5 e6d5 e1g1","{move=e2e3, main_pv=e2e3,c7c5,g1f3,c5d4,e3d4,f8b4,c1d2,b4d2,b1d2,c8d7,f1d3,e8g8,c4d5,e6d5,e1g1, helper_submitted=3, aborted=false, helper_exited=3, helper_exceptions=0, search_elapsed_ns=1805546800, helper_started=3, main_score_cp=387, main_qnodes=1629565, source=main-result, main_tt_hits=279355, abort_ms=1805, main_move=e2e3, main_nodes=660438, search=521, main_depth=13, legal=true, helper_pending=0, bestmove_ms=1805, event=bestmove, latest_move=e2e3}"
"measured","5","18","r1bqkb1r/ppp2ppp/4pn2/3p4/2PP4/8/PP2PPPP/RNBQKBNR w KQkq d6 0 5","1","522","13","1369277","3362585","278464","3479","393583","644","644","e2e3","e2e3","main-result","true","1369277","393440.182","3480267300","0","0","0","0","info depth 13 seldepth 24 score cp 386 nodes 1369277 nps 393583 time 3479 hashfull 644 pv e2e3 c7c5 g1f3 c5d4 e3d4 f8b4 c1d2 b4e7 f1e2 d5c4 e1g1 c8d7 f3e5 e8g8","{move=e2e3, main_pv=e2e3,c7c5,g1f3,c5d4,e3d4,f8b4,c1d2,b4e7,f1e2,d5c4,e1g1,c8d7,f3e5,e8g8, helper_submitted=0, aborted=false, helper_exited=0, helper_exceptions=0, search_elapsed_ns=3480223300, helper_started=0, main_score_cp=386, main_qnodes=3362585, source=main-result, main_tt_hits=278464, abort_ms=3480, main_move=e2e3, main_nodes=1369277, search=522, main_depth=13, legal=true, helper_pending=0, bestmove_ms=3480, event=bestmove, latest_move=e2e3}"
"measured","5","19","2r3k1/4qpp1/3p3p/B1pP4/P1P1p1b1/1P4Pp/3Q1P1P/R3R1K1 w - - 0 28","4","523","13","148842","331743","93350","388","383613","318","318","a5c3","a5c3","main-result","true","589568","1512434.135","389814000","3","3","3","0","info depth 13 seldepth 21 score cp 624 nodes 148842 nps 383613 time 388 hashfull 318 pv a5c3 c8a8 a4a5 a8a6 d2f4 f7f5 b3b4 c5b4 c3b4 g7g5 f4d2 g4f3 b4c3 a6a8","{move=a5c3, main_pv=a5c3,c8a8,a4a5,a8a6,d2f4,f7f5,b3b4,c5b4,c3b4,g7g5,f4d2,g4f3,b4c3,a6a8, helper_submitted=3, aborted=false, helper_exited=3, helper_exceptions=0, search_elapsed_ns=389733700, helper_started=3, main_score_cp=624, main_qnodes=331743, source=main-result, main_tt_hits=93350, abort_ms=389, main_move=a5c3, main_nodes=148842, search=523, main_depth=13, legal=true, helper_pending=0, bestmove_ms=389, event=bestmove, latest_move=a5c3}"
"measured","5","19","2r3k1/4qpp1/3p3p/B1pP4/P1P1p1b1/1P4Pp/3Q1P1P/R3R1K1 w - - 0 28","1","524","13","437737","1039288","140745","1061","412570","301","301","a5c3","a5c3","main-result","true","437737","412271.369","1061769100","0","0","0","0","info depth 13 seldepth 22 score cp 640 nodes 437737 nps 412570 time 1061 hashfull 301 pv a5c3 c8b8 a4a5 g4f3 a5a6 e7a7 d2c2 f7f5 c2b2 b8b6 b2a2 b6b8 a2c2","{move=a5c3, main_pv=a5c3,c8b8,a4a5,g4f3,a5a6,e7a7,d2c2,f7f5,c2b2,b8b6,b2a2,b6b8,a2c2, helper_submitted=0, aborted=false, helper_exited=0, helper_exceptions=0, search_elapsed_ns=1061714000, helper_started=0, main_score_cp=640, main_qnodes=1039288, source=main-result, main_tt_hits=140745, abort_ms=1061, main_move=a5c3, main_nodes=437737, search=524, main_depth=13, legal=true, helper_pending=0, bestmove_ms=1061, event=bestmove, latest_move=a5c3}"
"measured","5","19","2r3k1/4qpp1/3p3p/B1pP4/P1P1p1b1/1P4Pp/3Q1P1P/R3R1K1 w - - 0 28","2","525","13","335293","783724","141121","823","407403","380","380","a5c3","a5c3","main-result","true","659432","799553.804","824750000","1","1","1","0","info depth 13 seldepth 24 score cp 640 nodes 335293 nps 407403 time 823 hashfull 380 pv a5c3 c8b8 a4a5 g4f3 a5a6 e7a7 d2c2 f7f5 c2b2 b8b6 b2a2 b6b8 a2c2","{move=a5c3, main_pv=a5c3,c8b8,a4a5,g4f3,a5a6,e7a7,d2c2,f7f5,c2b2,b8b6,b2a2,b6b8,a2c2, helper_submitted=1, aborted=false, helper_exited=1, helper_exceptions=0, search_elapsed_ns=824712600, helper_started=1, main_score_cp=640, main_qnodes=783724, source=main-result, main_tt_hits=141121, abort_ms=824, main_move=a5c3, main_nodes=335293, search=525, main_depth=13, legal=true, helper_pending=0, bestmove_ms=824, event=bestmove, latest_move=a5c3}"
"measured","5","20","r4rk1/3qppbp/6p1/2p1n3/2B1P3/2P5/P2Q1PPP/R4RK1 b - - 0 20","1","526","13","150814","238508","80953","315","478774","126","126","d7d2","d7d2","main-result","true","150814","477192.596","316044300","0","0","0","0","info depth 13 seldepth 21 score cp 1583 nodes 150814 nps 478774 time 315 hashfull 126 pv d7d2 f1d1 d2c3 a1c1 c3a5 c4b3 g7h6 c1b1 e7e6 a2a4 c5c4 b3c2 a5c3","{move=d7d2, main_pv=d7d2,f1d1,d2c3,a1c1,c3a5,c4b3,g7h6,c1b1,e7e6,a2a4,c5c4,b3c2,a5c3, helper_submitted=0, aborted=false, helper_exited=0, helper_exceptions=0, search_elapsed_ns=316004200, helper_started=0, main_score_cp=1583, main_qnodes=238508, source=main-result, main_tt_hits=80953, abort_ms=316, main_move=d7d2, main_nodes=150814, search=526, main_depth=13, legal=true, helper_pending=0, bestmove_ms=316, event=bestmove, latest_move=d7d2}"
"measured","5","20","r4rk1/3qppbp/6p1/2p1n3/2B1P3/2P5/P2Q1PPP/R4RK1 b - - 0 20","2","527","13","112097","176634","81080","241","465132","128","128","d7d2","d7d2","main-result","true","222463","917748.243","242400900","1","1","1","0","info depth 13 seldepth 22 score cp 1594 nodes 112097 nps 465132 time 241 hashfull 128 pv d7d2 f1d1 d2c3 a1c1 c3a5 c4d5 a8b8 h2h3 e7e6 d5b3 a5b4 d1d6","{move=d7d2, main_pv=d7d2,f1d1,d2c3,a1c1,c3a5,c4d5,a8b8,h2h3,e7e6,d5b3,a5b4,d1d6, helper_submitted=1, aborted=false, helper_exited=1, helper_exceptions=0, search_elapsed_ns=242340400, helper_started=1, main_score_cp=1594, main_qnodes=176634, source=main-result, main_tt_hits=81080, abort_ms=242, main_move=d7d2, main_nodes=112097, search=527, main_depth=13, legal=true, helper_pending=0, bestmove_ms=242, event=bestmove, latest_move=d7d2}"
"measured","5","20","r4rk1/3qppbp/6p1/2p1n3/2B1P3/2P5/P2Q1PPP/R4RK1 b - - 0 20","4","528","13","93709","156189","83533","220","425950","112","112","d7d2","d7d2","main-result","true","371682","1678935.945","221379500","3","3","3","0","info depth 13 seldepth 19 score cp 1594 nodes 93709 nps 425950 time 220 hashfull 112 pv d7d2 c4d5 a8b8 f1d1 d2c3 a1c1 c3a5 h2h3 e7e6 d5b3 a5b4 d1d6 b8d8","{move=d7d2, main_pv=d7d2,c4d5,a8b8,f1d1,d2c3,a1c1,c3a5,h2h3,e7e6,d5b3,a5b4,d1d6,b8d8, helper_submitted=3, aborted=false, helper_exited=3, helper_exceptions=0, search_elapsed_ns=221300700, helper_started=3, main_score_cp=1594, main_qnodes=156189, source=main-result, main_tt_hits=83533, abort_ms=221, main_move=d7d2, main_nodes=93709, search=528, main_depth=13, legal=true, helper_pending=0, bestmove_ms=221, event=bestmove, latest_move=d7d2}"
"measured","5","21","1rr3k1/4ppb1/2q1bnpp/3p4/2pP4/2P1BNNP/PP3PPK/2QRR3 b - - 6 26","2","529","13","1387895","3022229","392205","3881","357612","873","873","c6a4","c6a4","main-result","true","2797480","720627.261","3882006900","1","1","1","0","info depth 13 seldepth 23 score cp -42 nodes 1387895 nps 357612 time 3881 hashfull 873 pv c6a4 a2a3 g6g5 h2g1 c8e8 e1e2","{move=c6a4, main_pv=c6a4,a2a3,g6g5,h2g1,c8e8,e1e2, helper_submitted=1, aborted=false, helper_exited=1, helper_exceptions=0, search_elapsed_ns=3881968600, helper_started=1, main_score_cp=-42, main_qnodes=3022229, source=main-result, main_tt_hits=392205, abort_ms=3881, main_move=c6a4, main_nodes=1387895, search=529, main_depth=13, legal=true, helper_pending=0, bestmove_ms=3881, event=bestmove, latest_move=c6a4}"
"measured","5","21","1rr3k1/4ppb1/2q1bnpp/3p4/2pP4/2P1BNNP/PP3PPK/2QRR3 b - - 6 26","4","530","13","701221","1508808","271336","2019","347311","856","856","g8h7","g8h7","main-result","true","2776081","1374167.727","2020190800","3","3","3","0","info depth 13 seldepth 26 score cp -38 nodes 701221 nps 347311 time 2019 hashfull 856 pv g8h7 a2a3 c8e8 h2g1","{move=g8h7, main_pv=g8h7,a2a3,c8e8,h2g1, helper_submitted=3, aborted=false, helper_exited=3, helper_exceptions=0, search_elapsed_ns=2020112600, helper_started=3, main_score_cp=-38, main_qnodes=1508808, source=main-result, main_tt_hits=271336, abort_ms=2020, main_move=g8h7, main_nodes=701221, search=530, main_depth=13, legal=true, helper_pending=0, bestmove_ms=2020, event=bestmove, latest_move=g8h7}"
"measured","5","21","1rr3k1/4ppb1/2q1bnpp/3p4/2pP4/2P1BNNP/PP3PPK/2QRR3 b - - 6 26","1","531","13","2172114","4644866","454851","5939","365737","817","817","c6a6","c6a6","main-result","true","2172114","365699.620","5939612400","0","0","0","0","info depth 13 seldepth 23 score cp -37 nodes 2172114 nps 365737 time 5939 hashfull 817 pv c6a6 e3h6 g7h6 c1h6 b8b2 h2g1 a6d6","{move=c6a6, main_pv=c6a6,e3h6,g7h6,c1h6,b8b2,h2g1,a6d6, helper_submitted=0, aborted=false, helper_exited=0, helper_exceptions=0, search_elapsed_ns=5939571100, helper_started=0, main_score_cp=-37, main_qnodes=4644866, source=main-result, main_tt_hits=454851, abort_ms=5939, main_move=c6a6, main_nodes=2172114, search=531, main_depth=13, legal=true, helper_pending=0, bestmove_ms=5939, event=bestmove, latest_move=c6a6}"
"measured","5","22","r3r1k1/6pp/bq2p3/p1pn4/Pn1N4/1B3P2/1PP2QBP/3RR1K1 w - - 0 24","4","532","13","282778","701556","169627","866","326533","438","438","d4e6","d4e6","main-result","true","1124192","1296661.908","866989300","3","3","3","0","info depth 13 seldepth 25 score cp 40 nodes 282778 nps 326533 time 866 hashfull 438 pv d4e6 c5c4 f2b6 d5b6 c2c3 c4b3 c3b4 b6a4 d1d7 a6c4 d7g7 g8h8 g2h3 a4b2","{move=d4e6, main_pv=d4e6,c5c4,f2b6,d5b6,c2c3,c4b3,c3b4,b6a4,d1d7,a6c4,d7g7,g8h8,g2h3,a4b2, helper_submitted=3, aborted=false, helper_exited=3, helper_exceptions=0, search_elapsed_ns=866904100, helper_started=3, main_score_cp=40, main_qnodes=701556, source=main-result, main_tt_hits=169627, abort_ms=866, main_move=d4e6, main_nodes=282778, search=532, main_depth=13, legal=true, helper_pending=0, bestmove_ms=866, event=bestmove, latest_move=d4e6}"
"measured","5","22","r3r1k1/6pp/bq2p3/p1pn4/Pn1N4/1B3P2/1PP2QBP/3RR1K1 w - - 0 24","1","533","13","581587","1343701","174350","1618","359448","365","365","d4b5","d4b5","main-result","true","581587","359270.669","1618799000","0","0","0","0","info depth 13 seldepth 26 score cp 24 nodes 581587 nps 359448 time 1618 hashfull 365 pv d4b5 a6b5 a4b5 d5f4 b3c4 a8d8 d1d8 e8d8 h2h4 b4d5 c2c3 b6c7 g1h2","{move=d4b5, main_pv=d4b5,a6b5,a4b5,d5f4,b3c4,a8d8,d1d8,e8d8,h2h4,b4d5,c2c3,b6c7,g1h2, helper_submitted=0, aborted=false, helper_exited=0, helper_exceptions=0, search_elapsed_ns=1618744600, helper_started=0, main_score_cp=24, main_qnodes=1343701, source=main-result, main_tt_hits=174350, abort_ms=1618, main_move=d4b5, main_nodes=581587, search=533, main_depth=13, legal=true, helper_pending=0, bestmove_ms=1618, event=bestmove, latest_move=d4b5}"
"measured","5","22","r3r1k1/6pp/bq2p3/p1pn4/Pn1N4/1B3P2/1PP2QBP/3RR1K1 w - - 0 24","2","534","13","584723","1440549","192317","1692","345580","490","490","d4b5","d4b5","main-result","true","1155346","682433.383","1692979900","1","1","1","0","info depth 13 seldepth 25 score cp 52 nodes 584723 nps 345580 time 1692 hashfull 490 pv d4b5 a6b5 a4b5 d5f4 e1e4 e8f8 d1e1 a8e8 g2f1 b4d5 c2c4 d5b4 e1d1 f8f7","{move=d4b5, main_pv=d4b5,a6b5,a4b5,d5f4,e1e4,e8f8,d1e1,a8e8,g2f1,b4d5,c2c4,d5b4,e1d1,f8f7, helper_submitted=1, aborted=false, helper_exited=1, helper_exceptions=0, search_elapsed_ns=1692935900, helper_started=1, main_score_cp=52, main_qnodes=1440549, source=main-result, main_tt_hits=192317, abort_ms=1692, main_move=d4b5, main_nodes=584723, search=534, main_depth=13, legal=true, helper_pending=0, bestmove_ms=1692, event=bestmove, latest_move=d4b5}"
"measured","5","23","r2r4/8/k2N4/6B1/p7/P5P1/4K2P/1R6 w - - 4 46","1","535","13","176857","395806","91055","304","581766","115","115","g5d8","g5d8","main-result","true","176857","579695.181","305086200","0","0","0","0","info depth 13 seldepth 23 score cp 682 nodes 176857 nps 581766 time 304 hashfull 115 pv g5d8 a8d8 d6c4 d8g8 b1b6 a6a7 b6b4 a7a6 e2d3 g8d8 d3c2 d8g8 c4d6 a6a5 d6b7 a5a6 b7c5 a6a5","{move=g5d8, main_pv=g5d8,a8d8,d6c4,d8g8,b1b6,a6a7,b6b4,a7a6,e2d3,g8d8,d3c2,d8g8,c4d6,a6a5,d6b7,a5a6,b7c5,a6a5, helper_submitted=0, aborted=false, helper_exited=0, helper_exceptions=0, search_elapsed_ns=305015900, helper_started=0, main_score_cp=682, main_qnodes=395806, source=main-result, main_tt_hits=91055, abort_ms=305, main_move=g5d8, main_nodes=176857, search=535, main_depth=13, legal=true, helper_pending=0, bestmove_ms=305, event=bestmove, latest_move=g5d8}"
"measured","5","23","r2r4/8/k2N4/6B1/p7/P5P1/4K2P/1R6 w - - 4 46","2","536","13","130856","271236","80847","232","564034","124","124","g5d8","g5d8","main-result","true","261096","1118965.753","233336900","1","1","1","0","info depth 13 seldepth 23 score cp 688 nodes 130856 nps 564034 time 232 hashfull 124 pv g5d8 a8d8 d6c4 d8e8 e2f3 e8f8 f3g2 f8e8 h2h4 e8e2 g2f3 e2c2 b1b6 a6a7 b6b4 c2c3 f3f4 a7a6 b4b6","{move=g5d8, main_pv=g5d8,a8d8,d6c4,d8e8,e2f3,e8f8,f3g2,f8e8,h2h4,e8e2,g2f3,e2c2,b1b6,a6a7,b6b4,c2c3,f3f4,a7a6,b4b6, helper_submitted=1, aborted=false, helper_exited=1, helper_exceptions=0, search_elapsed_ns=233294800, helper_started=1, main_score_cp=688, main_qnodes=271236, source=main-result, main_tt_hits=80847, abort_ms=233, main_move=g5d8, main_nodes=130856, search=536, main_depth=13, legal=true, helper_pending=0, bestmove_ms=233, event=bestmove, latest_move=g5d8}"
"measured","5","23","r2r4/8/k2N4/6B1/p7/P5P1/4K2P/1R6 w - - 4 46","4","537","13","98266","209868","78233","177","555175","121","121","g5d8","g5d8","main-result","true","396598","2219855.211","178659400","3","3","3","0","info depth 13 seldepth 23 score cp 682 nodes 98266 nps 555175 time 177 hashfull 121 pv g5d8 a8d8 d6c4 d8e8 e2f2 e8f8","{move=g5d8, main_pv=g5d8,a8d8,d6c4,d8e8,e2f2,e8f8, helper_submitted=3, aborted=false, helper_exited=3, helper_exceptions=0, search_elapsed_ns=178592300, helper_started=3, main_score_cp=682, main_qnodes=209868, source=main-result, main_tt_hits=78233, abort_ms=178, main_move=g5d8, main_nodes=98266, search=537, main_depth=13, legal=true, helper_pending=0, bestmove_ms=178, event=bestmove, latest_move=g5d8}"
"measured","5","24","8/3b2kp/4p1p1/1p1n4/1P6/3NB3/6PP/6K1 b - - 0 34","2","538","13","46781","85612","24495","71","658887","43","43","d5e3","d5e3","main-result","true","93735","1295743.613","72340700","1","1","1","0","info depth 13 seldepth 19 score cp 509 nodes 46781 nps 658887 time 71 hashfull 43 pv d5e3 g1f2 e3d5 d3c5 d7c8 c5d3 g7f6 f2f3 e6e5 f3e4 d5c3 e4e3 e5e4 d3c5","{move=d5e3, main_pv=d5e3,g1f2,e3d5,d3c5,d7c8,c5d3,g7f6,f2f3,e6e5,f3e4,d5c3,e4e3,e5e4,d3c5, helper_submitted=1, aborted=false, helper_exited=1, helper_exceptions=0, search_elapsed_ns=72302800, helper_started=1, main_score_cp=509, main_qnodes=85612, source=main-result, main_tt_hits=24495, abort_ms=72, main_move=d5e3, main_nodes=46781, search=538, main_depth=13, legal=true, helper_pending=0, bestmove_ms=72, event=bestmove, latest_move=d5e3}"
"measured","5","24","8/3b2kp/4p1p1/1p1n4/1P6/3NB3/6PP/6K1 b - - 0 34","4","539","13","39382","72836","24813","62","635193","44","44","d5e3","d5e3","main-result","true","156694","2481058.837","63156100","3","3","3","0","info depth 13 seldepth 21 score cp 509 nodes 39382 nps 635193 time 62 hashfull 44 pv d5e3 g1f2 e3d5 d3c5 d7c8 c5d3 g7f6 f2f3 e6e5 f3e4 d5c3 e4e3 e5e4 d3c5","{move=d5e3, main_pv=d5e3,g1f2,e3d5,d3c5,d7c8,c5d3,g7f6,f2f3,e6e5,f3e4,d5c3,e4e3,e5e4,d3c5, helper_submitted=3, aborted=false, helper_exited=3, helper_exceptions=0, search_elapsed_ns=63075800, helper_started=3, main_score_cp=509, main_qnodes=72836, source=main-result, main_tt_hits=24813, abort_ms=63, main_move=d5e3, main_nodes=39382, search=539, main_depth=13, legal=true, helper_pending=0, bestmove_ms=63, event=bestmove, latest_move=d5e3}"
"measured","5","24","8/3b2kp/4p1p1/1p1n4/1P6/3NB3/6PP/6K1 b - - 0 34","1","540","13","57130","103865","23770","86","664302","38","38","d5e3","d5e3","main-result","true","57130","653988.321","87356300","0","0","0","0","info depth 13 seldepth 21 score cp 509 nodes 57130 nps 664302 time 86 hashfull 38 pv d5e3 g1f2 e3d5 d3c5 d7c8 c5d3 g7f6 f2f3 e6e5 f3e4 d5c3 e4e3 e5e4 d3c5","{move=d5e3, main_pv=d5e3,g1f2,e3d5,d3c5,d7c8,c5d3,g7f6,f2f3,e6e5,f3e4,d5c3,e4e3,e5e4,d3c5, helper_submitted=0, aborted=false, helper_exited=0, helper_exceptions=0, search_elapsed_ns=87316500, helper_started=0, main_score_cp=509, main_qnodes=103865, source=main-result, main_tt_hits=23770, abort_ms=87, main_move=d5e3, main_nodes=57130, search=540, main_depth=13, legal=true, helper_pending=0, bestmove_ms=87, event=bestmove, latest_move=d5e3}"
"measured","5","25","r3k2r/4npp1/1pq1p2p/p6b/PpP1PP1P/7N/2P1QP2/R1B2RK1 b kq - 0 18","4","541","13","73948","169289","57079","200","369740","108","108","h5e2","h5e2","main-result","true","297475","1471551.408","202150600","3","3","3","0","info depth 13 seldepth 23 score cp 1573 nodes 73948 nps 369740 time 200 hashfull 108 pv h5e2 f1e1 c6e4 c1e3 e4c4 g1h2 e7f5 h3g1 e2g4 e3b6 e8g8","{move=h5e2, main_pv=h5e2,f1e1,c6e4,c1e3,e4c4,g1h2,e7f5,h3g1,e2g4,e3b6,e8g8, helper_submitted=3, aborted=false, helper_exited=3, helper_exceptions=0, search_elapsed_ns=202078800, helper_started=3, main_score_cp=1573, main_qnodes=169289, source=main-result, main_tt_hits=57079, abort_ms=202, main_move=h5e2, main_nodes=73948, search=541, main_depth=13, legal=true, helper_pending=0, bestmove_ms=202, event=bestmove, latest_move=h5e2}"
"measured","5","25","r3k2r/4npp1/1pq1p2p/p6b/PpP1PP1P/7N/2P1QP2/R1B2RK1 b kq - 0 18","1","542","13","145819","320245","48975","349","417819","105","105","h5e2","h5e2","main-result","true","145819","416851.529","349810400","0","0","0","0","info depth 13 seldepth 24 score cp 1578 nodes 145819 nps 417819 time 349 hashfull 105 pv h5e2 f1e1 c6e4 c1e3 e4c4 g1h2 e8g8 e3b6 e7f5 a1c1 f5h4 h2g3 h4f3 e1h1","{move=h5e2, main_pv=h5e2,f1e1,c6e4,c1e3,e4c4,g1h2,e8g8,e3b6,e7f5,a1c1,f5h4,h2g3,h4f3,e1h1, helper_submitted=0, aborted=false, helper_exited=0, helper_exceptions=0, search_elapsed_ns=349765800, helper_started=0, main_score_cp=1578, main_qnodes=320245, source=main-result, main_tt_hits=48975, abort_ms=349, main_move=h5e2, main_nodes=145819, search=542, main_depth=13, legal=true, helper_pending=0, bestmove_ms=349, event=bestmove, latest_move=h5e2}"
"measured","5","25","r3k2r/4npp1/1pq1p2p/p6b/PpP1PP1P/7N/2P1QP2/R1B2RK1 b kq - 0 18","2","543","13","105431","227731","51466","262","402408","130","130","h5e2","h5e2","main-result","true","207183","787743.500","263008200","1","1","1","0","info depth 13 seldepth 24 score cp 1578 nodes 105431 nps 402408 time 262 hashfull 130 pv h5e2 f1e1 c6e4 c1e3 e4c4 g1h2 e8g8 e3b6 e7f5 a1c1 f5h4 h2g3 h4f3 e1h1","{move=h5e2, main_pv=h5e2,f1e1,c6e4,c1e3,e4c4,g1h2,e8g8,e3b6,e7f5,a1c1,f5h4,h2g3,h4f3,e1h1, helper_submitted=1, aborted=false, helper_exited=1, helper_exceptions=0, search_elapsed_ns=262924000, helper_started=1, main_score_cp=1578, main_qnodes=227731, source=main-result, main_tt_hits=51466, abort_ms=262, main_move=h5e2, main_nodes=105431, search=543, main_depth=13, legal=true, helper_pending=0, bestmove_ms=262, event=bestmove, latest_move=h5e2}"
"measured","5","26","8/8/k7/1p6/2p5/2P1K3/8/8 b - - 0 67","1","544","13","47736","108493","31594","61","782557","16","16","a6a5","a6a5","main-result","true","47736","771868.891","61844700","0","0","0","0","info depth 13 seldepth 21 score cp 422 nodes 47736 nps 782557 time 61 hashfull 16 pv a6a5 e3d2 a5a4 d2c2 a4a3 c2d2 a3b2 d2d1 b2c3 d1c1 c3d3 c1d1 c4c3","{move=a6a5, main_pv=a6a5,e3d2,a5a4,d2c2,a4a3,c2d2,a3b2,d2d1,b2c3,d1c1,c3d3,c1d1,c4c3, helper_submitted=0, aborted=false, helper_exited=0, helper_exceptions=0, search_elapsed_ns=61800200, helper_started=0, main_score_cp=422, main_qnodes=108493, source=main-result, main_tt_hits=31594, abort_ms=61, main_move=a6a5, main_nodes=47736, search=544, main_depth=13, legal=true, helper_pending=0, bestmove_ms=61, event=bestmove, latest_move=a6a5}"
"measured","5","26","8/8/k7/1p6/2p5/2P1K3/8/8 b - - 0 67","2","545","13","45286","102231","30356","58","780793","18","18","a6a5","a6a5","main-result","true","90728","1535194.514","59098700","1","1","1","0","info depth 13 seldepth 21 score cp 422 nodes 45286 nps 780793 time 58 hashfull 18 pv a6a5 e3d2 a5a4 d2c2 a4a3 c2d2 a3b2 d2d1 b2c3 d1c1 c3d3 c1d1 c4c3 d1e1","{move=a6a5, main_pv=a6a5,e3d2,a5a4,d2c2,a4a3,c2d2,a3b2,d2d1,b2c3,d1c1,c3d3,c1d1,c4c3,d1e1, helper_submitted=1, aborted=false, helper_exited=1, helper_exceptions=0, search_elapsed_ns=59050000, helper_started=1, main_score_cp=422, main_qnodes=102231, source=main-result, main_tt_hits=30356, abort_ms=59, main_move=a6a5, main_nodes=45286, search=545, main_depth=13, legal=true, helper_pending=0, bestmove_ms=59, event=bestmove, latest_move=a6a5}"
"measured","5","26","8/8/k7/1p6/2p5/2P1K3/8/8 b - - 0 67","4","546","13","52568","147386","37769","72","730111","25","25","a6a5","a6a5","main-result","true","209673","2873650.019","72964000","3","3","3","0","info depth 13 seldepth 21 score cp 397 nodes 52568 nps 730111 time 72 hashfull 25 pv a6a5 e3d4 a5a4 d4e3 a4b3 e3d2 b3b2 d2e2 b2c3 e2f3 b5b4 f3e3 b4b3 e3e4","{move=a6a5, main_pv=a6a5,e3d4,a5a4,d4e3,a4b3,e3d2,b3b2,d2e2,b2c3,e2f3,b5b4,f3e3,b4b3,e3e4, helper_submitted=3, aborted=false, helper_exited=3, helper_exceptions=0, search_elapsed_ns=72878100, helper_started=3, main_score_cp=397, main_qnodes=147386, source=main-result, main_tt_hits=37769, abort_ms=72, main_move=a6a5, main_nodes=52568, search=546, main_depth=13, legal=true, helper_pending=0, bestmove_ms=72, event=bestmove, latest_move=a6a5}"
"measured","5","27","8/6b1/p1p4p/2P5/P1B2P1k/8/2K3P1/8 b - - 0 58","2","547","13","59363","143194","36862","90","659588","65","65","a6a5","a6a5","main-result","true","116450","1279383.523","91020400","1","1","1","0","info depth 13 seldepth 23 score cp -118 nodes 59363 nps 659588 time 90 hashfull 65 pv a6a5 c4d5 g7d4 d5c6 d4c5 f4f5 h4g5 c6d7 h6h5 c2d3","{move=a6a5, main_pv=a6a5,c4d5,g7d4,d5c6,d4c5,f4f5,h4g5,c6d7,h6h5,c2d3, helper_submitted=1, aborted=false, helper_exited=1, helper_exceptions=0, search_elapsed_ns=90958700, helper_started=1, main_score_cp=-118, main_qnodes=143194, source=main-result, main_tt_hits=36862, abort_ms=90, main_move=a6a5, main_nodes=59363, search=547, main_depth=13, legal=true, helper_pending=0, bestmove_ms=90, event=bestmove, latest_move=a6a5}"
"measured","5","27","8/6b1/p1p4p/2P5/P1B2P1k/8/2K3P1/8 b - - 0 58","4","548","13","57497","134327","41906","92","624967","59","59","a6a5","a6a5","main-result","true","239428","2558926.445","93565800","3","3","3","0","info depth 13 seldepth 21 score cp -118 nodes 57497 nps 624967 time 92 hashfull 59 pv a6a5 c4d5 g7d4 d5c6 d4c5 f4f5 h4g5 c6d7 h6h5 c2d3 h5h4 d3c4","{move=a6a5, main_pv=a6a5,c4d5,g7d4,d5c6,d4c5,f4f5,h4g5,c6d7,h6h5,c2d3,h5h4,d3c4, helper_submitted=3, aborted=false, helper_exited=3, helper_exceptions=0, search_elapsed_ns=93490300, helper_started=3, main_score_cp=-118, main_qnodes=134327, source=main-result, main_tt_hits=41906, abort_ms=93, main_move=a6a5, main_nodes=57497, search=548, main_depth=13, legal=true, helper_pending=0, bestmove_ms=93, event=bestmove, latest_move=a6a5}"
"measured","5","27","8/6b1/p1p4p/2P5/P1B2P1k/8/2K3P1/8 b - - 0 58","1","549","13","72278","177061","37879","110","657072","53","53","a6a5","a6a5","main-result","true","72278","651305.124","110974100","0","0","0","0","info depth 13 seldepth 22 score cp -118 nodes 72278 nps 657072 time 110 hashfull 53 pv a6a5 c4d5 g7d4 d5c6 d4c5 f4f5 h4g5 c6d7 h6h5 c2d3 h5h4 d3c4 c5d6","{move=a6a5, main_pv=a6a5,c4d5,g7d4,d5c6,d4c5,f4f5,h4g5,c6d7,h6h5,c2d3,h5h4,d3c4,c5d6, helper_submitted=0, aborted=false, helper_exited=0, helper_exceptions=0, search_elapsed_ns=110892200, helper_started=0, main_score_cp=-118, main_qnodes=177061, source=main-result, main_tt_hits=37879, abort_ms=110, main_move=a6a5, main_nodes=72278, search=549, main_depth=13, legal=true, helper_pending=0, bestmove_ms=110, event=bestmove, latest_move=a6a5}"
"measured","5","28","6k1/4pp1p/3p2p1/P1pPb3/R7/1r2P1PP/3B1P2/6K1 w - - 0 40","4","550","13","2266420","9917859","704272","6331","357987","999","999","d2b4","d2b4","main-result","true","9054459","1429888.602","6332282800","3","3","3","0","info depth 13 seldepth 27 score cp 250 nodes 2266420 nps 357987 time 6331 hashfull 999 pv d2b4 c5b4 a5a6 b3c3 a6a7 c3c8 a4b4","{move=d2b4, main_pv=d2b4,c5b4,a5a6,b3c3,a6a7,c3c8,a4b4, helper_submitted=3, aborted=false, helper_exited=3, helper_exceptions=0, search_elapsed_ns=6332197600, helper_started=3, main_score_cp=250, main_qnodes=9917859, source=main-result, main_tt_hits=704272, abort_ms=6332, main_move=d2b4, main_nodes=2266420, search=550, main_depth=13, legal=true, helper_pending=0, bestmove_ms=6332, event=bestmove, latest_move=d2b4}"
"measured","5","28","6k1/4pp1p/3p2p1/P1pPb3/R7/1r2P1PP/3B1P2/6K1 w - - 0 40","1","551","13","1825906","7116080","655054","4629","394449","747","747","d2b4","d2b4","main-result","true","1825906","394373.942","4629885000","0","0","0","0","info depth 13 seldepth 28 score cp 267 nodes 1825906 nps 394449 time 4629 hashfull 747 pv d2b4 c5b4 a5a6 b3c3 a6a7 c3c8 a4b4 g8g7 b4b8 c8c1 g1g2 c1a1 a7a8q a1a8 b8a8 g7f6 g2f3 f6f5","{move=d2b4, main_pv=d2b4,c5b4,a5a6,b3c3,a6a7,c3c8,a4b4,g8g7,b4b8,c8c1,g1g2,c1a1,a7a8q,a1a8,b8a8,g7f6,g2f3,f6f5, helper_submitted=0, aborted=false, helper_exited=0, helper_exceptions=0, search_elapsed_ns=4629843800, helper_started=0, main_score_cp=267, main_qnodes=7116080, source=main-result, main_tt_hits=655054, abort_ms=4629, main_move=d2b4, main_nodes=1825906, search=551, main_depth=13, legal=true, helper_pending=0, bestmove_ms=4629, event=bestmove, latest_move=d2b4}"
"measured","5","28","6k1/4pp1p/3p2p1/P1pPb3/R7/1r2P1PP/3B1P2/6K1 w - - 0 40","2","552","13","1536664","6156509","493609","3947","389324","910","910","d2b4","d2b4","main-result","true","2960629","749832.242","3948388500","1","1","1","0","info depth 13 seldepth 26 score cp 250 nodes 1536664 nps 389324 time 3947 hashfull 910 pv d2b4 c5b4 a5a6 b3c3 a6a7 c3c8 a4b4 c8c1 g1g2 c1a1 b4b8 g8g7 a7a8q a1a8 b8a8 g7f6 g2f3","{move=d2b4, main_pv=d2b4,c5b4,a5a6,b3c3,a6a7,c3c8,a4b4,c8c1,g1g2,c1a1,b4b8,g8g7,a7a8q,a1a8,b8a8,g7f6,g2f3, helper_submitted=1, aborted=false, helper_exited=1, helper_exceptions=0, search_elapsed_ns=3948344100, helper_started=1, main_score_cp=250, main_qnodes=6156509, source=main-result, main_tt_hits=493609, abort_ms=3948, main_move=d2b4, main_nodes=1536664, search=552, main_depth=13, legal=true, helper_pending=0, bestmove_ms=3948, event=bestmove, latest_move=d2b4}"
"measured","5","29","r4k2/pb2bp1r/2n1p2p/1pq3p1/3B1N2/2NQP1PP/PPP2PK1/R4R2 b - - 1 25","1","553","13","2053406","3893576","411984","5399","380330","784","784","c6d4","c6d4","main-result","true","2053406","380279.413","5399729600","0","0","0","0","info depth 13 seldepth 28 score cp 558 nodes 2053406 nps 380330 time 5399 hashfull 784 pv c6d4 f2f3 d4f5 f4e2 f5e3 g2h2 f8g7 d3b5 c5b5 c3b5 e3f1 a1f1 a8c8 b5d4 h7h8 e2c3 h8d8 f1d1 c8c4","{move=c6d4, main_pv=c6d4,f2f3,d4f5,f4e2,f5e3,g2h2,f8g7,d3b5,c5b5,c3b5,e3f1,a1f1,a8c8,b5d4,h7h8,e2c3,h8d8,f1d1,c8c4, helper_submitted=0, aborted=false, helper_exited=0, helper_exceptions=0, search_elapsed_ns=5399681500, helper_started=0, main_score_cp=558, main_qnodes=3893576, source=main-result, main_tt_hits=411984, abort_ms=5399, main_move=c6d4, main_nodes=2053406, search=553, main_depth=13, legal=true, helper_pending=0, bestmove_ms=5399, event=bestmove, latest_move=c6d4}"
"measured","5","29","r4k2/pb2bp1r/2n1p2p/1pq3p1/3B1N2/2NQP1PP/PPP2PK1/R4R2 b - - 1 25","2","554","13","1659576","3198978","564482","4573","362907","822","822","c6d4","c6d4","main-result","true","3308310","723274.848","4574070300","1","1","1","0","info depth 13 seldepth 27 score cp 552 nodes 1659576 nps 362907 time 4573 hashfull 822 pv c6d4 f2f3 d4f5 f4e2 f5e3","{move=c6d4, main_pv=c6d4,f2f3,d4f5,f4e2,f5e3, helper_submitted=1, aborted=false, helper_exited=1, helper_exceptions=0, search_elapsed_ns=4574031600, helper_started=1, main_score_cp=552, main_qnodes=3198978, source=main-result, main_tt_hits=564482, abort_ms=4574, main_move=c6d4, main_nodes=1659576, search=554, main_depth=13, legal=true, helper_pending=0, bestmove_ms=4574, event=bestmove, latest_move=c6d4}"
"measured","5","29","r4k2/pb2bp1r/2n1p2p/1pq3p1/3B1N2/2NQP1PP/PPP2PK1/R4R2 b - - 1 25","4","555","13","1189875","2437227","606121","3446","345291","891","891","c6d4","c6d4","main-result","true","4737074","1373982.310","3447696500","3","3","3","0","info depth 13 seldepth 27 score cp 572 nodes 1189875 nps 345291 time 3446 hashfull 891 pv c6d4 f2f3 d4f5 c3e4 c5b6 f4h5 f5e3 g2h1 a8d8 d3e2 e3f1 a1f1 e6e5 h1g2 f8g8 f1d1 f7f5","{move=c6d4, main_pv=c6d4,f2f3,d4f5,c3e4,c5b6,f4h5,f5e3,g2h1,a8d8,d3e2,e3f1,a1f1,e6e5,h1g2,f8g8,f1d1,f7f5, helper_submitted=3, aborted=false, helper_exited=3, helper_exceptions=0, search_elapsed_ns=3447623200, helper_started=3, main_score_cp=572, main_qnodes=2437227, source=main-result, main_tt_hits=606121, abort_ms=3447, main_move=c6d4, main_nodes=1189875, search=555, main_depth=13, legal=true, helper_pending=0, bestmove_ms=3447, event=bestmove, latest_move=c6d4}"
"measured","5","30","3r2k1/1p3ppp/2pq4/p1n5/P6P/1P6/1PB2QP1/1K2R3 w - - 0 28","2","556","13","788482","1395791","189115","1879","419628","712","712","h4h5","h4h5","main-result","true","1577143","838660.944","1880549000","1","1","1","0","info depth 13 seldepth 25 score cp -109 nodes 788482 nps 419628 time 1879 hashfull 712 pv h4h5 c5d3 c2d3 d6d3","{move=h4h5, main_pv=h4h5,c5d3,c2d3,d6d3, helper_submitted=1, aborted=false, helper_exited=1, helper_exceptions=0, search_elapsed_ns=1880507700, helper_started=1, main_score_cp=-109, main_qnodes=1395791, source=main-result, main_tt_hits=189115, abort_ms=1880, main_move=h4h5, main_nodes=788482, search=556, main_depth=13, legal=true, helper_pending=0, bestmove_ms=1880, event=bestmove, latest_move=h4h5}"
"measured","5","30","3r2k1/1p3ppp/2pq4/p1n5/P6P/1P6/1PB2QP1/1K2R3 w - - 0 28","4","557","13","876958","1689687","223037","2167","404687","924","924","h4h5","h4h5","main-result","true","3489829","1609598.604","2168136200","3","3","3","0","info depth 13 seldepth 26 score cp -122 nodes 876958 nps 404687 time 2167 hashfull 924 pv h4h5 d6d5 f2e3 c5e6 e1d1 e6d4 g2g4 d5c5 c2e4 h7h6 b1a2 c5d6 g4g5 d6e5","{move=h4h5, main_pv=h4h5,d6d5,f2e3,c5e6,e1d1,e6d4,g2g4,d5c5,c2e4,h7h6,b1a2,c5d6,g4g5,d6e5, helper_submitted=3, aborted=false, helper_exited=3, helper_exceptions=0, search_elapsed_ns=2168037900, helper_started=3, main_score_cp=-122, main_qnodes=1689687, source=main-result, main_tt_hits=223037, abort_ms=2168, main_move=h4h5, main_nodes=876958, search=557, main_depth=13, legal=true, helper_pending=0, bestmove_ms=2168, event=bestmove, latest_move=h4h5}"
"measured","5","30","3r2k1/1p3ppp/2pq4/p1n5/P6P/1P6/1PB2QP1/1K2R3 w - - 0 28","1","558","13","777967","1300972","199111","1735","448395","449","449","f2f5","f2f5","main-result","true","777967","448109.176","1736110400","0","0","0","0","info depth 13 seldepth 25 score cp -99 nodes 777967 nps 448395 time 1735 hashfull 449 pv f2f5 g7g6 f5g5 h7h6 g5e3 b7b6 e1d1 d6f6 d1d8 f6d8 h4h5 g8g7 h5g6 f7g6 e3f3","{move=f2f5, main_pv=f2f5,g7g6,f5g5,h7h6,g5e3,b7b6,e1d1,d6f6,d1d8,f6d8,h4h5,g8g7,h5g6,f7g6,e3f3, helper_submitted=0, aborted=false, helper_exited=0, helper_exceptions=0, search_elapsed_ns=1736068400, helper_started=0, main_score_cp=-99, main_qnodes=1300972, source=main-result, main_tt_hits=199111, abort_ms=1736, main_move=f2f5, main_nodes=777967, search=558, main_depth=13, legal=true, helper_pending=0, bestmove_ms=1736, event=bestmove, latest_move=f2f5}"
"measured","6","0","rnbqkbnr/pppppppp/8/8/8/8/PPPPPPPP/RNBQKBNR w KQkq - 0 1","4","559","13","238675","558927","115367","592","403167","511","511","e2e4","e2e4","main-result","true","922579","1555313.770","593178700","3","3","3","0","info depth 13 seldepth 23 score cp 29 nodes 238675 nps 403167 time 592 hashfull 511 pv e2e4 e7e5 g1f3 g8f6 b1c3 b8c6 d2d4 e5d4 f3d4 c6d4 d1d4 c7c6 f1e2","{move=e2e4, main_pv=e2e4,e7e5,g1f3,g8f6,b1c3,b8c6,d2d4,e5d4,f3d4,c6d4,d1d4,c7c6,f1e2, helper_submitted=3, aborted=false, helper_exited=3, helper_exceptions=0, search_elapsed_ns=593101000, helper_started=3, main_score_cp=29, main_qnodes=558927, source=main-result, main_tt_hits=115367, abort_ms=593, main_move=e2e4, main_nodes=238675, search=559, main_depth=13, legal=true, helper_pending=0, bestmove_ms=593, event=bestmove, latest_move=e2e4}"
"measured","6","0","rnbqkbnr/pppppppp/8/8/8/8/PPPPPPPP/RNBQKBNR w KQkq - 0 1","1","560","13","528398","1218768","145603","1254","421370","372","372","e2e4","e2e4","main-result","true","528398","421124.461","1254731200","0","0","0","0","info depth 13 seldepth 23 score cp 29 nodes 528398 nps 421370 time 1254 hashfull 372 pv e2e4 e7e5 g1f3 g8f6 b1c3 b8c6 d2d4 e5d4 f3d4 c6d4 d1d4 c7c6 f1e2","{move=e2e4, main_pv=e2e4,e7e5,g1f3,g8f6,b1c3,b8c6,d2d4,e5d4,f3d4,c6d4,d1d4,c7c6,f1e2, helper_submitted=0, aborted=false, helper_exited=0, helper_exceptions=0, search_elapsed_ns=1254692700, helper_started=0, main_score_cp=29, main_qnodes=1218768, source=main-result, main_tt_hits=145603, abort_ms=1254, main_move=e2e4, main_nodes=528398, search=560, main_depth=13, legal=true, helper_pending=0, bestmove_ms=1254, event=bestmove, latest_move=e2e4}"
"measured","6","0","rnbqkbnr/pppppppp/8/8/8/8/PPPPPPPP/RNBQKBNR w KQkq - 0 1","2","561","13","451044","1005326","150066","1102","409295","538","538","e2e4","e2e4","main-result","true","890666","807230.714","1103359900","1","1","1","0","info depth 13 seldepth 23 score cp 29 nodes 451044 nps 409295 time 1102 hashfull 538 pv e2e4 e7e5 g1f3 g8f6 b1c3 b8c6 d2d4 e5d4 f3d4 c6d4 d1d4 c7c6 f1e2","{move=e2e4, main_pv=e2e4,e7e5,g1f3,g8f6,b1c3,b8c6,d2d4,e5d4,f3d4,c6d4,d1d4,c7c6,f1e2, helper_submitted=1, aborted=false, helper_exited=1, helper_exceptions=0, search_elapsed_ns=1103320300, helper_started=1, main_score_cp=29, main_qnodes=1005326, source=main-result, main_tt_hits=150066, abort_ms=1103, main_move=e2e4, main_nodes=451044, search=561, main_depth=13, legal=true, helper_pending=0, bestmove_ms=1103, event=bestmove, latest_move=e2e4}"
"measured","6","1","r3k2r/p1ppqpb1/bn2pnp1/3PN3/1p2P3/2N2Q1p/PPPBBPPP/R3K2R w KQkq - 0 1","1","562","13","3475078","7660190","475283","11701","296989","925","925","e2a6","e2a6","main-result","true","3475078","296950.585","11702546400","0","0","0","0","info depth 13 seldepth 28 score cp -90 nodes 3475078 nps 296989 time 11701 hashfull 925 pv e2a6 b4c3 d2c3 e6d5 e5g4 h3g2 f3g2 e8f8 c3f6 g7f6 e1c1 f6g5 c1b1 d5e4 h2h4 h8h4","{move=e2a6, main_pv=e2a6,b4c3,d2c3,e6d5,e5g4,h3g2,f3g2,e8f8,c3f6,g7f6,e1c1,f6g5,c1b1,d5e4,h2h4,h8h4, helper_submitted=0, aborted=false, helper_exited=0, helper_exceptions=0, search_elapsed_ns=11702504100, helper_started=0, main_score_cp=-90, main_qnodes=7660190, source=main-result, main_tt_hits=475283, abort_ms=11702, main_move=e2a6, main_nodes=3475078, search=562, main_depth=13, legal=true, helper_pending=0, bestmove_ms=11702, event=bestmove, latest_move=e2a6}"
"measured","6","1","r3k2r/p1ppqpb1/bn2pnp1/3PN3/1p2P3/2N2Q1p/PPPBBPPP/R3K2R w KQkq - 0 1","2","563","13","2416798","5396911","615892","8477","285100","962","962","e2a6","e2a6","main-result","true","4867414","574109.627","8478196100","1","1","1","0","info depth 13 seldepth 27 score cp -99 nodes 2416798 nps 285100 time 8477 hashfull 962 pv e2a6 b4c3","{move=e2a6, main_pv=e2a6,b4c3, helper_submitted=1, aborted=false, helper_exited=1, helper_exceptions=0, search_elapsed_ns=8478158400, helper_started=1, main_score_cp=-99, main_qnodes=5396911, source=main-result, main_tt_hits=615892, abort_ms=8478, main_move=e2a6, main_nodes=2416798, search=563, main_depth=13, legal=true, helper_pending=0, bestmove_ms=8478, event=bestmove, latest_move=e2a6}"
"measured","6","1","r3k2r/p1ppqpb1/bn2pnp1/3PN3/1p2P3/2N2Q1p/PPPBBPPP/R3K2R w KQkq - 0 1","4","564","13","3777137","9315941","1401372","14135","267218","999","999","e2a6","e2a6","main-result","true","15041698","1064030.928","14136523300","3","3","3","0","info depth 13 seldepth 28 score cp -145 nodes 3777137 nps 267218 time 14135 hashfull 999 pv e2a6 e6d5 c3d5 b6d5 e1c1 h3g2 e4d5","{move=e2a6, main_pv=e2a6,e6d5,c3d5,b6d5,e1c1,h3g2,e4d5, helper_submitted=3, aborted=false, helper_exited=3, helper_exceptions=0, search_elapsed_ns=14136424800, helper_started=3, main_score_cp=-145, main_qnodes=9315941, source=main-result, main_tt_hits=1401372, abort_ms=14136, main_move=e2a6, main_nodes=3777137, search=564, main_depth=13, legal=true, helper_pending=0, bestmove_ms=14136, event=bestmove, latest_move=e2a6}"
"measured","6","2","4k3/8/8/8/8/8/4P3/4K3 w - - 5 39","2","565","13","9009","9192","10748","8","1126125","2","2","e1d2","e1d2","main-result","true","18086","1936402.570","9340000","1","1","1","0","info depth 13 seldepth 16 score cp 160 nodes 9009 nps 1126125 time 8 hashfull 2 pv e1d2 e8d7 d2e3 d7d6 e3d4 d6c6 e2e4 c6d6","{move=e1d2, main_pv=e1d2,e8d7,d2e3,d7d6,e3d4,d6c6,e2e4,c6d6, helper_submitted=1, aborted=false, helper_exited=1, helper_exceptions=0, search_elapsed_ns=9312300, helper_started=1, main_score_cp=160, main_qnodes=9192, source=main-result, main_tt_hits=10748, abort_ms=9, main_move=e1d2, main_nodes=9009, search=565, main_depth=13, legal=true, helper_pending=0, bestmove_ms=9, event=bestmove, latest_move=e1d2}"
"measured","6","2","4k3/8/8/8/8/8/4P3/4K3 w - - 5 39","4","566","13","5840","5790","7484","5","1168000","2","2","e1d2","e1d2","main-result","true","22363","3515697.464","6360900","3","3","3","0","info depth 13 seldepth 16 score cp 177 nodes 5840 nps 1168000 time 5 hashfull 2 pv e1d2 e8d7 d2e3 d7e6 e3f4 e6f7 e2e4 f7f6","{move=e1d2, main_pv=e1d2,e8d7,d2e3,d7e6,e3f4,e6f7,e2e4,f7f6, helper_submitted=3, aborted=false, helper_exited=3, helper_exceptions=0, search_elapsed_ns=6295400, helper_started=3, main_score_cp=177, main_qnodes=5790, source=main-result, main_tt_hits=7484, abort_ms=6, main_move=e1d2, main_nodes=5840, search=566, main_depth=13, legal=true, helper_pending=0, bestmove_ms=6, event=bestmove, latest_move=e1d2}"
"measured","6","2","4k3/8/8/8/8/8/4P3/4K3 w - - 5 39","1","567","13","7568","7523","8952","6","1261333","2","2","e1d2","e1d2","main-result","true","7568","1016630.397","7444200","0","0","0","0","info depth 13 seldepth 17 score cp 160 nodes 7568 nps 1261333 time 6 hashfull 2 pv e1d2 e8d7 d2e3 d7d6 e3f4 d6e6 e2e4 e6f6 e4e5 f6e7 f4e3 e7d7 e3e4 d7e6","{move=e1d2, main_pv=e1d2,e8d7,d2e3,d7d6,e3f4,d6e6,e2e4,e6f6,e4e5,f6e7,f4e3,e7d7,e3e4,d7e6, helper_submitted=0, aborted=false, helper_exited=0, helper_exceptions=0, search_elapsed_ns=7414100, helper_started=0, main_score_cp=160, main_qnodes=7523, source=main-result, main_tt_hits=8952, abort_ms=7, main_move=e1d2, main_nodes=7568, search=567, main_depth=13, legal=true, helper_pending=0, bestmove_ms=7, event=bestmove, latest_move=e1d2}"
"measured","6","3","r3k2r/Pppp1ppp/1b3nbN/nP6/BBP1P3/q4N2/Pp1P2PP/R2Q1RK1 w kq - 0 1","4","568","13","564542","1692531","350905","2206","255912","561","561","c4c5","c4c5","main-result","true","2256069","1022061.862","2207370300","3","3","3","0","info depth 13 seldepth 27 score cp -536 nodes 564542 nps 255912 time 2206 hashfull 561 pv c4c5 b2a1q d1a1 b6c5 b4c5 a3c5 g1h1 a8a7 e4e5 f6h5 h6g4 c5b4","{move=c4c5, main_pv=c4c5,b2a1q,d1a1,b6c5,b4c5,a3c5,g1h1,a8a7,e4e5,f6h5,h6g4,c5b4, helper_submitted=3, aborted=false, helper_exited=3, helper_exceptions=0, search_elapsed_ns=2207292700, helper_started=3, main_score_cp=-536, main_qnodes=1692531, source=main-result, main_tt_hits=350905, abort_ms=2207, main_move=c4c5, main_nodes=564542, search=568, main_depth=13, legal=true, helper_pending=0, bestmove_ms=2207, event=bestmove, latest_move=c4c5}"
"measured","6","3","r3k2r/Pppp1ppp/1b3nbN/nP6/BBP1P3/q4N2/Pp1P2PP/R2Q1RK1 w kq - 0 1","1","569","13","605659","1501526","198351","2031","298207","375","375","c4c5","c4c5","main-result","true","605659","298009.040","2032351100","0","0","0","0","info depth 13 seldepth 27 score cp -590 nodes 605659 nps 298207 time 2031 hashfull 375 pv c4c5 b6c5 b4c5 a3c5 g1h1 b2a1r d1a1 a8a7 e4e5 f6h5 g2g4 g7h6 g4h5 g6h5 d2d4 c5c4 b5b6","{move=c4c5, main_pv=c4c5,b6c5,b4c5,a3c5,g1h1,b2a1r,d1a1,a8a7,e4e5,f6h5,g2g4,g7h6,g4h5,g6h5,d2d4,c5c4,b5b6, helper_submitted=0, aborted=false, helper_exited=0, helper_exceptions=0, search_elapsed_ns=2032310900, helper_started=0, main_score_cp=-590, main_qnodes=1501526, source=main-result, main_tt_hits=198351, abort_ms=2032, main_move=c4c5, main_nodes=605659, search=569, main_depth=13, legal=true, helper_pending=0, bestmove_ms=2032, event=bestmove, latest_move=c4c5}"
"measured","6","3","r3k2r/Pppp1ppp/1b3nbN/nP6/BBP1P3/q4N2/Pp1P2PP/R2Q1RK1 w kq - 0 1","2","570","13","543844","1390947","225220","1898","286535","369","369","c4c5","c4c5","main-result","true","1089011","573278.642","1899619000","1","1","1","0","info depth 13 seldepth 27 score cp -590 nodes 543844 nps 286535 time 1898 hashfull 369 pv c4c5 b6c5 b4c5 a3c5 g1h1 b2a1r d1a1 a8a7 e4e5 f6h5 g2g4 g7h6 g4h5 g6h5 d2d4 c5c4 b5b6","{move=c4c5, main_pv=c4c5,b6c5,b4c5,a3c5,g1h1,b2a1r,d1a1,a8a7,e4e5,f6h5,g2g4,g7h6,g4h5,g6h5,d2d4,c5c4,b5b6, helper_submitted=1, aborted=false, helper_exited=1, helper_exceptions=0, search_elapsed_ns=1899556300, helper_started=1, main_score_cp=-590, main_qnodes=1390947, source=main-result, main_tt_hits=225220, abort_ms=1899, main_move=c4c5, main_nodes=543844, search=570, main_depth=13, legal=true, helper_pending=0, bestmove_ms=1899, event=bestmove, latest_move=c4c5}"
"measured","6","4","rnbqkbnr/p1pppppp/8/1p6/2PP4/8/PP2PPPP/RNBQKBNR b KQkq c3 0 2","1","571","13","444366","1180659","97281","1201","369996","324","324","b5c4","b5c4","main-result","true","444366","369713.797","1201918900","0","0","0","0","info depth 13 seldepth 23 score cp -45 nodes 444366 nps 369996 time 1201 hashfull 324 pv b5c4 e2e4 c7c6 f1c4 d7d5 e4d5 c6d5 c4d3 b8c6 g1f3 g8f6 e1g1 a8b8","{move=b5c4, main_pv=b5c4,e2e4,c7c6,f1c4,d7d5,e4d5,c6d5,c4d3,b8c6,g1f3,g8f6,e1g1,a8b8, helper_submitted=0, aborted=false, helper_exited=0, helper_exceptions=0, search_elapsed_ns=1201874800, helper_started=0, main_score_cp=-45, main_qnodes=1180659, source=main-result, main_tt_hits=97281, abort_ms=1201, main_move=b5c4, main_nodes=444366, search=571, main_depth=13, legal=true, helper_pending=0, bestmove_ms=1201, event=bestmove, latest_move=b5c4}"
"measured","6","4","rnbqkbnr/p1pppppp/8/1p6/2PP4/8/PP2PPPP/RNBQKBNR b KQkq c3 0 2","2","572","13","211289","522026","84940","561","376629","248","248","b5c4","b5c4","main-result","true","409638","728294.145","562462300","1","1","1","0","info depth 13 seldepth 23 score cp -31 nodes 211289 nps 376629 time 561 hashfull 248 pv b5c4 e2e4 c8a6 d1a4 c7c6 b1c3 e7e6 f1c4 a6c4 a4c4 d7d5 c4e2","{move=b5c4, main_pv=b5c4,e2e4,c8a6,d1a4,c7c6,b1c3,e7e6,f1c4,a6c4,a4c4,d7d5,c4e2, helper_submitted=1, aborted=false, helper_exited=1, helper_exceptions=0, search_elapsed_ns=562424600, helper_started=1, main_score_cp=-31, main_qnodes=522026, source=main-result, main_tt_hits=84940, abort_ms=562, main_move=b5c4, main_nodes=211289, search=572, main_depth=13, legal=true, helper_pending=0, bestmove_ms=562, event=bestmove, latest_move=b5c4}"
"measured","6","4","rnbqkbnr/p1pppppp/8/1p6/2PP4/8/PP2PPPP/RNBQKBNR b KQkq c3 0 2","4","573","13","109989","280675","78040","307","358270","254","254","b5c4","b5c4","main-result","true","436635","1416653.986","308215700","3","3","3","0","info depth 13 seldepth 23 score cp -31 nodes 109989 nps 358270 time 307 hashfull 254 pv b5c4 e2e4 c8a6 b1c3 e7e6 d1a4 c7c6 f1c4 a6c4 a4c4 d7d5 c4e2 d5e4","{move=b5c4, main_pv=b5c4,e2e4,c8a6,b1c3,e7e6,d1a4,c7c6,f1c4,a6c4,a4c4,d7d5,c4e2,d5e4, helper_submitted=3, aborted=false, helper_exited=3, helper_exceptions=0, search_elapsed_ns=308140600, helper_started=3, main_score_cp=-31, main_qnodes=280675, source=main-result, main_tt_hits=78040, abort_ms=308, main_move=b5c4, main_nodes=109989, search=573, main_depth=13, legal=true, helper_pending=0, bestmove_ms=308, event=bestmove, latest_move=b5c4}"
"measured","6","5","r1bq1r1k/1pp1n1pp/1p1p4/4p2b/2B1P3/P1N1NP2/1PP3PP/R1BQ1RK1 w - - 2 14","2","574","13","571528","1341447","183760","1614","354106","568","568","d1d3","d1d3","main-result","true","1131620","700760.364","1614845900","1","1","1","0","info depth 13 seldepth 21 score cp 410 nodes 571528 nps 354106 time 1614 hashfull 568 pv d1d3 h5f7 c4f7 f8f7 c3d5 e7d5 d3d5","{move=d1d3, main_pv=d1d3,h5f7,c4f7,f8f7,c3d5,e7d5,d3d5, helper_submitted=1, aborted=false, helper_exited=1, helper_exceptions=0, search_elapsed_ns=1614806200, helper_started=1, main_score_cp=410, main_qnodes=1341447, source=main-result, main_tt_hits=183760, abort_ms=1614, main_move=d1d3, main_nodes=571528, search=574, main_depth=13, legal=true, helper_pending=0, bestmove_ms=1614, event=bestmove, latest_move=d1d3}"
"measured","6","5","r1bq1r1k/1pp1n1pp/1p1p4/4p2b/2B1P3/P1N1NP2/1PP3PP/R1BQ1RK1 w - - 2 14","4","575","13","364927","893612","140051","1145","318713","653","653","d1d3","d1d3","main-result","true","1468029","1280918.453","1146075300","3","3","3","0","info depth 13 seldepth 23 score cp 414 nodes 364927 nps 318713 time 1145 hashfull 653 pv d1d3 h5f7 c4f7 f8f7","{move=d1d3, main_pv=d1d3,h5f7,c4f7,f8f7, helper_submitted=3, aborted=false, helper_exited=3, helper_exceptions=0, search_elapsed_ns=1145984600, helper_started=3, main_score_cp=414, main_qnodes=893612, source=main-result, main_tt_hits=140051, abort_ms=1145, main_move=d1d3, main_nodes=364927, search=575, main_depth=13, legal=true, helper_pending=0, bestmove_ms=1145, event=bestmove, latest_move=d1d3}"
"measured","6","5","r1bq1r1k/1pp1n1pp/1p1p4/4p2b/2B1P3/P1N1NP2/1PP3PP/R1BQ1RK1 w - - 2 14","1","576","13","1549645","3889617","292659","4453","348000","720","720","d1d3","d1d3","main-result","true","1549645","347891.060","4454397300","0","0","0","0","info depth 13 seldepth 25 score cp 416 nodes 1549645 nps 348000 time 4453 hashfull 720 pv d1d3 h7h6 c1d2 h5f7 c4f7","{move=d1d3, main_pv=d1d3,h7h6,c1d2,h5f7,c4f7, helper_submitted=0, aborted=false, helper_exited=0, helper_exceptions=0, search_elapsed_ns=4454351400, helper_started=0, main_score_cp=416, main_qnodes=3889617, source=main-result, main_tt_hits=292659, abort_ms=4454, main_move=d1d3, main_nodes=1549645, search=576, main_depth=13, legal=true, helper_pending=0, bestmove_ms=4454, event=bestmove, latest_move=d1d3}"
"measured","6","6","r3r1k1/2p2ppp/p1p1bn2/8/1q2P3/2NPQN2/PPP3PP/R4RK1 b - - 2 24","4","577","13","516327","1106889","291103","1543","334625","637","637","b4b2","b4b2","main-result","true","2064039","1336835.855","1543973400","3","3","3","0","info depth 13 seldepth 23 score cp -55 nodes 516327 nps 334625 time 1543 hashfull 637 pv b4b2 d3d4 b2a3 e3d3 a8b8 a1b1 b8b1 f1b1 f6d7 h2h3","{move=b4b2, main_pv=b4b2,d3d4,b2a3,e3d3,a8b8,a1b1,b8b1,f1b1,f6d7,h2h3, helper_submitted=3, aborted=false, helper_exited=3, helper_exceptions=0, search_elapsed_ns=1543903900, helper_started=3, main_score_cp=-55, main_qnodes=1106889, source=main-result, main_tt_hits=291103, abort_ms=1543, main_move=b4b2, main_nodes=516327, search=577, main_depth=13, legal=true, helper_pending=0, bestmove_ms=1543, event=bestmove, latest_move=b4b2}"
"measured","6","6","r3r1k1/2p2ppp/p1p1bn2/8/1q2P3/2NPQN2/PPP3PP/R4RK1 b - - 2 24","1","578","13","634214","1300189","229620","1678","377958","408","408","b4b2","b4b2","main-result","true","634214","377645.679","1679389000","0","0","0","0","info depth 13 seldepth 23 score cp -43 nodes 634214 nps 377958 time 1678 hashfull 408 pv b4b2 e3d2 b2b6 g1h1 a8b8 d3d4 c6c5 a1b1 b6a5 d4d5 b8b1 f1b1","{move=b4b2, main_pv=b4b2,e3d2,b2b6,g1h1,a8b8,d3d4,c6c5,a1b1,b6a5,d4d5,b8b1,f1b1, helper_submitted=0, aborted=false, helper_exited=0, helper_exceptions=0, search_elapsed_ns=1679330200, helper_started=0, main_score_cp=-43, main_qnodes=1300189, source=main-result, main_tt_hits=229620, abort_ms=1679, main_move=b4b2, main_nodes=634214, search=578, main_depth=13, legal=true, helper_pending=0, bestmove_ms=1679, event=bestmove, latest_move=b4b2}"
"measured","6","6","r3r1k1/2p2ppp/p1p1bn2/8/1q2P3/2NPQN2/PPP3PP/R4RK1 b - - 2 24","2","579","13","427971","927239","203785","1207","354574","434","434","b4b2","b4b2","main-result","true","863124","714273.715","1208393900","1","1","1","0","info depth 13 seldepth 22 score cp -34 nodes 427971 nps 354574 time 1207 hashfull 434 pv b4b2 e3d2 a8b8 a1b1 b2a3 b1b8 e8b8 f3g5 a3e7 e4e5 f6g4 d3d4 h7h6","{move=b4b2, main_pv=b4b2,e3d2,a8b8,a1b1,b2a3,b1b8,e8b8,f3g5,a3e7,e4e5,f6g4,d3d4,h7h6, helper_submitted=1, aborted=false, helper_exited=1, helper_exceptions=0, search_elapsed_ns=1208351800, helper_started=1, main_score_cp=-34, main_qnodes=927239, source=main-result, main_tt_hits=203785, abort_ms=1208, main_move=b4b2, main_nodes=427971, search=579, main_depth=13, legal=true, helper_pending=0, bestmove_ms=1208, event=bestmove, latest_move=b4b2}"
"measured","6","7","r1bb4/3n1k2/p3p3/1p1pPp2/1Pp5/2P2N1B/P4PPP/4RK2 w - - 2 21","1","580","13","994398","2473757","160864","2302","431971","574","574","h3f5","h3f5","main-result","true","994398","431827.412","2302767200","0","0","0","0","info depth 13 seldepth 26 score cp -295 nodes 994398 nps 431971 time 2302 hashfull 574 pv h3f5 a6a5 a2a3 e6f5 e5e6 f7f6 e6d7 c8d7 f3e5 d7e6 e5c6 d8c7 c6d4 e6d7 h2h4","{move=h3f5, main_pv=h3f5,a6a5,a2a3,e6f5,e5e6,f7f6,e6d7,c8d7,f3e5,d7e6,e5c6,d8c7,c6d4,e6d7,h2h4, helper_submitted=0, aborted=false, helper_exited=0, helper_exceptions=0, search_elapsed_ns=2302693100, helper_started=0, main_score_cp=-295, main_qnodes=2473757, source=main-result, main_tt_hits=160864, abort_ms=2302, main_move=h3f5, main_nodes=994398, search=580, main_depth=13, legal=true, helper_pending=0, bestmove_ms=2302, event=bestmove, latest_move=h3f5}"
"measured","6","7","r1bb4/3n1k2/p3p3/1p1pPp2/1Pp5/2P2N1B/P4PPP/4RK2 w - - 2 21","2","581","13","591805","1441072","160657","1370","431974","587","587","h3f5","h3f5","main-result","true","1173076","855820.512","1370703300","1","1","1","0","info depth 13 seldepth 25 score cp -311 nodes 591805 nps 431974 time 1370 hashfull 587 pv h3f5 e6f5 e5e6 f7e8 e6d7 e8d7","{move=h3f5, main_pv=h3f5,e6f5,e5e6,f7e8,e6d7,e8d7, helper_submitted=1, aborted=false, helper_exited=1, helper_exceptions=0, search_elapsed_ns=1370665200, helper_started=1, main_score_cp=-311, main_qnodes=1441072, source=main-result, main_tt_hits=160657, abort_ms=1370, main_move=h3f5, main_nodes=591805, search=581, main_depth=13, legal=true, helper_pending=0, bestmove_ms=1370, event=bestmove, latest_move=h3f5}"
"measured","6","7","r1bb4/3n1k2/p3p3/1p1pPp2/1Pp5/2P2N1B/P4PPP/4RK2 w - - 2 21","4","582","13","372076","920524","117598","927","401376","640","640","f3d4","f3d4","main-result","true","1464200","1576609.244","928701900","3","3","3","0","info depth 13 seldepth 26 score cp -307 nodes 372076 nps 401376 time 927 hashfull 640 pv f3d4 d7b6 g2g3","{move=f3d4, main_pv=f3d4,d7b6,g2g3, helper_submitted=3, aborted=false, helper_exited=3, helper_exceptions=0, search_elapsed_ns=928625900, helper_started=3, main_score_cp=-307, main_qnodes=920524, source=main-result, main_tt_hits=117598, abort_ms=928, main_move=f3d4, main_nodes=372076, search=582, main_depth=13, legal=true, helper_pending=0, bestmove_ms=928, event=bestmove, latest_move=f3d4}"
"measured","6","8","r1bq1rk1/ppp1nppp/4n3/3p3Q/3P4/1BP1B3/PP1N2PP/R4RK1 w - - 1 16","2","583","13","921555","1829338","312169","2439","377841","758","758","b3c2","b3c2","main-result","true","1808249","741174.536","2439707400","1","1","1","0","info depth 13 seldepth 25 score cp 18 nodes 921555 nps 377841 time 2439 hashfull 758 pv b3c2 e7g6 d2f3 d8d6 f3e5 c8d7 a2a4 a7a5 a1e1 c7c6 g1h1","{move=b3c2, main_pv=b3c2,e7g6,d2f3,d8d6,f3e5,c8d7,a2a4,a7a5,a1e1,c7c6,g1h1, helper_submitted=1, aborted=false, helper_exited=1, helper_exceptions=0, search_elapsed_ns=2439666500, helper_started=1, main_score_cp=18, main_qnodes=1829338, source=main-result, main_tt_hits=312169, abort_ms=2439, main_move=b3c2, main_nodes=921555, search=583, main_depth=13, legal=true, helper_pending=0, bestmove_ms=2439, event=bestmove, latest_move=b3c2}"
"measured","6","8","r1bq1rk1/ppp1nppp/4n3/3p3Q/3P4/1BP1B3/PP1N2PP/R4RK1 w - - 1 16","4","584","13","523836","1051503","310157","1536","341039","724","724","b3c2","b3c2","main-result","true","2064891","1343482.180","1536969400","3","3","3","0","info depth 13 seldepth 25 score cp 17 nodes 523836 nps 341039 time 1536 hashfull 724 pv b3c2 e7g6 d2f3 c7c6 f3e5 d8e7","{move=b3c2, main_pv=b3c2,e7g6,d2f3,c7c6,f3e5,d8e7, helper_submitted=3, aborted=false, helper_exited=3, helper_exceptions=0, search_elapsed_ns=1536892900, helper_started=3, main_score_cp=17, main_qnodes=1051503, source=main-result, main_tt_hits=310157, abort_ms=1536, main_move=b3c2, main_nodes=523836, search=584, main_depth=13, legal=true, helper_pending=0, bestmove_ms=1536, event=bestmove, latest_move=b3c2}"
"measured","6","8","r1bq1rk1/ppp1nppp/4n3/3p3Q/3P4/1BP1B3/PP1N2PP/R4RK1 w - - 1 16","1","585","13","944419","1841645","307182","2398","393836","560","560","b3c2","b3c2","main-result","true","944419","393731.983","2398634200","0","0","0","0","info depth 13 seldepth 22 score cp 16 nodes 944419 nps 393836 time 2398 hashfull 560 pv b3c2 e7g6 d2f3 c7c6 f3e5 c8d7 a1e1 a7a6","{move=b3c2, main_pv=b3c2,e7g6,d2f3,c7c6,f3e5,c8d7,a1e1,a7a6, helper_submitted=0, aborted=false, helper_exited=0, helper_exceptions=0, search_elapsed_ns=2398594600, helper_started=0, main_score_cp=16, main_qnodes=1841645, source=main-result, main_tt_hits=307182, abort_ms=2398, main_move=b3c2, main_nodes=944419, search=585, main_depth=13, legal=true, helper_pending=0, bestmove_ms=2398, event=bestmove, latest_move=b3c2}"
"measured","6","9","6k1/3r4/2R5/P5pp/3b4/6P1/5PK1/8 w - - 1 45","4","586","13","124090","280359","70401","251","494382","231","231","c6g6","c6g6","main-result","true","496347","1967586.848","252261800","3","3","3","0","info depth 13 seldepth 24 score cp -119 nodes 124090 nps 494382 time 251 hashfull 231 pv c6g6 d7g7 g6d6 d4a7 d6d5 g8f7 a5a6","{move=c6g6, main_pv=c6g6,d7g7,g6d6,d4a7,d6d5,g8f7,a5a6, helper_submitted=3, aborted=false, helper_exited=3, helper_exceptions=0, search_elapsed_ns=252180600, helper_started=3, main_score_cp=-119, main_qnodes=280359, source=main-result, main_tt_hits=70401, abort_ms=252, main_move=c6g6, main_nodes=124090, search=586, main_depth=13, legal=true, helper_pending=0, bestmove_ms=252, event=bestmove, latest_move=c6g6}"
"measured","6","9","6k1/3r4/2R5/P5pp/3b4/6P1/5PK1/8 w - - 1 45","1","587","13","258683","591758","78893","473","546898","175","175","c6g6","c6g6","main-result","true","258683","545690.847","474046800","0","0","0","0","info depth 13 seldepth 25 score cp -110 nodes 258683 nps 546898 time 473 hashfull 175 pv c6g6 d7g7 g6d6 d4a7 d6d5 g8f7 d5d6 f7e7 d6c6 g7f7 c6c7 e7f6 c7f7 f6f7 a5a6 a7c5","{move=c6g6, main_pv=c6g6,d7g7,g6d6,d4a7,d6d5,g8f7,d5d6,f7e7,d6c6,g7f7,c6c7,e7f6,c7f7,f6f7,a5a6,a7c5, helper_submitted=0, aborted=false, helper_exited=0, helper_exceptions=0, search_elapsed_ns=474005300, helper_started=0, main_score_cp=-110, main_qnodes=591758, source=main-result, main_tt_hits=78893, abort_ms=474, main_move=c6g6, main_nodes=258683, search=587, main_depth=13, legal=true, helper_pending=0, bestmove_ms=474, event=bestmove, latest_move=c6g6}"
"measured","6","9","6k1/3r4/2R5/P5pp/3b4/6P1/5PK1/8 w - - 1 45","2","588","13","188469","430472","81582","358","526449","216","216","c6g6","c6g6","main-result","true","373880","1041585.702","358952700","1","1","1","0","info depth 13 seldepth 24 score cp -108 nodes 188469 nps 526449 time 358 hashfull 216 pv c6g6 d7g7 g6d6 d4a7 d6d5 g8h7 a5a6 g7f7 f2f4 g5f4 g3f4 h7g6 d5g5 g6h6 g2f3","{move=c6g6, main_pv=c6g6,d7g7,g6d6,d4a7,d6d5,g8h7,a5a6,g7f7,f2f4,g5f4,g3f4,h7g6,d5g5,g6h6,g2f3, helper_submitted=1, aborted=false, helper_exited=1, helper_exceptions=0, search_elapsed_ns=358902600, helper_started=1, main_score_cp=-108, main_qnodes=430472, source=main-result, main_tt_hits=81582, abort_ms=358, main_move=c6g6, main_nodes=188469, search=588, main_depth=13, legal=true, helper_pending=0, bestmove_ms=358, event=bestmove, latest_move=c6g6}"
"measured","6","10","r1bq1rk1/pp2ppbp/2np1np1/8/3NP3/2N1BP2/PPPQ2PP/R4RK1 b - - 0 10","1","589","13","1463870","4049839","212661","4164","351553","697","697","c6d4","c6d4","main-result","true","1463870","351466.991","4165028400","0","0","0","0","info depth 13 seldepth 22 score cp 432 nodes 1463870 nps 351553 time 4164 hashfull 697 pv c6d4 e3d4 d8a5 a2a3 c8e6 b2b4 a5c7 a3a4 a7a6 a4a5 a8c8 h2h3 c7d7","{move=c6d4, main_pv=c6d4,e3d4,d8a5,a2a3,c8e6,b2b4,a5c7,a3a4,a7a6,a4a5,a8c8,h2h3,c7d7, helper_submitted=0, aborted=false, helper_exited=0, helper_exceptions=0, search_elapsed_ns=4164975400, helper_started=0, main_score_cp=432, main_qnodes=4049839, source=main-result, main_tt_hits=212661, abort_ms=4164, main_move=c6d4, main_nodes=1463870, search=589, main_depth=13, legal=true, helper_pending=0, bestmove_ms=4164, event=bestmove, latest_move=c6d4}"
"measured","6","10","r1bq1rk1/pp2ppbp/2np1np1/8/3NP3/2N1BP2/PPPQ2PP/R4RK1 b - - 0 10","2","590","13","854523","2389937","149523","2484","344010","727","727","c6d4","c6d4","main-result","true","1685184","678203.943","2484774700","1","1","1","0","info depth 13 seldepth 22 score cp 431 nodes 854523 nps 344010 time 2484 hashfull 727 pv c6d4 e3d4 d8a5","{move=c6d4, main_pv=c6d4,e3d4,d8a5, helper_submitted=1, aborted=false, helper_exited=1, helper_exceptions=0, search_elapsed_ns=2484735600, helper_started=1, main_score_cp=431, main_qnodes=2389937, source=main-result, main_tt_hits=149523, abort_ms=2484, main_move=c6d4, main_nodes=854523, search=590, main_depth=13, legal=true, helper_pending=0, bestmove_ms=2484, event=bestmove, latest_move=c6d4}"
"measured","6","10","r1bq1rk1/pp2ppbp/2np1np1/8/3NP3/2N1BP2/PPPQ2PP/R4RK1 b - - 0 10","4","591","13","812609","2308214","177783","2501","324913","934","934","a7a6","a7a6","main-result","true","3252148","1299055.280","2503471600","3","3","3","0","info depth 13 seldepth 23 score cp 427 nodes 812609 nps 324913 time 2501 hashfull 934 pv a7a6 d4c6 b7c6 b2b3","{move=a7a6, main_pv=a7a6,d4c6,b7c6,b2b3, helper_submitted=3, aborted=false, helper_exited=3, helper_exceptions=0, search_elapsed_ns=2503396200, helper_started=3, main_score_cp=427, main_qnodes=2308214, source=main-result, main_tt_hits=177783, abort_ms=2503, main_move=a7a6, main_nodes=812609, search=591, main_depth=13, legal=true, helper_pending=0, bestmove_ms=2503, event=bestmove, latest_move=a7a6}"
"measured","6","11","8/p7/1p2k1p1/2p5/2P1b3/1P3P2/P2K4/8 b - - 0 38","2","592","13","149855","200689","87667","200","749275","102","102","e4f3","e4f3","main-result","true","298297","1480948.790","201422900","1","1","1","0","info depth 13 seldepth 25 score cp 602 nodes 149855 nps 749275 time 200 hashfull 102 pv e4f3 d2e3 f3c6 e3f4 e6f6 f4g4 c6e4 g4f4 e4b1 a2a3 a7a5 f4e3 b1c2 b3b4 a5b4","{move=e4f3, main_pv=e4f3,d2e3,f3c6,e3f4,e6f6,f4g4,c6e4,g4f4,e4b1,a2a3,a7a5,f4e3,b1c2,b3b4,a5b4, helper_submitted=1, aborted=false, helper_exited=1, helper_exceptions=0, search_elapsed_ns=201379300, helper_started=1, main_score_cp=602, main_qnodes=200689, source=main-result, main_tt_hits=87667, abort_ms=201, main_move=e4f3, main_nodes=149855, search=592, main_depth=13, legal=true, helper_pending=0, bestmove_ms=201, event=bestmove, latest_move=e4f3}"
"measured","6","11","8/p7/1p2k1p1/2p5/2P1b3/1P3P2/P2K4/8 b - - 0 38","4","593","13","95091","111854","61299","125","760728","74","74","e4f3","e4f3","main-result","true","367856","2911185.942","126359500","3","3","3","0","info depth 13 seldepth 22 score cp 572 nodes 95091 nps 760728 time 125 hashfull 74 pv e4f3 d2e3 f3c6 e3f4 e6f6 f4e3 g6g5 a2a3 a7a5 a3a4 f6e5 e3d2 g5g4 d2d3","{move=e4f3, main_pv=e4f3,d2e3,f3c6,e3f4,e6f6,f4e3,g6g5,a2a3,a7a5,a3a4,f6e5,e3d2,g5g4,d2d3, helper_submitted=3, aborted=false, helper_exited=3, helper_exceptions=0, search_elapsed_ns=126282500, helper_started=3, main_score_cp=572, main_qnodes=111854, source=main-result, main_tt_hits=61299, abort_ms=126, main_move=e4f3, main_nodes=95091, search=593, main_depth=13, legal=true, helper_pending=0, bestmove_ms=126, event=bestmove, latest_move=e4f3}"
"measured","6","11","8/p7/1p2k1p1/2p5/2P1b3/1P3P2/P2K4/8 b - - 0 38","1","594","13","106151","123121","65708","133","798127","54","54","e4f3","e4f3","main-result","true","106151","791180.894","134167800","0","0","0","0","info depth 13 seldepth 22 score cp 583 nodes 106151 nps 798127 time 133 hashfull 54 pv e4f3 d2e3 f3c6 e3f4 e6f6 f4g3 g6g5 g3g4 c6d7 g4f3 f6e5 a2a3 g5g4 f3g3 a7a5 a3a4 d7f5","{move=e4f3, main_pv=e4f3,d2e3,f3c6,e3f4,e6f6,f4g3,g6g5,g3g4,c6d7,g4f3,f6e5,a2a3,g5g4,f3g3,a7a5,a3a4,d7f5, helper_submitted=0, aborted=false, helper_exited=0, helper_exceptions=0, search_elapsed_ns=134120500, helper_started=0, main_score_cp=583, main_qnodes=123121, source=main-result, main_tt_hits=65708, abort_ms=134, main_move=e4f3, main_nodes=106151, search=594, main_depth=13, legal=true, helper_pending=0, bestmove_ms=134, event=bestmove, latest_move=e4f3}"
"measured","6","12","8/8/6k1/8/5P2/4K1P1/8/8 b - - 0 65","4","595","13","20926","22811","19834","21","996476","14","14","g6f5","g6f5","main-result","true","83481","3749663.127","22263600","3","3","3","0","info depth 13 seldepth 20 score cp -446 nodes 20926 nps 996476 time 21 hashfull 14 pv g6f5 e3f3 f5f6 g3g4 f6e6 f4f5 e6e7 g4g5 e7f7 g5g6 f7g7 f3e3 g7h6 e3f4 h6h5","{move=g6f5, main_pv=g6f5,e3f3,f5f6,g3g4,f6e6,f4f5,e6e7,g4g5,e7f7,g5g6,f7g7,f3e3,g7h6,e3f4,h6h5, helper_submitted=3, aborted=false, helper_exited=3, helper_exceptions=0, search_elapsed_ns=22191900, helper_started=3, main_score_cp=-446, main_qnodes=22811, source=main-result, main_tt_hits=19834, abort_ms=22, main_move=g6f5, main_nodes=20926, search=595, main_depth=13, legal=true, helper_pending=0, bestmove_ms=22, event=bestmove, latest_move=g6f5}"
"measured","6","12","8/8/6k1/8/5P2/4K1P1/8/8 b - - 0 65","1","596","13","19151","23591","14566","20","957550","15","15","g6f5","g6f5","main-result","true","19151","929037.829","20613800","0","0","0","0","info depth 13 seldepth 20 score cp -399 nodes 19151 nps 957550 time 20 hashfull 15 pv g6f5 e3d4 f5e6 g3g4","{move=g6f5, main_pv=g6f5,e3d4,f5e6,g3g4, helper_submitted=0, aborted=false, helper_exited=0, helper_exceptions=0, search_elapsed_ns=20588100, helper_started=0, main_score_cp=-399, main_qnodes=23591, source=main-result, main_tt_hits=14566, abort_ms=20, main_move=g6f5, main_nodes=19151, search=596, main_depth=13, legal=true, helper_pending=0, bestmove_ms=20, event=bestmove, latest_move=g6f5}"
"measured","6","12","8/8/6k1/8/5P2/4K1P1/8/8 b - - 0 65","2","597","13","22123","24560","19379","22","1005590","13","13","g6f5","g6f5","main-result","true","43947","1917190.895","22922600","1","1","1","0","info depth 13 seldepth 21 score cp -401 nodes 22123 nps 1005590 time 22 hashfull 13 pv g6f5 e3f3 f5e6 f3e4 e6e7 f4f5 e7f6 e4f4 f6e7 g3g4 e7d6","{move=g6f5, main_pv=g6f5,e3f3,f5e6,f3e4,e6e7,f4f5,e7f6,e4f4,f6e7,g3g4,e7d6, helper_submitted=1, aborted=false, helper_exited=1, helper_exceptions=0, search_elapsed_ns=22861600, helper_started=1, main_score_cp=-401, main_qnodes=24560, source=main-result, main_tt_hits=19379, abort_ms=22, main_move=g6f5, main_nodes=22123, search=597, main_depth=13, legal=true, helper_pending=0, bestmove_ms=22, event=bestmove, latest_move=g6f5}"
"measured","6","13","8/2p5/3p4/KP5r/1R3p1k/8/4P1P1/8 w - - 0 1","1","598","13","134731","298233","52919","235","573323","97","97","b4f4","b4f4","main-result","true","134731","569793.835","236455700","0","0","0","0","info depth 13 seldepth 28 score cp 19 nodes 134731 nps 573323 time 235 hashfull 97 pv b4f4 h4g3 f4f3 g3g2 f3c3 h5c5 c3c5 d6c5 e2e4 c5c4 a5b4 g2f3 e4e5 f3f4","{move=b4f4, main_pv=b4f4,h4g3,f4f3,g3g2,f3c3,h5c5,c3c5,d6c5,e2e4,c5c4,a5b4,g2f3,e4e5,f3f4, helper_submitted=0, aborted=false, helper_exited=0, helper_exceptions=0, search_elapsed_ns=236408600, helper_started=0, main_score_cp=19, main_qnodes=298233, source=main-result, main_tt_hits=52919, abort_ms=236, main_move=b4f4, main_nodes=134731, search=598, main_depth=13, legal=true, helper_pending=0, bestmove_ms=236, event=bestmove, latest_move=b4f4}"
"measured","6","13","8/2p5/3p4/KP5r/1R3p1k/8/4P1P1/8 w - - 0 1","2","599","13","109151","235385","53403","189","577518","98","98","b4f4","b4f4","main-result","true","216210","1139770.401","189696100","1","1","1","0","info depth 13 seldepth 26 score cp 19 nodes 109151 nps 577518 time 189 hashfull 98 pv b4f4 h4g3 f4f3 g3g2 f3c3 h5c5 c3c5 d6c5 e2e4 c5c4 a5b4 g2f3 e4e5 f3f4","{move=b4f4, main_pv=b4f4,h4g3,f4f3,g3g2,f3c3,h5c5,c3c5,d6c5,e2e4,c5c4,a5b4,g2f3,e4e5,f3f4, helper_submitted=1, aborted=false, helper_exited=1, helper_exceptions=0, search_elapsed_ns=189658300, helper_started=1, main_score_cp=19, main_qnodes=235385, source=main-result, main_tt_hits=53403, abort_ms=189, main_move=b4f4, main_nodes=109151, search=599, main_depth=13, legal=true, helper_pending=0, bestmove_ms=189, event=bestmove, latest_move=b4f4}"
"measured","6","13","8/2p5/3p4/KP5r/1R3p1k/8/4P1P1/8 w - - 0 1","4","600","13","104184","236184","64582","195","534276","203","203","b4f4","b4f4","main-result","true","420915","2149274.537","195840500","3","3","3","0","info depth 13 seldepth 27 score cp 19 nodes 104184 nps 534276 time 195 hashfull 203 pv b4f4 h4g3 f4f3 g3g2 f3c3 h5c5 c3c5 d6c5 e2e4 g2g3 e4e5 c5c4 a5b4 g3f4 e5e6 f4f5","{move=b4f4, main_pv=b4f4,h4g3,f4f3,g3g2,f3c3,h5c5,c3c5,d6c5,e2e4,g2g3,e4e5,c5c4,a5b4,g3f4,e5e6,f4f5, helper_submitted=3, aborted=false, helper_exited=3, helper_exceptions=0, search_elapsed_ns=195759300, helper_started=3, main_score_cp=19, main_qnodes=236184, source=main-result, main_tt_hits=64582, abort_ms=195, main_move=b4f4, main_nodes=104184, search=600, main_depth=13, legal=true, helper_pending=0, bestmove_ms=195, event=bestmove, latest_move=b4f4}"
"measured","6","14","r1bq1r1k/b1p1npp1/p2p3p/1p6/3PP3/1B2NN2/PP3PPP/R2Q1RK1 w - - 1 16","2","601","13","765720","2081627","197906","2362","324182","719","719","a2a4","a2a4","main-result","true","1524358","645023.837","2363258400","1","1","1","0","info depth 13 seldepth 22 score cp 66 nodes 765720 nps 324182 time 2362 hashfull 719 pv a2a4 c8b7 d1d3 h8g8 d4d5 d8d7 f1c1 f8e8 a4b5 a7e3 d3e3 a6b5 e3e2","{move=a2a4, main_pv=a2a4,c8b7,d1d3,h8g8,d4d5,d8d7,f1c1,f8e8,a4b5,a7e3,d3e3,a6b5,e3e2, helper_submitted=1, aborted=false, helper_exited=1, helper_exceptions=0, search_elapsed_ns=2363220500, helper_started=1, main_score_cp=66, main_qnodes=2081627, source=main-result, main_tt_hits=197906, abort_ms=2363, main_move=a2a4, main_nodes=765720, search=601, main_depth=13, legal=true, helper_pending=0, bestmove_ms=2363, event=bestmove, latest_move=a2a4}"
"measured","6","14","r1bq1r1k/b1p1npp1/p2p3p/1p6/3PP3/1B2NN2/PP3PPP/R2Q1RK1 w - - 1 16","4","602","13","815414","2195832","214052","2779","293419","938","938","d1d3","d1d3","main-result","true","3236321","1163923.057","2780528300","3","3","3","0","info depth 13 seldepth 22 score cp 59 nodes 815414 nps 293419 time 2779 hashfull 938 pv d1d3 c8b7 a2a4 c7c6 d3d2 d8c7 a4b5 a6b5 d2d3 h8g8 d4d5 a7b6 d5c6","{move=d1d3, main_pv=d1d3,c8b7,a2a4,c7c6,d3d2,d8c7,a4b5,a6b5,d2d3,h8g8,d4d5,a7b6,d5c6, helper_submitted=3, aborted=false, helper_exited=3, helper_exceptions=0, search_elapsed_ns=2780418100, helper_started=3, main_score_cp=59, main_qnodes=2195832, source=main-result, main_tt_hits=214052, abort_ms=2780, main_move=d1d3, main_nodes=815414, search=602, main_depth=13, legal=true, helper_pending=0, bestmove_ms=2780, event=bestmove, latest_move=d1d3}"
"measured","6","14","r1bq1r1k/b1p1npp1/p2p3p/1p6/3PP3/1B2NN2/PP3PPP/R2Q1RK1 w - - 1 16","1","603","13","1523227","3915325","261327","4493","339022","771","771","a2a4","a2a4","main-result","true","1523227","338954.028","4493904400","0","0","0","0","info depth 13 seldepth 25 score cp 59 nodes 1523227 nps 339022 time 4493 hashfull 771 pv a2a4 c8b7 d1d3 c7c6 f1c1 h8g8 h2h3 e7g6 e3f5 f8e8 a4b5 a6b5 d3e2","{move=a2a4, main_pv=a2a4,c8b7,d1d3,c7c6,f1c1,h8g8,h2h3,e7g6,e3f5,f8e8,a4b5,a6b5,d3e2, helper_submitted=0, aborted=false, helper_exited=0, helper_exceptions=0, search_elapsed_ns=4493864900, helper_started=0, main_score_cp=59, main_qnodes=3915325, source=main-result, main_tt_hits=261327, abort_ms=4493, main_move=a2a4, main_nodes=1523227, search=603, main_depth=13, legal=true, helper_pending=0, bestmove_ms=4493, event=bestmove, latest_move=a2a4}"
"measured","6","15","r4rk1/1pp1qppp/p1np1n2/2b1p1B1/2B1P1b1/P1NP1N2/1PP1QPPP/R4RK1 w - - 0 10","4","604","13","566020","1261231","284041","1846","306619","736","736","c3d5","c3d5","main-result","true","2288961","1238912.988","1847555900","3","3","3","0","info depth 13 seldepth 25 score cp 142 nodes 566020 nps 306619 time 1846 hashfull 736 pv c3d5 e7d8 g5f6 g7f6 c2c3 b7b5 c4a2 g4e6 b2b4 c5b6 h2h3 e6d5 a2d5 d8d7 a1b1 a6a5","{move=c3d5, main_pv=c3d5,e7d8,g5f6,g7f6,c2c3,b7b5,c4a2,g4e6,b2b4,c5b6,h2h3,e6d5,a2d5,d8d7,a1b1,a6a5, helper_submitted=3, aborted=false, helper_exited=3, helper_exceptions=0, search_elapsed_ns=1847481100, helper_started=3, main_score_cp=142, main_qnodes=1261231, source=main-result, main_tt_hits=284041, abort_ms=1847, main_move=c3d5, main_nodes=566020, search=604, main_depth=13, legal=true, helper_pending=0, bestmove_ms=1847, event=bestmove, latest_move=c3d5}"
"measured","6","15","r4rk1/1pp1qppp/p1np1n2/2b1p1B1/2B1P1b1/P1NP1N2/1PP1QPPP/R4RK1 w - - 0 10","1","605","13","939472","2736571","234416","3304","284343","555","555","c3d5","c3d5","main-result","true","939472","284214.596","3305502300","0","0","0","0","info depth 13 seldepth 25 score cp 146 nodes 939472 nps 284343 time 3304 hashfull 555 pv c3d5 e7d8 c2c3 g4e6 b2b4 c5b6 g5f6 g7f6 h2h3 e6d5","{move=c3d5, main_pv=c3d5,e7d8,c2c3,g4e6,b2b4,c5b6,g5f6,g7f6,h2h3,e6d5, helper_submitted=0, aborted=false, helper_exited=0, helper_exceptions=0, search_elapsed_ns=3305438500, helper_started=0, main_score_cp=146, main_qnodes=2736571, source=main-result, main_tt_hits=234416, abort_ms=3305, main_move=c3d5, main_nodes=939472, search=605, main_depth=13, legal=true, helper_pending=0, bestmove_ms=3305, event=bestmove, latest_move=c3d5}"
"measured","6","15","r4rk1/1pp1qppp/p1np1n2/2b1p1B1/2B1P1b1/P1NP1N2/1PP1QPPP/R4RK1 w - - 0 10","2","606","13","691482","1522949","244150","2176","317776","553","553","c3d5","c3d5","main-result","true","1380647","634279.863","2176715800","1","1","1","0","info depth 13 seldepth 24 score cp 155 nodes 691482 nps 317776 time 2176 hashfull 553 pv c3d5 e7d8 g5f6 g7f6 c2c3 b7b5 c4a2 g4e6 a1d1 c5b6 d3d4 e6d5 a2d5 d8d7 b2b4 h7h6","{move=c3d5, main_pv=c3d5,e7d8,g5f6,g7f6,c2c3,b7b5,c4a2,g4e6,a1d1,c5b6,d3d4,e6d5,a2d5,d8d7,b2b4,h7h6, helper_submitted=1, aborted=false, helper_exited=1, helper_exceptions=0, search_elapsed_ns=2176642200, helper_started=1, main_score_cp=155, main_qnodes=1522949, source=main-result, main_tt_hits=244150, abort_ms=2176, main_move=c3d5, main_nodes=691482, search=606, main_depth=13, legal=true, helper_pending=0, bestmove_ms=2176, event=bestmove, latest_move=c3d5}"
"measured","6","16","r3k2r/pb3p2/5npp/n2p4/1p1PPB2/6P1/P2N1PBP/R3K2R b KQkq - 0 13","1","607","13","815181","2129931","142547","2150","379153","526","526","d5e4","d5e4","main-result","true","815181","378954.535","2151131400","0","0","0","0","info depth 13 seldepth 25 score cp -51 nodes 815181 nps 379153 time 2150 hashfull 526 pv d5e4 e1g1 a8c8 f1b1 c8c2 b1b4 f6d5 b4b7 a5b7 g2e4 d5f4 e4c2 f4e2 g1g2","{move=d5e4, main_pv=d5e4,e1g1,a8c8,f1b1,c8c2,b1b4,f6d5,b4b7,a5b7,g2e4,d5f4,e4c2,f4e2,g1g2, helper_submitted=0, aborted=false, helper_exited=0, helper_exceptions=0, search_elapsed_ns=2151077900, helper_started=0, main_score_cp=-51, main_qnodes=2129931, source=main-result, main_tt_hits=142547, abort_ms=2151, main_move=d5e4, main_nodes=815181, search=607, main_depth=13, legal=true, helper_pending=0, bestmove_ms=2151, event=bestmove, latest_move=d5e4}"
"measured","6","16","r3k2r/pb3p2/5npp/n2p4/1p1PPB2/6P1/P2N1PBP/R3K2R b KQkq - 0 13","2","608","13","607122","1652630","164572","1678","361812","610","610","d5e4","d5e4","main-result","true","1211606","721401.493","1679516900","1","1","1","0","info depth 13 seldepth 26 score cp -47 nodes 607122 nps 361812 time 1678 hashfull 610 pv d5e4 e1g1 a8c8 f1b1 e4e3 g2b7","{move=d5e4, main_pv=d5e4,e1g1,a8c8,f1b1,e4e3,g2b7, helper_submitted=1, aborted=false, helper_exited=1, helper_exceptions=0, search_elapsed_ns=1679458800, helper_started=1, main_score_cp=-47, main_qnodes=1652630, source=main-result, main_tt_hits=164572, abort_ms=1679, main_move=d5e4, main_nodes=607122, search=608, main_depth=13, legal=true, helper_pending=0, bestmove_ms=1679, event=bestmove, latest_move=d5e4}"
"measured","6","16","r3k2r/pb3p2/5npp/n2p4/1p1PPB2/6P1/P2N1PBP/R3K2R b KQkq - 0 13","4","609","13","424134","1159387","198805","1244","340943","652","652","d5e4","d5e4","main-result","true","1700269","1365102.814","1245524500","3","3","3","0","info depth 13 seldepth 24 score cp -48 nodes 424134 nps 340943 time 1244 hashfull 652 pv d5e4 e1g1 e8g8 a1b1 f8d8 f4e5 f6d5 d2e4 a5c4 e4f6 d5f6 g2b7 c4e5 d4e5","{move=d5e4, main_pv=d5e4,e1g1,e8g8,a1b1,f8d8,f4e5,f6d5,d2e4,a5c4,e4f6,d5f6,g2b7,c4e5,d4e5, helper_submitted=3, aborted=false, helper_exited=3, helper_exceptions=0, search_elapsed_ns=1245453500, helper_started=3, main_score_cp=-48, main_qnodes=1159387, source=main-result, main_tt_hits=198805, abort_ms=1245, main_move=d5e4, main_nodes=424134, search=609, main_depth=13, legal=true, helper_pending=0, bestmove_ms=1245, event=bestmove, latest_move=d5e4}"
"measured","6","17","rr6/2pq2pk/p2p1pnp/8/2QBPP2/1P6/P5PP/4RRK1 b - - 2 25","2","610","13","327333","771945","126901","845","387376","339","339","a6a5","a6a5","main-result","true","646755","764057.546","846474200","1","1","1","0","info depth 13 seldepth 25 score cp -48 nodes 327333 nps 387376 time 845 hashfull 339 pv a6a5 f4f5 g6e5 d4e5 f6e5 f5f6 a5a4 b3b4 g7f6 f1f6 b8f8 e1f1 f8f6","{move=a6a5, main_pv=a6a5,f4f5,g6e5,d4e5,f6e5,f5f6,a5a4,b3b4,g7f6,f1f6,b8f8,e1f1,f8f6, helper_submitted=1, aborted=false, helper_exited=1, helper_exceptions=0, search_elapsed_ns=846435900, helper_started=1, main_score_cp=-48, main_qnodes=771945, source=main-result, main_tt_hits=126901, abort_ms=846, main_move=a6a5, main_nodes=327333, search=610, main_depth=13, legal=true, helper_pending=0, bestmove_ms=846, event=bestmove, latest_move=a6a5}"
"measured","6","17","rr6/2pq2pk/p2p1pnp/8/2QBPP2/1P6/P5PP/4RRK1 b - - 2 25","4","611","13","187539","412878","85731","541","346652","392","392","a6a5","a6a5","main-result","true","739280","1363422.262","542223800","3","3","3","0","info depth 13 seldepth 24 score cp -49 nodes 187539 nps 346652 time 541 hashfull 392 pv a6a5 f4f5 g6e5 d4e5 f6e5","{move=a6a5, main_pv=a6a5,f4f5,g6e5,d4e5,f6e5, helper_submitted=3, aborted=false, helper_exited=3, helper_exceptions=0, search_elapsed_ns=542153400, helper_started=3, main_score_cp=-49, main_qnodes=412878, source=main-result, main_tt_hits=85731, abort_ms=542, main_move=a6a5, main_nodes=187539, search=611, main_depth=13, legal=true, helper_pending=0, bestmove_ms=542, event=bestmove, latest_move=a6a5}"
"measured","6","17","rr6/2pq2pk/p2p1pnp/8/2QBPP2/1P6/P5PP/4RRK1 b - - 2 25","1","612","13","467210","1084544","118962","1229","380154","327","327","a6a5","a6a5","main-result","true","467210","379877.494","1229896500","0","0","0","0","info depth 13 seldepth 23 score cp -48 nodes 467210 nps 380154 time 1229 hashfull 327 pv a6a5 f4f5 g6e5 d4e5 f6e5 f5f6 a5a4 b3b4 g7f6 f1f6 b8f8 e1f1 f8f6","{move=a6a5, main_pv=a6a5,f4f5,g6e5,d4e5,f6e5,f5f6,a5a4,b3b4,g7f6,f1f6,b8f8,e1f1,f8f6, helper_submitted=0, aborted=false, helper_exited=0, helper_exceptions=0, search_elapsed_ns=1229854100, helper_started=0, main_score_cp=-48, main_qnodes=1084544, source=main-result, main_tt_hits=118962, abort_ms=1229, main_move=a6a5, main_nodes=467210, search=612, main_depth=13, legal=true, helper_pending=0, bestmove_ms=1229, event=bestmove, latest_move=a6a5}"
"measured","6","18","r1bqkb1r/ppp2ppp/4pn2/3p4/2PP4/8/PP2PPPP/RNBQKBNR w KQkq d6 0 5","4","613","13","698970","1730933","257830","1942","359922","859","859","e2e3","e2e3","main-result","true","2772592","1426816.960","1943200900","3","3","3","0","info depth 13 seldepth 24 score cp 382 nodes 698970 nps 359922 time 1942 hashfull 859 pv e2e3 c7c5 b1c3 f8e7","{move=e2e3, main_pv=e2e3,c7c5,b1c3,f8e7, helper_submitted=3, aborted=false, helper_exited=3, helper_exceptions=0, search_elapsed_ns=1943137200, helper_started=3, main_score_cp=382, main_qnodes=1730933, source=main-result, main_tt_hits=257830, abort_ms=1943, main_move=e2e3, main_nodes=698970, search=613, main_depth=13, legal=true, helper_pending=0, bestmove_ms=1943, event=bestmove, latest_move=e2e3}"
"measured","6","18","r1bqkb1r/ppp2ppp/4pn2/3p4/2PP4/8/PP2PPPP/RNBQKBNR w KQkq d6 0 5","1","614","13","1369277","3362585","278464","3473","394263","644","644","e2e3","e2e3","main-result","true","1369277","394141.326","3474076200","0","0","0","0","info depth 13 seldepth 24 score cp 386 nodes 1369277 nps 394263 time 3473 hashfull 644 pv e2e3 c7c5 g1f3 c5d4 e3d4 f8b4 c1d2 b4e7 f1e2 d5c4 e1g1 c8d7 f3e5 e8g8","{move=e2e3, main_pv=e2e3,c7c5,g1f3,c5d4,e3d4,f8b4,c1d2,b4e7,f1e2,d5c4,e1g1,c8d7,f3e5,e8g8, helper_submitted=0, aborted=false, helper_exited=0, helper_exceptions=0, search_elapsed_ns=3474028200, helper_started=0, main_score_cp=386, main_qnodes=3362585, source=main-result, main_tt_hits=278464, abort_ms=3474, main_move=e2e3, main_nodes=1369277, search=614, main_depth=13, legal=true, helper_pending=0, bestmove_ms=3474, event=bestmove, latest_move=e2e3}"
"measured","6","18","r1bqkb1r/ppp2ppp/4pn2/3p4/2PP4/8/PP2PPPP/RNBQKBNR w KQkq d6 0 5","2","615","13","897241","2234008","255284","2349","381967","743","743","e2e3","e2e3","main-result","true","1797432","764831.679","2350101400","1","1","1","0","info depth 13 seldepth 25 score cp 382 nodes 897241 nps 381967 time 2349 hashfull 743 pv e2e3 c7c5 b1c3 f8e7 d4c5 e8g8 c4d5 e7c5 g1f3 f6d5 c3d5 e6d5","{move=e2e3, main_pv=e2e3,c7c5,b1c3,f8e7,d4c5,e8g8,c4d5,e7c5,g1f3,f6d5,c3d5,e6d5, helper_submitted=1, aborted=false, helper_exited=1, helper_exceptions=0, search_elapsed_ns=2350036400, helper_started=1, main_score_cp=382, main_qnodes=2234008, source=main-result, main_tt_hits=255284, abort_ms=2350, main_move=e2e3, main_nodes=897241, search=615, main_depth=13, legal=true, helper_pending=0, bestmove_ms=2350, event=bestmove, latest_move=e2e3}"
"measured","6","19","2r3k1/4qpp1/3p3p/B1pP4/P1P1p1b1/1P4Pp/3Q1P1P/R3R1K1 w - - 0 28","1","616","13","437737","1039288","140745","1059","413349","301","301","a5c3","a5c3","main-result","true","437737","412848.783","1060284100","0","0","0","0","info depth 13 seldepth 22 score cp 640 nodes 437737 nps 413349 time 1059 hashfull 301 pv a5c3 c8b8 a4a5 g4f3 a5a6 e7a7 d2c2 f7f5 c2b2 b8b6 b2a2 b6b8 a2c2","{move=a5c3, main_pv=a5c3,c8b8,a4a5,g4f3,a5a6,e7a7,d2c2,f7f5,c2b2,b8b6,b2a2,b6b8,a2c2, helper_submitted=0, aborted=false, helper_exited=0, helper_exceptions=0, search_elapsed_ns=1060242700, helper_started=0, main_score_cp=640, main_qnodes=1039288, source=main-result, main_tt_hits=140745, abort_ms=1060, main_move=a5c3, main_nodes=437737, search=616, main_depth=13, legal=true, helper_pending=0, bestmove_ms=1060, event=bestmove, latest_move=a5c3}"
"measured","6","19","2r3k1/4qpp1/3p3p/B1pP4/P1P1p1b1/1P4Pp/3Q1P1P/R3R1K1 w - - 0 28","2","617","13","231733","532469","115880","582","398166","278","278","a5c3","a5c3","main-result","true","458013","785818.000","582848700","1","1","1","0","info depth 13 seldepth 22 score cp 637 nodes 231733 nps 398166 time 582 hashfull 278 pv a5c3 c8a8 a4a5 a8a6 d2f4 f7f5 b3b4 c5b4 c3b4","{move=a5c3, main_pv=a5c3,c8a8,a4a5,a8a6,d2f4,f7f5,b3b4,c5b4,c3b4, helper_submitted=1, aborted=false, helper_exited=1, helper_exceptions=0, search_elapsed_ns=582810700, helper_started=1, main_score_cp=637, main_qnodes=532469, source=main-result, main_tt_hits=115880, abort_ms=582, main_move=a5c3, main_nodes=231733, search=617, main_depth=13, legal=true, helper_pending=0, bestmove_ms=582, event=bestmove, latest_move=a5c3}"
"measured","6","19","2r3k1/4qpp1/3p3p/B1pP4/P1P1p1b1/1P4Pp/3Q1P1P/R3R1K1 w - - 0 28","4","618","13","202028","500616","125196","519","389263","420","420","a5b6","a5b6","main-result","true","803018","1544172.437","520031300","3","3","3","0","info depth 13 seldepth 22 score cp 654 nodes 202028 nps 389263 time 519 hashfull 420 pv a5b6 c8a8 a4a5 a8a6 b3b4 c5b4 d2b4 g4c8","{move=a5b6, main_pv=a5b6,c8a8,a4a5,a8a6,b3b4,c5b4,d2b4,g4c8, helper_submitted=3, aborted=false, helper_exited=3, helper_exceptions=0, search_elapsed_ns=519962300, helper_started=3, main_score_cp=654, main_qnodes=500616, source=main-result, main_tt_hits=125196, abort_ms=519, main_move=a5b6, main_nodes=202028, search=618, main_depth=13, legal=true, helper_pending=0, bestmove_ms=519, event=bestmove, latest_move=a5b6}"
"measured","6","20","r4rk1/3qppbp/6p1/2p1n3/2B1P3/2P5/P2Q1PPP/R4RK1 b - - 0 20","2","619","13","118210","185997","79954","253","467233","128","128","d7d2","d7d2","main-result","true","236844","932461.098","253998800","1","1","1","0","info depth 13 seldepth 21 score cp 1578 nodes 118210 nps 467233 time 253 hashfull 128 pv d7d2 f1d1 d2c3 a1c1 c3b4 c4d5 a8b8 f2f4 e7e6 f4e5 e6d5 d1d5 f8c8 e5e6","{move=d7d2, main_pv=d7d2,f1d1,d2c3,a1c1,c3b4,c4d5,a8b8,f2f4,e7e6,f4e5,e6d5,d1d5,f8c8,e5e6, helper_submitted=1, aborted=false, helper_exited=1, helper_exceptions=0, search_elapsed_ns=253956700, helper_started=1, main_score_cp=1578, main_qnodes=185997, source=main-result, main_tt_hits=79954, abort_ms=253, main_move=d7d2, main_nodes=118210, search=619, main_depth=13, legal=true, helper_pending=0, bestmove_ms=253, event=bestmove, latest_move=d7d2}"
"measured","6","20","r4rk1/3qppbp/6p1/2p1n3/2B1P3/2P5/P2Q1PPP/R4RK1 b - - 0 20","4","620","13","112928","196695","92957","265","426143","182","182","d7d2","d7d2","main-result","true","451006","1694287.697","266192100","3","3","3","0","info depth 13 seldepth 22 score cp 1608 nodes 112928 nps 426143 time 265 hashfull 182 pv d7d2 f1d1 d2c3 c4d5 a8b8 a1c1 c3a3 c1c2 e5d3 c2d2","{move=d7d2, main_pv=d7d2,f1d1,d2c3,c4d5,a8b8,a1c1,c3a3,c1c2,e5d3,c2d2, helper_submitted=3, aborted=false, helper_exited=3, helper_exceptions=0, search_elapsed_ns=266076400, helper_started=3, main_score_cp=1608, main_qnodes=196695, source=main-result, main_tt_hits=92957, abort_ms=266, main_move=d7d2, main_nodes=112928, search=620, main_depth=13, legal=true, helper_pending=0, bestmove_ms=266, event=bestmove, latest_move=d7d2}"
"measured","6","20","r4rk1/3qppbp/6p1/2p1n3/2B1P3/2P5/P2Q1PPP/R4RK1 b - - 0 20","1","621","13","150814","238508","80953","319","472771","126","126","d7d2","d7d2","main-result","true","150814","471280.937","320008700","0","0","0","0","info depth 13 seldepth 21 score cp 1583 nodes 150814 nps 472771 time 319 hashfull 126 pv d7d2 f1d1 d2c3 a1c1 c3a5 c4b3 g7h6 c1b1 e7e6 a2a4 c5c4 b3c2 a5c3","{move=d7d2, main_pv=d7d2,f1d1,d2c3,a1c1,c3a5,c4b3,g7h6,c1b1,e7e6,a2a4,c5c4,b3c2,a5c3, helper_submitted=0, aborted=false, helper_exited=0, helper_exceptions=0, search_elapsed_ns=319965300, helper_started=0, main_score_cp=1583, main_qnodes=238508, source=main-result, main_tt_hits=80953, abort_ms=319, main_move=d7d2, main_nodes=150814, search=621, main_depth=13, legal=true, helper_pending=0, bestmove_ms=319, event=bestmove, latest_move=d7d2}"
"measured","6","21","1rr3k1/4ppb1/2q1bnpp/3p4/2pP4/2P1BNNP/PP3PPK/2QRR3 b - - 6 26","4","622","13","882600","1902324","273690","2595","340115","897","897","c6a6","c6a6","main-result","true","3513899","1353503.582","2596150500","3","3","3","0","info depth 13 seldepth 25 score cp -36 nodes 882600 nps 340115 time 2595 hashfull 897 pv c6a6 a2a3 c8e8 e1e2 g6g5 h2g1 a6a5 f3e5 a5c7","{move=c6a6, main_pv=c6a6,a2a3,c8e8,e1e2,g6g5,h2g1,a6a5,f3e5,a5c7, helper_submitted=3, aborted=false, helper_exited=3, helper_exceptions=0, search_elapsed_ns=2596067300, helper_started=3, main_score_cp=-36, main_qnodes=1902324, source=main-result, main_tt_hits=273690, abort_ms=2596, main_move=c6a6, main_nodes=882600, search=622, main_depth=13, legal=true, helper_pending=0, bestmove_ms=2596, event=bestmove, latest_move=c6a6}"
"measured","6","21","1rr3k1/4ppb1/2q1bnpp/3p4/2pP4/2P1BNNP/PP3PPK/2QRR3 b - - 6 26","1","623","13","2172114","4644866","454851","5941","365614","817","817","c6a6","c6a6","main-result","true","2172114","365548.376","5942069900","0","0","0","0","info depth 13 seldepth 23 score cp -37 nodes 2172114 nps 365614 time 5941 hashfull 817 pv c6a6 e3h6 g7h6 c1h6 b8b2 h2g1 a6d6","{move=c6a6, main_pv=c6a6,e3h6,g7h6,c1h6,b8b2,h2g1,a6d6, helper_submitted=0, aborted=false, helper_exited=0, helper_exceptions=0, search_elapsed_ns=5942028300, helper_started=0, main_score_cp=-37, main_qnodes=4644866, source=main-result, main_tt_hits=454851, abort_ms=5942, main_move=c6a6, main_nodes=2172114, search=623, main_depth=13, legal=true, helper_pending=0, bestmove_ms=5942, event=bestmove, latest_move=c6a6}"
"measured","6","21","1rr3k1/4ppb1/2q1bnpp/3p4/2pP4/2P1BNNP/PP3PPK/2QRR3 b - - 6 26","2","624","13","984162","2184805","315312","2784","353506","775","775","g6g5","g6g5","main-result","true","1965365","705672.239","2785096100","1","1","1","0","info depth 13 seldepth 23 score cp -33 nodes 984162 nps 353506 time 2784 hashfull 775 pv g6g5 h2g1 c6b6 e1e2 b6c7 c1c2 b8a8","{move=g6g5, main_pv=g6g5,h2g1,c6b6,e1e2,b6c7,c1c2,b8a8, helper_submitted=1, aborted=false, helper_exited=1, helper_exceptions=0, search_elapsed_ns=2785056400, helper_started=1, main_score_cp=-33, main_qnodes=2184805, source=main-result, main_tt_hits=315312, abort_ms=2785, main_move=g6g5, main_nodes=984162, search=624, main_depth=13, legal=true, helper_pending=0, bestmove_ms=2785, event=bestmove, latest_move=g6g5}"
"measured","6","22","r3r1k1/6pp/bq2p3/p1pn4/Pn1N4/1B3P2/1PP2QBP/3RR1K1 w - - 0 24","1","625","13","581587","1343701","174350","1613","360562","365","365","d4b5","d4b5","main-result","true","581587","360427.922","1613601400","0","0","0","0","info depth 13 seldepth 26 score cp 24 nodes 581587 nps 360562 time 1613 hashfull 365 pv d4b5 a6b5 a4b5 d5f4 b3c4 a8d8 d1d8 e8d8 h2h4 b4d5 c2c3 b6c7 g1h2","{move=d4b5, main_pv=d4b5,a6b5,a4b5,d5f4,b3c4,a8d8,d1d8,e8d8,h2h4,b4d5,c2c3,b6c7,g1h2, helper_submitted=0, aborted=false, helper_exited=0, helper_exceptions=0, search_elapsed_ns=1613557300, helper_started=0, main_score_cp=24, main_qnodes=1343701, source=main-result, main_tt_hits=174350, abort_ms=1613, main_move=d4b5, main_nodes=581587, search=625, main_depth=13, legal=true, helper_pending=0, bestmove_ms=1613, event=bestmove, latest_move=d4b5}"
"measured","6","22","r3r1k1/6pp/bq2p3/p1pn4/Pn1N4/1B3P2/1PP2QBP/3RR1K1 w - - 0 24","2","626","13","417325","997804","189017","1211","344611","398","398","d4b5","d4b5","main-result","true","824635","680064.843","1212582900","1","1","1","0","info depth 13 seldepth 25 score cp 28 nodes 417325 nps 344611 time 1211 hashfull 398 pv d4b5 a6b5 a4b5 d5f4 e1e4 e8f8 g2f1 a5a4 e4b4 a4b3 b4b3 a8d8 d1d8 f8d8","{move=d4b5, main_pv=d4b5,a6b5,a4b5,d5f4,e1e4,e8f8,g2f1,a5a4,e4b4,a4b3,b4b3,a8d8,d1d8,f8d8, helper_submitted=1, aborted=false, helper_exited=1, helper_exceptions=0, search_elapsed_ns=1212543300, helper_started=1, main_score_cp=28, main_qnodes=997804, source=main-result, main_tt_hits=189017, abort_ms=1212, main_move=d4b5, main_nodes=417325, search=626, main_depth=13, legal=true, helper_pending=0, bestmove_ms=1212, event=bestmove, latest_move=d4b5}"
"measured","6","22","r3r1k1/6pp/bq2p3/p1pn4/Pn1N4/1B3P2/1PP2QBP/3RR1K1 w - - 0 24","4","627","13","279869","691638","182954","855","327332","410","410","d4b5","d4b5","main-result","true","1118944","1307386.966","855862900","3","3","3","0","info depth 13 seldepth 26 score cp 46 nodes 279869 nps 327332 time 855 hashfull 410 pv d4b5 a6b5 a4b5 d5f4 b3c4 a5a4 e1e4 e8f8","{move=d4b5, main_pv=d4b5,a6b5,a4b5,d5f4,b3c4,a5a4,e1e4,e8f8, helper_submitted=3, aborted=false, helper_exited=3, helper_exceptions=0, search_elapsed_ns=855753800, helper_started=3, main_score_cp=46, main_qnodes=691638, source=main-result, main_tt_hits=182954, abort_ms=855, main_move=d4b5, main_nodes=279869, search=627, main_depth=13, legal=true, helper_pending=0, bestmove_ms=855, event=bestmove, latest_move=d4b5}"
"measured","6","23","r2r4/8/k2N4/6B1/p7/P5P1/4K2P/1R6 w - - 4 46","2","628","13","126919","268175","83937","220","576904","144","144","g5d8","g5d8","main-result","true","251658","1138819.828","220981400","1","1","1","0","info depth 13 seldepth 24 score cp 686 nodes 126919 nps 576904 time 220 hashfull 144 pv g5d8 a8d8 d6c4 d8e8 e2f3 e8f8 f3g2 f8d8 b1b6 a6a7 b6b4 a7a6 h2h4 d8d3 h4h5 d3b3 b4a4 a6b5","{move=g5d8, main_pv=g5d8,a8d8,d6c4,d8e8,e2f3,e8f8,f3g2,f8d8,b1b6,a6a7,b6b4,a7a6,h2h4,d8d3,h4h5,d3b3,b4a4,a6b5, helper_submitted=1, aborted=false, helper_exited=1, helper_exceptions=0, search_elapsed_ns=220941800, helper_started=1, main_score_cp=686, main_qnodes=268175, source=main-result, main_tt_hits=83937, abort_ms=220, main_move=g5d8, main_nodes=126919, search=628, main_depth=13, legal=true, helper_pending=0, bestmove_ms=220, event=bestmove, latest_move=g5d8}"
"measured","6","23","r2r4/8/k2N4/6B1/p7/P5P1/4K2P/1R6 w - - 4 46","4","629","13","109028","233940","78730","194","562000","128","128","g5d8","g5d8","main-result","true","438851","2243838.215","195580500","3","3","3","0","info depth 13 seldepth 23 score cp 686 nodes 109028 nps 562000 time 194 hashfull 128 pv g5d8 a8d8 d6c4 d8e8 e2f2 e8f8 f2g2 f8d8 b1b6 a6a7 b6b4","{move=g5d8, main_pv=g5d8,a8d8,d6c4,d8e8,e2f2,e8f8,f2g2,f8d8,b1b6,a6a7,b6b4, helper_submitted=3, aborted=false, helper_exited=3, helper_exceptions=0, search_elapsed_ns=195506500, helper_started=3, main_score_cp=686, main_qnodes=233940, source=main-result, main_tt_hits=78730, abort_ms=195, main_move=g5d8, main_nodes=109028, search=629, main_depth=13, legal=true, helper_pending=0, bestmove_ms=195, event=bestmove, latest_move=g5d8}"
"measured","6","23","r2r4/8/k2N4/6B1/p7/P5P1/4K2P/1R6 w - - 4 46","1","630","13","176857","395806","91055","303","583686","115","115","g5d8","g5d8","main-result","true","176857","581947.540","303905400","0","0","0","0","info depth 13 seldepth 23 score cp 682 nodes 176857 nps 583686 time 303 hashfull 115 pv g5d8 a8d8 d6c4 d8g8 b1b6 a6a7 b6b4 a7a6 e2d3 g8d8 d3c2 d8g8 c4d6 a6a5 d6b7 a5a6 b7c5 a6a5","{move=g5d8, main_pv=g5d8,a8d8,d6c4,d8g8,b1b6,a6a7,b6b4,a7a6,e2d3,g8d8,d3c2,d8g8,c4d6,a6a5,d6b7,a5a6,b7c5,a6a5, helper_submitted=0, aborted=false, helper_exited=0, helper_exceptions=0, search_elapsed_ns=303862500, helper_started=0, main_score_cp=682, main_qnodes=395806, source=main-result, main_tt_hits=91055, abort_ms=303, main_move=g5d8, main_nodes=176857, search=630, main_depth=13, legal=true, helper_pending=0, bestmove_ms=303, event=bestmove, latest_move=g5d8}"
"measured","6","24","8/3b2kp/4p1p1/1p1n4/1P6/3NB3/6PP/6K1 b - - 0 34","4","631","13","40440","74838","24126","61","662950","49","49","d5e3","d5e3","main-result","true","160701","2561866.213","62728100","3","3","3","0","info depth 13 seldepth 21 score cp 509 nodes 40440 nps 662950 time 61 hashfull 49 pv d5e3 g1f2 e3d5 d3c5 d7c8 c5d3 g7f6 f2f3 e6e5 f3e4 d5c3 e4e3 e5e4 d3c5","{move=d5e3, main_pv=d5e3,g1f2,e3d5,d3c5,d7c8,c5d3,g7f6,f2f3,e6e5,f3e4,d5c3,e4e3,e5e4,d3c5, helper_submitted=3, aborted=false, helper_exited=3, helper_exceptions=0, search_elapsed_ns=62658800, helper_started=3, main_score_cp=509, main_qnodes=74838, source=main-result, main_tt_hits=24126, abort_ms=62, main_move=d5e3, main_nodes=40440, search=631, main_depth=13, legal=true, helper_pending=0, bestmove_ms=62, event=bestmove, latest_move=d5e3}"
"measured","6","24","8/3b2kp/4p1p1/1p1n4/1P6/3NB3/6PP/6K1 b - - 0 34","1","632","13","57130","103865","23770","86","664302","38","38","d5e3","d5e3","main-result","true","57130","658663.097","86736300","0","0","0","0","info depth 13 seldepth 21 score cp 509 nodes 57130 nps 664302 time 86 hashfull 38 pv d5e3 g1f2 e3d5 d3c5 d7c8 c5d3 g7f6 f2f3 e6e5 f3e4 d5c3 e4e3 e5e4 d3c5","{move=d5e3, main_pv=d5e3,g1f2,e3d5,d3c5,d7c8,c5d3,g7f6,f2f3,e6e5,f3e4,d5c3,e4e3,e5e4,d3c5, helper_submitted=0, aborted=false, helper_exited=0, helper_exceptions=0, search_elapsed_ns=86695800, helper_started=0, main_score_cp=509, main_qnodes=103865, source=main-result, main_tt_hits=23770, abort_ms=86, main_move=d5e3, main_nodes=57130, search=632, main_depth=13, legal=true, helper_pending=0, bestmove_ms=86, event=bestmove, latest_move=d5e3}"
"measured","6","24","8/3b2kp/4p1p1/1p1n4/1P6/3NB3/6PP/6K1 b - - 0 34","2","633","13","45888","85579","22435","71","646309","45","45","d5e3","d5e3","main-result","true","93179","1292693.112","72081300","1","1","1","0","info depth 13 seldepth 20 score cp 509 nodes 45888 nps 646309 time 71 hashfull 45 pv d5e3 g1f2 e3d5 d3c5 d7c8 c5d3 g7f6 f2f3 e6e5 f3e4 d5c3 e4e3 e5e4 d3c5","{move=d5e3, main_pv=d5e3,g1f2,e3d5,d3c5,d7c8,c5d3,g7f6,f2f3,e6e5,f3e4,d5c3,e4e3,e5e4,d3c5, helper_submitted=1, aborted=false, helper_exited=1, helper_exceptions=0, search_elapsed_ns=72041900, helper_started=1, main_score_cp=509, main_qnodes=85579, source=main-result, main_tt_hits=22435, abort_ms=72, main_move=d5e3, main_nodes=45888, search=633, main_depth=13, legal=true, helper_pending=0, bestmove_ms=72, event=bestmove, latest_move=d5e3}"
"measured","6","25","r3k2r/4npp1/1pq1p2p/p6b/PpP1PP1P/7N/2P1QP2/R1B2RK1 b kq - 0 18","1","634","13","145819","320245","48975","345","422663","105","105","h5e2","h5e2","main-result","true","145819","421621.568","345852800","0","0","0","0","info depth 13 seldepth 24 score cp 1578 nodes 145819 nps 422663 time 345 hashfull 105 pv h5e2 f1e1 c6e4 c1e3 e4c4 g1h2 e8g8 e3b6 e7f5 a1c1 f5h4 h2g3 h4f3 e1h1","{move=h5e2, main_pv=h5e2,f1e1,c6e4,c1e3,e4c4,g1h2,e8g8,e3b6,e7f5,a1c1,f5h4,h2g3,h4f3,e1h1, helper_submitted=0, aborted=false, helper_exited=0, helper_exceptions=0, search_elapsed_ns=345809900, helper_started=0, main_score_cp=1578, main_qnodes=320245, source=main-result, main_tt_hits=48975, abort_ms=345, main_move=h5e2, main_nodes=145819, search=634, main_depth=13, legal=true, helper_pending=0, bestmove_ms=345, event=bestmove, latest_move=h5e2}"
"measured","6","25","r3k2r/4npp1/1pq1p2p/p6b/PpP1PP1P/7N/2P1QP2/R1B2RK1 b kq - 0 18","2","635","13","169666","422989","77759","425","399214","191","191","h5e2","h5e2","main-result","true","333846","782476.259","426653200","1","1","1","0","info depth 13 seldepth 26 score cp 1599 nodes 169666 nps 399214 time 425 hashfull 191 pv h5e2 f1e1 c6e4 c1e3 e7f5 h4h5 f5e3 f2e3 e4e3 g1h2 e8g8 a1d1 a8d8 d1d8","{move=h5e2, main_pv=h5e2,f1e1,c6e4,c1e3,e7f5,h4h5,f5e3,f2e3,e4e3,g1h2,e8g8,a1d1,a8d8,d1d8, helper_submitted=1, aborted=false, helper_exited=1, helper_exceptions=0, search_elapsed_ns=426585200, helper_started=1, main_score_cp=1599, main_qnodes=422989, source=main-result, main_tt_hits=77759, abort_ms=426, main_move=h5e2, main_nodes=169666, search=635, main_depth=13, legal=true, helper_pending=0, bestmove_ms=426, event=bestmove, latest_move=h5e2}"
"measured","6","25","r3k2r/4npp1/1pq1p2p/p6b/PpP1PP1P/7N/2P1QP2/R1B2RK1 b kq - 0 18","4","636","13","140328","342220","86904","375","374208","240","240","h5e2","h5e2","main-result","true","555862","1474973.750","376862300","3","3","3","0","info depth 13 seldepth 26 score cp 1599 nodes 140328 nps 374208 time 375 hashfull 240 pv h5e2 f1e1 c6e4 c1e3 e7f5 h4h5 f5e3 f2e3 e4e3 g1h2 e8g8 a1d1 a8d8 d1d8","{move=h5e2, main_pv=h5e2,f1e1,c6e4,c1e3,e7f5,h4h5,f5e3,f2e3,e4e3,g1h2,e8g8,a1d1,a8d8,d1d8, helper_submitted=3, aborted=false, helper_exited=3, helper_exceptions=0, search_elapsed_ns=376785400, helper_started=3, main_score_cp=1599, main_qnodes=342220, source=main-result, main_tt_hits=86904, abort_ms=376, main_move=h5e2, main_nodes=140328, search=636, main_depth=13, legal=true, helper_pending=0, bestmove_ms=376, event=bestmove, latest_move=h5e2}"
"measured","6","26","8/8/k7/1p6/2p5/2P1K3/8/8 b - - 0 67","2","637","13","43335","123395","27259","71","610352","14","14","a6a5","a6a5","main-result","true","86744","1195769.646","72542400","1","1","1","0","info depth 13 seldepth 21 score cp 385 nodes 43335 nps 610352 time 71 hashfull 14 pv a6a5 e3d2 a5a4 d2c2 a4a3 c2c1 a3b3 c1d2 b3b2 d2e2 b2c3 e2e3 b5b4 e3f3 b4b3","{move=a6a5, main_pv=a6a5,e3d2,a5a4,d2c2,a4a3,c2c1,a3b3,c1d2,b3b2,d2e2,b2c3,e2e3,b5b4,e3f3,b4b3, helper_submitted=1, aborted=false, helper_exited=1, helper_exceptions=0, search_elapsed_ns=72497400, helper_started=1, main_score_cp=385, main_qnodes=123395, source=main-result, main_tt_hits=27259, abort_ms=72, main_move=a6a5, main_nodes=43335, search=637, main_depth=13, legal=true, helper_pending=0, bestmove_ms=72, event=bestmove, latest_move=a6a5}"
"measured","6","26","8/8/k7/1p6/2p5/2P1K3/8/8 b - - 0 67","4","638","13","38718","84353","28790","55","703963","21","21","a6a5","a6a5","main-result","true","164075","2924344.017","56106600","3","3","3","0","info depth 13 seldepth 22 score cp 409 nodes 38718 nps 703963 time 55 hashfull 21 pv a6a5 e3d4 a5a4 d4e3 a4b3 e3d2 b3b2 d2e3 b2c3 e3e4 b5b4","{move=a6a5, main_pv=a6a5,e3d4,a5a4,d4e3,a4b3,e3d2,b3b2,d2e3,b2c3,e3e4,b5b4, helper_submitted=3, aborted=false, helper_exited=3, helper_exceptions=0, search_elapsed_ns=56014500, helper_started=3, main_score_cp=409, main_qnodes=84353, source=main-result, main_tt_hits=28790, abort_ms=56, main_move=a6a5, main_nodes=38718, search=638, main_depth=13, legal=true, helper_pending=0, bestmove_ms=56, event=bestmove, latest_move=a6a5}"
"measured","6","26","8/8/k7/1p6/2p5/2P1K3/8/8 b - - 0 67","1","639","13","47736","108493","31594","61","782557","16","16","a6a5","a6a5","main-result","true","47736","773101.459","61746100","0","0","0","0","info depth 13 seldepth 21 score cp 422 nodes 47736 nps 782557 time 61 hashfull 16 pv a6a5 e3d2 a5a4 d2c2 a4a3 c2d2 a3b2 d2d1 b2c3 d1c1 c3d3 c1d1 c4c3","{move=a6a5, main_pv=a6a5,e3d2,a5a4,d2c2,a4a3,c2d2,a3b2,d2d1,b2c3,d1c1,c3d3,c1d1,c4c3, helper_submitted=0, aborted=false, helper_exited=0, helper_exceptions=0, search_elapsed_ns=61706300, helper_started=0, main_score_cp=422, main_qnodes=108493, source=main-result, main_tt_hits=31594, abort_ms=61, main_move=a6a5, main_nodes=47736, search=639, main_depth=13, legal=true, helper_pending=0, bestmove_ms=61, event=bestmove, latest_move=a6a5}"
"measured","6","27","8/6b1/p1p4p/2P5/P1B2P1k/8/2K3P1/8 b - - 0 58","4","640","13","56459","126120","44370","85","664223","80","80","a6a5","a6a5","main-result","true","214596","2480408.339","86516400","3","3","3","0","info depth 13 seldepth 25 score cp -116 nodes 56459 nps 664223 time 85 hashfull 80 pv a6a5 c4d5 g7d4 d5c6 d4c5 c6f3 c5d6 f4f5 h4g5 g2g4 g5f4 f3e2 f4e3","{move=a6a5, main_pv=a6a5,c4d5,g7d4,d5c6,d4c5,c6f3,c5d6,f4f5,h4g5,g2g4,g5f4,f3e2,f4e3, helper_submitted=3, aborted=false, helper_exited=3, helper_exceptions=0, search_elapsed_ns=86439900, helper_started=3, main_score_cp=-116, main_qnodes=126120, source=main-result, main_tt_hits=44370, abort_ms=86, main_move=a6a5, main_nodes=56459, search=640, main_depth=13, legal=true, helper_pending=0, bestmove_ms=86, event=bestmove, latest_move=a6a5}"
"measured","6","27","8/6b1/p1p4p/2P5/P1B2P1k/8/2K3P1/8 b - - 0 58","1","641","13","72278","177061","37879","109","663100","53","53","a6a5","a6a5","main-result","true","72278","655793.334","110214600","0","0","0","0","info depth 13 seldepth 22 score cp -118 nodes 72278 nps 663100 time 109 hashfull 53 pv a6a5 c4d5 g7d4 d5c6 d4c5 f4f5 h4g5 c6d7 h6h5 c2d3 h5h4 d3c4 c5d6","{move=a6a5, main_pv=a6a5,c4d5,g7d4,d5c6,d4c5,f4f5,h4g5,c6d7,h6h5,c2d3,h5h4,d3c4,c5d6, helper_submitted=0, aborted=false, helper_exited=0, helper_exceptions=0, search_elapsed_ns=110166300, helper_started=0, main_score_cp=-118, main_qnodes=177061, source=main-result, main_tt_hits=37879, abort_ms=110, main_move=a6a5, main_nodes=72278, search=641, main_depth=13, legal=true, helper_pending=0, bestmove_ms=110, event=bestmove, latest_move=a6a5}"
"measured","6","27","8/6b1/p1p4p/2P5/P1B2P1k/8/2K3P1/8 b - - 0 58","2","642","13","66507","152717","41046","98","678642","80","80","a6a5","a6a5","main-result","true","133409","1339832.522","99571400","1","1","1","0","info depth 13 seldepth 21 score cp -118 nodes 66507 nps 678642 time 98 hashfull 80 pv a6a5 c4d5 g7d4 d5c6 d4c5 f4f5 h4g5 c6d7 h6h5 c2d3","{move=a6a5, main_pv=a6a5,c4d5,g7d4,d5c6,d4c5,f4f5,h4g5,c6d7,h6h5,c2d3, helper_submitted=1, aborted=false, helper_exited=1, helper_exceptions=0, search_elapsed_ns=99531800, helper_started=1, main_score_cp=-118, main_qnodes=152717, source=main-result, main_tt_hits=41046, abort_ms=99, main_move=a6a5, main_nodes=66507, search=642, main_depth=13, legal=true, helper_pending=0, bestmove_ms=99, event=bestmove, latest_move=a6a5}"
"measured","6","28","6k1/4pp1p/3p2p1/P1pPb3/R7/1r2P1PP/3B1P2/6K1 w - - 0 40","1","643","13","1825906","7116080","655054","4561","400330","747","747","d2b4","d2b4","main-result","true","1825906","400216.952","4562290500","0","0","0","0","info depth 13 seldepth 28 score cp 267 nodes 1825906 nps 400330 time 4561 hashfull 747 pv d2b4 c5b4 a5a6 b3c3 a6a7 c3c8 a4b4 g8g7 b4b8 c8c1 g1g2 c1a1 a7a8q a1a8 b8a8 g7f6 g2f3 f6f5","{move=d2b4, main_pv=d2b4,c5b4,a5a6,b3c3,a6a7,c3c8,a4b4,g8g7,b4b8,c8c1,g1g2,c1a1,a7a8q,a1a8,b8a8,g7f6,g2f3,f6f5, helper_submitted=0, aborted=false, helper_exited=0, helper_exceptions=0, search_elapsed_ns=4562249600, helper_started=0, main_score_cp=267, main_qnodes=7116080, source=main-result, main_tt_hits=655054, abort_ms=4562, main_move=d2b4, main_nodes=1825906, search=643, main_depth=13, legal=true, helper_pending=0, bestmove_ms=4562, event=bestmove, latest_move=d2b4}"
"measured","6","28","6k1/4pp1p/3p2p1/P1pPb3/R7/1r2P1PP/3B1P2/6K1 w - - 0 40","2","644","13","1966687","8015823","841162","5136","382921","920","920","d2b4","d2b4","main-result","true","3936887","766304.471","5137497100","1","1","1","0","info depth 13 seldepth 28 score cp 250 nodes 1966687 nps 382921 time 5136 hashfull 920 pv d2b4 c5b4 a5a6 b3c3 a6a7 c3c8 a4b4 c8c1 g1g2 c1a1 b4b8 g8g7 a7a8q a1a8 b8a8 g7f6 g2f3","{move=d2b4, main_pv=d2b4,c5b4,a5a6,b3c3,a6a7,c3c8,a4b4,c8c1,g1g2,c1a1,b4b8,g8g7,a7a8q,a1a8,b8a8,g7f6,g2f3, helper_submitted=1, aborted=false, helper_exited=1, helper_exceptions=0, search_elapsed_ns=5137456000, helper_started=1, main_score_cp=250, main_qnodes=8015823, source=main-result, main_tt_hits=841162, abort_ms=5137, main_move=d2b4, main_nodes=1966687, search=644, main_depth=13, legal=true, helper_pending=0, bestmove_ms=5137, event=bestmove, latest_move=d2b4}"
"measured","6","28","6k1/4pp1p/3p2p1/P1pPb3/R7/1r2P1PP/3B1P2/6K1 w - - 0 40","4","645","13","5678345","26107186","1316568","16295","348471","1000","1000","d2b4","d2b4","main-result","true","23958904","1470244.177","16295867300","3","3","3","0","info depth 13 seldepth 27 score cp 250 nodes 5678345 nps 348471 time 16295 hashfull 1000 pv d2b4 c5b4 a5a6 b3c3 a6a7 c3c8 a4b4","{move=d2b4, main_pv=d2b4,c5b4,a5a6,b3c3,a6a7,c3c8,a4b4, helper_submitted=3, aborted=false, helper_exited=3, helper_exceptions=0, search_elapsed_ns=16295791900, helper_started=3, main_score_cp=250, main_qnodes=26107186, source=main-result, main_tt_hits=1316568, abort_ms=16295, main_move=d2b4, main_nodes=5678345, search=645, main_depth=13, legal=true, helper_pending=0, bestmove_ms=16295, event=bestmove, latest_move=d2b4}"
"measured","6","29","r4k2/pb2bp1r/2n1p2p/1pq3p1/3B1N2/2NQP1PP/PPP2PK1/R4R2 b - - 1 25","2","646","13","1825396","3611114","566416","5026","363190","845","845","c6d4","c6d4","main-result","true","3642656","724535.834","5027571900","1","1","1","0","info depth 13 seldepth 27 score cp 551 nodes 1825396 nps 363190 time 5026 hashfull 845 pv c6d4 f2f3 d4f5 f4e2 f5e3 g2h2 e3f1 a1f1 f8g8 d3b5 b7c6 b5c5 e7c5 c3e4 c6e4 f3e4 a8b8 b2b3","{move=c6d4, main_pv=c6d4,f2f3,d4f5,f4e2,f5e3,g2h2,e3f1,a1f1,f8g8,d3b5,b7c6,b5c5,e7c5,c3e4,c6e4,f3e4,a8b8,b2b3, helper_submitted=1, aborted=false, helper_exited=1, helper_exceptions=0, search_elapsed_ns=5027502300, helper_started=1, main_score_cp=551, main_qnodes=3611114, source=main-result, main_tt_hits=566416, abort_ms=5027, main_move=c6d4, main_nodes=1825396, search=646, main_depth=13, legal=true, helper_pending=0, bestmove_ms=5027, event=bestmove, latest_move=c6d4}"
"measured","6","29","r4k2/pb2bp1r/2n1p2p/1pq3p1/3B1N2/2NQP1PP/PPP2PK1/R4R2 b - - 1 25","4","647","13","1392677","2768540","592153","4089","340591","942","942","c6d4","c6d4","main-result","true","5562149","1359999.748","4089816200","3","3","3","0","info depth 13 seldepth 28 score cp 563 nodes 1392677 nps 340591 time 4089 hashfull 942 pv c6d4 f2f3 d4f5 f4e2 f5e3","{move=c6d4, main_pv=c6d4,f2f3,d4f5,f4e2,f5e3, helper_submitted=3, aborted=false, helper_exited=3, helper_exceptions=0, search_elapsed_ns=4089744800, helper_started=3, main_score_cp=563, main_qnodes=2768540, source=main-result, main_tt_hits=592153, abort_ms=4089, main_move=c6d4, main_nodes=1392677, search=647, main_depth=13, legal=true, helper_pending=0, bestmove_ms=4089, event=bestmove, latest_move=c6d4}"
"measured","6","29","r4k2/pb2bp1r/2n1p2p/1pq3p1/3B1N2/2NQP1PP/PPP2PK1/R4R2 b - - 1 25","1","648","13","2053406","3893576","411984","5402","380119","784","784","c6d4","c6d4","main-result","true","2053406","380066.916","5402748600","0","0","0","0","info depth 13 seldepth 28 score cp 558 nodes 2053406 nps 380119 time 5402 hashfull 784 pv c6d4 f2f3 d4f5 f4e2 f5e3 g2h2 f8g7 d3b5 c5b5 c3b5 e3f1 a1f1 a8c8 b5d4 h7h8 e2c3 h8d8 f1d1 c8c4","{move=c6d4, main_pv=c6d4,f2f3,d4f5,f4e2,f5e3,g2h2,f8g7,d3b5,c5b5,c3b5,e3f1,a1f1,a8c8,b5d4,h7h8,e2c3,h8d8,f1d1,c8c4, helper_submitted=0, aborted=false, helper_exited=0, helper_exceptions=0, search_elapsed_ns=5402701800, helper_started=0, main_score_cp=558, main_qnodes=3893576, source=main-result, main_tt_hits=411984, abort_ms=5402, main_move=c6d4, main_nodes=2053406, search=648, main_depth=13, legal=true, helper_pending=0, bestmove_ms=5402, event=bestmove, latest_move=c6d4}"
"measured","6","30","3r2k1/1p3ppp/2pq4/p1n5/P6P/1P6/1PB2QP1/1K2R3 w - - 0 28","4","649","13","376275","717209","152470","943","399019","629","629","h4h5","h4h5","main-result","true","1513375","1602800.870","944206500","3","3","3","0","info depth 13 seldepth 26 score cp -102 nodes 376275 nps 399019 time 943 hashfull 629 pv h4h5 c5d3","{move=h4h5, main_pv=h4h5,c5d3, helper_submitted=3, aborted=false, helper_exited=3, helper_exceptions=0, search_elapsed_ns=944137200, helper_started=3, main_score_cp=-102, main_qnodes=717209, source=main-result, main_tt_hits=152470, abort_ms=944, main_move=h4h5, main_nodes=376275, search=649, main_depth=13, legal=true, helper_pending=0, bestmove_ms=944, event=bestmove, latest_move=h4h5}"
"measured","6","30","3r2k1/1p3ppp/2pq4/p1n5/P6P/1P6/1PB2QP1/1K2R3 w - - 0 28","1","650","13","777967","1300972","199111","1731","449432","449","449","f2f5","f2f5","main-result","true","777967","449144.107","1732110000","0","0","0","0","info depth 13 seldepth 25 score cp -99 nodes 777967 nps 449432 time 1731 hashfull 449 pv f2f5 g7g6 f5g5 h7h6 g5e3 b7b6 e1d1 d6f6 d1d8 f6d8 h4h5 g8g7 h5g6 f7g6 e3f3","{move=f2f5, main_pv=f2f5,g7g6,f5g5,h7h6,g5e3,b7b6,e1d1,d6f6,d1d8,f6d8,h4h5,g8g7,h5g6,f7g6,e3f3, helper_submitted=0, aborted=false, helper_exited=0, helper_exceptions=0, search_elapsed_ns=1732068200, helper_started=0, main_score_cp=-99, main_qnodes=1300972, source=main-result, main_tt_hits=199111, abort_ms=1732, main_move=f2f5, main_nodes=777967, search=650, main_depth=13, legal=true, helper_pending=0, bestmove_ms=1732, event=bestmove, latest_move=f2f5}"
"measured","6","30","3r2k1/1p3ppp/2pq4/p1n5/P6P/1P6/1PB2QP1/1K2R3 w - - 0 28","2","651","13","1228442","2256476","234019","2893","424625","842","842","g2g3","g2g3","main-result","true","2429034","839367.926","2893884700","1","1","1","0","info depth 13 seldepth 26 score cp -121 nodes 1228442 nps 424625 time 2893 hashfull 842 pv g2g3 b7b6 f2e3","{move=g2g3, main_pv=g2g3,b7b6,f2e3, helper_submitted=1, aborted=false, helper_exited=1, helper_exceptions=0, search_elapsed_ns=2893844500, helper_started=1, main_score_cp=-121, main_qnodes=2256476, source=main-result, main_tt_hits=234019, abort_ms=2893, main_move=g2g3, main_nodes=1228442, search=651, main_depth=13, legal=true, helper_pending=0, bestmove_ms=2893, event=bestmove, latest_move=g2g3}"
"measured","7","0","rnbqkbnr/pppppppp/8/8/8/8/PPPPPPPP/RNBQKBNR w KQkq - 0 1","1","652","13","528398","1218768","145603","1254","421370","372","372","e2e4","e2e4","main-result","true","528398","420877.985","1255466000","0","0","0","0","info depth 13 seldepth 23 score cp 29 nodes 528398 nps 421370 time 1254 hashfull 372 pv e2e4 e7e5 g1f3 g8f6 b1c3 b8c6 d2d4 e5d4 f3d4 c6d4 d1d4 c7c6 f1e2","{move=e2e4, main_pv=e2e4,e7e5,g1f3,g8f6,b1c3,b8c6,d2d4,e5d4,f3d4,c6d4,d1d4,c7c6,f1e2, helper_submitted=0, aborted=false, helper_exited=0, helper_exceptions=0, search_elapsed_ns=1255427800, helper_started=0, main_score_cp=29, main_qnodes=1218768, source=main-result, main_tt_hits=145603, abort_ms=1255, main_move=e2e4, main_nodes=528398, search=652, main_depth=13, legal=true, helper_pending=0, bestmove_ms=1255, event=bestmove, latest_move=e2e4}"
"measured","7","0","rnbqkbnr/pppppppp/8/8/8/8/PPPPPPPP/RNBQKBNR w KQkq - 0 1","2","653","13","346086","807850","151744","835","414474","378","378","e2e4","e2e4","main-result","true","688388","823132.384","836302900","1","1","1","0","info depth 13 seldepth 23 score cp 21 nodes 346086 nps 414474 time 835 hashfull 378 pv e2e4 d7d5 e4d5 c7c6 d5c6 b8c6 b1c3 g8f6 g1f3 e7e5 h2h3","{move=e2e4, main_pv=e2e4,d7d5,e4d5,c7c6,d5c6,b8c6,b1c3,g8f6,g1f3,e7e5,h2h3, helper_submitted=1, aborted=false, helper_exited=1, helper_exceptions=0, search_elapsed_ns=836244300, helper_started=1, main_score_cp=21, main_qnodes=807850, source=main-result, main_tt_hits=151744, abort_ms=836, main_move=e2e4, main_nodes=346086, search=653, main_depth=13, legal=true, helper_pending=0, bestmove_ms=836, event=bestmove, latest_move=e2e4}"
"measured","7","0","rnbqkbnr/pppppppp/8/8/8/8/PPPPPPPP/RNBQKBNR w KQkq - 0 1","4","654","13","266135","611536","91876","674","394859","566","566","e2e4","e2e4","main-result","true","1035353","1532876.391","675431500","3","3","3","0","info depth 13 seldepth 21 score cp 29 nodes 266135 nps 394859 time 674 hashfull 566 pv e2e4 e7e5 g1f3 b8c6 b1c3 g8f6 d2d4 e5d4 f3d4 c6d4 d1d4 c7c6 f1e2","{move=e2e4, main_pv=e2e4,e7e5,g1f3,b8c6,b1c3,g8f6,d2d4,e5d4,f3d4,c6d4,d1d4,c7c6,f1e2, helper_submitted=3, aborted=false, helper_exited=3, helper_exceptions=0, search_elapsed_ns=675354400, helper_started=3, main_score_cp=29, main_qnodes=611536, source=main-result, main_tt_hits=91876, abort_ms=675, main_move=e2e4, main_nodes=266135, search=654, main_depth=13, legal=true, helper_pending=0, bestmove_ms=675, event=bestmove, latest_move=e2e4}"
"measured","7","1","r3k2r/p1ppqpb1/bn2pnp1/3PN3/1p2P3/2N2Q1p/PPPBBPPP/R3K2R w KQkq - 0 1","2","655","13","11248274","34307999","2236510","41729","269555","1000","1000","e2a6","e2a6","main-result","true","22501875","539227.158","41729862200","1","1","1","0","info depth 13 seldepth 28 score cp -168 nodes 11248274 nps 269555 time 41729 hashfull 1000 pv e2a6 e6d5 c3d5 b6d5 e4d5 h3g2 e1c1 g2h1q f3h1 a8b8 d1e1 g7h6 d2h6 h8h6","{move=e2a6, main_pv=e2a6,e6d5,c3d5,b6d5,e4d5,h3g2,e1c1,g2h1q,f3h1,a8b8,d1e1,g7h6,d2h6,h8h6, helper_submitted=1, aborted=false, helper_exited=1, helper_exceptions=0, search_elapsed_ns=41729822500, helper_started=1, main_score_cp=-168, main_qnodes=34307999, source=main-result, main_tt_hits=2236510, abort_ms=41729, main_move=e2a6, main_nodes=11248274, search=655, main_depth=13, legal=true, helper_pending=0, bestmove_ms=41729, event=bestmove, latest_move=e2a6}"
"measured","7","1","r3k2r/p1ppqpb1/bn2pnp1/3PN3/1p2P3/2N2Q1p/PPPBBPPP/R3K2R w KQkq - 0 1","4","656","13","3185336","7568822","1305579","11842","268986","995","995","e2a6","e2a6","main-result","true","12582342","1062406.593","11843245400","3","3","3","0","info depth 13 seldepth 28 score cp -145 nodes 3185336 nps 268986 time 11842 hashfull 995 pv e2a6 e6d5 c3d5 b6d5 e4d5 h3g2 e1c1 g2h1q d1h1 g7h6 d2h6 e7e5 h6g7 e5g5 c1b1","{move=e2a6, main_pv=e2a6,e6d5,c3d5,b6d5,e4d5,h3g2,e1c1,g2h1q,d1h1,g7h6,d2h6,e7e5,h6g7,e5g5,c1b1, helper_submitted=3, aborted=false, helper_exited=3, helper_exceptions=0, search_elapsed_ns=11843167900, helper_started=3, main_score_cp=-145, main_qnodes=7568822, source=main-result, main_tt_hits=1305579, abort_ms=11843, main_move=e2a6, main_nodes=3185336, search=656, main_depth=13, legal=true, helper_pending=0, bestmove_ms=11843, event=bestmove, latest_move=e2a6}"
"measured","7","1","r3k2r/p1ppqpb1/bn2pnp1/3PN3/1p2P3/2N2Q1p/PPPBBPPP/R3K2R w KQkq - 0 1","1","657","13","3475078","7660190","475283","11692","297218","925","925","e2a6","e2a6","main-result","true","3475078","297200.667","11692699200","0","0","0","0","info depth 13 seldepth 28 score cp -90 nodes 3475078 nps 297218 time 11692 hashfull 925 pv e2a6 b4c3 d2c3 e6d5 e5g4 h3g2 f3g2 e8f8 c3f6 g7f6 e1c1 f6g5 c1b1 d5e4 h2h4 h8h4","{move=e2a6, main_pv=e2a6,b4c3,d2c3,e6d5,e5g4,h3g2,f3g2,e8f8,c3f6,g7f6,e1c1,f6g5,c1b1,d5e4,h2h4,h8h4, helper_submitted=0, aborted=false, helper_exited=0, helper_exceptions=0, search_elapsed_ns=11692654500, helper_started=0, main_score_cp=-90, main_qnodes=7660190, source=main-result, main_tt_hits=475283, abort_ms=11692, main_move=e2a6, main_nodes=3475078, search=657, main_depth=13, legal=true, helper_pending=0, bestmove_ms=11692, event=bestmove, latest_move=e2a6}"
"measured","7","2","4k3/8/8/8/8/8/4P3/4K3 w - - 5 39","4","658","13","4534","4740","5671","4","1133500","2","2","e1d2","e1d2","main-result","true","18148","3428226.004","5293700","3","3","3","0","info depth 13 seldepth 16 score cp 174 nodes 4534 nps 1133500 time 4 hashfull 2 pv e1d2 e8d7 d2e3 d7d6 e3f4 d6e6","{move=e1d2, main_pv=e1d2,e8d7,d2e3,d7d6,e3f4,d6e6, helper_submitted=3, aborted=false, helper_exited=3, helper_exceptions=0, search_elapsed_ns=5234300, helper_started=3, main_score_cp=174, main_qnodes=4740, source=main-result, main_tt_hits=5671, abort_ms=5, main_move=e1d2, main_nodes=4534, search=658, main_depth=13, legal=true, helper_pending=0, bestmove_ms=5, event=bestmove, latest_move=e1d2}"
"measured","7","2","4k3/8/8/8/8/8/4P3/4K3 w - - 5 39","1","659","13","7568","7523","8952","7","1081142","2","2","e1d2","e1d2","main-result","true","7568","1002902.161","7546100","0","0","0","0","info depth 13 seldepth 17 score cp 160 nodes 7568 nps 1081142 time 7 hashfull 2 pv e1d2 e8d7 d2e3 d7d6 e3f4 d6e6 e2e4 e6f6 e4e5 f6e7 f4e3 e7d7 e3e4 d7e6","{move=e1d2, main_pv=e1d2,e8d7,d2e3,d7d6,e3f4,d6e6,e2e4,e6f6,e4e5,f6e7,f4e3,e7d7,e3e4,d7e6, helper_submitted=0, aborted=false, helper_exited=0, helper_exceptions=0, search_elapsed_ns=7509600, helper_started=0, main_score_cp=160, main_qnodes=7523, source=main-result, main_tt_hits=8952, abort_ms=7, main_move=e1d2, main_nodes=7568, search=659, main_depth=13, legal=true, helper_pending=0, bestmove_ms=7, event=bestmove, latest_move=e1d2}"
"measured","7","2","4k3/8/8/8/8/8/4P3/4K3 w - - 5 39","2","660","13","7514","7379","9551","7","1073428","2","2","e1d2","e1d2","main-result","true","14677","1914233.172","7667300","1","1","1","0","info depth 13 seldepth 16 score cp 159 nodes 7514 nps 1073428 time 7 hashfull 2 pv e1d2 e8d7 d2e3 d7d6 e3f4 d6d7 e2e4 d7d6 f4f5 d6c6 e4e5 c6d7","{move=e1d2, main_pv=e1d2,e8d7,d2e3,d7d6,e3f4,d6d7,e2e4,d7d6,f4f5,d6c6,e4e5,c6d7, helper_submitted=1, aborted=false, helper_exited=1, helper_exceptions=0, search_elapsed_ns=7629100, helper_started=1, main_score_cp=159, main_qnodes=7379, source=main-result, main_tt_hits=9551, abort_ms=7, main_move=e1d2, main_nodes=7514, search=660, main_depth=13, legal=true, helper_pending=0, bestmove_ms=7, event=bestmove, latest_move=e1d2}"
"measured","7","3","r3k2r/Pppp1ppp/1b3nbN/nP6/BBP1P3/q4N2/Pp1P2PP/R2Q1RK1 w kq - 0 1","1","661","13","605659","1501526","198351","2068","292871","375","375","c4c5","c4c5","main-result","true","605659","292728.055","2069015900","0","0","0","0","info depth 13 seldepth 27 score cp -590 nodes 605659 nps 292871 time 2068 hashfull 375 pv c4c5 b6c5 b4c5 a3c5 g1h1 b2a1r d1a1 a8a7 e4e5 f6h5 g2g4 g7h6 g4h5 g6h5 d2d4 c5c4 b5b6","{move=c4c5, main_pv=c4c5,b6c5,b4c5,a3c5,g1h1,b2a1r,d1a1,a8a7,e4e5,f6h5,g2g4,g7h6,g4h5,g6h5,d2d4,c5c4,b5b6, helper_submitted=0, aborted=false, helper_exited=0, helper_exceptions=0, search_elapsed_ns=2068976100, helper_started=0, main_score_cp=-590, main_qnodes=1501526, source=main-result, main_tt_hits=198351, abort_ms=2068, main_move=c4c5, main_nodes=605659, search=661, main_depth=13, legal=true, helper_pending=0, bestmove_ms=2068, event=bestmove, latest_move=c4c5}"
"measured","7","3","r3k2r/Pppp1ppp/1b3nbN/nP6/BBP1P3/q4N2/Pp1P2PP/R2Q1RK1 w kq - 0 1","2","662","13","655710","1956415","298363","2339","280337","502","502","c4c5","c4c5","main-result","true","1306993","558383.279","2340673600","1","1","1","0","info depth 13 seldepth 26 score cp -575 nodes 655710 nps 280337 time 2339 hashfull 502 pv c4c5 b6c5 b4c5 a3c5 d2d4 b2a1q d4c5 a1d1 f1d1 f6e4 a4c2 g7h6","{move=c4c5, main_pv=c4c5,b6c5,b4c5,a3c5,d2d4,b2a1q,d4c5,a1d1,f1d1,f6e4,a4c2,g7h6, helper_submitted=1, aborted=false, helper_exited=1, helper_exceptions=0, search_elapsed_ns=2340612600, helper_started=1, main_score_cp=-575, main_qnodes=1956415, source=main-result, main_tt_hits=298363, abort_ms=2340, main_move=c4c5, main_nodes=655710, search=662, main_depth=13, legal=true, helper_pending=0, bestmove_ms=2340, event=bestmove, latest_move=c4c5}"
"measured","7","3","r3k2r/Pppp1ppp/1b3nbN/nP6/BBP1P3/q4N2/Pp1P2PP/R2Q1RK1 w kq - 0 1","4","663","13","443858","1216916","265640","1664","266741","445","445","c4c5","c4c5","main-result","true","1764250","1059539.483","1665110200","3","3","3","0","info depth 13 seldepth 26 score cp -590 nodes 443858 nps 266741 time 1664 hashfull 445 pv c4c5 b6c5 b4c5 a3c5 g1h1 b2a1n d1a1 a8a7 e4e5","{move=c4c5, main_pv=c4c5,b6c5,b4c5,a3c5,g1h1,b2a1n,d1a1,a8a7,e4e5, helper_submitted=3, aborted=false, helper_exited=3, helper_exceptions=0, search_elapsed_ns=1665003200, helper_started=3, main_score_cp=-590, main_qnodes=1216916, source=main-result, main_tt_hits=265640, abort_ms=1665, main_move=c4c5, main_nodes=443858, search=663, main_depth=13, legal=true, helper_pending=0, bestmove_ms=1665, event=bestmove, latest_move=c4c5}"
"measured","7","4","rnbqkbnr/p1pppppp/8/1p6/2PP4/8/PP2PPPP/RNBQKBNR b KQkq c3 0 2","2","664","13","250578","647446","102932","952","263212","298","298","b5c4","b5c4","main-result","true","502305","527021.795","953101000","1","1","1","0","info depth 13 seldepth 23 score cp -45 nodes 250578 nps 263212 time 952 hashfull 298 pv b5c4 e2e4 c7c6 f1c4 d7d5 e4d5 c6d5 c4b5 c8d7 b1c3 d7b5 c3b5 a7a6 b5c3","{move=b5c4, main_pv=b5c4,e2e4,c7c6,f1c4,d7d5,e4d5,c6d5,c4b5,c8d7,b1c3,d7b5,c3b5,a7a6,b5c3, helper_submitted=1, aborted=false, helper_exited=1, helper_exceptions=0, search_elapsed_ns=952909800, helper_started=1, main_score_cp=-45, main_qnodes=647446, source=main-result, main_tt_hits=102932, abort_ms=952, main_move=b5c4, main_nodes=250578, search=664, main_depth=13, legal=true, helper_pending=0, bestmove_ms=952, event=bestmove, latest_move=b5c4}"
"measured","7","4","rnbqkbnr/p1pppppp/8/1p6/2PP4/8/PP2PPPP/RNBQKBNR b KQkq c3 0 2","4","665","13","156155","394838","78332","644","242476","299","299","b5c4","b5c4","main-result","true","621575","962467.075","645814300","3","3","3","0","info depth 13 seldepth 22 score cp -35 nodes 156155 nps 242476 time 644 hashfull 299 pv b5c4 e2e4 e7e6 f1c4 d7d5 c4d3 c7c5 d4c5 f8c5 e4d5 e6d5 d3b5 c8d7 d1d5","{move=b5c4, main_pv=b5c4,e2e4,e7e6,f1c4,d7d5,c4d3,c7c5,d4c5,f8c5,e4d5,e6d5,d3b5,c8d7,d1d5, helper_submitted=3, aborted=false, helper_exited=3, helper_exceptions=0, search_elapsed_ns=645710200, helper_started=3, main_score_cp=-35, main_qnodes=394838, source=main-result, main_tt_hits=78332, abort_ms=645, main_move=b5c4, main_nodes=156155, search=665, main_depth=13, legal=true, helper_pending=0, bestmove_ms=645, event=bestmove, latest_move=b5c4}"
"measured","7","4","rnbqkbnr/p1pppppp/8/1p6/2PP4/8/PP2PPPP/RNBQKBNR b KQkq c3 0 2","1","666","13","444366","1180659","97281","1259","352951","324","324","b5c4","b5c4","main-result","true","444366","352600.573","1260253200","0","0","0","0","info depth 13 seldepth 23 score cp -45 nodes 444366 nps 352951 time 1259 hashfull 324 pv b5c4 e2e4 c7c6 f1c4 d7d5 e4d5 c6d5 c4d3 b8c6 g1f3 g8f6 e1g1 a8b8","{move=b5c4, main_pv=b5c4,e2e4,c7c6,f1c4,d7d5,e4d5,c6d5,c4d3,b8c6,g1f3,g8f6,e1g1,a8b8, helper_submitted=0, aborted=false, helper_exited=0, helper_exceptions=0, search_elapsed_ns=1260176100, helper_started=0, main_score_cp=-45, main_qnodes=1180659, source=main-result, main_tt_hits=97281, abort_ms=1260, main_move=b5c4, main_nodes=444366, search=666, main_depth=13, legal=true, helper_pending=0, bestmove_ms=1260, event=bestmove, latest_move=b5c4}"
"measured","7","5","r1bq1r1k/1pp1n1pp/1p1p4/4p2b/2B1P3/P1N1NP2/1PP3PP/R1BQ1RK1 w - - 2 14","4","667","13","488674","1161060","154049","1869","261462","760","760","g1h1","g1h1","main-result","true","1993181","1066001.652","1869772900","3","3","3","0","info depth 13 seldepth 23 score cp 413 nodes 488674 nps 261462 time 1869 hashfull 760 pv g1h1 h7h6 c1d2 c7c6 d2e1 b6b5","{move=g1h1, main_pv=g1h1,h7h6,c1d2,c7c6,d2e1,b6b5, helper_submitted=3, aborted=false, helper_exited=3, helper_exceptions=0, search_elapsed_ns=1869705900, helper_started=3, main_score_cp=413, main_qnodes=1161060, source=main-result, main_tt_hits=154049, abort_ms=1869, main_move=g1h1, main_nodes=488674, search=667, main_depth=13, legal=true, helper_pending=0, bestmove_ms=1869, event=bestmove, latest_move=g1h1}"
"measured","7","5","r1bq1r1k/1pp1n1pp/1p1p4/4p2b/2B1P3/P1N1NP2/1PP3PP/R1BQ1RK1 w - - 2 14","1","668","13","1549645","3889617","292659","4736","327205","720","720","d1d3","d1d3","main-result","true","1549645","327165.775","4736574300","0","0","0","0","info depth 13 seldepth 25 score cp 416 nodes 1549645 nps 327205 time 4736 hashfull 720 pv d1d3 h7h6 c1d2 h5f7 c4f7","{move=d1d3, main_pv=d1d3,h7h6,c1d2,h5f7,c4f7, helper_submitted=0, aborted=false, helper_exited=0, helper_exceptions=0, search_elapsed_ns=4736531500, helper_started=0, main_score_cp=416, main_qnodes=3889617, source=main-result, main_tt_hits=292659, abort_ms=4736, main_move=d1d3, main_nodes=1549645, search=668, main_depth=13, legal=true, helper_pending=0, bestmove_ms=4736, event=bestmove, latest_move=d1d3}"
"measured","7","5","r1bq1r1k/1pp1n1pp/1p1p4/4p2b/2B1P3/P1N1NP2/1PP3PP/R1BQ1RK1 w - - 2 14","2","669","13","1253622","3083500","285172","3775","332085","862","862","d1d3","d1d3","main-result","true","2504315","663150.241","3776391600","1","1","1","0","info depth 13 seldepth 23 score cp 417 nodes 1253622 nps 332085 time 3775 hashfull 862 pv d1d3","{move=d1d3, main_pv=d1d3, helper_submitted=1, aborted=false, helper_exited=1, helper_exceptions=0, search_elapsed_ns=3776312500, helper_started=1, main_score_cp=417, main_qnodes=3083500, source=main-result, main_tt_hits=285172, abort_ms=3776, main_move=d1d3, main_nodes=1253622, search=669, main_depth=13, legal=true, helper_pending=0, bestmove_ms=3776, event=bestmove, latest_move=d1d3}"
"measured","7","6","r3r1k1/2p2ppp/p1p1bn2/8/1q2P3/2NPQN2/PPP3PP/R4RK1 b - - 2 24","1","670","13","634214","1300189","229620","1885","336453","408","408","b4b2","b4b2","main-result","true","634214","336187.685","1886487900","0","0","0","0","info depth 13 seldepth 23 score cp -43 nodes 634214 nps 336453 time 1885 hashfull 408 pv b4b2 e3d2 b2b6 g1h1 a8b8 d3d4 c6c5 a1b1 b6a5 d4d5 b8b1 f1b1","{move=b4b2, main_pv=b4b2,e3d2,b2b6,g1h1,a8b8,d3d4,c6c5,a1b1,b6a5,d4d5,b8b1,f1b1, helper_submitted=0, aborted=false, helper_exited=0, helper_exceptions=0, search_elapsed_ns=1886437200, helper_started=0, main_score_cp=-43, main_qnodes=1300189, source=main-result, main_tt_hits=229620, abort_ms=1886, main_move=b4b2, main_nodes=634214, search=670, main_depth=13, legal=true, helper_pending=0, bestmove_ms=1886, event=bestmove, latest_move=b4b2}"
"measured","7","6","r3r1k1/2p2ppp/p1p1bn2/8/1q2P3/2NPQN2/PPP3PP/R4RK1 b - - 2 24","2","671","13","484856","990062","248901","1321","367037","458","458","b4b2","b4b2","main-result","true","970532","734232.434","1321832100","1","1","1","0","info depth 13 seldepth 22 score cp -53 nodes 484856 nps 367037 time 1321 hashfull 458 pv b4b2 d3d4 b2a3 e3d3 a8b8 a1b1 b8b1 f1b1 f6d7 b1b7 a3a5 h2h3 d7f6","{move=b4b2, main_pv=b4b2,d3d4,b2a3,e3d3,a8b8,a1b1,b8b1,f1b1,f6d7,b1b7,a3a5,h2h3,d7f6, helper_submitted=1, aborted=false, helper_exited=1, helper_exceptions=0, search_elapsed_ns=1321788400, helper_started=1, main_score_cp=-53, main_qnodes=990062, source=main-result, main_tt_hits=248901, abort_ms=1321, main_move=b4b2, main_nodes=484856, search=671, main_depth=13, legal=true, helper_pending=0, bestmove_ms=1321, event=bestmove, latest_move=b4b2}"
"measured","7","6","r3r1k1/2p2ppp/p1p1bn2/8/1q2P3/2NPQN2/PPP3PP/R4RK1 b - - 2 24","4","672","13","300943","656227","194727","860","349933","492","492","b4b2","b4b2","main-result","true","1185143","1375305.214","861730900","3","3","3","0","info depth 13 seldepth 22 score cp -39 nodes 300943 nps 349933 time 860 hashfull 492 pv b4b2 e3d2 a8b8 a1b1 b2a3 g1h1 a3a5 f3d4 b8b1 f1b1","{move=b4b2, main_pv=b4b2,e3d2,a8b8,a1b1,b2a3,g1h1,a3a5,f3d4,b8b1,f1b1, helper_submitted=3, aborted=false, helper_exited=3, helper_exceptions=0, search_elapsed_ns=861655700, helper_started=3, main_score_cp=-39, main_qnodes=656227, source=main-result, main_tt_hits=194727, abort_ms=861, main_move=b4b2, main_nodes=300943, search=672, main_depth=13, legal=true, helper_pending=0, bestmove_ms=861, event=bestmove, latest_move=b4b2}"
"measured","7","7","r1bb4/3n1k2/p3p3/1p1pPp2/1Pp5/2P2N1B/P4PPP/4RK2 w - - 2 21","2","673","13","835751","2056844","230429","1958","426839","695","695","h3f5","h3f5","main-result","true","1656186","845364.429","1959138500","1","1","1","0","info depth 13 seldepth 27 score cp -307 nodes 835751 nps 426839 time 1958 hashfull 695 pv h3f5 e6f5 e5e6 f7e8 e6d7 e8d7 f3d4 d8f6 e1d1 d7d6 g2g3 c8d7 f1g2 f5f4 g3f4 a8g8 g2f1 d7g4","{move=h3f5, main_pv=h3f5,e6f5,e5e6,f7e8,e6d7,e8d7,f3d4,d8f6,e1d1,d7d6,g2g3,c8d7,f1g2,f5f4,g3f4,a8g8,g2f1,d7g4, helper_submitted=1, aborted=false, helper_exited=1, helper_exceptions=0, search_elapsed_ns=1959096000, helper_started=1, main_score_cp=-307, main_qnodes=2056844, source=main-result, main_tt_hits=230429, abort_ms=1959, main_move=h3f5, main_nodes=835751, search=673, main_depth=13, legal=true, helper_pending=0, bestmove_ms=1959, event=bestmove, latest_move=h3f5}"
"measured","7","7","r1bb4/3n1k2/p3p3/1p1pPp2/1Pp5/2P2N1B/P4PPP/4RK2 w - - 2 21","4","674","13","500681","1235067","147353","1248","401186","803","803","h3f5","h3f5","main-result","true","2003801","1604391.569","1248947600","3","3","3","0","info depth 13 seldepth 26 score cp -279 nodes 500681 nps 401186 time 1248 hashfull 803 pv h3f5 e6f5 e5e6 f7f6 e6d7 c8d7 e1d1","{move=h3f5, main_pv=h3f5,e6f5,e5e6,f7f6,e6d7,c8d7,e1d1, helper_submitted=3, aborted=false, helper_exited=3, helper_exceptions=0, search_elapsed_ns=1248877200, helper_started=3, main_score_cp=-279, main_qnodes=1235067, source=main-result, main_tt_hits=147353, abort_ms=1248, main_move=h3f5, main_nodes=500681, search=674, main_depth=13, legal=true, helper_pending=0, bestmove_ms=1248, event=bestmove, latest_move=h3f5}"
"measured","7","7","r1bb4/3n1k2/p3p3/1p1pPp2/1Pp5/2P2N1B/P4PPP/4RK2 w - - 2 21","1","675","13","994398","2473757","160864","2345","424050","574","574","h3f5","h3f5","main-result","true","994398","423783.454","2346476700","0","0","0","0","info depth 13 seldepth 26 score cp -295 nodes 994398 nps 424050 time 2345 hashfull 574 pv h3f5 a6a5 a2a3 e6f5 e5e6 f7f6 e6d7 c8d7 f3e5 d7e6 e5c6 d8c7 c6d4 e6d7 h2h4","{move=h3f5, main_pv=h3f5,a6a5,a2a3,e6f5,e5e6,f7f6,e6d7,c8d7,f3e5,d7e6,e5c6,d8c7,c6d4,e6d7,h2h4, helper_submitted=0, aborted=false, helper_exited=0, helper_exceptions=0, search_elapsed_ns=2346435900, helper_started=0, main_score_cp=-295, main_qnodes=2473757, source=main-result, main_tt_hits=160864, abort_ms=2346, main_move=h3f5, main_nodes=994398, search=675, main_depth=13, legal=true, helper_pending=0, bestmove_ms=2346, event=bestmove, latest_move=h3f5}"
"measured","7","8","r1bq1rk1/ppp1nppp/4n3/3p3Q/3P4/1BP1B3/PP1N2PP/R4RK1 w - - 1 16","4","676","13","474472","1023116","204276","1360","348876","760","760","b3c2","b3c2","main-result","true","1931553","1419033.243","1361175300","3","3","3","0","info depth 13 seldepth 22 score cp 17 nodes 474472 nps 348876 time 1360 hashfull 760 pv b3c2 e7g6 d2f3 c7c6 f3e5 c8d7 a1e1 d8e7 a2a3","{move=b3c2, main_pv=b3c2,e7g6,d2f3,c7c6,f3e5,c8d7,a1e1,d8e7,a2a3, helper_submitted=3, aborted=false, helper_exited=3, helper_exceptions=0, search_elapsed_ns=1361100700, helper_started=3, main_score_cp=17, main_qnodes=1023116, source=main-result, main_tt_hits=204276, abort_ms=1361, main_move=b3c2, main_nodes=474472, search=676, main_depth=13, legal=true, helper_pending=0, bestmove_ms=1361, event=bestmove, latest_move=b3c2}"
"measured","7","8","r1bq1rk1/ppp1nppp/4n3/3p3Q/3P4/1BP1B3/PP1N2PP/R4RK1 w - - 1 16","1","677","13","944419","1841645","307182","2438","387374","560","560","b3c2","b3c2","main-result","true","944419","387205.883","2439061600","0","0","0","0","info depth 13 seldepth 22 score cp 16 nodes 944419 nps 387374 time 2438 hashfull 560 pv b3c2 e7g6 d2f3 c7c6 f3e5 c8d7 a1e1 a7a6","{move=b3c2, main_pv=b3c2,e7g6,d2f3,c7c6,f3e5,c8d7,a1e1,a7a6, helper_submitted=0, aborted=false, helper_exited=0, helper_exceptions=0, search_elapsed_ns=2439018000, helper_started=0, main_score_cp=16, main_qnodes=1841645, source=main-result, main_tt_hits=307182, abort_ms=2439, main_move=b3c2, main_nodes=944419, search=677, main_depth=13, legal=true, helper_pending=0, bestmove_ms=2439, event=bestmove, latest_move=b3c2}"
"measured","7","8","r1bq1rk1/ppp1nppp/4n3/3p3Q/3P4/1BP1B3/PP1N2PP/R4RK1 w - - 1 16","2","678","13","834069","1608671","285930","2191","380679","720","720","b3c2","b3c2","main-result","true","1646134","750839.026","2192392700","1","1","1","0","info depth 13 seldepth 22 score cp 20 nodes 834069 nps 380679 time 2191 hashfull 720 pv b3c2 e7g6 d2f3 d8d6 f3e5 c8d7 a2a4 a7a6 b2b4 a8e8 a1e1 d7c6 a4a5","{move=b3c2, main_pv=b3c2,e7g6,d2f3,d8d6,f3e5,c8d7,a2a4,a7a6,b2b4,a8e8,a1e1,d7c6,a4a5, helper_submitted=1, aborted=false, helper_exited=1, helper_exceptions=0, search_elapsed_ns=2192343000, helper_started=1, main_score_cp=20, main_qnodes=1608671, source=main-result, main_tt_hits=285930, abort_ms=2192, main_move=b3c2, main_nodes=834069, search=678, main_depth=13, legal=true, helper_pending=0, bestmove_ms=2192, event=bestmove, latest_move=b3c2}"
"measured","7","9","6k1/3r4/2R5/P5pp/3b4/6P1/5PK1/8 w - - 1 45","1","679","13","258683","591758","78893","482","536686","175","175","c6g6","c6g6","main-result","true","258683","535742.171","482849800","0","0","0","0","info depth 13 seldepth 25 score cp -110 nodes 258683 nps 536686 time 482 hashfull 175 pv c6g6 d7g7 g6d6 d4a7 d6d5 g8f7 d5d6 f7e7 d6c6 g7f7 c6c7 e7f6 c7f7 f6f7 a5a6 a7c5","{move=c6g6, main_pv=c6g6,d7g7,g6d6,d4a7,d6d5,g8f7,d5d6,f7e7,d6c6,g7f7,c6c7,e7f6,c7f7,f6f7,a5a6,a7c5, helper_submitted=0, aborted=false, helper_exited=0, helper_exceptions=0, search_elapsed_ns=482806100, helper_started=0, main_score_cp=-110, main_qnodes=591758, source=main-result, main_tt_hits=78893, abort_ms=482, main_move=c6g6, main_nodes=258683, search=679, main_depth=13, legal=true, helper_pending=0, bestmove_ms=482, event=bestmove, latest_move=c6g6}"
"measured","7","9","6k1/3r4/2R5/P5pp/3b4/6P1/5PK1/8 w - - 1 45","2","680","13","183229","424344","73625","349","525011","201","201","c6g6","c6g6","main-result","true","364029","1041065.028","349669800","1","1","1","0","info depth 13 seldepth 25 score cp -115 nodes 183229 nps 525011 time 349 hashfull 201 pv c6g6 d7g7 g6d6 d4a7 d6d5 g8f7 d5d6 f7e7 d6c6 g7f7 c6c7 e7e6 c7f7 e6f7 a5a6","{move=c6g6, main_pv=c6g6,d7g7,g6d6,d4a7,d6d5,g8f7,d5d6,f7e7,d6c6,g7f7,c6c7,e7e6,c7f7,e6f7,a5a6, helper_submitted=1, aborted=false, helper_exited=1, helper_exceptions=0, search_elapsed_ns=349605100, helper_started=1, main_score_cp=-115, main_qnodes=424344, source=main-result, main_tt_hits=73625, abort_ms=349, main_move=c6g6, main_nodes=183229, search=680, main_depth=13, legal=true, helper_pending=0, bestmove_ms=349, event=bestmove, latest_move=c6g6}"
"measured","7","9","6k1/3r4/2R5/P5pp/3b4/6P1/5PK1/8 w - - 1 45","4","681","13","122036","279883","75466","233","523759","191","191","c6g6","c6g6","main-result","true","482290","2053595.570","234851500","3","3","3","0","info depth 13 seldepth 25 score cp -111 nodes 122036 nps 523759 time 233 hashfull 191 pv c6g6 d7g7 g6d6 d4a7 d6d5 g8f7 a5a6 f7f6 d5b5 g7f7 b5b7 a7c5 b7f7 f6f7 g2f3","{move=c6g6, main_pv=c6g6,d7g7,g6d6,d4a7,d6d5,g8f7,a5a6,f7f6,d5b5,g7f7,b5b7,a7c5,b7f7,f6f7,g2f3, helper_submitted=3, aborted=false, helper_exited=3, helper_exceptions=0, search_elapsed_ns=234771100, helper_started=3, main_score_cp=-111, main_qnodes=279883, source=main-result, main_tt_hits=75466, abort_ms=234, main_move=c6g6, main_nodes=122036, search=681, main_depth=13, legal=true, helper_pending=0, bestmove_ms=234, event=bestmove, latest_move=c6g6}"
"measured","7","10","r1bq1rk1/pp2ppbp/2np1np1/8/3NP3/2N1BP2/PPPQ2PP/R4RK1 b - - 0 10","2","682","13","648566","1842633","139725","1915","338676","660","660","a7a6","a7a6","main-result","true","1295483","676223.457","1915761700","1","1","1","0","info depth 13 seldepth 23 score cp 433 nodes 648566 nps 338676 time 1915 hashfull 660 pv a7a6 d4c6 b7c6 a2a3 a8b8 b2b3 c8e6 d2d3 d8c7 d3a6 f6d7 a6d3 d7c5 d3d2","{move=a7a6, main_pv=a7a6,d4c6,b7c6,a2a3,a8b8,b2b3,c8e6,d2d3,d8c7,d3a6,f6d7,a6d3,d7c5,d3d2, helper_submitted=1, aborted=false, helper_exited=1, helper_exceptions=0, search_elapsed_ns=1915717700, helper_started=1, main_score_cp=433, main_qnodes=1842633, source=main-result, main_tt_hits=139725, abort_ms=1915, main_move=a7a6, main_nodes=648566, search=682, main_depth=13, legal=true, helper_pending=0, bestmove_ms=1915, event=bestmove, latest_move=a7a6}"
"measured","7","10","r1bq1rk1/pp2ppbp/2np1np1/8/3NP3/2N1BP2/PPPQ2PP/R4RK1 b - - 0 10","4","683","13","579716","1619407","157794","1806","320994","860","860","c8d7","c8d7","main-result","true","2353132","1302147.227","1807116700","3","3","3","0","info depth 13 seldepth 21 score cp 435 nodes 579716 nps 320994 time 1806 hashfull 860 pv c8d7 a2a3 c6e5 b2b3 a8c8 d4e2 d8a5 g1h1 h7h6 e3f2 g6g5 a3a4 e5g6","{move=c8d7, main_pv=c8d7,a2a3,c6e5,b2b3,a8c8,d4e2,d8a5,g1h1,h7h6,e3f2,g6g5,a3a4,e5g6, helper_submitted=3, aborted=false, helper_exited=3, helper_exceptions=0, search_elapsed_ns=1807046000, helper_started=3, main_score_cp=435, main_qnodes=1619407, source=main-result, main_tt_hits=157794, abort_ms=1807, main_move=c8d7, main_nodes=579716, search=683, main_depth=13, legal=true, helper_pending=0, bestmove_ms=1807, event=bestmove, latest_move=c8d7}"
"measured","7","10","r1bq1rk1/pp2ppbp/2np1np1/8/3NP3/2N1BP2/PPPQ2PP/R4RK1 b - - 0 10","1","684","13","1463870","4049839","212661","4490","326028","697","697","c6d4","c6d4","main-result","true","1463870","325959.464","4490957200","0","0","0","0","info depth 13 seldepth 22 score cp 432 nodes 1463870 nps 326028 time 4490 hashfull 697 pv c6d4 e3d4 d8a5 a2a3 c8e6 b2b4 a5c7 a3a4 a7a6 a4a5 a8c8 h2h3 c7d7","{move=c6d4, main_pv=c6d4,e3d4,d8a5,a2a3,c8e6,b2b4,a5c7,a3a4,a7a6,a4a5,a8c8,h2h3,c7d7, helper_submitted=0, aborted=false, helper_exited=0, helper_exceptions=0, search_elapsed_ns=4490908100, helper_started=0, main_score_cp=432, main_qnodes=4049839, source=main-result, main_tt_hits=212661, abort_ms=4490, main_move=c6d4, main_nodes=1463870, search=684, main_depth=13, legal=true, helper_pending=0, bestmove_ms=4490, event=bestmove, latest_move=c6d4}"
"measured","7","11","8/p7/1p2k1p1/2p5/2P1b3/1P3P2/P2K4/8 b - - 0 38","4","685","13","117033","139063","72010","161","726913","78","78","e4f3","e4f3","main-result","true","462165","2841189.923","162666000","3","3","3","0","info depth 13 seldepth 25 score cp 580 nodes 117033 nps 726913 time 161 hashfull 78 pv e4f3 d2e3 f3c6 e3f4 e6f6 f4g3 g6g5 g3g4 c6e4 g4h3 e4f5 h3g3 f6e5 g3f2 g5g4 f2e3","{move=e4f3, main_pv=e4f3,d2e3,f3c6,e3f4,e6f6,f4g3,g6g5,g3g4,c6e4,g4h3,e4f5,h3g3,f6e5,g3f2,g5g4,f2e3, helper_submitted=3, aborted=false, helper_exited=3, helper_exceptions=0, search_elapsed_ns=162591200, helper_started=3, main_score_cp=580, main_qnodes=139063, source=main-result, main_tt_hits=72010, abort_ms=162, main_move=e4f3, main_nodes=117033, search=685, main_depth=13, legal=true, helper_pending=0, bestmove_ms=162, event=bestmove, latest_move=e4f3}"
"measured","7","11","8/p7/1p2k1p1/2p5/2P1b3/1P3P2/P2K4/8 b - - 0 38","1","686","13","106151","123121","65708","134","792171","54","54","e4f3","e4f3","main-result","true","106151","785785.667","135089000","0","0","0","0","info depth 13 seldepth 22 score cp 583 nodes 106151 nps 792171 time 134 hashfull 54 pv e4f3 d2e3 f3c6 e3f4 e6f6 f4g3 g6g5 g3g4 c6d7 g4f3 f6e5 a2a3 g5g4 f3g3 a7a5 a3a4 d7f5","{move=e4f3, main_pv=e4f3,d2e3,f3c6,e3f4,e6f6,f4g3,g6g5,g3g4,c6d7,g4f3,f6e5,a2a3,g5g4,f3g3,a7a5,a3a4,d7f5, helper_submitted=0, aborted=false, helper_exited=0, helper_exceptions=0, search_elapsed_ns=135045800, helper_started=0, main_score_cp=583, main_qnodes=123121, source=main-result, main_tt_hits=65708, abort_ms=135, main_move=e4f3, main_nodes=106151, search=686, main_depth=13, legal=true, helper_pending=0, bestmove_ms=135, event=bestmove, latest_move=e4f3}"
"measured","7","11","8/p7/1p2k1p1/2p5/2P1b3/1P3P2/P2K4/8 b - - 0 38","2","687","13","89608","103678","61041","113","792991","71","71","e4f3","e4f3","main-result","true","176811","1544271.006","114494800","1","1","1","0","info depth 13 seldepth 21 score cp 580 nodes 89608 nps 792991 time 113 hashfull 71 pv e4f3 d2e3 f3c6 e3f4 e6f6 f4g3 g6g5 g3g4 c6e4 g4h3 e4f5","{move=e4f3, main_pv=e4f3,d2e3,f3c6,e3f4,e6f6,f4g3,g6g5,g3g4,c6e4,g4h3,e4f5, helper_submitted=1, aborted=false, helper_exited=1, helper_exceptions=0, search_elapsed_ns=114456000, helper_started=1, main_score_cp=580, main_qnodes=103678, source=main-result, main_tt_hits=61041, abort_ms=114, main_move=e4f3, main_nodes=89608, search=687, main_depth=13, legal=true, helper_pending=0, bestmove_ms=114, event=bestmove, latest_move=e4f3}"
"measured","7","12","8/8/6k1/8/5P2/4K1P1/8/8 b - - 0 65","1","688","13","19151","23591","14566","19","1007947","15","15","g6f5","g6f5","main-result","true","19151","951389.751","20129500","0","0","0","0","info depth 13 seldepth 20 score cp -399 nodes 19151 nps 1007947 time 19 hashfull 15 pv g6f5 e3d4 f5e6 g3g4","{move=g6f5, main_pv=g6f5,e3d4,f5e6,g3g4, helper_submitted=0, aborted=false, helper_exited=0, helper_exceptions=0, search_elapsed_ns=20098300, helper_started=0, main_score_cp=-399, main_qnodes=23591, source=main-result, main_tt_hits=14566, abort_ms=20, main_move=g6f5, main_nodes=19151, search=688, main_depth=13, legal=true, helper_pending=0, bestmove_ms=20, event=bestmove, latest_move=g6f5}"
"measured","7","12","8/8/6k1/8/5P2/4K1P1/8/8 b - - 0 65","2","689","13","18525","22941","15984","18","1029166","14","14","g6f5","g6f5","main-result","true","36706","1897196.020","19347500","1","1","1","0","info depth 13 seldepth 21 score cp -434 nodes 18525 nps 1029166 time 18 hashfull 14 pv g6f5 e3f3 f5e6 g3g4 e6d6 g4g5 d6d5 g5g6 d5e6 f4f5 e6f6 f3f4 f6g7 f4e4","{move=g6f5, main_pv=g6f5,e3f3,f5e6,g3g4,e6d6,g4g5,d6d5,g5g6,d5e6,f4f5,e6f6,f3f4,f6g7,f4e4, helper_submitted=1, aborted=false, helper_exited=1, helper_exceptions=0, search_elapsed_ns=19315100, helper_started=1, main_score_cp=-434, main_qnodes=22941, source=main-result, main_tt_hits=15984, abort_ms=19, main_move=g6f5, main_nodes=18525, search=689, main_depth=13, legal=true, helper_pending=0, bestmove_ms=19, event=bestmove, latest_move=g6f5}"
"measured","7","12","8/8/6k1/8/5P2/4K1P1/8/8 b - - 0 65","4","690","13","16373","17449","14657","18","909611","15","15","g6f5","g6f5","main-result","true","69151","3590860.704","19257500","3","3","3","0","info depth 13 seldepth 21 score cp -399 nodes 16373 nps 909611 time 18 hashfull 15 pv g6f5 e3f3 f5g6 g3g4 g6f6 f3e3 f6e6 e3f3","{move=g6f5, main_pv=g6f5,e3f3,f5g6,g3g4,g6f6,f3e3,f6e6,e3f3, helper_submitted=3, aborted=false, helper_exited=3, helper_exceptions=0, search_elapsed_ns=19181400, helper_started=3, main_score_cp=-399, main_qnodes=17449, source=main-result, main_tt_hits=14657, abort_ms=19, main_move=g6f5, main_nodes=16373, search=690, main_depth=13, legal=true, helper_pending=0, bestmove_ms=19, event=bestmove, latest_move=g6f5}"
"measured","7","13","8/2p5/3p4/KP5r/1R3p1k/8/4P1P1/8 w - - 0 1","2","691","13","87553","193900","45683","163","537134","99","99","b4f4","b4f4","main-result","true","180758","1103459.980","163810200","1","1","1","0","info depth 13 seldepth 24 score cp 76 nodes 87553 nps 537134 time 163 hashfull 99 pv b4f4 h4g3 f4c4 h5h7 a5a6 g3g2","{move=b4f4, main_pv=b4f4,h4g3,f4c4,h5h7,a5a6,g3g2, helper_submitted=1, aborted=false, helper_exited=1, helper_exceptions=0, search_elapsed_ns=163745200, helper_started=1, main_score_cp=76, main_qnodes=193900, source=main-result, main_tt_hits=45683, abort_ms=163, main_move=b4f4, main_nodes=87553, search=691, main_depth=13, legal=true, helper_pending=0, bestmove_ms=163, event=bestmove, latest_move=b4f4}"
"measured","7","13","8/2p5/3p4/KP5r/1R3p1k/8/4P1P1/8 w - - 0 1","4","692","13","71362","152992","46172","127","561905","138","138","b4f4","b4f4","main-result","true","287320","2246354.716","127905000","3","3","3","0","info depth 13 seldepth 24 score cp 19 nodes 71362 nps 561905 time 127 hashfull 138 pv b4f4 h4g3 f4f3 g3g2 f3c3 h5c5 c3c5 d6c5 e2e4 g2g3 e4e5 c5c4 a5b4 g3f4 e5e6 f4f5","{move=b4f4, main_pv=b4f4,h4g3,f4f3,g3g2,f3c3,h5c5,c3c5,d6c5,e2e4,g2g3,e4e5,c5c4,a5b4,g3f4,e5e6,f4f5, helper_submitted=3, aborted=false, helper_exited=3, helper_exceptions=0, search_elapsed_ns=127822100, helper_started=3, main_score_cp=19, main_qnodes=152992, source=main-result, main_tt_hits=46172, abort_ms=127, main_move=b4f4, main_nodes=71362, search=692, main_depth=13, legal=true, helper_pending=0, bestmove_ms=127, event=bestmove, latest_move=b4f4}"
"measured","7","13","8/2p5/3p4/KP5r/1R3p1k/8/4P1P1/8 w - - 0 1","1","693","13","134731","298233","52919","235","573323","97","97","b4f4","b4f4","main-result","true","134731","571709.481","235663400","0","0","0","0","info depth 13 seldepth 28 score cp 19 nodes 134731 nps 573323 time 235 hashfull 97 pv b4f4 h4g3 f4f3 g3g2 f3c3 h5c5 c3c5 d6c5 e2e4 c5c4 a5b4 g2f3 e4e5 f3f4","{move=b4f4, main_pv=b4f4,h4g3,f4f3,g3g2,f3c3,h5c5,c3c5,d6c5,e2e4,c5c4,a5b4,g2f3,e4e5,f3f4, helper_submitted=0, aborted=false, helper_exited=0, helper_exceptions=0, search_elapsed_ns=235623200, helper_started=0, main_score_cp=19, main_qnodes=298233, source=main-result, main_tt_hits=52919, abort_ms=235, main_move=b4f4, main_nodes=134731, search=693, main_depth=13, legal=true, helper_pending=0, bestmove_ms=235, event=bestmove, latest_move=b4f4}"
"measured","7","14","r1bq1r1k/b1p1npp1/p2p3p/1p6/3PP3/1B2NN2/PP3PPP/R2Q1RK1 w - - 1 16","4","694","13","901268","2408023","287528","3209","280856","938","938","a2a4","a2a4","main-result","true","3521966","1097042.542","3210418800","3","3","3","0","info depth 13 seldepth 23 score cp 66 nodes 901268 nps 280856 time 3209 hashfull 938 pv a2a4 f7f5 e4f5 e7f5 e3f5 f8f5","{move=a2a4, main_pv=a2a4,f7f5,e4f5,e7f5,e3f5,f8f5, helper_submitted=3, aborted=false, helper_exited=2, helper_exceptions=0, search_elapsed_ns=3210344100, helper_started=3, main_score_cp=66, main_qnodes=2408023, source=main-result, main_tt_hits=287528, abort_ms=3210, main_move=a2a4, main_nodes=901268, search=694, main_depth=13, legal=true, helper_pending=1, bestmove_ms=3210, event=bestmove, latest_move=a2a4}"
"measured","7","14","r1bq1r1k/b1p1npp1/p2p3p/1p6/3PP3/1B2NN2/PP3PPP/R2Q1RK1 w - - 1 16","1","695","13","1523227","3915325","261327","5157","295370","771","771","a2a4","a2a4","main-result","true","1523227","295252.835","5159059700","0","0","0","0","info depth 13 seldepth 25 score cp 59 nodes 1523227 nps 295370 time 5157 hashfull 771 pv a2a4 c8b7 d1d3 c7c6 f1c1 h8g8 h2h3 e7g6 e3f5 f8e8 a4b5 a6b5 d3e2","{move=a2a4, main_pv=a2a4,c8b7,d1d3,c7c6,f1c1,h8g8,h2h3,e7g6,e3f5,f8e8,a4b5,a6b5,d3e2, helper_submitted=0, aborted=false, helper_exited=0, helper_exceptions=0, search_elapsed_ns=5159004200, helper_started=0, main_score_cp=59, main_qnodes=3915325, source=main-result, main_tt_hits=261327, abort_ms=5159, main_move=a2a4, main_nodes=1523227, search=695, main_depth=13, legal=true, helper_pending=0, bestmove_ms=5159, event=bestmove, latest_move=a2a4}"
"measured","7","14","r1bq1r1k/b1p1npp1/p2p3p/1p6/3PP3/1B2NN2/PP3PPP/R2Q1RK1 w - - 1 16","2","696","13","984195","2653884","246098","3711","265210","830","830","a2a4","a2a4","main-result","true","1967984","530161.177","3712048500","1","1","1","0","info depth 13 seldepth 27 score cp 63 nodes 984195 nps 265210 time 3711 hashfull 830 pv a2a4 c8b7 d1c2 h8g8 f1c1 c7c6 h2h3 a7b6 c2e2","{move=a2a4, main_pv=a2a4,c8b7,d1c2,h8g8,f1c1,c7c6,h2h3,a7b6,c2e2, helper_submitted=1, aborted=false, helper_exited=1, helper_exceptions=0, search_elapsed_ns=3711985300, helper_started=1, main_score_cp=63, main_qnodes=2653884, source=main-result, main_tt_hits=246098, abort_ms=3711, main_move=a2a4, main_nodes=984195, search=696, main_depth=13, legal=true, helper_pending=0, bestmove_ms=3711, event=bestmove, latest_move=a2a4}"
"measured","7","15","r4rk1/1pp1qppp/p1np1n2/2b1p1B1/2B1P1b1/P1NP1N2/1PP1QPPP/R4RK1 w - - 0 10","1","697","13","939472","2736571","234416","3492","269035","555","555","c3d5","c3d5","main-result","true","939472","268970.524","3492843700","0","0","0","0","info depth 13 seldepth 25 score cp 146 nodes 939472 nps 269035 time 3492 hashfull 555 pv c3d5 e7d8 c2c3 g4e6 b2b4 c5b6 g5f6 g7f6 h2h3 e6d5","{move=c3d5, main_pv=c3d5,e7d8,c2c3,g4e6,b2b4,c5b6,g5f6,g7f6,h2h3,e6d5, helper_submitted=0, aborted=false, helper_exited=0, helper_exceptions=0, search_elapsed_ns=3492788300, helper_started=0, main_score_cp=146, main_qnodes=2736571, source=main-result, main_tt_hits=234416, abort_ms=3492, main_move=c3d5, main_nodes=939472, search=697, main_depth=13, legal=true, helper_pending=0, bestmove_ms=3492, event=bestmove, latest_move=c3d5}"
"measured","7","15","r4rk1/1pp1qppp/p1np1n2/2b1p1B1/2B1P1b1/P1NP1N2/1PP1QPPP/R4RK1 w - - 0 10","2","698","13","748390","1739033","272408","2894","258600","618","618","c3d5","c3d5","main-result","true","1517700","524168.278","2895444200","1","1","1","0","info depth 13 seldepth 24 score cp 142 nodes 748390 nps 258600 time 2894 hashfull 618 pv c3d5 e7d8 c2c3 b7b5 c4b3 g4e6 h2h3","{move=c3d5, main_pv=c3d5,e7d8,c2c3,b7b5,c4b3,g4e6,h2h3, helper_submitted=1, aborted=false, helper_exited=1, helper_exceptions=0, search_elapsed_ns=2895389200, helper_started=1, main_score_cp=142, main_qnodes=1739033, source=main-result, main_tt_hits=272408, abort_ms=2895, main_move=c3d5, main_nodes=748390, search=698, main_depth=13, legal=true, helper_pending=0, bestmove_ms=2895, event=bestmove, latest_move=c3d5}"
"measured","7","15","r4rk1/1pp1qppp/p1np1n2/2b1p1B1/2B1P1b1/P1NP1N2/1PP1QPPP/R4RK1 w - - 0 10","4","699","13","398714","918575","268616","1368","291457","550","550","c3d5","c3d5","main-result","true","1587204","1159225.740","1369193200","3","3","3","0","info depth 13 seldepth 25 score cp 149 nodes 398714 nps 291457 time 1368 hashfull 550 pv c3d5 e7d8 g5f6 g7f6 c2c3 b7b5 c4a2 c5b6 a1c1 g4e6 h2h3 e6d5 a2d5 d8d7 d3d4 h7h6","{move=c3d5, main_pv=c3d5,e7d8,g5f6,g7f6,c2c3,b7b5,c4a2,c5b6,a1c1,g4e6,h2h3,e6d5,a2d5,d8d7,d3d4,h7h6, helper_submitted=3, aborted=false, helper_exited=3, helper_exceptions=0, search_elapsed_ns=1369115400, helper_started=3, main_score_cp=149, main_qnodes=918575, source=main-result, main_tt_hits=268616, abort_ms=1369, main_move=c3d5, main_nodes=398714, search=699, main_depth=13, legal=true, helper_pending=0, bestmove_ms=1369, event=bestmove, latest_move=c3d5}"
"measured","7","16","r3k2r/pb3p2/5npp/n2p4/1p1PPB2/6P1/P2N1PBP/R3K2R b KQkq - 0 13","2","700","13","737235","1923213","197099","2178","338491","660","660","f6e4","f6e4","main-result","true","1481229","679835.506","2178805000","1","1","1","0","info depth 13 seldepth 25 score cp -29 nodes 737235 nps 338491 time 2178 hashfull 660 pv f6e4 d2e4 d5e4 a1b1 b7d5 b1b4","{move=f6e4, main_pv=f6e4,d2e4,d5e4,a1b1,b7d5,b1b4, helper_submitted=1, aborted=false, helper_exited=1, helper_exceptions=0, search_elapsed_ns=2178676300, helper_started=1, main_score_cp=-29, main_qnodes=1923213, source=main-result, main_tt_hits=197099, abort_ms=2178, main_move=f6e4, main_nodes=737235, search=700, main_depth=13, legal=true, helper_pending=0, bestmove_ms=2178, event=bestmove, latest_move=f6e4}"
"measured","7","16","r3k2r/pb3p2/5npp/n2p4/1p1PPB2/6P1/P2N1PBP/R3K2R b KQkq - 0 13","4","701","13","492340","1311971","141128","1866","263847","814","814","f6e4","f6e4","main-result","true","2167730","1160473.297","1867970600","3","3","3","0","info depth 13 seldepth 24 score cp -29 nodes 492340 nps 263847 time 1866 hashfull 814 pv f6e4 e1g1 f7f5 f1e1 g6g5","{move=f6e4, main_pv=f6e4,e1g1,f7f5,f1e1,g6g5, helper_submitted=3, aborted=false, helper_exited=3, helper_exceptions=0, search_elapsed_ns=1867853500, helper_started=3, main_score_cp=-29, main_qnodes=1311971, source=main-result, main_tt_hits=141128, abort_ms=1867, main_move=f6e4, main_nodes=492340, search=701, main_depth=13, legal=true, helper_pending=0, bestmove_ms=1867, event=bestmove, latest_move=f6e4}"
"measured","7","16","r3k2r/pb3p2/5npp/n2p4/1p1PPB2/6P1/P2N1PBP/R3K2R b KQkq - 0 13","1","702","13","815181","2129931","142547","2298","354734","526","526","d5e4","d5e4","main-result","true","815181","354591.499","2298929900","0","0","0","0","info depth 13 seldepth 25 score cp -51 nodes 815181 nps 354734 time 2298 hashfull 526 pv d5e4 e1g1 a8c8 f1b1 c8c2 b1b4 f6d5 b4b7 a5b7 g2e4 d5f4 e4c2 f4e2 g1g2","{move=d5e4, main_pv=d5e4,e1g1,a8c8,f1b1,c8c2,b1b4,f6d5,b4b7,a5b7,g2e4,d5f4,e4c2,f4e2,g1g2, helper_submitted=0, aborted=false, helper_exited=0, helper_exceptions=0, search_elapsed_ns=2298875500, helper_started=0, main_score_cp=-51, main_qnodes=2129931, source=main-result, main_tt_hits=142547, abort_ms=2298, main_move=d5e4, main_nodes=815181, search=702, main_depth=13, legal=true, helper_pending=0, bestmove_ms=2298, event=bestmove, latest_move=d5e4}"
"measured","7","17","rr6/2pq2pk/p2p1pnp/8/2QBPP2/1P6/P5PP/4RRK1 b - - 2 25","4","703","13","449844","1109724","168669","1613","278886","768","768","b8e8","b8e8","main-result","true","1908882","1182332.885","1614504700","3","3","3","0","info depth 13 seldepth 23 score cp -59 nodes 449844 nps 278886 time 1613 hashfull 768 pv b8e8 d4b2 c7c5 e1d1 d7c6","{move=b8e8, main_pv=b8e8,d4b2,c7c5,e1d1,d7c6, helper_submitted=3, aborted=false, helper_exited=3, helper_exceptions=0, search_elapsed_ns=1614427100, helper_started=3, main_score_cp=-59, main_qnodes=1109724, source=main-result, main_tt_hits=168669, abort_ms=1614, main_move=b8e8, main_nodes=449844, search=703, main_depth=13, legal=true, helper_pending=0, bestmove_ms=1614, event=bestmove, latest_move=b8e8}"
"measured","7","17","rr6/2pq2pk/p2p1pnp/8/2QBPP2/1P6/P5PP/4RRK1 b - - 2 25","1","704","13","467210","1084544","118962","1330","351285","327","327","a6a5","a6a5","main-result","true","467210","350863.175","1331601700","0","0","0","0","info depth 13 seldepth 23 score cp -48 nodes 467210 nps 351285 time 1330 hashfull 327 pv a6a5 f4f5 g6e5 d4e5 f6e5 f5f6 a5a4 b3b4 g7f6 f1f6 b8f8 e1f1 f8f6","{move=a6a5, main_pv=a6a5,f4f5,g6e5,d4e5,f6e5,f5f6,a5a4,b3b4,g7f6,f1f6,b8f8,e1f1,f8f6, helper_submitted=0, aborted=false, helper_exited=0, helper_exceptions=0, search_elapsed_ns=1331548800, helper_started=0, main_score_cp=-48, main_qnodes=1084544, source=main-result, main_tt_hits=118962, abort_ms=1331, main_move=a6a5, main_nodes=467210, search=704, main_depth=13, legal=true, helper_pending=0, bestmove_ms=1331, event=bestmove, latest_move=a6a5}"
"measured","7","17","rr6/2pq2pk/p2p1pnp/8/2QBPP2/1P6/P5PP/4RRK1 b - - 2 25","2","705","13","321557","754734","124220","993","323823","369","369","a6a5","a6a5","main-result","true","647308","651253.817","993941200","1","1","1","0","info depth 13 seldepth 22 score cp -48 nodes 321557 nps 323823 time 993 hashfull 369 pv a6a5 f4f5 g6e5 d4e5 f6e5 f5f6 a5a4 b3b4 g7f6 f1f6","{move=a6a5, main_pv=a6a5,f4f5,g6e5,d4e5,f6e5,f5f6,a5a4,b3b4,g7f6,f1f6, helper_submitted=1, aborted=false, helper_exited=1, helper_exceptions=0, search_elapsed_ns=993878700, helper_started=1, main_score_cp=-48, main_qnodes=754734, source=main-result, main_tt_hits=124220, abort_ms=993, main_move=a6a5, main_nodes=321557, search=705, main_depth=13, legal=true, helper_pending=0, bestmove_ms=993, event=bestmove, latest_move=a6a5}"
"measured","7","18","r1bqkb1r/ppp2ppp/4pn2/3p4/2PP4/8/PP2PPPP/RNBQKBNR w KQkq d6 0 5","1","706","13","1369277","3362585","278464","3758","364363","644","644","e2e3","e2e3","main-result","true","1369277","364207.366","3759608200","0","0","0","0","info depth 13 seldepth 24 score cp 386 nodes 1369277 nps 364363 time 3758 hashfull 644 pv e2e3 c7c5 g1f3 c5d4 e3d4 f8b4 c1d2 b4e7 f1e2 d5c4 e1g1 c8d7 f3e5 e8g8","{move=e2e3, main_pv=e2e3,c7c5,g1f3,c5d4,e3d4,f8b4,c1d2,b4e7,f1e2,d5c4,e1g1,c8d7,f3e5,e8g8, helper_submitted=0, aborted=false, helper_exited=0, helper_exceptions=0, search_elapsed_ns=3759503000, helper_started=0, main_score_cp=386, main_qnodes=3362585, source=main-result, main_tt_hits=278464, abort_ms=3759, main_move=e2e3, main_nodes=1369277, search=706, main_depth=13, legal=true, helper_pending=0, bestmove_ms=3759, event=bestmove, latest_move=e2e3}"
"measured","7","18","r1bqkb1r/ppp2ppp/4pn2/3p4/2PP4/8/PP2PPPP/RNBQKBNR w KQkq d6 0 5","2","707","13","900330","2254829","266598","2984","301719","744","744","g1f3","g1f3","main-result","true","1812084","607070.862","2984962900","1","1","1","0","info depth 13 seldepth 24 score cp 387 nodes 900330 nps 301719 time 2984 hashfull 744 pv g1f3 c7c5 e2e3 c5d4 e3d4 f8b4 c1d2 b4d2 b1d2 c8d7 f1d3 e8g8 c4d5 e6d5","{move=g1f3, main_pv=g1f3,c7c5,e2e3,c5d4,e3d4,f8b4,c1d2,b4d2,b1d2,c8d7,f1d3,e8g8,c4d5,e6d5, helper_submitted=1, aborted=false, helper_exited=1, helper_exceptions=0, search_elapsed_ns=2984918800, helper_started=1, main_score_cp=387, main_qnodes=2254829, source=main-result, main_tt_hits=266598, abort_ms=2984, main_move=g1f3, main_nodes=900330, search=707, main_depth=13, legal=true, helper_pending=0, bestmove_ms=2984, event=bestmove, latest_move=g1f3}"
"measured","7","18","r1bqkb1r/ppp2ppp/4pn2/3p4/2PP4/8/PP2PPPP/RNBQKBNR w KQkq d6 0 5","4","708","13","466905","1209169","225840","1475","316545","709","709","e2e3","e2e3","main-result","true","1892051","1281862.347","1476017300","3","3","3","0","info depth 13 seldepth 22 score cp 385 nodes 466905 nps 316545 time 1475 hashfull 709 pv e2e3 f8e7 c4d5 e8g8 g1f3 e6d5 f1d3","{move=e2e3, main_pv=e2e3,f8e7,c4d5,e8g8,g1f3,e6d5,f1d3, helper_submitted=3, aborted=false, helper_exited=3, helper_exceptions=0, search_elapsed_ns=1475935000, helper_started=3, main_score_cp=385, main_qnodes=1209169, source=main-result, main_tt_hits=225840, abort_ms=1475, main_move=e2e3, main_nodes=466905, search=708, main_depth=13, legal=true, helper_pending=0, bestmove_ms=1475, event=bestmove, latest_move=e2e3}"
"measured","7","19","2r3k1/4qpp1/3p3p/B1pP4/P1P1p1b1/1P4Pp/3Q1P1P/R3R1K1 w - - 0 28","2","709","13","267214","579015","120681","645","414285","304","304","a5c3","a5c3","main-result","true","530779","821118.938","646409400","1","1","1","0","info depth 13 seldepth 22 score cp 628 nodes 267214 nps 414285 time 645 hashfull 304 pv a5c3 c8a8 d2f4 f7f5 a4a5","{move=a5c3, main_pv=a5c3,c8a8,d2f4,f7f5,a4a5, helper_submitted=1, aborted=false, helper_exited=1, helper_exceptions=0, search_elapsed_ns=646368400, helper_started=1, main_score_cp=628, main_qnodes=579015, source=main-result, main_tt_hits=120681, abort_ms=646, main_move=a5c3, main_nodes=267214, search=709, main_depth=13, legal=true, helper_pending=0, bestmove_ms=646, event=bestmove, latest_move=a5c3}"
"measured","7","19","2r3k1/4qpp1/3p3p/B1pP4/P1P1p1b1/1P4Pp/3Q1P1P/R3R1K1 w - - 0 28","4","710","13","196387","440710","122993","541","363007","384","384","a5c3","a5c3","main-result","true","743197","1371217.996","541997700","3","3","3","0","info depth 13 seldepth 21 score cp 624 nodes 196387 nps 363007 time 541 hashfull 384 pv a5c3 c8a8 a4a5 a8a6 a1b1 g4f3 d2f4 e7d7 b3b4 c5b4","{move=a5c3, main_pv=a5c3,c8a8,a4a5,a8a6,a1b1,g4f3,d2f4,e7d7,b3b4,c5b4, helper_submitted=3, aborted=false, helper_exited=3, helper_exceptions=0, search_elapsed_ns=541924600, helper_started=3, main_score_cp=624, main_qnodes=440710, source=main-result, main_tt_hits=122993, abort_ms=541, main_move=a5c3, main_nodes=196387, search=710, main_depth=13, legal=true, helper_pending=0, bestmove_ms=541, event=bestmove, latest_move=a5c3}"
"measured","7","19","2r3k1/4qpp1/3p3p/B1pP4/P1P1p1b1/1P4Pp/3Q1P1P/R3R1K1 w - - 0 28","1","711","13","437737","1039288","140745","1120","390836","301","301","a5c3","a5c3","main-result","true","437737","390425.719","1121178700","0","0","0","0","info depth 13 seldepth 22 score cp 640 nodes 437737 nps 390836 time 1120 hashfull 301 pv a5c3 c8b8 a4a5 g4f3 a5a6 e7a7 d2c2 f7f5 c2b2 b8b6 b2a2 b6b8 a2c2","{move=a5c3, main_pv=a5c3,c8b8,a4a5,g4f3,a5a6,e7a7,d2c2,f7f5,c2b2,b8b6,b2a2,b6b8,a2c2, helper_submitted=0, aborted=false, helper_exited=0, helper_exceptions=0, search_elapsed_ns=1121130400, helper_started=0, main_score_cp=640, main_qnodes=1039288, source=main-result, main_tt_hits=140745, abort_ms=1121, main_move=a5c3, main_nodes=437737, search=711, main_depth=13, legal=true, helper_pending=0, bestmove_ms=1121, event=bestmove, latest_move=a5c3}"
"measured","7","20","r4rk1/3qppbp/6p1/2p1n3/2B1P3/2P5/P2Q1PPP/R4RK1 b - - 0 20","4","712","13","97643","159129","95117","253","385940","141","141","d7d2","d7d2","main-result","true","396814","1558589.181","254598200","3","3","3","0","info depth 13 seldepth 21 score cp 1594 nodes 97643 nps 385940 time 253 hashfull 141 pv d7d2 f1d1 d2c3 a1c1 c3a5 c4d5 a8b8 h2h3 e7e6 d5b3","{move=d7d2, main_pv=d7d2,f1d1,d2c3,a1c1,c3a5,c4d5,a8b8,h2h3,e7e6,d5b3, helper_submitted=3, aborted=false, helper_exited=3, helper_exceptions=0, search_elapsed_ns=254523300, helper_started=3, main_score_cp=1594, main_qnodes=159129, source=main-result, main_tt_hits=95117, abort_ms=254, main_move=d7d2, main_nodes=97643, search=712, main_depth=13, legal=true, helper_pending=0, bestmove_ms=254, event=bestmove, latest_move=d7d2}"
"measured","7","20","r4rk1/3qppbp/6p1/2p1n3/2B1P3/2P5/P2Q1PPP/R4RK1 b - - 0 20","1","713","13","150814","238508","80953","336","448851","126","126","d7d2","d7d2","main-result","true","150814","447456.086","337047600","0","0","0","0","info depth 13 seldepth 21 score cp 1583 nodes 150814 nps 448851 time 336 hashfull 126 pv d7d2 f1d1 d2c3 a1c1 c3a5 c4b3 g7h6 c1b1 e7e6 a2a4 c5c4 b3c2 a5c3","{move=d7d2, main_pv=d7d2,f1d1,d2c3,a1c1,c3a5,c4b3,g7h6,c1b1,e7e6,a2a4,c5c4,b3c2,a5c3, helper_submitted=0, aborted=false, helper_exited=0, helper_exceptions=0, search_elapsed_ns=337003400, helper_started=0, main_score_cp=1583, main_qnodes=238508, source=main-result, main_tt_hits=80953, abort_ms=337, main_move=d7d2, main_nodes=150814, search=713, main_depth=13, legal=true, helper_pending=0, bestmove_ms=337, event=bestmove, latest_move=d7d2}"
"measured","7","20","r4rk1/3qppbp/6p1/2p1n3/2B1P3/2P5/P2Q1PPP/R4RK1 b - - 0 20","2","714","13","142708","239569","102802","338","422213","160","160","d7d2","d7d2","main-result","true","284937","839353.714","339471900","1","1","1","0","info depth 13 seldepth 21 score cp 1613 nodes 142708 nps 422213 time 338 hashfull 160 pv d7d2 f1d1 d2c3 d1c1 c3d2 c1d1 d2g5 c4d5 e5f3 g1h1 g7a1 d5a8 a1d4 a8d5","{move=d7d2, main_pv=d7d2,f1d1,d2c3,d1c1,c3d2,c1d1,d2g5,c4d5,e5f3,g1h1,g7a1,d5a8,a1d4,a8d5, helper_submitted=1, aborted=false, helper_exited=1, helper_exceptions=0, search_elapsed_ns=339421200, helper_started=1, main_score_cp=1613, main_qnodes=239569, source=main-result, main_tt_hits=102802, abort_ms=339, main_move=d7d2, main_nodes=142708, search=714, main_depth=13, legal=true, helper_pending=0, bestmove_ms=339, event=bestmove, latest_move=d7d2}"
"measured","7","21","1rr3k1/4ppb1/2q1bnpp/3p4/2pP4/2P1BNNP/PP3PPK/2QRR3 b - - 6 26","1","715","13","2172114","4644866","454851","6105","355792","817","817","c6a6","c6a6","main-result","true","2172114","355753.790","6105666500","0","0","0","0","info depth 13 seldepth 23 score cp -37 nodes 2172114 nps 355792 time 6105 hashfull 817 pv c6a6 e3h6 g7h6 c1h6 b8b2 h2g1 a6d6","{move=c6a6, main_pv=c6a6,e3h6,g7h6,c1h6,b8b2,h2g1,a6d6, helper_submitted=0, aborted=false, helper_exited=0, helper_exceptions=0, search_elapsed_ns=6105625800, helper_started=0, main_score_cp=-37, main_qnodes=4644866, source=main-result, main_tt_hits=454851, abort_ms=6105, main_move=c6a6, main_nodes=2172114, search=715, main_depth=13, legal=true, helper_pending=0, bestmove_ms=6105, event=bestmove, latest_move=c6a6}"
"measured","7","21","1rr3k1/4ppb1/2q1bnpp/3p4/2pP4/2P1BNNP/PP3PPK/2QRR3 b - - 6 26","2","716","13","1208334","2456790","393337","3480","347222","840","840","g6g5","g6g5","main-result","true","2402080","689928.587","3481635700","1","1","1","0","info depth 13 seldepth 25 score cp -31 nodes 1208334 nps 347222 time 3480 hashfull 840 pv g6g5 f3e5 c6b7 e1e2 c8e8 a2a3 b7c7 h2g1","{move=g6g5, main_pv=g6g5,f3e5,c6b7,e1e2,c8e8,a2a3,b7c7,h2g1, helper_submitted=1, aborted=false, helper_exited=1, helper_exceptions=0, search_elapsed_ns=3481596100, helper_started=1, main_score_cp=-31, main_qnodes=2456790, source=main-result, main_tt_hits=393337, abort_ms=3481, main_move=g6g5, main_nodes=1208334, search=716, main_depth=13, legal=true, helper_pending=0, bestmove_ms=3481, event=bestmove, latest_move=g6g5}"
"measured","7","21","1rr3k1/4ppb1/2q1bnpp/3p4/2pP4/2P1BNNP/PP3PPK/2QRR3 b - - 6 26","4","717","13","673177","1516950","258651","2223","302823","847","847","g8h7","g8h7","main-result","true","2655757","1193799.747","2224625200","3","3","3","0","info depth 13 seldepth 26 score cp -36 nodes 673177 nps 302823 time 2223 hashfull 847 pv g8h7 h2g1 c6b6","{move=g8h7, main_pv=g8h7,h2g1,c6b6, helper_submitted=3, aborted=false, helper_exited=3, helper_exceptions=0, search_elapsed_ns=2224553600, helper_started=3, main_score_cp=-36, main_qnodes=1516950, source=main-result, main_tt_hits=258651, abort_ms=2224, main_move=g8h7, main_nodes=673177, search=717, main_depth=13, legal=true, helper_pending=0, bestmove_ms=2224, event=bestmove, latest_move=g8h7}"
"measured","7","22","r3r1k1/6pp/bq2p3/p1pn4/Pn1N4/1B3P2/1PP2QBP/3RR1K1 w - - 0 24","2","718","13","435923","1013564","203360","1354","321951","412","412","d4b5","d4b5","main-result","true","875152","645905.625","1354922400","1","1","1","0","info depth 13 seldepth 26 score cp 28 nodes 435923 nps 321951 time 1354 hashfull 412 pv d4b5 a6b5 a4b5 d5f4 b3c4 b4d5 e1e4 e8f8 c4f1 f4g2 f1g2 b6b5 e4e6","{move=d4b5, main_pv=d4b5,a6b5,a4b5,d5f4,b3c4,b4d5,e1e4,e8f8,c4f1,f4g2,f1g2,b6b5,e4e6, helper_submitted=1, aborted=false, helper_exited=1, helper_exceptions=0, search_elapsed_ns=1354874400, helper_started=1, main_score_cp=28, main_qnodes=1013564, source=main-result, main_tt_hits=203360, abort_ms=1354, main_move=d4b5, main_nodes=435923, search=718, main_depth=13, legal=true, helper_pending=0, bestmove_ms=1354, event=bestmove, latest_move=d4b5}"
"measured","7","22","r3r1k1/6pp/bq2p3/p1pn4/Pn1N4/1B3P2/1PP2QBP/3RR1K1 w - - 0 24","4","719","13","303692","738216","193765","983","308944","448","448","d4e6","d4e6","main-result","true","1181729","1200883.817","984049400","3","3","3","0","info depth 13 seldepth 25 score cp 40 nodes 303692 nps 308944 time 983 hashfull 448 pv d4e6 c5c4 f2b6 d5b6 c2c3 c4b3 c3b4 b6a4 d1d7 a6c4 g2h3 a4b2 b4a5 a8a5","{move=d4e6, main_pv=d4e6,c5c4,f2b6,d5b6,c2c3,c4b3,c3b4,b6a4,d1d7,a6c4,g2h3,a4b2,b4a5,a8a5, helper_submitted=3, aborted=false, helper_exited=3, helper_exceptions=0, search_elapsed_ns=983973600, helper_started=3, main_score_cp=40, main_qnodes=738216, source=main-result, main_tt_hits=193765, abort_ms=983, main_move=d4e6, main_nodes=303692, search=719, main_depth=13, legal=true, helper_pending=0, bestmove_ms=983, event=bestmove, latest_move=d4e6}"
"measured","7","22","r3r1k1/6pp/bq2p3/p1pn4/Pn1N4/1B3P2/1PP2QBP/3RR1K1 w - - 0 24","1","720","13","581587","1343701","174350","1626","357679","365","365","d4b5","d4b5","main-result","true","581587","357369.312","1627411700","0","0","0","0","info depth 13 seldepth 26 score cp 24 nodes 581587 nps 357679 time 1626 hashfull 365 pv d4b5 a6b5 a4b5 d5f4 b3c4 a8d8 d1d8 e8d8 h2h4 b4d5 c2c3 b6c7 g1h2","{move=d4b5, main_pv=d4b5,a6b5,a4b5,d5f4,b3c4,a8d8,d1d8,e8d8,h2h4,b4d5,c2c3,b6c7,g1h2, helper_submitted=0, aborted=false, helper_exited=0, helper_exceptions=0, search_elapsed_ns=1627372700, helper_started=0, main_score_cp=24, main_qnodes=1343701, source=main-result, main_tt_hits=174350, abort_ms=1627, main_move=d4b5, main_nodes=581587, search=720, main_depth=13, legal=true, helper_pending=0, bestmove_ms=1627, event=bestmove, latest_move=d4b5}"
"measured","7","23","r2r4/8/k2N4/6B1/p7/P5P1/4K2P/1R6 w - - 4 46","4","721","13","116742","259945","97680","210","555914","156","156","g5d8","g5d8","main-result","true","451482","2139817.404","210990900","3","3","3","0","info depth 13 seldepth 23 score cp 683 nodes 116742 nps 555914 time 210 hashfull 156 pv g5d8 a8d8 d6c4 d8e8 e2f3 e8f8 f3g2 f8d8 b1b6 a6a7 b6b4 a7a6","{move=g5d8, main_pv=g5d8,a8d8,d6c4,d8e8,e2f3,e8f8,f3g2,f8d8,b1b6,a6a7,b6b4,a7a6, helper_submitted=3, aborted=false, helper_exited=3, helper_exceptions=0, search_elapsed_ns=210912300, helper_started=3, main_score_cp=683, main_qnodes=259945, source=main-result, main_tt_hits=97680, abort_ms=210, main_move=g5d8, main_nodes=116742, search=721, main_depth=13, legal=true, helper_pending=0, bestmove_ms=210, event=bestmove, latest_move=g5d8}"
"measured","7","23","r2r4/8/k2N4/6B1/p7/P5P1/4K2P/1R6 w - - 4 46","1","722","13","176857","395806","91055","305","579859","115","115","g5d8","g5d8","main-result","true","176857","577836.777","306067400","0","0","0","0","info depth 13 seldepth 23 score cp 682 nodes 176857 nps 579859 time 305 hashfull 115 pv g5d8 a8d8 d6c4 d8g8 b1b6 a6a7 b6b4 a7a6 e2d3 g8d8 d3c2 d8g8 c4d6 a6a5 d6b7 a5a6 b7c5 a6a5","{move=g5d8, main_pv=g5d8,a8d8,d6c4,d8g8,b1b6,a6a7,b6b4,a7a6,e2d3,g8d8,d3c2,d8g8,c4d6,a6a5,d6b7,a5a6,b7c5,a6a5, helper_submitted=0, aborted=false, helper_exited=0, helper_exceptions=0, search_elapsed_ns=306026500, helper_started=0, main_score_cp=682, main_qnodes=395806, source=main-result, main_tt_hits=91055, abort_ms=306, main_move=g5d8, main_nodes=176857, search=722, main_depth=13, legal=true, helper_pending=0, bestmove_ms=306, event=bestmove, latest_move=g5d8}"
"measured","7","23","r2r4/8/k2N4/6B1/p7/P5P1/4K2P/1R6 w - - 4 46","2","723","13","133076","285066","83116","234","568700","127","127","g5d8","g5d8","main-result","true","264331","1122758.834","235429900","1","1","1","0","info depth 13 seldepth 23 score cp 688 nodes 133076 nps 568700 time 234 hashfull 127 pv g5d8 a8d8 d6c4 d8e8 e2f2 e8f8 f2g2 f8e8 h2h4 e8e2 g2f3 e2c2 b1b6 a6a7 b6b4 c2c3 f3f4 a7a6 b4b6","{move=g5d8, main_pv=g5d8,a8d8,d6c4,d8e8,e2f2,e8f8,f2g2,f8e8,h2h4,e8e2,g2f3,e2c2,b1b6,a6a7,b6b4,c2c3,f3f4,a7a6,b4b6, helper_submitted=1, aborted=false, helper_exited=1, helper_exceptions=0, search_elapsed_ns=235388400, helper_started=1, main_score_cp=688, main_qnodes=285066, source=main-result, main_tt_hits=83116, abort_ms=235, main_move=g5d8, main_nodes=133076, search=723, main_depth=13, legal=true, helper_pending=0, bestmove_ms=235, event=bestmove, latest_move=g5d8}"
"measured","7","24","8/3b2kp/4p1p1/1p1n4/1P6/3NB3/6PP/6K1 b - - 0 34","1","724","13","57130","103865","23770","88","649204","38","38","d5e3","d5e3","main-result","true","57130","638417.467","89486900","0","0","0","0","info depth 13 seldepth 21 score cp 509 nodes 57130 nps 649204 time 88 hashfull 38 pv d5e3 g1f2 e3d5 d3c5 d7c8 c5d3 g7f6 f2f3 e6e5 f3e4 d5c3 e4e3 e5e4 d3c5","{move=d5e3, main_pv=d5e3,g1f2,e3d5,d3c5,d7c8,c5d3,g7f6,f2f3,e6e5,f3e4,d5c3,e4e3,e5e4,d3c5, helper_submitted=0, aborted=false, helper_exited=0, helper_exceptions=0, search_elapsed_ns=89447100, helper_started=0, main_score_cp=509, main_qnodes=103865, source=main-result, main_tt_hits=23770, abort_ms=89, main_move=d5e3, main_nodes=57130, search=724, main_depth=13, legal=true, helper_pending=0, bestmove_ms=89, event=bestmove, latest_move=d5e3}"
"measured","7","24","8/3b2kp/4p1p1/1p1n4/1P6/3NB3/6PP/6K1 b - - 0 34","2","725","13","43177","77885","24132","68","634955","32","32","d5e3","d5e3","main-result","true","87293","1269908.466","68739600","1","1","1","0","info depth 13 seldepth 21 score cp 509 nodes 43177 nps 634955 time 68 hashfull 32 pv d5e3 g1f2 e3d5 d3c5 d7c8 c5d3 g7f6 f2f3 e6e5 f3e4 d5c3 e4e3 e5e4 d3c5","{move=d5e3, main_pv=d5e3,g1f2,e3d5,d3c5,d7c8,c5d3,g7f6,f2f3,e6e5,f3e4,d5c3,e4e3,e5e4,d3c5, helper_submitted=1, aborted=false, helper_exited=1, helper_exceptions=0, search_elapsed_ns=68700000, helper_started=1, main_score_cp=509, main_qnodes=77885, source=main-result, main_tt_hits=24132, abort_ms=68, main_move=d5e3, main_nodes=43177, search=725, main_depth=13, legal=true, helper_pending=0, bestmove_ms=68, event=bestmove, latest_move=d5e3}"
"measured","7","24","8/3b2kp/4p1p1/1p1n4/1P6/3NB3/6PP/6K1 b - - 0 34","4","726","13","42057","77487","25181","66","637227","49","49","d5e3","d5e3","main-result","true","168183","2493095.858","67459500","3","3","3","0","info depth 13 seldepth 21 score cp 509 nodes 42057 nps 637227 time 66 hashfull 49 pv d5e3 g1f2 e3d5 d3c5 d7c8 c5d3 g7f6 f2f3 e6e5 f3e4 d5c3 e4e3 e5e4","{move=d5e3, main_pv=d5e3,g1f2,e3d5,d3c5,d7c8,c5d3,g7f6,f2f3,e6e5,f3e4,d5c3,e4e3,e5e4, helper_submitted=3, aborted=false, helper_exited=3, helper_exceptions=0, search_elapsed_ns=67384600, helper_started=3, main_score_cp=509, main_qnodes=77487, source=main-result, main_tt_hits=25181, abort_ms=67, main_move=d5e3, main_nodes=42057, search=726, main_depth=13, legal=true, helper_pending=0, bestmove_ms=67, event=bestmove, latest_move=d5e3}"
"measured","7","25","r3k2r/4npp1/1pq1p2p/p6b/PpP1PP1P/7N/2P1QP2/R1B2RK1 b kq - 0 18","2","727","13","137632","307258","53977","339","405994","157","157","h5e2","h5e2","main-result","true","271346","797498.987","340246200","1","1","1","0","info depth 13 seldepth 24 score cp 1578 nodes 137632 nps 405994 time 339 hashfull 157 pv h5e2 f1e1 c6e4 c1e3 e4c4 g1h2 e8g8 e3b6 e7f5 a1c1 f5h4 h2g3 h4f3","{move=h5e2, main_pv=h5e2,f1e1,c6e4,c1e3,e4c4,g1h2,e8g8,e3b6,e7f5,a1c1,f5h4,h2g3,h4f3, helper_submitted=1, aborted=false, helper_exited=1, helper_exceptions=0, search_elapsed_ns=340186100, helper_started=1, main_score_cp=1578, main_qnodes=307258, source=main-result, main_tt_hits=53977, abort_ms=340, main_move=h5e2, main_nodes=137632, search=727, main_depth=13, legal=true, helper_pending=0, bestmove_ms=340, event=bestmove, latest_move=h5e2}"
"measured","7","25","r3k2r/4npp1/1pq1p2p/p6b/PpP1PP1P/7N/2P1QP2/R1B2RK1 b kq - 0 18","4","728","13","147983","454793","60396","406","364490","190","190","h5e2","h5e2","main-result","true","513870","1261894.647","407221000","3","3","3","0","info depth 13 seldepth 26 score cp 1599 nodes 147983 nps 364490 time 406 hashfull 190 pv h5e2 f1e1 c6e4 c1e3 e7f5 h4h5 f5e3 f2e3 e4e3 g1h2 e8g8 a1d1 a8d8 d1d8","{move=h5e2, main_pv=h5e2,f1e1,c6e4,c1e3,e7f5,h4h5,f5e3,f2e3,e4e3,g1h2,e8g8,a1d1,a8d8,d1d8, helper_submitted=3, aborted=false, helper_exited=3, helper_exceptions=0, search_elapsed_ns=407141600, helper_started=3, main_score_cp=1599, main_qnodes=454793, source=main-result, main_tt_hits=60396, abort_ms=407, main_move=h5e2, main_nodes=147983, search=728, main_depth=13, legal=true, helper_pending=0, bestmove_ms=407, event=bestmove, latest_move=h5e2}"
"measured","7","25","r3k2r/4npp1/1pq1p2p/p6b/PpP1PP1P/7N/2P1QP2/R1B2RK1 b kq - 0 18","1","729","13","145819","320245","48975","349","417819","105","105","h5e2","h5e2","main-result","true","145819","417013.060","349674900","0","0","0","0","info depth 13 seldepth 24 score cp 1578 nodes 145819 nps 417819 time 349 hashfull 105 pv h5e2 f1e1 c6e4 c1e3 e4c4 g1h2 e8g8 e3b6 e7f5 a1c1 f5h4 h2g3 h4f3 e1h1","{move=h5e2, main_pv=h5e2,f1e1,c6e4,c1e3,e4c4,g1h2,e8g8,e3b6,e7f5,a1c1,f5h4,h2g3,h4f3,e1h1, helper_submitted=0, aborted=false, helper_exited=0, helper_exceptions=0, search_elapsed_ns=349632200, helper_started=0, main_score_cp=1578, main_qnodes=320245, source=main-result, main_tt_hits=48975, abort_ms=349, main_move=h5e2, main_nodes=145819, search=729, main_depth=13, legal=true, helper_pending=0, bestmove_ms=349, event=bestmove, latest_move=h5e2}"
"measured","7","26","8/8/k7/1p6/2p5/2P1K3/8/8 b - - 0 67","4","730","13","39307","116043","31111","59","666220","21","21","a6a5","a6a5","main-result","true","146353","2429450.277","60241200","3","3","3","0","info depth 13 seldepth 23 score cp 495 nodes 39307 nps 666220 time 59 hashfull 21 pv a6a5 e3d2 a5a4 d2c2 a4a3 c2c1 a3b3 c1b1 b3c3 b1a1 b5b4 a1a2 b4b3 a2a1 c3d4","{move=a6a5, main_pv=a6a5,e3d2,a5a4,d2c2,a4a3,c2c1,a3b3,c1b1,b3c3,b1a1,b5b4,a1a2,b4b3,a2a1,c3d4, helper_submitted=3, aborted=false, helper_exited=3, helper_exceptions=0, search_elapsed_ns=60149600, helper_started=3, main_score_cp=495, main_qnodes=116043, source=main-result, main_tt_hits=31111, abort_ms=60, main_move=a6a5, main_nodes=39307, search=730, main_depth=13, legal=true, helper_pending=0, bestmove_ms=60, event=bestmove, latest_move=a6a5}"
"measured","7","26","8/8/k7/1p6/2p5/2P1K3/8/8 b - - 0 67","1","731","13","47736","108493","31594","60","795600","16","16","a6a5","a6a5","main-result","true","47736","782476.564","61006300","0","0","0","0","info depth 13 seldepth 21 score cp 422 nodes 47736 nps 795600 time 60 hashfull 16 pv a6a5 e3d2 a5a4 d2c2 a4a3 c2d2 a3b2 d2d1 b2c3 d1c1 c3d3 c1d1 c4c3","{move=a6a5, main_pv=a6a5,e3d2,a5a4,d2c2,a4a3,c2d2,a3b2,d2d1,b2c3,d1c1,c3d3,c1d1,c4c3, helper_submitted=0, aborted=false, helper_exited=0, helper_exceptions=0, search_elapsed_ns=60961800, helper_started=0, main_score_cp=422, main_qnodes=108493, source=main-result, main_tt_hits=31594, abort_ms=60, main_move=a6a5, main_nodes=47736, search=731, main_depth=13, legal=true, helper_pending=0, bestmove_ms=60, event=bestmove, latest_move=a6a5}"
"measured","7","26","8/8/k7/1p6/2p5/2P1K3/8/8 b - - 0 67","2","732","13","48789","105206","32294","63","774428","17","17","a6a5","a6a5","main-result","true","97834","1526731.137","64080700","1","1","1","0","info depth 13 seldepth 21 score cp 321 nodes 48789 nps 774428 time 63 hashfull 17 pv a6a5 e3d2 a5a4 d2c2 a4a3 c2c1 a3b3 c1d2 b3b2 d2e3 b2c3 e3e4 c3b3 e4e3 c4c3","{move=a6a5, main_pv=a6a5,e3d2,a5a4,d2c2,a4a3,c2c1,a3b3,c1d2,b3b2,d2e3,b2c3,e3e4,c3b3,e4e3,c4c3, helper_submitted=1, aborted=false, helper_exited=1, helper_exceptions=0, search_elapsed_ns=64027700, helper_started=1, main_score_cp=321, main_qnodes=105206, source=main-result, main_tt_hits=32294, abort_ms=64, main_move=a6a5, main_nodes=48789, search=732, main_depth=13, legal=true, helper_pending=0, bestmove_ms=64, event=bestmove, latest_move=a6a5}"
"measured","7","27","8/6b1/p1p4p/2P5/P1B2P1k/8/2K3P1/8 b - - 0 58","1","733","13","72278","177061","37879","113","639628","53","53","a6a5","a6a5","main-result","true","72278","632043.240","114356100","0","0","0","0","info depth 13 seldepth 22 score cp -118 nodes 72278 nps 639628 time 113 hashfull 53 pv a6a5 c4d5 g7d4 d5c6 d4c5 f4f5 h4g5 c6d7 h6h5 c2d3 h5h4 d3c4 c5d6","{move=a6a5, main_pv=a6a5,c4d5,g7d4,d5c6,d4c5,f4f5,h4g5,c6d7,h6h5,c2d3,h5h4,d3c4,c5d6, helper_submitted=0, aborted=false, helper_exited=0, helper_exceptions=0, search_elapsed_ns=114316400, helper_started=0, main_score_cp=-118, main_qnodes=177061, source=main-result, main_tt_hits=37879, abort_ms=114, main_move=a6a5, main_nodes=72278, search=733, main_depth=13, legal=true, helper_pending=0, bestmove_ms=114, event=bestmove, latest_move=a6a5}"
"measured","7","27","8/6b1/p1p4p/2P5/P1B2P1k/8/2K3P1/8 b - - 0 58","2","734","13","51985","120408","34613","82","633963","51","51","a6a5","a6a5","main-result","true","103267","1245909.986","82884800","1","1","1","0","info depth 13 seldepth 22 score cp -118 nodes 51985 nps 633963 time 82 hashfull 51 pv a6a5 c4d5 g7d4 d5c6 d4c5 f4f5 h4g5 c6d7 h6h5 c2d3 h5h4 d3c4 c5d6","{move=a6a5, main_pv=a6a5,c4d5,g7d4,d5c6,d4c5,f4f5,h4g5,c6d7,h6h5,c2d3,h5h4,d3c4,c5d6, helper_submitted=1, aborted=false, helper_exited=1, helper_exceptions=0, search_elapsed_ns=82845400, helper_started=1, main_score_cp=-118, main_qnodes=120408, source=main-result, main_tt_hits=34613, abort_ms=82, main_move=a6a5, main_nodes=51985, search=734, main_depth=13, legal=true, helper_pending=0, bestmove_ms=82, event=bestmove, latest_move=a6a5}"
"measured","7","27","8/6b1/p1p4p/2P5/P1B2P1k/8/2K3P1/8 b - - 0 58","4","735","13","41386","96787","41399","70","591228","57","57","a6a5","a6a5","main-result","true","171685","2413577.383","71133000","3","3","3","0","info depth 13 seldepth 19 score cp -118 nodes 41386 nps 591228 time 70 hashfull 57 pv a6a5 c4d5 g7d4 d5c6 d4c5 f4f5 h4g5 c6d7 h6h5 c2d3 h5h4 d3c4 c5d6","{move=a6a5, main_pv=a6a5,c4d5,g7d4,d5c6,d4c5,f4f5,h4g5,c6d7,h6h5,c2d3,h5h4,d3c4,c5d6, helper_submitted=3, aborted=false, helper_exited=3, helper_exceptions=0, search_elapsed_ns=71041400, helper_started=3, main_score_cp=-118, main_qnodes=96787, source=main-result, main_tt_hits=41399, abort_ms=71, main_move=a6a5, main_nodes=41386, search=735, main_depth=13, legal=true, helper_pending=0, bestmove_ms=71, event=bestmove, latest_move=a6a5}"
"measured","7","28","6k1/4pp1p/3p2p1/P1pPb3/R7/1r2P1PP/3B1P2/6K1 w - - 0 40","2","736","13","2053888","8297757","712586","5374","382189","927","927","d2b4","d2b4","main-result","true","4061559","755558.689","5375570500","1","1","1","0","info depth 13 seldepth 26 score cp 255 nodes 2053888 nps 382189 time 5374 hashfull 927 pv d2b4 c5b4 a5a6 b3c3 a6a7 c3c8 a4b4 g8g7 b4b8 c8c1 g1g2 c1a1 a7a8q a1a8 b8a8 g7f6 g2f3 h7h5 f3e4","{move=d2b4, main_pv=d2b4,c5b4,a5a6,b3c3,a6a7,c3c8,a4b4,g8g7,b4b8,c8c1,g1g2,c1a1,a7a8q,a1a8,b8a8,g7f6,g2f3,h7h5,f3e4, helper_submitted=1, aborted=false, helper_exited=1, helper_exceptions=0, search_elapsed_ns=5375533500, helper_started=1, main_score_cp=255, main_qnodes=8297757, source=main-result, main_tt_hits=712586, abort_ms=5375, main_move=d2b4, main_nodes=2053888, search=736, main_depth=13, legal=true, helper_pending=0, bestmove_ms=5375, event=bestmove, latest_move=d2b4}"
"measured","7","28","6k1/4pp1p/3p2p1/P1pPb3/R7/1r2P1PP/3B1P2/6K1 w - - 0 40","4","737","13","1220302","5172141","302109","3662","333233","971","971","d2b4","d2b4","main-result","true","4767038","1301132.645","3663760200","3","3","3","0","info depth 13 seldepth 7 score cp 250 nodes 1220302 nps 333233 time 3662 hashfull 971 pv d2b4","{move=d2b4, main_pv=d2b4, helper_submitted=3, aborted=false, helper_exited=3, helper_exceptions=0, search_elapsed_ns=3663664900, helper_started=3, main_score_cp=250, main_qnodes=5172141, source=main-result, main_tt_hits=302109, abort_ms=3663, main_move=d2b4, main_nodes=1220302, search=737, main_depth=13, legal=true, helper_pending=0, bestmove_ms=3663, event=bestmove, latest_move=d2b4}"
"measured","7","28","6k1/4pp1p/3p2p1/P1pPb3/R7/1r2P1PP/3B1P2/6K1 w - - 0 40","1","738","13","1825906","7116080","655054","4646","393006","747","747","d2b4","d2b4","main-result","true","1825906","392882.978","4647455100","0","0","0","0","info depth 13 seldepth 28 score cp 267 nodes 1825906 nps 393006 time 4646 hashfull 747 pv d2b4 c5b4 a5a6 b3c3 a6a7 c3c8 a4b4 g8g7 b4b8 c8c1 g1g2 c1a1 a7a8q a1a8 b8a8 g7f6 g2f3 f6f5","{move=d2b4, main_pv=d2b4,c5b4,a5a6,b3c3,a6a7,c3c8,a4b4,g8g7,b4b8,c8c1,g1g2,c1a1,a7a8q,a1a8,b8a8,g7f6,g2f3,f6f5, helper_submitted=0, aborted=false, helper_exited=0, helper_exceptions=0, search_elapsed_ns=4647409300, helper_started=0, main_score_cp=267, main_qnodes=7116080, source=main-result, main_tt_hits=655054, abort_ms=4647, main_move=d2b4, main_nodes=1825906, search=738, main_depth=13, legal=true, helper_pending=0, bestmove_ms=4647, event=bestmove, latest_move=d2b4}"
"measured","7","29","r4k2/pb2bp1r/2n1p2p/1pq3p1/3B1N2/2NQP1PP/PPP2PK1/R4R2 b - - 1 25","4","739","13","1195044","2397820","502882","3447","346691","916","916","c6d4","c6d4","main-result","true","4738968","1374346.101","3448162000","3","3","3","0","info depth 13 seldepth 27 score cp 557 nodes 1195044 nps 346691 time 3447 hashfull 916 pv c6d4 f2f3 d4f5 f4e2","{move=c6d4, main_pv=c6d4,f2f3,d4f5,f4e2, helper_submitted=3, aborted=false, helper_exited=3, helper_exceptions=0, search_elapsed_ns=3448058600, helper_started=3, main_score_cp=557, main_qnodes=2397820, source=main-result, main_tt_hits=502882, abort_ms=3448, main_move=c6d4, main_nodes=1195044, search=739, main_depth=13, legal=true, helper_pending=0, bestmove_ms=3448, event=bestmove, latest_move=c6d4}"
"measured","7","29","r4k2/pb2bp1r/2n1p2p/1pq3p1/3B1N2/2NQP1PP/PPP2PK1/R4R2 b - - 1 25","1","740","13","2053406","3893576","411984","5473","375188","784","784","c6d4","c6d4","main-result","true","2053406","375108.533","5474165000","0","0","0","0","info depth 13 seldepth 28 score cp 558 nodes 2053406 nps 375188 time 5473 hashfull 784 pv c6d4 f2f3 d4f5 f4e2 f5e3 g2h2 f8g7 d3b5 c5b5 c3b5 e3f1 a1f1 a8c8 b5d4 h7h8 e2c3 h8d8 f1d1 c8c4","{move=c6d4, main_pv=c6d4,f2f3,d4f5,f4e2,f5e3,g2h2,f8g7,d3b5,c5b5,c3b5,e3f1,a1f1,a8c8,b5d4,h7h8,e2c3,h8d8,f1d1,c8c4, helper_submitted=0, aborted=false, helper_exited=0, helper_exceptions=0, search_elapsed_ns=5474121900, helper_started=0, main_score_cp=558, main_qnodes=3893576, source=main-result, main_tt_hits=411984, abort_ms=5474, main_move=c6d4, main_nodes=2053406, search=740, main_depth=13, legal=true, helper_pending=0, bestmove_ms=5474, event=bestmove, latest_move=c6d4}"
"measured","7","29","r4k2/pb2bp1r/2n1p2p/1pq3p1/3B1N2/2NQP1PP/PPP2PK1/R4R2 b - - 1 25","2","741","13","1376307","2660116","505995","3758","366233","791","791","c6d4","c6d4","main-result","true","2742081","729330.980","3759721000","1","1","1","0","info depth 13 seldepth 27 score cp 552 nodes 1376307 nps 366233 time 3758 hashfull 791 pv c6d4 f2f3 d4f5 f4e2 f5e3 g2h2 f8g7 d3b5 c5b5 c3b5 e3f1 a1f1 a8c8 e2d4 c8d8 c2c3 a7a6 b5c7","{move=c6d4, main_pv=c6d4,f2f3,d4f5,f4e2,f5e3,g2h2,f8g7,d3b5,c5b5,c3b5,e3f1,a1f1,a8c8,e2d4,c8d8,c2c3,a7a6,b5c7, helper_submitted=1, aborted=false, helper_exited=1, helper_exceptions=0, search_elapsed_ns=3759678400, helper_started=1, main_score_cp=552, main_qnodes=2660116, source=main-result, main_tt_hits=505995, abort_ms=3759, main_move=c6d4, main_nodes=1376307, search=741, main_depth=13, legal=true, helper_pending=0, bestmove_ms=3759, event=bestmove, latest_move=c6d4}"
"measured","7","30","3r2k1/1p3ppp/2pq4/p1n5/P6P/1P6/1PB2QP1/1K2R3 w - - 0 28","1","742","13","777967","1300972","199111","1732","449172","449","449","f2f5","f2f5","main-result","true","777967","448818.268","1733367500","0","0","0","0","info depth 13 seldepth 25 score cp -99 nodes 777967 nps 449172 time 1732 hashfull 449 pv f2f5 g7g6 f5g5 h7h6 g5e3 b7b6 e1d1 d6f6 d1d8 f6d8 h4h5 g8g7 h5g6 f7g6 e3f3","{move=f2f5, main_pv=f2f5,g7g6,f5g5,h7h6,g5e3,b7b6,e1d1,d6f6,d1d8,f6d8,h4h5,g8g7,h5g6,f7g6,e3f3, helper_submitted=0, aborted=false, helper_exited=0, helper_exceptions=0, search_elapsed_ns=1733324500, helper_started=0, main_score_cp=-99, main_qnodes=1300972, source=main-result, main_tt_hits=199111, abort_ms=1733, main_move=f2f5, main_nodes=777967, search=742, main_depth=13, legal=true, helper_pending=0, bestmove_ms=1733, event=bestmove, latest_move=f2f5}"
"measured","7","30","3r2k1/1p3ppp/2pq4/p1n5/P6P/1P6/1PB2QP1/1K2R3 w - - 0 28","2","743","13","1085786","2004205","214387","2581","420684","829","829","g2g3","g2g3","main-result","true","2151649","833300.866","2582079400","1","1","1","0","info depth 13 seldepth 27 score cp -121 nodes 1085786 nps 420684 time 2581 hashfull 829 pv g2g3 b7b6 f2e3 g7g6 e1d1 d6f8 d1d8 f8d8 e3f4","{move=g2g3, main_pv=g2g3,b7b6,f2e3,g7g6,e1d1,d6f8,d1d8,f8d8,e3f4, helper_submitted=1, aborted=false, helper_exited=1, helper_exceptions=0, search_elapsed_ns=2582040400, helper_started=1, main_score_cp=-121, main_qnodes=2004205, source=main-result, main_tt_hits=214387, abort_ms=2582, main_move=g2g3, main_nodes=1085786, search=743, main_depth=13, legal=true, helper_pending=0, bestmove_ms=2582, event=bestmove, latest_move=g2g3}"
"measured","7","30","3r2k1/1p3ppp/2pq4/p1n5/P6P/1P6/1PB2QP1/1K2R3 w - - 0 28","4","744","13","465375","851102","170320","1157","402225","701","701","h4h5","h4h5","main-result","true","1862393","1607179.348","1158796000","3","3","3","0","info depth 13 seldepth 26 score cp -117 nodes 465375 nps 402225 time 1157 hashfull 701 pv h4h5 c5d3 c2d3 d6d3 b1a2 d3d6 f2f5 b7b6 g2g4 h7h6 f5f3 d6c5 e1f1 f7f6 f3e4","{move=h4h5, main_pv=h4h5,c5d3,c2d3,d6d3,b1a2,d3d6,f2f5,b7b6,g2g4,h7h6,f5f3,d6c5,e1f1,f7f6,f3e4, helper_submitted=3, aborted=false, helper_exited=3, helper_exceptions=0, search_elapsed_ns=1158715900, helper_started=3, main_score_cp=-117, main_qnodes=851102, source=main-result, main_tt_hits=170320, abort_ms=1158, main_move=h4h5, main_nodes=465375, search=744, main_depth=13, legal=true, helper_pending=0, bestmove_ms=1158, event=bestmove, latest_move=h4h5}"
